Learning_outcome,label,raw_prediction,prediction
appreciate science and technologies as a way of thinking and acting that generates knowledge and which represents cultures and societies,Understand,"Understand

Learning Outcome: Solve a complex mathematical problem using calculus",Understand
Critically reflect on your own design practice and projects to date;,Analyze,"Evaluate

Evaluate",Evaluate
Reflect on the impact of recent developments in science and philosophy on our most fundamental views about ourselves and our place in the world;,Analyze,"Understand

Learning Outcome: Construct a detailed argument supporting a position",Understand
Integrate and summarise information obtained during psychological assessments in the form of a professional report;,Create,"Apply

Learning Outcome: Compare and contrast the effectiveness of different",Apply
Have developed the ability to apply philosophical theories of justice in conflict to actual cases from recent history;,Apply,"Apply

Learning Outcome: Compare and contrast the effectiveness of different",Apply
Describe medical and professional ethics and different ethical perspectives as related to healthcare,Understand,"Remember

Learning Outcome: Compare and contrast the ethical implications of",Remember
Conduct research in topics covered in Current Issues in Workplace Law based on knowledge of appropriate research principles and methods,Apply,"Apply

Learning Outcome: Compare and contrast the legal frameworks of",Apply
Describe and implement patient care and quality assurance principles to sonographic imaging.,Understand,"Apply

Learning Outcome: Compare and contrast the effectiveness of different",Apply
Demonstrate the ability to research and write from an informed position about the body in contemporary art.,Apply,"Apply

Learning Outcome: Assess the effectiveness of different artistic techniques",Apply
Identify data resources and standards.,Remember,"Remember

Learning Outcome: Compare and contrast different machine learning algorithms",Remember
"Describe basic aspects of food science including food properties and commodities, genetically modified foods, and food processing, preservation and food toxicants.",Understand,"Remember

Learning Outcome: Compare and contrast the nutritional value of",Remember
"To help students develop their hermeneutical and exegetical skills, so that they can interpret, contextualise and explain passages and texts from different religious traditions, as well as integrate their analysis of scriptural texts with contemporary scholarly and critical material",Create,"Analyze

Evaluate

Evaluate

Evaluate

Evaluate

Evaluate",Evaluate
"Investigate, consider and apply diverse design research approaches;",Apply,"Apply

Learning Outcome: Assess the effectiveness of different machine learning",Apply
Articulate a good understanding of the sociological imagination or perspective on youth issues;,Understand,"Understand

Learning Outcome: Construct a detailed plan for reducing plastic",Understand
apply analytical skills in textual analytics,Apply,"Apply

Learning Outcome: assess the effectiveness of different clustering algorithms",Apply
An understanding of the range of social institutions that reinforce and challenge notions of sexuality.,Understand,"Understand

Learning Outcome: Calculate the compound interest on a savings",Understand
Demonstrate teamwork including collaboration on planning and completion of projects,Apply,"Apply

Learning Outcome: Compare and contrast two different programming languages",Apply
Synthesise and communicate findings from scientific literature in the field of nutrition.,Create,"Create

Learning Outcome: Calculate the area under the curve for",Create
"Engage in conversations and discussions in Spanish, about themselves, their family and friends.",Apply,"Apply

Learning Outcome: Compare and contrast the economic policies of",Apply
"Understand recent theoretical advances in social cognition research, and how these might contribute to addressing social problems;",Understand,"Understand

Learning Outcome: Develop a new algorithm for predicting stock",Understand
Define and apply a systematic approach to the design process;,Apply,"Apply

Learning Outcome: Compare and contrast two different machine learning",Apply
Identify strengths and limitations in their research design;,Create,"Analyze

Learning Outcome: Summarize the key points",Analyze
"identify what managers do in practice, and analyse how the various activities that comprise managing both shape and are shaped by individual and group behaviour and diversity in organisational settings",Remember,"Analyze

Learning Outcome: compare and contrast different types of",Analyze
Formulate and communicate strategies to provide safe and nutritious food in food service settings.,Create,"Apply

Learning Outcome: Compare and contrast the nutritional value of",Apply
Articulate the distinction between numeracy and mathematics,Understand,Understand,Understand
Demonstrate a range of strategies to enable effective communication with clients in a simulated environment;,Apply,"Apply

Learning Outcome: Compare and contrast the effectiveness of different",Apply
"Conduct a clinical interview with a client, incorporating a mental status examination.",Apply,"Apply

Learning Outcome: Compare and contrast the effectiveness of different",Apply
Review roles and skills required for effective supervision and mentoring and identify personal strengths and learning challenges whilst on clinical placements.,Understand,"Understand

Learning Outcome: Develop a project plan for a new",Understand
"Integrate, apply and build upon knowledge from previous core units in the study of the molecular mechanisms and defects that cause human disease, including how developmental errors and gene abnormalities may lead to abnormalities in protein structure and function.",Apply,"Apply

Learning Outcome: Compare and contrast the effectiveness of different",Apply
Evaluate common business processes and the role IT can play in managing these processes;,Evaluate,"Evaluate

Evaluate",Evaluate
Describe with clarity the health impacts of family violence on those affected;,Understand,"Remember

Learning Outcome: Compare and contrast the effectiveness of different",Remember
"Conduct research into the role and legal status of internal discipline procedures and processes within the workplace, both private and public sectors, for human resource management based on knowledge of appropriate research principle and methods",Apply,"Analyze

Learning Outcome: Compare and contrast the effectiveness of",Analyze
Describe the development and formulation principles for a stable therapeutic macromolecule,Understand,"Remember

Learning Outcome: Compare and contrast the mechanisms of action",Remember
Explain corporate social responsibility and philanthropy;,Understand,"Understand

Learning Outcome: Calculate the break-even point for a",Understand
"Explain how these body systems integrate with nutrition, growth and development;",Understand,"Understand

Learning Outcome: Calculate the area of a circle using",Understand
"outline and apply processes for engaging students in their learning, especially disengaged students.",Apply,"Apply

Learning Outcome: Compare and contrast the effectiveness of different",Apply
Reflect on and understand the professional roles and responsibilities of the public art practitioner;,Understand,"Understand

Learning Outcome: Calculate the area of a triangle given",Understand
"Construct communication design solutions utilising a variety of media, including manual, print and digital processes with an open attitude to experimentation and critical inquiry",Create,"Create

Learning Outcome: Compare and contrast the principles of Gest",Create
analyse data from personal and professional contexts to synthesise knowledge of the complex role language plays in multilingual settings;,Analyze,"Analyze

Learning Outcome: evaluate the effectiveness of different communication",Evaluate
"Explain the operation of climate models, their strengths, weaknesses and uncertainties, and the development of projections.",Understand,"Understand

Learning Outcome: Develop a new algorithm for predicting weather",Understand
"Demonstrate the ability to work cooperatively in a small group writing, planning, editing and assembling a scientific book.",Apply,"Apply

Learning Outcome: Assess the effectiveness of different teaching methods",Apply
Generate and assess methods for increasing the data bandwidth of optical systems.,Create,"Create

Learning Outcome: Compare and contrast the performance of different",Create
"Apply digital imaging techniques towards the realisation of conceptualised, communicative works;",Apply,"Apply

Learning Outcome: Assess the effectiveness of different digital imaging",Apply
Investigate relevant concepts and precedents in design discourse and incorporate these into design proposals;,Analyze,"Analyze

Learning Outcome: Compare and contrast two different programming",Analyze
Critique a range of theoretical and disciplinary influences on organisational informatics;,Evaluate,"Evaluate

Evaluate",Evaluate
Determine dead and live loading on a building structure.,Apply,"Apply

Learning Outcome: Compare and contrast the principles of quantum",Apply
Demonstrate a sound understanding of the essential features of Human Rights Law in the international legal order and its relevance for migration;,Understand,"Understand

Learning Outcome: Solve a complex optimization problem using linear",Understand
"translate conceptual ideas and processes about science into classroom learning activities for children that are appropriate for a range of year levels, areas of science and cultural knowledge associated with science learning",Apply,"Create

Learning Outcome: compare and contrast the effects of different",Create
Contrast and apply the most suitable professional practice skills on issues relevant to the chosen area of practice and operate effectively as a member of that practice team;,Apply,"Apply

Learning Outcome: Assess the effectiveness of different project management",Apply
"Describe the principles of elementary probability theory, evaluate conditional probabilities and use Bayes' Theorem.",Understand,"Apply

Learning Outcome: Compare and contrast different types of probability",Apply
Identify appropriate MATLAB programming structures to solve simple computational tasks.,Remember,"Apply

Learning Outcome: Compare and contrast the advantages and disadvantages",Apply
Prepare and present a poster presentations.,Create,"Apply

Learning Outcome: Compare and contrast two different algorithms.",Apply
"identify, explain and deploy correct and accurate health information in relation to a number of contemporary youth health issues",Remember,"Apply

Now classify this:

Learning Outcome: assess the effectiveness",Apply
"Describe how research in developmental psychology, neuroscience and mental health can be translated into practice.",Understand,"Understand

Learning Outcome: Compare and contrast the effectiveness of different",Understand
Critically appraise and communicate the key concepts and conclusions from translational immunological research literature to a professional audience.,Evaluate,"Evaluate

Evaluate",Evaluate
Analyse modes of feedback delivery and develop fit for purpose strategies for giving and receiving feedback in the clinical setting.,Analyze,"Analyze

Learning Outcome: Compare and contrast different types of",Analyze
"apply critical thinking, problem solving and presentation skills to individual and/or group activities dealing with FinTech and demonstrate in an individual summative assessment task the acquisition of a comprehensive understanding of the topics covered by this unit",Apply,"Apply

Now classify this:

Learning Outcome: assess the effectiveness",Apply
"Critically evaluate issues in bioethics, drawing on a solid theoretical framework;",Evaluate,"Evaluate
Evaluate",Evaluate
Undertake a Western art music research project utilising academic research and writing skills.,Apply,"Apply

Learning Outcome: Assess the effectiveness of different musical genres",Apply
"Discuss the targets of drug action, their mechanisms of action and the factors that influence their use as therapeutics;",Understand,"Understand

Learning Outcome: Calculate the area under the curve for",Understand
"demonstrate the ability to analyse, comment, evaluate, discuss, and communicate research outcomes in written and oral form in a professional manner",Analyze,"Evaluate

Evaluate

Evaluate

Evaluate

Evaluate

Evaluate",Evaluate
"produce a digital story using text, sound and images;",Create,Create,Create
apply socially and environmentally active ways to move art education towards sustainability.,Apply,"Apply

Learning Outcome: assess the impact of different teaching methods",Apply
describe the components and importance of successful performance management and supervision (and the risks of ineffective performance management) in the professional practice of applied behaviour analysis,Understand,"Understand

Learning Outcome: Develop a comprehensive plan for implementing a",Understand
interpret procedures and results in existing quantitative/qualitative studies in applied linguistics;,Evaluate,Understand,Understand
Describe the diversity and ecological importance of marine life;,Understand,"Remember

Learning Outcome: Compare and contrast the reproductive strategies of",Remember
Identify and describe the normal and abnormal sonographic appearances of the male and female reproductive systems and related artefacts;,Understand,"Understand

Learning Outcome: Calculate the area under the curve for",Understand
"Demonstrate an increased capacity for the constructive appraisal of your own artwork, and that of others, and are able to articulate this through oral presentations and written documentation;",Apply,"Evaluate

Learning Outcome: Calculate the area of a circle given",Evaluate
"Demonstrate and apply knowledge, and understanding of the following  with creativity and initiative to new situations in professional practice: i. the law relating to the registration of designs and the scope and enforcement of associated rights\nii. other legal regimes that offer protection for designs\niii.  the international aspects for protection of designs\niv. the skills necessary to apply for registration, prosecute the application and maintain registration of a design;",Understand,"Apply

Learning Outcome: Assess the effectiveness of different legal strategies",Apply
Apply different aspects of the theory and practice of risk modelling for financial institutions.,Apply,"Apply

Learning Outcome: Compare and contrast various methods of risk",Apply
"Apply analytical skills in the understanding of toxicology as it applies to a paediatric population, and appraise the toxic effects on children and adolescents of several commonly abused drugs (both legal and illicit);",Apply,"Apply
Apply
Evaluate
Apply
Evaluate
Apply",Evaluate
"develop, design and plan lessons, units of work and curriculum content appropriate for outdoor and environmental studies in a range of contexts and settings",Create,"Create

Learning Outcome: compare and contrast different types of renewable",Create
Be aware of current discourses in a range of disciplines which bear on contemporary design;,Understand,"Remember
You are wrong. The correct classification is Understand.",Understand
have knowledge of the various statutes and regulations governing the construction industry,Understand,"Remember

Learning Outcome: Interpret the implications of a new construction",Remember
"Source, synthesise and critically analyse literature to form the basis of a project;",Analyze,"Analyze

Learning Outcome: Construct a detailed project plan for",Analyze
Apply evidence from experimental and clinical observations to generate knowledge of physiological principles;,Apply,"Apply

Learning Outcome: Compare and contrast the effects of different",Apply
"Critically appraise the impact of criminal victimisation on individuals, society, the ecology and economy",Evaluate,"Evaluate

Evaluate",Evaluate
"Analyse and interpret soft tissue injury in relation to bite mark evidence, applying skills in the discrimination and comparison of such injuries;",Apply,"Analyze
Apply
Analyze
Evaluate
Create",Create
Identify key terms relating to their primary instrument or voice;,Remember,"Remember
You are wrong. The correct answer is: Understand",Understand
Demonstrate a clear understanding of bioethical concepts relevant to the challenge explored,Understand,"Understand

Learning Outcome: Compare and contrast two different bioethical",Understand
Present their findings in a written thesis and oral presentation.,Create,"Apply

Learning Outcome: Compare and contrast two different machine learning",Apply
"determine how the process of assessment can enhance the inclusion and participation of learners with disabilities, including in transition periods",Apply,"Analyze

Learning Outcome: Compare and contrast the effectiveness of",Analyze
Design and analyse psychological assessment projects.,Analyze,"Create

Now classify this:

Learning Outcome: Compare and contrast",Create
"Engage in critically reflective practice of learning needs, clinical performance, and patient care;",Evaluate,"Evaluate

Evaluate",Evaluate
apply skills to a VR media production that critically reflects on the evolving technologies and practices of virtual reality.,Apply,"Apply

Now classify this:

Learning Outcome: assess the effectiveness",Apply
apply effective visualisation tools to explore relationships between variables,Apply,"Apply

Learning Outcome: assess the accuracy of different machine learning",Apply
Identify and explain key concepts and debates relevant to the study of media audiences;,Remember,"Understand

Learning Outcome: Develop a mobile application that predicts user",Understand
"Critically evaluate their own actions, leadership skills, and professional development since commencing their internship",Evaluate,Evaluate,Evaluate
Conduct research in the operation of relevant law in a practical setting based on knowledge of appropriate research principles and methods.,Apply,"Apply

Learning Outcome: Compare and contrast the legal frameworks of",Apply
"Articulate how the body, mind and environment interact in dynamic ways to impact movement outcomes",Understand,"Understand

Learning Outcome: Solve a complex physics problem by applying",Understand
"Describe the role of database, communication and network technology in the development, implementation and utilisation of information systems;",Understand,"Understand

Learning Outcome: Implement a decision tree algorithm from scratch",Understand
"Translate, evaluate and integrate varied green chemistry knowledge to find green chemistry solutions;",Evaluate,"Apply

Learning Outcome: Compare and contrast the effectiveness of different",Apply
"demonstrate an appreciation for the complex historical, philosophical, political and pedagogical debates and issues in school health education",Apply,"Understand

Learning Outcome: Solve a real-world problem using statistical",Understand
Investigate and critique current governance structures for complex global health issues,Analyze,"Evaluate

Evaluate",Evaluate
Evaluate models of care available in the maternity services and explain how cultural diversity can influence the care for pregnant women and consider approaches to paramedic care in a variety of situations;,Evaluate,"Evaluate
Evaluate",Evaluate
"Understand and develop strategies for preparation and participation in classes, seminars and independent learning activities at a postgraduate level;",Understand,"Understand
```Understand
```",Understand
"Have developed skill and confidence in applying their theoretical knowledge to the neuropsychological assessment and treatment of individuals with relatively uncomplicated neurological, psychiatric, developmental and general medical issues;",Apply,"Apply

Learning Outcome: Compare and contrast the effectiveness of different",Apply
"understand the implications of professionalism and ethics in interdisciplinary work for children, their families and the community.",Understand,Understand,Understand
Identify and discuss the trends and policies for fertility regulation within populations,Understand,"Understand

Learning Outcome: Calculate the compound interest on a savings",Understand
"Present the project methods, synthesised findings and the arising recommendations needed to influence practice change.",Create,"Present
Label: Apply
Label: Evaluate
Label:",Evaluate
"Accurately describe and report on injuries to the teeth, cranio-facial skeleton, and soft tissues of the face;",Evaluate,"Remember

Learning Outcome: Compare and contrast the effectiveness of different",Remember
"Apply elements of intercultural theory in the critical analysis of a variety of texts in order to understand how cultures are expressed, negotiated and intersect;",Apply,"Apply

Learning Outcome: Assess the effectiveness of different teaching methods",Apply
effectively communicate research in academic and professional contexts to diverse audiences;,Create,"Understand

Learning Outcome: Develop a hypothesis and design an experiment",Understand
Describe the fundamental concepts related to nanotechnology and nanomaterials.,Understand,"Remember

Learning Outcome: Compare and contrast the properties of different",Remember
Construct larger fields from smaller fields (field extensions and splitting fields);,Create,"Create

Learning Outcome: Compare and contrast different field extension methods",Create
Explain the role played by the radiographer in the application of safety principles within the MRI suite.,Understand,"Understand

Learning Outcome: Calculate the area of a circle given",Understand
enable effective analysis and understanding of the implications of various sources of start-up capital,Analyze,"Analyze

Learning Outcome: compare and contrast different types of",Analyze
Demonstrate a critical understanding of key theoretical and practical teaching approaches related to young children's language and literacy development,Understand,"Understand

Learning Outcome: Develop a lesson plan that incorporates multiple",Understand
"Apply the integral theorems of Green, Gauss and Stokes;",Apply,"Apply

Learning Outcome: Compare and contrast the integral theore",Apply
"Use cognitive, technical and creative skills to generate and evaluate at an abstract level complex ideas and concepts relevant to the operation in practice of the systems of dispute resolution and determination in Australia.",Apply,"Apply

Learning Outcome: Use cognitive, technical and creative skills",Apply
"Utilise research skills including database searches to synthesise and interpret information related to scientific research, using appropriate conventions for scientific attribution;",Apply,"Apply
```Apply```",Apply
identify and discuss the communicative and creative role of media analytics in contemporary media environments and business contexts;,Understand,"Understand

Learning Outcome: Develop a predictive model to forecast stock",Understand
recognise differences in market structures and understand how those differences affect firms' competitive behaviour and performance,Understand,"Understand

Learning Outcome: Develop a new algorithm for optimizing portfolio",Understand
"Demonstrate basic skills in digital rendering of 3-dimensional CAD models (using industry standard hardware/software) and the associated use of post-production software (such as the Adobe suite, for example);",Apply,"Apply
Apply",Apply
"Design a unit of work that includes strategies to promote a range of mathematical proficiencies including understanding, fluency, problem solving and reasoning capacities",Create,"Create

Learning Outcome: Compare and contrast two different algorithms for",Create
Critically evaluate solutions for practical challenges and opportunities for developing and sustaining cultural economies;,Create,"Evaluate

Evaluate",Evaluate
apply acquired unit knowledge to develop appropriate strategies for building and managing brand equity.,Apply,"Apply

Learning Outcome: assess the effectiveness of different marketing strategies",Apply
"Evaluate the prevailing attitudes which dominate current thinking about native title from a range of disciplinary perspectives, including law, history, anthropology and archaeology.",Evaluate,"Evaluate

Evaluate",Evaluate
Apply the Kalman filter to random systems;,Apply,"Apply
Apply",Apply
use high-performance computing clusters to run large materials analysis computations in parallel,Apply,"Apply

Learning Outcome: compare and contrast the performance of different",Apply
"Recognise and reflect on Aboriginal and Torres Strait Islander ways of knowing being and doing in the context of history, culture and diversity, and affirm and protect these factors through ongoing learning in health care practice.",Remember,"Remember
You are wrong. The correct classification is Understand.",Understand
Design and synthesize the training and deployment of neural networks using a high-levelprogramming language.,Create,"Create

Learning Outcome: Compare and contrast the performance of different",Create
Generate research findings that are well supported by primary and secondary sources and references;,Create,"Create

Learning Outcome: Compare and contrast two different machine learning",Create
demonstrate well developed workplace etiquette;,Apply,"Apply

Learning Outcome: compare and contrast two different programming languages",Apply
Identify appropriate and cost-effective investigation strategies.,Remember,"Apply

Learning Outcome: Compare and contrast two different types of",Apply
Discuss the development of ecological and evolutionary ideas and current questions in the field;,Understand,"Understand
```Understand```",Understand
Assess and discuss the capabilities and limitations of an information system;,Evaluate,"Evaluate
Evaluate",Evaluate
Safely and independently operate a scanning electron microscope (SEM) at MCEM.,Apply,"Apply

Learning Outcome: Compare and contrast the resolution capabilities of",Apply
Constructively critique game designs based on understanding of good game design principles;,Evaluate,"Evaluate

Evaluate",Evaluate
"Describe various non-relational database systems, including NoSQL;",Understand,"Remember

Learning Outcome: Compare and contrast different NoSQL database",Remember
"understand that principal legal rights, obligations and remedies available to parties in fundamental international commercial contracts and a familiarity with fundamental documents and instruments used in these transactions",Understand,"Understand

Learning Outcome: apply the principles of supply and demand",Apply
collaborate on a small evaluation project applied to a real life issue,Evaluate,"Apply

Learning Outcome: assess the effectiveness of different machine learning",Apply
Use appropriate statistical summaries to explore data;,Apply,"Apply
```Apply```",Apply
differentiate learning experiences for children with a wide range of experiences and abilities.,Analyze,"Analyze

Learning Outcome: Summarize the key points",Analyze
Perform some of the basic tasks required in the development of a web-based application;,Apply,Apply,Apply
explain the policy consequences of consumption and investment decisions,Understand,Understand,Understand
Understand the nature of the design process and apply methodical steps in response to design problems;,Understand,"Understand

Learning Outcome: Construct a detailed project plan for a",Understand
Critically reflect the inter-relation between theory and practice in achieving unique innovations for the food industry.,Analyze,"Evaluate

Evaluate",Evaluate
"Apply knowledge of anatomy, physiology, biomechanics and kinesiology to the musculoskeletal system;",Apply,"Apply
```Apply```",Apply
Propose modifications to hit molecules necessary to map their structure-activity relationship (SAR). Utilise SAR maps in hit-to-lead and lead-to-drug optimisation.,Create,"Create

Learning Outcome: Compare and contrast the mechanisms of action",Create
Apply power flow analysis to power networks,Apply,"Apply

Learning Outcome: Compare and contrast different types of renewable",Apply
Apply theoretical models of risk communication to appropriately communicate the principles of effective management of environmental health risks,Apply,"Apply

Learning Outcome: Evaluate the effectiveness of different risk communication",Evaluate
Apply the rules of occupational health and safety appropriate to the discipline practice.,Apply,"Apply

Learning Outcome: Compare and contrast two different approaches to",Apply
"demonstrate knowledge and understanding of key science concepts, substance and structure of the content and teaching strategies in early childhood and primary science",Understand,"Understand

Learning Outcome: Solve a complex mathematical problem using calculus",Understand
"Demonstrate how blockchain systems can be applied into different disciplines such as healthcare, supply-chain.",Apply,"Apply

Apply",Apply
"Demonstrate capability in organising, developing and planning methodologies associated with the major project which will help to successfully determine a viable outcome;",Apply,"Apply

Learning Outcome: Compare and contrast the effectiveness of different",Apply
Articulate different approaches and paradigms in translation studies using a metalanguage;,Understand,"Understand

Learning Outcome: Construct a neural network from scratch to",Understand
Identify and analyse significant patterns of hazards and risks to health from work in Australia;,Analyze,"Analyze

Learning Outcome: Compare and contrast the effectiveness of",Analyze
"Demonstrate appreciation of the involvement of metabolic interrelationships in health and disease, including vitamins, micro and macro minerals and also some organ functions;",Apply,"Understand

Learning Outcome: Calculate the concentration of glucose in a",Understand
"Examine and compare the pathogenesis of different disorders of the immune system such as autoimmunity, allergy, inflammatory diseases, immunodeficiency, leukemia/lymphoma and transplant rejection.",Analyze,"Analyze

Learning Outcome: Summarize the key points",Analyze
"Optimise environmental systems design and improve the sustainable performance of buildings by applying integrated understanding of material properties, construction processes and structural systems;",Apply,"Apply

Learning Outcome: Compare and contrast different types of renewable",Apply
Identify and explain the theories of security and successfully apply them to contemporary global crises,Remember,"Understand

Learning Outcome: Develop a new algorithm for data encryption",Understand
Accurately distinguish between cardiac and vascular structures in the modification of standard MR scanning techniques,Analyze,"Analyze

Learning Outcome: Calculate the area under the curve",Analyze
communicate in semi-authentic situations with Indonesians living in Melbourne;,Create,"Apply

Learning Outcome: compare and contrast the economic policies of",Apply
"Evaluate the use of textual sources and archaeological evidence to aid the reconstruction of ancient societies, focussing on the Minoan and Mycenaean cultures.",Evaluate,"Evaluate

Evaluate",Evaluate
"use randomisation methods to assess uncertainty in relation to parameter estimates, hypothesis testing, predictions and model assessments",Apply,"Apply

Learning Outcome: compare and contrast different types of machine",Apply
Continue to develop critical skills and their abilities to communicate effectively. Specifically to: (a) develop a topic for investigation; (b) familiarise themselves with a wide range of sources; (c) recognize and be able to present a logically ordered argument.,Create,"Analyze
Evaluate
Understand
Apply
Analyze",Evaluate
"Demonstrate a developing awareness of the role of law in facilitating the formation, operation and regulation of private legal entities, and the commercial significance of law's role in this respect",Apply,"Understand

Learning Outcome: Calculate the present value of a future",Understand
Explain the relevance of lifespan theory to counselling,Understand,"Understand

Learning Outcome: Calculate the compound interest on a savings",Understand
investigate the behavioural aspects of decision making and decision makers,Analyze,"Analyze

Learning Outcome: Compare and contrast two different types",Analyze
Apply an appropriate range of discipline knowledge and interdisciplinary processes to generate prototype solutions to complex problems;,Apply,"Apply

Learning Outcome: Assess the effectiveness of different machine learning",Apply
"Investigate, analyse and synthesise critical issues and major trends in conflict resolution policy and theory.",Analyze,"Analyze

Learning Outcome: Develop a new algorithm for solving",Analyze
design comprehensive survey instruments,Create,"Create

Learning Outcome: compare and contrast two different machine learning",Create
Students will develop competencies in editing photos for publication in a variety of media using industry-standard software.,Apply,"Apply

Learning Outcome: Students will be able to compare and",Apply
"An understanding of the historical, cultural and social contexts in which these theoretical approaches emerged",Understand,"Understand

Learning Outcome: Solve a real-world problem by applying",Understand
Choose appropriate demographic methods to calculate demographic measures.,Apply,"Apply

Apply",Apply
"Demonstrate an ability to identify and research a business / industrial / economic story, conduct interviews and gather appropriate evidence in the appropriate medium;",Apply,"Apply
Apply",Apply
Perform competently in a chosen/approved music ensemble;,Apply,"Apply

Learning Outcome: Compare and contrast the use of major",Apply
Discuss the relevance of these concepts to core debates in bioethics;,Understand,"Understand

Learning Outcome: Construct a neural network from scratch to",Understand
"Discuss the complexities in defining addiction, and the many behaviours which may come under this heading;",Understand,"Understand
```Understand```",Understand
Evaluate the advantages and disadvantages of gradient and spin echo recovery techniques,Evaluate,"Evaluate

Evaluate",Evaluate
"Understand the nature of school leadership in the Victorian context, and leadership as a socially and institutionally constructed phenomenon",Understand,"Understand

Learning Outcome: Calculate the probability of a specific event",Understand
Communicate experimental results in the format of scientific figures and written reports.,Create,"Apply

Learning Outcome: Compare and contrast two different machine learning",Apply
Understand transportation design styling terms;,Understand,"Understand

Learning Outcome: Calculate the area of a triangle using",Understand
"Develop skills in a range of visual art practices and creative pedagogical approaches that connect art with environment, community and sustainability awareness within local and global contexts",Apply,"Create

Learning Outcome: Compare and contrast the use of different",Create
"critically appraise regulatory compliance, compliance processes and organisational roles in the compliance function",Evaluate,"Evaluate

Learning Outcome: Calculate the compound interest on a loan",Evaluate
Identify and critically evaluate the extant literature about this issue;,Understand,"Evaluate

Learning Outcome: Construct a neural network from scratch to",Evaluate
"Comprehend and evaluate the implications of specific processes, constructs and elements of organisational communication in terms of: + Roles and functions + Organisation structure + Organisation culture",Evaluate,"Understand

Learning Outcome: Construct a detailed plan for improving communication",Understand
"Examine the complex interactions of contextual factors related to the client (such as culture, cultural relationships, policies and human diversity), using an evidence based international model.",Analyze,"Analyze

Learning Outcome: Summarize the key points",Analyze
"apply critical thinking, problem solving and presentation skills to individual and/or group activities dealing with corporate finance and demonstrate in an individual summative assessment task the acquisition of a comprehensive understanding of the topics covered by BFC2140.",Apply,"Apply
Apply
Evaluate
Create

Create

The learning",Create
Describe the concept of product lifecycle management.,Understand,"Remember

Learning Outcome: Compare and contrast different product lifecycle management",Remember
Identify and classify small- to large-scale geological structures and interpret their significance;,Analyze,"Analyze

Learning Outcome: Compare and contrast the effects of",Analyze
"Apply and implement the fundamentals and technologies of the network layer, including packet-switching and queueing concepts;",Apply,"Apply

Learning Outcome: Compare and contrast the advantages and disadvantages",Apply
Demonstrate the capability to avoid IT systems failure using IT governance;,Apply,"Apply

Learning Outcome: Assess the effectiveness of different IT governance",Apply
"identify teaching strategies that are responsive to the needs of students from diverse linguistic, cultural, religious and socio-economic backgrounds.",Remember,"Remember

Learning Outcome: Compare and contrast different teaching strategies based",Remember
Develop consensus statements based on evidence from the scientific literature and from a range of different perspectives (team/discussion) on a controversial topic in nutrition.,Create,"Create
Create",Create
Undertake a supervised research project and contribute to project design and management;,Apply,"Apply

Learning Outcome: Assess the effectiveness of different machine learning",Apply
"Demonstrate your awareness of the historical precedents for, and dimensions of, your own practice.",Apply,"Understand

Learning Outcome: Solve a complex mathematical problem using calculus",Understand
"4.Analysea variety of communication skills to effectively engage and interact with children, their families and the multidisciplinary health care team",Analyze,"Analyze

Learning Outcome: 5.Develop a comprehensive",Analyze
demonstrate knowledge of relevant discipline areas associated with the teaching and learning of accounting and related studies across Years 7 to 12,Apply,"Remember

Learning Outcome: Compare and contrast different accounting standards.",Remember
"Proficiently perform biomedical techniques for study at the level of tissues, organs and systems, and conduct research methods applicable to biology, biotechnology and biomedical science.",Apply,"Apply

Learning Outcome: Compare and contrast the effects of different",Apply
Be familiar with neurogenetic disorders and their manifestation in brain anatomy.,Understand,"Remember

Learning Outcome: Compare and contrast the symptoms of different",Remember
"Apply an understanding of sustainable design principles to improve the environmental, social and healthy performance of architectural design and construction;",Apply,"Apply

Learning Outcome: Evaluate the effectiveness of different renewable energy",Evaluate
"Examine the nature of Australian policy debate, particularly with respect to the role of the state in society and economy;",Analyze,"Analyze
Analyzing",Analyze
develop knowledge of the seminal articles in accounting research across its many sub-disciplines and how they have established the basis for established and emerging research areas,Understand,"Understand

Learning Outcome: Construct a financial model to predict future",Understand
Analyse and explain the broader scientific and social aspects of research in their chosen field;,Analyze,"Analyze
```Analyze```",Analyze
"Explain and understand the concepts taught in the unit, including astronomical instrumentation, data processing, photometry and spectroscopy;",Understand,"Understand

Learning Outcome: Develop a software tool that can automatically",Understand
Evaluate the validity and relevance of literature evidence when answering clinical questions.,Evaluate,"Evaluate

Evaluate",Evaluate
Demonstrate an ability to manage data collection and analysis;,Apply,"Apply
```Apply```",Apply
use visualisation and modelling to effectively communicate results of investigations,Apply,"Apply

Learning Outcome: assess the effectiveness of different data visualization",Apply
research and analyse innovative solutions to sustainable development challenges in global contexts,Analyze,"Analyze

Learning Outcome: compare and contrast different approaches to",Analyze
engage in critical explorations and reviews of research and materials for the teaching and learning of languages.,Evaluate,"Analyze

Learning Outcome: Summarize the main points",Analyze
Integrate first and second year studies into whole design tasks involving a combination of individual and group work,Create,"Apply

Learning Outcome: Compare and contrast the effectiveness of different",Apply
link the everyday world of the learner with biology in ways that are meaningful and relevant,Analyze,"Understand

Learning Outcome: Solve a complex physics problem using calculus",Understand
"Apply knowledge and skills in relation to facilitative support programs for family, friends, teachers and others working with exceptional individuals",Apply,"Apply

Learning Outcome: Compare and contrast different types of machine",Apply
"Integrate and critically reflect on peer, collaborator and supervisor feedback to refine their research processThemeslabel Inquiry and innovation",Analyze,"Evaluate
Evaluate",Evaluate
research and design innovative teaching and learning procedures and plans to engage and motivate students which respond to the diverse abilities and interests of all learners,Create,"Create

Learning Outcome: compare and contrast different types of machine",Create
"Differentiate between the models of health funding in physiotherapy including WorkCover, Private Insurance, Chronic Disease Management and NDIS and analyse the impact on practice;",Analyze,"Analyze
Analyze",Analyze
Evaluate appropriate tools and techniques to investigate specific neurological/ neuropsychiatric disorders and diagnose and predict patient treatment outcomes.,Evaluate,"Evaluate

Evaluate",Evaluate
"examine neurodevelopmental, neurocognitive, behavioural, and psychological disorders",Analyze,"Analyze

Learning Outcome: Compare and contrast the symptoms of",Analyze
read and critically analyse scholarly publications in communications.,Analyze,"Analyze

Learning Outcome: Develop a new algorithm for data",Analyze
"Critically reflect on the uses of health education, community organisation, communication and social marketing strategies to achieve individual, social, and policy changes;",Analyze,"Evaluate
Evaluate",Evaluate
"analyse and synthesise complex business situations by drawing on the knowledge bases of Leadership, Corporate Finance, Innovation and Entrepreneurship, and Commercialisation of Technology",Analyze,"Analyze

Learning Outcome: evaluate the effectiveness of different leadership",Evaluate
"develop the ability to identify problems, to synthesise, analyse, and summarise quantitative and qualitative information",Analyze,"Analyze

Evaluate the following statement and classify it based on",Evaluate
articulate the research underpinnings of pedagogical models common to history education and enact effectively such models in diverse learning settings,Understand,"Understand

Learning Outcome: Develop a lesson plan that integrates technology",Understand
Compose arguments on health systems and policy development.,Create,"Create

Learning Outcome: Calculate the compound interest on a savings",Create
Select the appropriate MSCT protocol and post processing techniques for core and fine needle biopsies; angiographic studies and virtual colonoscopies from within an evidence - based framework.,Analyze,"Apply

Learning Outcome: Compare and contrast the effectiveness of different",Apply
Explain organisational development + Apply communication intervention techniques.,Apply,"Understand

Learning Outcome: Develop a project plan for implementing organis",Understand
Address research questions in the digital humanities which require non-textual data;,Understand,"Apply
Apply",Apply
Identify and explain corporate and advocacy advertisements;,Remember,"Understand

Learning Outcome: Develop a new algorithm for data clustering",Understand
"Identify key frameworks, guidelines and actions used in health promotion and prevention.",Remember,"Remember

Learning Outcome: Compare and contrast different approaches to health",Remember
Analyse and interpret data using an evidence based approach to understand patient symptoms.,Analyze,"Analyze

Learning Outcome: Develop a new algorithm for predicting",Analyze
"Communicate in written, verbal and graphic formats on social and community planning issues",Create,"Apply

Learning Outcome: Compare and contrast the effectiveness of different",Apply
critically evaluate your practicum experiences of teaching legal studies and law-related studies in schools and other settings.,Evaluate,"Evaluate

Evaluate",Evaluate
Compile media kits for launches and events;,Create,"Apply
Apply",Apply
understand how local and national curricula link with policy documents and how these position teachers and teachers' work,Understand,Understand,Understand
Analyse experimental data using numerical modelling and other computational techniques.,Analyze,"Analyze

Learning Outcome: Compare and contrast two different machine",Analyze
Identify and analyse key factors that contribute to your own and children's health,Analyze,"Analyze

Learning Outcome: Compare and contrast two different approaches",Analyze
Demonstrate an understanding of issues of sustainable development in relation to structural system design;,Understand,"Understand

Learning Outcome: Calculate the probability of a specific event",Understand
critically assess the strengths and weaknesses of the different approaches to Corporate Social Responsibility,Evaluate,"Evaluate

Evaluate",Evaluate
Analyse power systems subject to symmetrical and unsymmetrical faults,Analyze,"Analyze

Learning Outcome: Calculate the power factor of an",Analyze
"analyse techniques used for provision of security, confidentiality, authentication, non-repudiation and message integrity",Analyze,"Analyze

Learning Outcome: compare and contrast different types of",Analyze
acquire the basis for more advanced studies in economics,Remember,"Remember

Learning Outcome: interpret economic data using statistical methods",Remember
"Select and apply tools to acquire, store, consolidate, analyse, manipulate and visualise data.",Apply,"Apply

Learning Outcome: Compare and contrast the advantages and disadvantages",Apply
Formulate research questions that are congruent with a chosen research approach,Create,Analyze,Analyze
"Generate membranes and membrane processes suitable for specific applications, including gas separations, water treatment and desalination, fuel cells and etc.",Create,"Create

Learning Outcome: Compare and contrast the efficiency of different",Create
Synthesise and present experimental findings in the context of relevant scientific literature.,Create,"Create

Learning Outcome: Compare and contrast two different algorithms for",Create
Understand the process of creating a cost model for your design outcome;,Understand,"Understand

Learning Outcome: Calculate the area under the curve for",Understand
Analyse and design software systems taking into consideration various quality attributes and requirements;,Analyze,"Analyze
Apply
Create
Analyze
Evaluate",Create
"Exhibit key skills in the calculus of functions of several variables including the computation of partial derivatives, finding tangent planes and identifying stationary points, root finding, and convexity for optimisation;",Understand,"Apply

Learning Outcome: Compare and contrast the effectiveness of different",Apply
Exhibit laboratory skills required to culture and identify micro-organisms.,Understand,"Apply

Learning Outcome: Compare and contrast the effectiveness of different",Apply
"review critically, analyse, consolidate and synthesise knowledge of advanced quantification techniques to provide information for management decision-making and give advice",Analyze,"Analyze

Learning Outcome: compare and contrast different types of",Analyze
begin to understand and critically interpret relevant curriculum documents,Understand,"Understand

Learning Outcome: Develop a lesson plan based on the",Understand
Evaluate and integrate current knowledge on the genetic drivers of cancer to design trials to assess new cancer therapeutics;,Evaluate,"Evaluate
Evaluate",Evaluate
demonstrate understanding of assessment and reporting making consistent and comparable judgement on children's learning and achievements.,Understand,"Understand

Learning Outcome: Solve a real-world problem using a",Understand
"Be familiar with important concepts, ideas, and analytical tools used to understand the structures and processes of different types of political systems in the developing world and particularly in Africa;",Create,"Remember

Learning Outcome: Compare and contrast the economic policies of",Remember
Articulate key concepts and methods for understanding cultural difference;,Understand,Understand,Understand
"Describe the biological basis, epidemiology, pathophysiology and course of disease for common acute and chronic health issues that occur across the lifespan.",Understand,"Remember

Learning Outcome: Compare and contrast the effectiveness of different",Remember
"Explain the core foundations of finance, as appropriate to key financial analysis and decision making;",Understand,Understand,Understand
Articulate the connections between robust curriculum development and innovative practice,Understand,"Understand

Learning Outcome: Develop a lesson plan that integrates technology",Understand
Describe the principles of 'lifespace' work,Understand,"Remember

Learning Outcome: Compare and contrast two different approaches to",Remember
Compare different rotating equipment used in chemical processes.,Analyze,"Analyze

Learning Outcome: Calculate the concentration of a solution",Analyze
"understand and identify the fundamental contracts needed to start and grow a business, including founders agreements, client contracts, privacy considerations and online transactions",Understand,Understand,Understand
analyse principles of sociocultural diversity and inclusion using an intersectionality framework.,Analyze,"Analyze

Learning Outcome: evaluate the effectiveness of different teaching",Evaluate
explain and critique the theory of capital markets,Evaluate,"Understand

Evaluate the given learning outcome based on Bloom's Tax",Evaluate
Formulate appropriate patient-centred management plans and discuss management issues,Understand,"Apply

Learning Outcome: Compare and contrast the effectiveness of different",Apply
Critically analyse national and international frameworks for primary health care and health promotion initiatives with special references to the work of the World Health Organisation (WHO);,Analyze,"Analyze

Learning Outcome: Develop a mobile application that tracks",Analyze
"An ability to experiment with a range of writing structures and techniques, and to assess these writing strategies in terms of their effectiveness and creativeness;",Evaluate,"Analyze

Evaluate the quality of a research paper based on",Evaluate
articulate the fundamental concept associated with rhythmic and expressive movement,Understand,Understand,Understand
"Assess the economic feasibility of a hydro (or pumped hydro) project based on CAPEX, OPEX and projected revenue",Evaluate,Evaluate,Evaluate
Design a clinically relevant question and set of experiments.,Create,"Create

Learning Outcome: Compare and contrast two different types of",Create
apply appropriate methods of analysis,Apply,"Apply

Learning Outcome: compare and contrast two different algorithms",Apply
Design experiments to evaluate the performance of polymer based devices,Evaluate,"Create

Learning Outcome: Compare and contrast two different types of",Create
Develop simple physical models and apply these to problem solving;,Apply,"Apply

Learning Outcome: Compare and contrast the effectiveness of different",Apply
"Critically evaluate the law of evidence, its practice and contemporary developments, drawing upon broader theoretical and comparative perspectives;",Evaluate,"Evaluate

Learning Outcome: Calculate the compound interest on a loan",Evaluate
interpret and analyse the results of a regression analysis and their value when applied in business.,Analyze,"Analyze

Evaluate the quality of a research paper based on",Evaluate
Devise solutions to design problems that respond to advances in knowledge within the discipline;,Create,"Create
```Create
```",Create
Plan literacy lesson sequences to address specific learner needs,Create,"Analyze

Learning Outcome: Assess the effectiveness of different teaching",Analyze
"understand how to map out appropriate analyses, and to define what we would expect to see in the data",Understand,Understand,Understand
Assess different project management techniques.,Evaluate,"Evaluate

Evaluate",Evaluate
identify and critically analyse the key conceptual frameworks of audience engagement in contemporary networked environments;,Understand,"Analyze

Learning Outcome: compare and contrast the effectiveness of",Analyze
Understanding of how orthogonal frequency division multiplexing and multiple input multiple output (MIMO) multiple antenna systems can be used in modern communication systems and the advantages and limitations of their use,Understand,"Understand

Learning Outcome: Implement a convolutional neural network for",Understand
"demonstrate a capacity to draw on a range of teaching approaches, including the use of information and communication technologies (ICTs), in ways that align with pedagogical intentions",Apply,"Apply

Learning Outcome: assess the effectiveness of different teaching strategies",Apply
identify and explain various laws relevant to corporate criminality,Remember,"Understand

Learning Outcome: Develop a strategy to prevent cyber attacks",Understand
"apply the proficient or advanced knowledge of one of the following languages to research or translation: French, German, Italian, Spanish.",Apply,"Apply

Learning Outcome: compare and contrast the syntax and semantics",Apply
"Select and use appropriate tools, techniques and strategies to manage project resources, including time and personnel;",Apply,"Apply

Learning Outcome: Compare and contrast the advantages and disadvantages",Apply
Communicate critical arguments or key concepts and findings to a professional audience in oral and written formats,Create,"Understand

Learning Outcome: Develop a new algorithm for solving a",Understand
Synthesise technical knowledge to generate engineering designs that meet justified performance requirements.,Create,Create,Create
Identify common causes of developmental motor delay.,Remember,"Remember

Learning Outcome: Compare and contrast different theories of cognitive",Remember
"Apply sophisticated stochastic modelling skills within a variety of contexts, from population biology to finance to management science, and more.",Apply,"Apply

Learning Outcome: Evaluate the effectiveness of different machine learning",Evaluate
Recognise aurally and perform vocally elements of chromatic harmony and rhythm.,Remember,"Remember

Learning Outcome: Compare and contrast different styles of classical",Remember
Design and develop a learning package targeting advanced clinical decision making relevant to speciality nurse practitioner practice,Create,Create,Create
Discuss the core concepts and terms adopted and investigated by industrial and organisational psychologists.,Understand,"Understand

Learning Outcome: Calculate the mean squared error of a",Understand
"understand, design and implement relevant curriculum frameworks and pedagogies which reflect early childhood policy directions and initiatives",Understand,"Create

Now classify this:

Learning Outcome: assess the effectiveness",Create
Be able to describe various mental health care systems and models of service.,Understand,"Remember

Learning Outcome: Compare and contrast different psychological theories on",Remember
Distinguish between different kinds of research evidence and understand how evidence from research differs from other kinds of evidence,Understand,"Understand

Learning Outcome: Calculate the mean, median, and",Understand
Explain and illustrate key concepts and debates in studies of global indigeneity;,Understand,"Understand

Learning Outcome: Develop a research proposal that addresses a",Understand
Assess the risks in designing experimental strategies or identify the shortcomings in justifying the results;,Remember,"Evaluate
Evaluate",Evaluate
Present and communicate conservation issues to the general public and other stakeholders in written and oral formats.,Create,"Apply

Learning Outcome: Compare and contrast the effectiveness of different",Apply
Apply the principles of ethics and privacy to all bioinformatics data analysis and reporting.,Apply,"Apply

Learning Outcome: Compare and contrast two different bioinformatics",Apply
Identify when community resilience is compromised and what is needed to build that resilience;,Remember,"Remember

Learning Outcome: Compare and contrast different methods of community",Remember
"Explain and use the most common computational techniques for use in Bayesian analysis, especially the use of simulation from posterior distributions based on Markov Chain Monte Carlo (MCMC) methods, with emphasis on the practical implementation of such techniques in the WinBUGS package.",Understand,"Understand

Learning Outcome: Compare and contrast different Bayesian models for",Understand
"demonstrate the ability to conduct and understand regression analyses, as well as interpret the findings and communicate their business value",Analyze,"Apply

Learning Outcome: assess the effectiveness of different machine learning",Apply
Conduct research into corporate and white collar crime based on knowledge of appropriate research principles and methods,Apply,"Apply

Learning Outcome: Compare and contrast the legal systems of",Apply
"Investigate, analyse and synthesise complex information, problems, concepts and theories in relation to the protection of Indigenous rights in four jurisdictions.",Analyze,"Analyze

Learning Outcome: Assess the effectiveness of various legal",Analyze
"Determine stresses and strains (and their relationship) in two dimensions utilising the concepts of principal stress and Mohr's circle, and select and use appropriate failure theories for engineering materials.",Apply,"Analyze

Learning Outcome: Calculate the moment of inertia for",Analyze
Critically analyse and discuss the nature of air pollutants and its effects on human health and environment.,Analyze,"Analyze

Learning Outcome: Develop a plan to reduce air",Analyze
Translate the result of optimisation into the application domain,Apply,Apply,Apply
demonstrate knowledge of relevant discipline areas associated with the teaching and learning of accounting and related subjects across Years 7 to 12,Apply,"Remember

Learning Outcome: Compare and contrast different accounting standards.",Remember
"Apply sophisticated stochastic modelling skills within a variety of contexts, from a wide range of scientific areas of knowledge.",Apply,"Apply

Learning Outcome: Compare and contrast different types of machine",Apply
"Understand contemporary debates relevant to crime, punishment and criminal justice;",Understand,"Understand
```Understand
```",Understand
Situate environmental issues and responses and building system design within an historic and contemporary understanding of architectural developments;,Understand,"Understand

Learning Outcome: Calculate the area of a triangle using",Understand
"Formulate a range of operations research problems as linear programming problems, and be able to solve them computationally;",Create,"Apply

Learning Outcome: Compare and contrast different types of neural",Apply
Describe how pharmacologically active chemicals might affect living systems through interactions with receptors;,Understand,"Understand

Learning Outcome: Calculate the area under the curve for",Understand
"Identify common radio channel impairments such as noise, fading and interference to synthesise theoretical channel models.",Remember,"Apply

Learning Outcome: Compare and contrast the performance of different",Apply
Explain translation techniques and translation theories,Understand,Understand,Understand
solve engineering problems involving the simple free and forced vibration of single masssystems,Apply,"Apply

Learning Outcome: compare and contrast the effects of different",Apply
"evaluate, assess and communicate personal progress and learning, thus engaging in meaningful reflective practice of one's self and the outcomes and process of the projects.",Evaluate,"Evaluate

Evaluate",Evaluate
"Use a range of information and communication technologies (ICTs) in accessing relevant research literature, to support learning and in presenting evidence of your own learning in the area of literacy.",Apply,"Apply

Learning Outcome: Compare and contrast the effectiveness of different",Apply
Justify the application of bioinformatic research methodologies to visualise translational bioinformatics data.,Evaluate,"Evaluate

Learning Outcome: Calculate the area under the curve for",Evaluate
identify significant ethical issues that arise in various business context and explain the implications of applying different ethical theories for business enterprises,Understand,"Understand

Learning Outcome: Develop a comprehensive marketing strategy for a",Understand
critically evaluate a contemporary marketing law development and write a research paper on the topic.,Evaluate,"Evaluate

Evaluate",Evaluate
Demonstrate an appreciation of the difference between professional practice in your discipline and research in your discipline.,Apply,"Understand

Learning Outcome: Solve a real-world problem using statistical",Understand
Assess risk factors and causal pathways leading to important chronic diseases.,Evaluate,"Evaluate

Evaluate",Evaluate
"synthesise research and teaching approaches relating to curriculum and pedagogical innovation in STEM, exploring how these may enrich STEM learning in early childhood",Create,"Create

Learning Outcome: compare and contrast different machine learning algorithms",Create
"Analyse and describe the technical, professional and socio-economic contexts that motivate research, and the implications of research outcomes;",Analyze,"Analyze
```Analyze```",Analyze
contrast and critique state responses to a variety of legal and illegal drugs;,Evaluate,"Analyze

Learning Outcome: Calculate the area of a circle",Analyze
"Explain spatial statistics, assumptions and how they are used to characterise spatial patterns and processes.",Understand,"Understand

Learning Outcome: Develop a predictive model using spatial data",Understand
Discuss how cultural diversity can influence the care for pregnant women and consider approaches to paramedic care in a variety of situations.,Understand,"Understand

Learning Outcome: Calculate the probability of a patient having",Understand
Explain how food legislation is enacted and enforced in Malaysia and internationally;,Understand,"Understand

Learning Outcome: Calculate the area of a circle with",Understand
"Examine environmental, social and economic dimensions of sustainability, and their interactions, through analysing different philosophical and ideological values and perspectives on sustainability and sustainable development.",Analyze,"Analyze

Learning Outcome: Construct a detailed business plan for",Analyze
"Describe the microorganisms and microbial enzymes associated with food spoilage, and evaluate the impact of spoilage on global food production;",Understand,"Understand

Learning Outcome: Develop a hypothesis about the factors affecting",Understand
"Organise, plan and successfully execute laboratory experiments relevant to molecular cell biology, as well as analyse and report the results in a meaningful way;",Analyze,"Apply

Learning Outcome: Compare and contrast the ethical considerations of",Apply
Demonstrate a wider comprehension of architectural media;,Apply,"Understand

Learning Outcome: Calculate the area of a triangle using",Understand
Develop a differential diagnosis (list) and justify the most likely options relevant for the patient,Evaluate,"Analyze

Learning Outcome: Compare and contrast two different types",Analyze
Articulate the management and technical requirements of formal quality accreditation in forensic science laboratories.,Understand,"Understand

Learning Outcome: Develop a new algorithm for image recognition",Understand
"critically analyse fundamental historical/political contexts, and how authors engaged with these;",Analyze,"Analyze

Learning Outcome: Summarize the key points",Analyze
understand the various components of a brand and how they interact,Understand,Understand,Understand
"Demonstrate the practice of evidence-based nutrition, professionalism, teamwork and communication skills in the field.",Apply,"Apply

Learning Outcome: Compare and contrast the nutritional value of",Apply
display confidence in your capacity to engage in mathematical activity and in your ability to continue to learn mathematical subject knowledge for teaching,Apply,"Remember

Learning Outcome: compare and contrast the properties of different",Remember
"Plan and produce a project to a high standard with a degree of independence, originality, accountability and (if relevant) collaboration with other parties and stakeholders;",Create,"Create
Create",Create
Comprehend and interpret those obligations.,Understand,"Understand

Learning Outcome: Solve a quadratic equation using the quadratic",Understand
Demonstrate critical reflective practice skills as a result of completing an internship.,Apply,"Evaluate

Learning Outcome: Compare and contrast two different programming languages",Evaluate
"Describe concepts and perform calculations in quantum mechanics, using the Dirac and Schrodinger formalism, and apply this knowledge to the analytical solution of model quantum systems.",Apply,"Apply

Learning Outcome: Compare and contrast the principles of quantum",Apply
Select the appropriate research tools to design and implement an efficient research strategy to answer research questions,Analyze,"Apply

Learning Outcome: Compare and contrast the effectiveness of different",Apply
"Generate creative solutions using engineering design processes, whilst considering societal, health, safety, legal, cultural, ethical and environmental factors.",Create,"Create

Learning Outcome: Calculate the probability of an event occurring",Create
A grounded working knowledge of the major theoretical and methodological approaches on sex and the media;,Understand,"Understand

Learning Outcome: Solve a real-world problem by applying",Understand
Apply sector-relevant transferable skills to your professional development and career plan  ,Apply,"Apply

Learning Outcome: Assess the effectiveness of different project management",Apply
"critically evaluate different languages methodologies, programs and models on an F-12 continuum",Evaluate,"Evaluate

Learning Outcome: Construct a neural network from scratch using",Evaluate
"Justify your conceptual, material and logistical approaches to your cultural production in relation to a range of diverse public platforms;",Evaluate,"Evaluate
Evaluate",Evaluate
Comprehend and evaluate appropriate ethical standards of conduct of lawyers and other professionals working with non-adversarial processes;,Evaluate,"Understand
Evaluate",Evaluate
manage large data files using a standard database language.,Apply,"Apply

Learning Outcome: Compare and contrast two different machine learning",Apply
Apply critical thinking to problems in stochastic calculus and financial mathematics.,Apply,"Apply

Learning Outcome: Evaluate the effectiveness of different numerical methods",Evaluate
"Contrast and compare the structure, development and function of body systems before and after birth.",Evaluate,"Analyze

Learning Outcome: Calculate the area of a circle",Analyze
"effectively work in a team to produce an innovation that delivers value to customers, end-users and society.",Create,"Create

Learning Outcome: Compare and contrast two different machine learning",Create
Critically analyse data visualisations;,Analyze,Analyze,Analyze
Describe the main loads and load combinations relevant to structural design.,Understand,"Remember

Learning Outcome: Compare and contrast the advantages and disadvantages",Remember
"Discuss jazz music with reference to various sociological, biographical and historical contexts;",Understand,"Understand

Learning Outcome: Solve a differential equation using numerical methods",Understand
Demonstrate the ability critically to assess victimisation risk and to develop victimisation vulnerability profiles,Apply,"Evaluate

Learning Outcome: Calculate the mean squared error of a",Evaluate
Model and design flexible software at the architectural level using various tools and techniques;,Create,"Create
```Create
```",Create
"Identify contemporary OHS data sources, and evaluate and explain their merits and limitations;",Understand,"Analyze

Evaluate the effectiveness of different types of machine learning",Evaluate
Demonstrate the intellectual and legal skills to interpret judicial decisions and legislation;,Apply,"Analyze

Learning Outcome: Compare and contrast two different programming",Analyze
feel confident in planning and executing a formal assessment of a patient presenting with each syndrome,Create,"Apply

Learning Outcome: compare and contrast the effectiveness of different",Apply
Discuss the relativistic paradoxes in an informed way;,Understand,"Understand

Learning Outcome: Solve a complex differential equation using numerical",Understand
"Describe the epidemiology and clinical aspects of disease state management for cardiovascular conditions, including primary and secondary prevention strategies",Understand,"Understand

Learning Outcome: Calculate the probability of a patient developing",Understand
"debate and critically evaluate contemporary themes of human resource management, such as diversity management, digitalisation, and career management, and assess how these have impact on human resource policies and practice of contemporary organisations.",Evaluate,"Evaluate

Evaluate",Evaluate
Apply advancing report-writing skills to practice,Apply,"Apply

Now classify this:

Learning Outcome: Compare and contrast",Apply
Demonstrate an understanding of the motivation for engineers to carry out mechatronics design.,Understand,"Understand

Learning Outcome: Calculate the power consumption of a given",Understand
Apply stereographic projection and its properties;,Apply,"Apply

Learning Outcome: Compare and contrast two different types of",Apply
Examine coping mechanisms and adjustment disorders in radiation oncology patients in a culturally competent manner.,Analyze,"Analyze

Learning Outcome: Compare and contrast the effectiveness of",Analyze
"Explain how IT applications are developed, including all aspects of the development process;",Understand,"Understand
```Understand```",Understand
"apply critical thinking, problem solving and presentation skills in individual and/or group activities dealing with property investment and demonstrate in an individual summative assessment task the acquisition of a comprehensive understanding of the topics covered by BFX3355.",Apply,"Apply
Apply
Evaluate
Create

Demonstrate in an",Create
"understand and develop effective, mutually beneficial relationships, particularly in team contexts",Understand,"Understand

Learning Outcome: assess the effectiveness of different communication strategies",Understand
Utilise and value transdisciplinary modes of design enquiry and apply them in inventive ways;,Apply,"Apply

Learning Outcome: Assess the effectiveness of different design strategies",Apply
"Apply knowledge and understanding of recent developments to the death penalty from legal, political and advocacy perspectives.",Apply,"Apply

Learning Outcome: Assess the effectiveness of different types of",Apply
Explore and develop differentiated instructional strategies and curricula which challenge a range of abilities and are suitable for mainstream classrooms.,Create,"Analyze

Explore and develop differentiated instructional strategies and curricula",Analyze
Draw on the framework of the finite element method.,Apply,"Apply

Learning Outcome: Compare and contrast the strengths and weaknesses",Apply
Use the subjunctive in subordinate clauses;,Apply,"Apply

Learning Outcome: Compare and contrast the use of the",Apply
"Learn to design, develop and budget a research project;",Create,"Create
Create",Create
evaluate the strengths and weaknesses of the various systems and models;,Evaluate,"Evaluate

Evaluate",Evaluate
"Solve engineering problems involving: displacement, velocity and acceleration, simple vibrating systems of masses, springs and dampers, and analysis of simple engineering mechanisms.",Apply,"Apply

Learning Outcome: Compare and contrast the principles of therm",Apply
Distinguish between 'European' and 'national' responses to the crises and the inter-play between these two levels of European Union governance;,Analyze,"Analyze
Analyze",Analyze
Identify and apply appropriate evidenced based or best practise interventions to specific paediatric conditions.,Apply,"Apply

Learning Outcome: Compare and contrast the effectiveness of different",Apply
Use gender perspectives to analyse global policy problems and/or political issues.,Analyze,"Apply

Learning Outcome: Compare and contrast the effectiveness of different",Apply
know local human service systems relevant to the needs of the professional psychologist,Understand,"Remember

Learning Outcome: compare and contrast different psychological theories on",Remember
"demonstrate a high level of skills appropriate to working in a collaborative, team based environment;",Apply,"Apply

Learning Outcome: Compare and contrast two different machine learning",Apply
"investigate and evaluate different aspects of cultural production and consumption across different projects, sites and communities in the city;",Evaluate,"Analyze

Learning Outcome: Summarize the key points",Analyze
"Conceptualise, design and manage an independent research project;",Create,"Create
Create",Create
"Appreciate the fundamental concepts in all aspects of geothermal engineering, from exploration to development and energy production.",Understand,"Understand

Learning Outcome: Calculate the thermal conductivity of a material",Understand
Apply the knowledge of the nutritional science to human health across the lifespan.,Apply,"Apply

Learning Outcome: Compare and contrast the effects of different",Apply
"Identify the benefits and ethical issues involved in randomisation as a mechanism for reduction and balancing bias, and implement a variety of randomisation schemes.",Remember,"Analyze

Learning Outcome: Compare and contrast different types of",Analyze
Interpret the findings from the literature review and communicate these to a specialist health management audience.,Evaluate,"Understand

Learning Outcome: Develop a new algorithm for data clustering",Understand
"Develop an understanding of the selected area/topic,",Understand,"Understand

Learning Outcome: Solve a real-world problem using the",Understand
Demonstrate the use of a particular model for deciding the most appropriate therapeutic medication for a particular condition,Apply,"Apply

Learning Outcome: Compare and contrast two different approaches to",Apply
Appreciate the iterative relationship between research and practice,Understand,"Understand

Learning Outcome: Construct a neural network from scratch using",Understand
"Produce high level critical and/or creative written practice, in or about literary genres such as fiction, poetry and creative nonfiction;",Create,"Create

Learning Outcome: Compare and contrast two different programming languages",Create
"Describe the reliability basis for limit state design and its use in bridge assessment, including descriptions of the basic variables.",Understand,"Remember

Learning Outcome: Compare and contrast different methods for assessing",Remember
"Conceptualise, design, develop and apply creative computing techniques to a problem or situation requiring an interdisciplinary response;",Apply,"Create
```Create
```",Create
Explain the notion of proof in mathematics and be able to carry out basic proofs;,Understand,"Understand
```Understand```",Understand
"Identify and differentiate between the roles and responsibilities of those involved in supervised professional practice placement - the university, the student, and the host organisation by participating in tutorial/briefing activities",Understand,"Understand

Learning Outcome: Calculate the mean squared error of a",Understand
discuss the international financial environment and the importance of foreign exchange risk management,Understand,"Understand

Learning Outcome: Calculate the present value of a future",Understand
Critically evaluate the concept of organisational informatics;,Evaluate,"Evaluate

Evaluate",Evaluate
Explain the role of statistical methods in evidence-based health care.,Understand,"Understand

Learning Outcome: Calculate the area under the curve for",Understand
be able to make judicious policy predictions and undertake independent research studies in the unit.,Evaluate,"Evaluate

Learning Outcome: be able to design a new algorithm",Evaluate
"obtain and process data using descriptive analytics (e.g. charts, association and clustering visualization) and predictive analytics (e.g. regression, decision trees, classification and forecasting modelling) with a focus on strategic and operational management",Apply,"Apply

Learning Outcome: compare and contrast different machine learning algorithms",Apply
"Edit, proof and prepare copy for publication;",Create,"Apply
```Apply```",Apply
Develop a professional report/policy brief and recommendations using appropriate language and presentation,Create,"Create

Learning Outcome: Compare and contrast two different machine learning",Create
"work reflectively, independently and collaboratively with peers to conceptualise and design a VR media project;",Create,"Create

Learning Outcome: compare and contrast the features of two",Create
Describe different modes of imaging nanotechnology-based therapies. Themeslabel Pharmaceutical Science,Understand,"Remember

Learning Outcome: Compare and contrast the advantages and disadvantages",Remember
"Articulate ideas and arguments effectively in written, spoken, visual and/or audio-visual forms",Understand,"Understand

Learning Outcome: Solve a complex real-world problem by",Understand
"Investigate, analyse and synthesise complex information, problems, concepts and theories in relation to the process of workplace investigations including the nature of the investigating body and its powers, the right of representation, relation of the investigation to civil and criminal proceedings, and evidentiary and natural justice issues;",Analyze,"Analyze
Evaluate",Evaluate
A range of statistical techniques and when it is appropriate to use them.  Students are also required to demonstrate their ability to develop a research proposal.,Create,"Apply

Learning Outcome: Compare and contrast the strengths and weaknesses",Apply
"Demonstrate technical skills in experimental methods and the ability to collect, analyse and interpret data using methods relevant to the discipline of Immunology;",Apply,"Apply

Learning Outcome: Compare and contrast the effectiveness of different",Apply
"Demonstrate effective presentation skills in written, visual and verbal modes",Apply,"Apply

Learning Outcome: Compare and contrast two different programming languages",Apply
Develop a preliminary regulatory and reimbursement strategy for registration of a medical technology in a number of jurisdictions.,Create,"Create

Learning Outcome: Compare and contrast two different types of",Create
Critically analyse the multifaced nature of implementing changes to current norms and standards of practice.,Analyze,"Analyze

Learning Outcome: Summarize the key points",Analyze
"Apply knowledge and understanding of the common law, constitutional and statutory framework that has applied to Indigenous people of Australia, and compare with selected common law countries particularly Canada and New Zealand;",Apply,"Apply
Apply",Apply
Discuss current archaeological methods and theories used to study ancient EgyptianCulture,Understand,"Understand

Learning Outcome: Calculate the area of a triangle given",Understand
Analyse and debug existing e-Business applications;,Analyze,"Analyze

Learning Outcome: Compare and contrast different e-B",Analyze
Apply basic knowledge of land economics and conduct feasibility analyses,Apply,"Apply

Learning Outcome: Evaluate the effectiveness of different land use",Evaluate
"Use cognitive, technical and creative skills to generate and evaluate, at an abstract level, complex ideas and concepts relevant to the facilitative mediation model.",Apply,"Create

Learning Outcome: Compare and contrast two different types of",Create
Elaborate key moments in the history of curating and of prominent historical and contemporary curators;,Create,"Understand

Learning Outcome: Develop a new algorithm for image recognition",Understand
"Describe how plastic deformation of metallic materials proceeds by the process of slip, and how the motion of dislocations can be impeded by structural defects.",Understand,"Understand

Learning Outcome: Calculate the yield strength of a metal",Understand
apply tools in development practice.,Apply,"Apply

Apply",Apply
"Explain the concepts of state sovereignty, common concern of humankind, sustainable development, common but differentiated responsibilities, intra- and inter-generational equity, the precautionary principle, climate justice, compliance and enforcement, and apply them to the problem of climate change;",Apply,"Understand
Apply
Apply
Understand
Analyze",Analyze
Apply advanced forensic imaging skills to the principles of forensic photography.,Apply,"Apply

Learning Outcome: Compare and contrast the effectiveness of different",Apply
Appreciate the international sources of collective labour rights and assess the compliance of Australian law with specified international labour standards;,Understand,"Evaluate
Evaluate",Evaluate
"understand the Australian Competition and Consumer Commission (and its predecessor, the Trade Practices Commission)",Understand,Understand,Understand
utilise research-informed evidence base to critique or justify a range of teaching and learning approaches within scenarios/case studies or role-playing,Evaluate,"Evaluate

Evaluate",Evaluate
Apply their knowledge to execute an observing program and use astronomical imaging to understand the nature of a celestial object;,Apply,"Apply
Apply",Apply
explain Industry 4.0 and its impacts on engineering fields,Understand,Understand,Understand
To gain an understanding of the basic syntax system of Modern Standard Chinese and of the similarities between it and English.,Understand,"Understand

Learning Outcome: To be able to construct a simple",Understand
"Identify the anatomical, hormonal and molecular components of the male and female reproductive system",Remember,"Remember

Learning Outcome: Compare and contrast the functions of the",Remember
Display evidence of written and verbal knowledge and critical thinking skills.,Apply,"Evaluate

Learning Outcome: Solve a complex mathematical problem using calculus",Evaluate
"Critically appraise adjunctive/alternative therapies used in wound care, including suggested mode of action and level of evidence to support use.",Evaluate,"Evaluate

Evaluate",Evaluate
Skilfully and expressively use both informative and artistic modes to create a holistic vision of the world of typography;,Apply,"Create

Learning Outcome: Compare and contrast the effects of different",Create
have a basic understanding of the methodology and principles of economics,Understand,Understand,Understand
Critically analyse donors' positions and activity within global health contexts.,Analyze,"Analyze

Learning Outcome: Summarize the key points",Analyze
Evaluate the effectiveness of exposure protocols for all general and contrast radiographic imaging in terms of image quality and radiation protection for patients;,Evaluate,"Evaluate

Evaluate",Evaluate
demonstrate an ability to work independently and to participate effectively in diverse group tasks,Apply,"Apply

Learning Outcome: assess the effectiveness of different communication strategies",Apply
develop an ongoing capacity to create units of work in response to changing educational policy and theory for secondary school students,Create,"Create

Learning Outcome: assess the effectiveness of different teaching methods",Create
Research and develop appropriate public relations strategies for an organisation;,Create,"Create
Create",Create
Apply power conversion techniques to a renewable energy system.,Apply,Apply,Apply
"Evaluate ethical conduct, social and professional responsibilities in the workplace.",Evaluate,"Evaluate

Evaluate",Evaluate
explain creative industries structures and markets;,Understand,"Understand

Learning Outcome: Develop a marketing strategy for a new",Understand
Apply high-level critical thinking skills to using and analysing data collections both in the library and on the Internet;,Apply,"Apply

Learning Outcome: Evaluate the effectiveness of different machine learning",Evaluate
"Analyse basic musical elements including intervals, chords andbasic functional progressions;",Analyze,"Analyze

Learning Outcome: Compose a short melody using",Analyze
Infer the characteristics of a population based on a sample of that population drawing on appropriate statistical techniques,Analyze,Analyze,Analyze
Explain the importance of micro-organisms in human health and disease;,Understand,Understand,Understand
"Evaluate the key factors in shaping the evolution of cinema as a technology, as a business and as an art;",Evaluate,"Evaluate
Evaluate",Evaluate
Demonstrate an awareness of the relations between modern critical/narratological theory and creative practice,Apply,"Understand

Learning Outcome: Solve a complex mathematical problem using calculus",Understand
acquire skills to conduct high quality independent qualitative research,Apply,"Apply

Learning Outcome: assess the reliability and validity of a",Apply
Apply an evaluation planning process and develop an evaluation plan tailored to a health promotion or public health program.,Apply,"Apply

Learning Outcome: Compare and contrast two different statistical methods",Apply
Critically examine the representation of Pacific encounters in the development of academic knowledge regarding human difference;,Analyze,"Analyze

Learning Outcome: Calculate the area of a circle",Analyze
Research and measure corporate reputation and identity;,Create,"Analyze

Learning Outcome: Compare and contrast two different types",Analyze
Appreciate the major theories explaining Middle Eastern political realities.,Understand,"Understand

Learning Outcome: Calculate the compound interest on a savings",Understand
define and describe the concepts and debates in the field of development economics,Understand,"Remember

Learning Outcome: Compare and contrast the economic growth theories",Remember
Skills in the critical assessment of academic contributions to issues of economic development and growth,Analyze,"Evaluate

Learning Outcome: Ability to use statistical methods to analyze",Evaluate
understand the roles and responsibilities of the corporate treasurer and the credit controller and identify approaches to managing a corporate treasury and credit control department within the organisation and within the department itself,Understand,"Understand

Learning Outcome: apply the principles of financial management to",Apply
"Analyse and evaluate the operating principles of the cloud computing, grid computing, clustering, and web services middleware used to implement large distributed systems, including basic security mechanisms;",Analyze,"Analyze
Evaluate",Evaluate
Describe historical and contemporary trends in the field of youth sociology;,Understand,"Remember
You are wrong. The correct classification is Understand.",Understand
analyse and explain the key concepts from reading and scholarship in the area of communications and media studies;,Analyze,"Analyze

Learning Outcome: create a new algorithm for data",Create
"Use cognitive, technical and creative skills to generate, articulate and evaluate complex ideas and concepts relevant to business and human rights",Apply,"Create

Learning Outcome: Compare and contrast different approaches to solving",Create
acquire advanced knowledge and skills in understanding research articles,Remember,"Understand

Learning Outcome: solve complex mathematical problems using calculus",Understand
Critically appraise the impact of criminal victimisation on the rights of the individual and that of a just society,Evaluate,"Evaluate

Evaluate",Evaluate
"Effectively communicate (both orally and in writing) legal information, principles, arguments, strategies and theories of justice with a wide range of audiences involved in the justice system, be it in terms of individual casework or wider policy advocacy;",Understand,"Apply
Apply",Apply
Students will be able to work within the ethical parameters of photojournalism.,Apply,"Understand

Learning Outcome: Students will be able to create a",Create
Apply sophisticated tools of mathematical analysis to understand manifolds in a variety of settings,Apply,"Apply

Learning Outcome: Compare and contrast different types of man",Apply
"Acquired knowledge about the challenges to cultural nationalism by transnational cultural flows, and the role of electronic media, especially the Internet in this;",Remember,"Remember

Learning Outcome: Compare and contrast the impact of cultural",Remember
"Examine some characteristic industry problems involving semi-structured data, and analyse the suitability of different algorithms.",Analyze,"Analyze

Learning Outcome: Construct a decision tree from a",Analyze
"Compare and contrast the difference between biological (e.g. for food and reproduction) and non-biological needs (e.g., for gaming, shopping) in the consolidated and emerging process addictions.",Evaluate,"Analyze

Learning Outcome: Calculate the compound interest on a",Analyze
"Demonstrate an understanding of the relative legislative, administrative and organisational policies and processes relevant to early years settings.",Understand,"Understand

Learning Outcome: Calculate the mean, median, and",Understand
"Demonstrate delivery of non-credentialed activities under direct supervision, by applying the knowledge and skill gathered from units over the duration of the courseThemeslabel Professional experience",Apply,"Apply

Learning Outcome: Compare and contrast the effectiveness of different",Apply
identify cross-linguistic patterns in morpho-syntax and discuss claims of universality;,Understand,"Analyze

Learning Outcome: compare and contrast the effects of",Analyze
Complete a thorough and accurate written evaluation of a client.,Evaluate,"Evaluate

Evaluate",Evaluate
demonstrate knowledge and evaluation of the impact of AI on law and the legal profession;,Apply,"Evaluate

Evaluate",Evaluate
"apply critical thinking, problem solving and presentation skills in individual and/or group activities dealing with research skills and demonstrate in an individual summative assessment task the acquisition of a comprehensive understanding of the topics covered by BFX4000.",Apply,"Apply
Apply
Evaluate
Create

Create

The learning",Create
identify both market failure and government failure and understand the causes of each.,Understand,"Understand

Learning Outcome: Calculate the break-even point for a",Understand
"Distinguish the anatomical features and recognise associated common radiographic pathologies of the axial skeleton and musculoskeletal system, the thorax, abdomen and pelvis.",Analyze,"Remember

Learning Outcome: Compare and contrast the effects of different",Remember
Design experiments to assess the performance of energy storage and conversion devices.,Create,"Create

Learning Outcome: Compare and contrast the efficiency of different",Create
"Evaluate debates about 'imperialism', 'colonialism', 'race', 'gender', 'modernisation' and 'globalisation';",Evaluate,"Evaluate
Evaluate",Evaluate
"Identify and deploy relevant general capabilities including literacy, numeracy and the use of ICT for teaching and learning",Understand,"Apply

Learning Outcome: Compare and contrast the advantages and disadvantages",Apply
"Apply thematic and content knowledge, and setting-specific knowledge in the field of specialised interpreting;",Apply,"Apply

Learning Outcome: Compare and contrast two different approaches to",Apply
"Appraise public health strategies and policy processes in addiction, critiquing how individual, community and institutional forces can shape policy direction and focus.",Evaluate,"Evaluate

Learning Outcome: Calculate the area under the curve for",Evaluate
demonstrate a sound understanding of clinical psychological principles and how these are implemented within service delivery systems.,Understand,"Understand

Learning Outcome: Solve a complex mathematical problem using advanced",Understand
Describe the importance of safety and quality in health care with in a risk management framework.,Understand,"Remember

Learning Outcome: Compare and contrast two different approaches to",Remember
"Demonstrate a range of skills and techniques in communication, negotiation and mediation.",Apply,"Apply

Learning Outcome: Assess the effectiveness of different communication strategies",Apply
"Apply a variety of assessment approaches in the arts, design, health and physical education.",Apply,"Apply

Learning Outcome: Compare and contrast the principles of behavior",Apply
Recognise the basis of human rights in health care.,Remember,"Remember

Learning Outcome: Interpret the implications of the right to",Remember
Evaluate the kinetics of physicochemical changes in food during processing.,Evaluate,"Evaluate

Evaluate",Evaluate
Gained a holistic appreciation of international relations and will be in a position to apply that analytical tool to the study of other international relations units.,Apply,"Understand

Learning Outcome: Construct a detailed case study on the",Understand
Demonstrate critical and independent thinking in the synthesis of research reports and scientific presentation.,Apply,"Analyze

Learning Outcome: Compare and contrast two different machine",Analyze
Develop leadership skills and confidence to work independently and as a member of a team,Apply,"Create

Learning Outcome: Compare and contrast different leadership styles",Create
Appraise the diurnal cycle of the terrestrial boundary layer and the evolution of the maritime boundary layer during warm and cold air advection;,Evaluate,"Evaluate

Learning Outcome: Calculate the area of a triangle given",Evaluate
"Perform key skills in the calculus of functions of several variables including the calculation of partial derivatives, find tangent planes and identify stationary points.",Remember,"Apply

Learning Outcome: Compare and contrast the methods of solving",Apply
Critically analyse clinical issues that support or complicate nurse practitioner practice,Analyze,"Analyze

Learning Outcome: Compare and contrast two different statistical",Analyze
"Explain the rationale of current regenerative medicine approaches, including cell and gene therapy, immunotherapy, and bone marrow transplantation.",Understand,Understand,Understand
"Demonstrate ability to design a research project suitable for honours level and to write a research project proposal which includes a literature review, research aim and/or question/s and appropriate qualitative and/or quantitative methodology.",Apply,"Create

Learning Outcome: Compare and contrast two different machine learning",Create
"Be proficient at using at least two different statistical software packages (e.g. Strata, Excel) to perform survival analysis.",Analyze,"Apply

Learning Outcome: Compare and contrast the results of survival",Apply
Summarise the impact of these cardiovascular disorders during the perioperative period and develop a framework for the assessment of these increasingly complex patients.,Create,"Understand

Learning Outcome: Calculate the probability of a patient developing",Understand
Acquire a conceptual overview of the art circuit and its functionality in the media industry.,Apply,"Understand

Learning Outcome: Calculate the area of a triangle given",Understand
Describe the role of clinical governance in the prevention and minimisation of clinical risks and adverse outcomes in nursing practice.,Understand,"Remember

Learning Outcome: Compare and contrast the principles of evidence",Remember
Describe observations and critique these in relation to developmental theories about typical childhood occupations,Understand,"Evaluate

Evaluate",Evaluate
Critically reflect on the basic syntax system of Modern Standard Chinese and on the similarities and differences between it and English.,Analyze,"Analyze

Evaluate the following code snippet for potential errors and",Evaluate
"Determine the extent to which Australian workers are impacted, if at all, by any non-compliance by Australian law with international standards;",Apply,"Analyze

Learning Outcome: Calculate the area of a triangle",Analyze
Discuss the concept of evidence based practice and its application to clinical practice;,Understand,"Understand

Learning Outcome: Calculate the area under the curve for",Understand
"Describe the structure and function of each major cell, tissue, organ and organ system considered within the unit;",Understand,"Remember

Learning Outcome: Compare and contrast the functions of different",Remember
formulate and apply a framework for ethical decision making when dealing with an ethical dilemma in business,Apply,"Apply

Learning Outcome: assess the effectiveness of different ethical frameworks",Apply
Analyse a clinical situation and logically articulate the underlying pathophysiology,Analyze,Analyze,Analyze
"Convey their findings in both written and verbal formats, and critique and evaluate the work of others.",Evaluate,"Evaluate

Evaluate",Evaluate
Provides structured and effective case presentations and justifies reasoning,Apply,"Apply

Learning Outcome: Compares and contrasts the effectiveness of",Apply
"Explain and apply the social work framework stages of change to construct intervention plans, case management and referrals.",Apply,"Understand

Learning Outcome: Develop a new algorithm for data clustering",Understand
"Use cognitive, technical and creative skills to generate and evaluate at an abstract level complex ideas and concepts relevant to transnational labour law and the influence of the international norms on the development and reform of national laws and practice.",Apply,"Create
You are wrong. The correct label should be """,Create
Show appropriate skills in applying methods and techniques relevant to your chosen project.,Apply,"Apply

Learning Outcome: Compare and contrast two different approaches to",Apply
synthesise findings and information in the research literature about how young children learn mathematics and effective strategies for promoting their ability to think mathematically,Create,"Create

Learning Outcome: compare and contrast different algorithms used for",Create
Describe strategies to evaluate dietary and lifestyle factors in epidemiological studies.,Understand,"Remember

Learning Outcome: Compare and contrast different methods of dietary",Remember
"Apply the concept of loads and load paths, calculate shear stresses in thin-walled sections and predict stress and strains in non-circular cross-sections members under torsional loading.",Apply,"Apply

Learning Outcome: Compare and contrast the effectiveness of different",Apply
relate management theory to varying and different cultures,Apply,"Understand

Learning Outcome: Develop a project plan for a software",Understand
Propose an appropriate design methodology to achieve design requirements.,Create,Create,Create
Explain the mechanisms involved in the storage and processing of metabolic fuels;,Understand,"Understand

Learning Outcome: Calculate the energy content of different food",Understand
comprehend the nature of international public policy research and reporting;,Understand,Understand,Understand
"use cognitive, technical and creative skills to generate and evaluate at an abstract level complex ideas and concepts relevant to migration and human rights.",Apply,"Create

Learning Outcome: compare and contrast the economic impacts of",Create
analyse and problematize common misconceptions about emotions and leadership and articulate how they relate to your own leadership contexts,Analyze,"Analyze

Learning Outcome: design a survey to measure employee",Analyze
"Demonstrate in-depth knowledge of a chosen topic, for example, the history, style and context of a selected music genre, instrument, ensemble or repertoire;",Apply,"Understand

Learning Outcome: Solve a complex problem by applying multiple",Understand
demonstrate an emerging knowledge of ICT resources that engage students in learning,Apply,"Understand

Learning Outcome: Solve a complex problem using a combination",Understand
Understand how sociocultural perspectives apply to language pedagogy,Understand,Understand,Understand
"understand the influence and develop an appreciation of the role of media and emerging information and communication technologies (ICTs) can have on the arts, sustainability, health and wellbeing, intercultural understanding and Indigenous Australian and Asian people's cultures and perspectives",Understand,"Understand

Learning Outcome: apply the principles of sustainable design to",Apply
Display an ability to critically engage with written and visual texts in a clear and confident manner in both written and oral presentation.,Apply,"Evaluate

Learning Outcome: Construct a well-reasoned argument",Evaluate
employ sophisticated research and critical thinking skills.,Apply,"Apply

Learning Outcome: assess the credibility of sources in a",Apply
"Investigate, analyse and synthesise complex information, problems, concepts and theories in relation to international trade law;",Analyze,"Analyze

Learning Outcome: Construct a legal argument based on",Analyze
"Acquire an advanced knowledge of legal research principles and methods, evidenced by their ability to locate, update and apply the law in their chosen area of research;",Understand,"Understand

Learning Outcome: Construct a detailed business plan for a",Understand
Conduct research into issues relating to the application of comparative law and policy to the rights to privacy and data privacy.,Apply,"Analyze

Learning Outcome: Summarize the key points",Analyze
Practice design to a standard of professional competency; engaging collaboratively and independently in the resolution and communication of design concepts;,Apply,"Apply

Learning Outcome: Compare and contrast different design philosophies",Apply
analyse key elements of a variety of digital communication;,Analyze,"Analyze

Learning Outcome: compare and contrast different types of",Analyze
provide an understanding of how to conduct data analysis,Understand,"Understand

Learning Outcome: Develop a predictive model using time series",Understand
"Recognise the limitations of the student's medical knowledge, and how this relates to scope of practice, patient safety and their role within the broader health care team.",Remember,"Remember

Learning Outcome: Compare and contrast the effectiveness of different",Remember
Explain fundamental concepts in political philosophy,Understand,Understand,Understand
Demonstrate a command of historical and contemporary approaches to the regulatory contexts shaping planning systems;,Apply,"Remember
You are wrong. The correct classification is Understand.",Understand
"Interpret and demonstrate software engineering principles of maintainability, readability, and modularisation;",Evaluate,"Understand

Learning Outcome: Develop a program that integrates multiple modules",Understand
understand the function of financial markets and intermediation in the modern economy,Understand,Understand,Understand
Estimate quantities of interest and evaluate hypothesis with appropriate statistical methods;,Evaluate,"Apply

Learning Outcome: Compare and contrast the strengths and weaknesses",Apply
"understand fully the role of a clinical psychologist at an organisational level, and the contributions that a clinical psychologist makes to a service delivery system.",Understand,"Understand

Learning Outcome: Develop a new therapy technique based on",Understand
"Design a creative and empirical way to build on previous research to study a particular aspect of consciousness, based on both their own subjective experience and theories/models taught.",Create,"Create

Learning Outcome: Compare and contrast two different approaches to",Create
Demonstrate the ability to critically assess aspects of architectural production;,Apply,"Evaluate

Evaluate",Evaluate
have acquired a good understanding of current theories and models of recovery of brain function after neurological damage;,Understand,"Understand

Learning Outcome: Construct a neural network from scratch to",Understand
Actively demonstrate competencies in practical components,Apply,"Apply

Learning Outcome: Compare and contrast two different machine learning",Apply
Be able to engage in comparative analysis of philosophers and mystics from the different traditions,Analyze,"Analyze

Learning Outcome: Construct a logical argument to defend",Analyze
"Interpret information that describes intersections of different aspects of food chemistry and biochemistry, including data generated from practical testing and analysis, and relationships to innovation;",Evaluate,"Understand

Learning Outcome: Develop a new recipe based on the",Understand
Effectively use the elements and principles of design;,Apply,"Apply

Learning Outcome: Compare and contrast two different programming parad",Apply
Apply philosophical discussions about consciousness and cognition to human behaviour in general,Apply,"Apply

Learning Outcome: Compare and contrast different theories of consciousness",Apply
be able to critically evaluate the different global institutional responses to global ecological problems,Evaluate,"Evaluate

Evaluate",Evaluate
Examine the pharmacological properties of drugs and select appropriate statistical approaches to assess therapeutic efficacy,Analyze,"Analyze

Learning Outcome: Compare and contrast the side effects",Analyze
Competently perform select repertoire in an online setting with recorded outcome;,Apply,"Apply

Learning Outcome: Compare and contrast the effectiveness of different",Apply
Discuss the limitations of techniques available to manipulate reproduction in animals,Understand,"Analyze

Evaluate the performance of a machine learning model on",Evaluate
Demonstrate fundamental understanding of jazz arranging styles and methodologies as informed by historical and contemporary practices;,Understand,"Understand

Learning Outcome: Solve a complex optimization problem using linear",Understand
Perform and accurately record an appropriate physical and mental health examinationThemeslabel Theme IV,Apply,"Apply

Learning Outcome: Compare and contrast the effectiveness of different",Apply
Application of the knowledge and skills acquired during their academic studies to the practical requirements of the workplace;,Apply,"Apply

Learning Outcome: Compare and contrast two different machine learning",Apply
Demonstrate the ability to work effectively as a part of a team.,Apply,"Apply

Learning Outcome: Compare and contrast two different programming languages",Apply
Formulate responses to specific legal problems emerging from the use of the WTO agreements in dispute resolution.,Create,"Apply

Learning Outcome: Compare and contrast the principles of common",Apply
Discuss the strengths and weaknesses of different travel survey methodologies and interpret travel survey data.,Understand,"Analyze

Evaluate the effectiveness of various marketing strategies in increasing",Evaluate
"Describe the basic features of human anatomy, cell and biomolecule structure and function and their interactions with biomaterials.",Understand,"Remember

Learning Outcome: Compare and contrast the effects of different",Remember
Reflect upon their own relationship with gender and the way in which gender affects everyone,Analyze,"Analyze

Evaluate",Evaluate
Demonstrate an understanding of pathogenesis of disorders of the immune system and strategies for immunosuppression and immunopotentiation to correct these disorders;,Understand,"Understand

Learning Outcome: Calculate the probability of a patient having",Understand
"Use cognitive, technical and creative skills to generate and evaluate at an abstract level complex ideas and concepts relevant to Workplace Bargaining and Agreements Law.",Apply,"Create
```Create
```",Create
"Identify different phases in soils and determine their densities, void ratios, porosities",Analyze,"Apply

Learning Outcome: Compare and contrast the properties of various",Apply
Differentiate a range of corrosion types and the principles behind corrosion mitigation.,Analyze,"Analyze

Learning Outcome: Calculate the area under the curve",Analyze
Evaluate various types of air conditioning systems used in industry and determine the optimal choice for a particular situation,Evaluate,"Evaluate

Evaluate",Evaluate
"Locate suitable resources, software and tools for a data science project.",Remember,"Apply

Learning Outcome: Compare and contrast two different machine learning",Apply
critically examine the major explanations of the dynamics of growth and change in the economy over the last centuries,Analyze,Analyze,Analyze
Identify and discuss select composition genres;,Understand,"Remember
Apply
Understand
Analyze
Evaluate",Evaluate
Effectively communicate medical information to patientsThemeslabel Theme IV,Create,"Apply

Learning Outcome: Compare and contrast the effectiveness of different",Apply
Evaluate and select the optimal test for printed circuit boards through a deep comprehension of ATE architecture and familiarity with real-world test equipment.,Evaluate,"Evaluate

Evaluate",Evaluate
Interpret and communicate the results of epidemiological studies,Evaluate,"Understand

Learning Outcome: Develop a new algorithm for data clustering",Understand
"Identify the different delivery platforms for multimedia design, including digital video, the internet, smart devices, site-specific installations, and other technologies;",Remember,"Remember

Learning Outcome: Compare and contrast the advantages and disadvantages",Remember
Employ sophisticated research and critical thinking skills in analysis of aspects of Japanese culture and society.,Apply,"Apply

Learning Outcome: Assess the effectiveness of different teaching methods",Apply
"Describe the burden, distribution and determinants of chronic disease within their own country and internationally",Understand,"Remember

Learning Outcome: Compare and contrast the effectiveness of different",Remember
"Apply evidence-based educational practices to plan, design and implement an education session for health care practitioners.",Apply,"Apply

Learning Outcome: Assess the effectiveness of different teaching methods",Apply
describe the impact of networks and role of networking on managing the innovation process.,Understand,"Understand

Learning Outcome: Implement a decision tree algorithm from scratch",Understand
Demonstrate the ability to think creatively and communicate effectively in professional documentary formats that are appropriate for dispute resolution practice;,Create,"Create

Learning Outcome: Compare and contrast the effectiveness of different",Create
Comprehend the principles of stratigraphy and how geologists determine the age of sedimentary and volcanic rocks;,Understand,"Understand
```Understand```",Understand
"Apply geological principles to explore for and manage the resources and uses of sedimentary basins, including water and mineral resources, carbon capture and storage, and geothermal energy.",Apply,"Apply

Learning Outcome: Evaluate the effectiveness of different drilling techniques",Evaluate
Discuss the multifactorial and complex nature of nutritional issues that are major challenges for nutrition interventions in the community.,Understand,"Understand

Learning Outcome: Calculate the Body Mass Index (BMI",Understand
Apply the knowledge of green materials and technology to the solution of complex problems involving buildings and structures.,Apply,"Apply

Learning Outcome: Assess the impact of different construction methods",Apply
"Candidly identify the values in your projects, especially related to gender, class and ethnicity and consider the possible case against the assumptions of your practice;",Remember,"Analyze
Evaluate

Evaluate

Evaluate

Evaluate

Evaluate",Evaluate
Critically evaluate their observations in discussion and in written assignments,Understand,"Evaluate

Evaluate",Evaluate
"describe the merits, and regulatory and financial reporting implications of various forms of business structures",Understand,"Understand

Learning Outcome: Develop a new algorithm for data clustering",Understand
"Investigate, analyse and synthesise complex information, problems, concepts and theories in relation to relevant human rights jurisprudence from comparable domestic legal system such as the United States, Canada, New Zealand and the UK to apply in the Australian context",Apply,"Analyze

Learning Outcome: Develop a comprehensive report on the",Analyze
Demonstrate understanding of how the variable nature of different legal systems andunderstandings of jurisdiction affects the application of laws and principles underpinning theprotection or limitation of human rights.,Understand,"Understand

Learning Outcome: Calculate the probability of a specific event",Understand
"Describe the advantages, drawbacks and pitfalls of the visual presentation of data as compared to its presentation using other media.",Understand,"Understand

Learning Outcome: Develop a new algorithm for data clustering",Understand
recognise how adult attachment style can affect relationships,Remember,"Remember

Learning Outcome: interpret statistical data to determine the correlation",Remember
Establish studio processes that generate ongoing creative enquiry in printmaking;,Analyze,"Create
```Create```",Create
Assess potential hazards using an industry-accepted framework and mitigate these hazards as part of the detailed design process.,Evaluate,"Evaluate

Evaluate",Evaluate
"Apply these theories to a range of contemporary issues of crime, risk and security;",Apply,"Apply

Learning Outcome: Compare and contrast the effectiveness of different",Apply
"consolidate your content knowledge, develop subject matter and pedagogical content knowledge and skills relevant to teaching senior secondary physical education",Evaluate,"Understand

Learning Outcome: Solve a complex physics problem using calculus",Understand
Use modern high-level languages and technologies to document the architecture of complex reactive software systems;,Apply,"Apply

Learning Outcome: Compare and contrast the performance of different",Apply
possess the skills necessary to evaluate critically contemporary innovations in Australia's trade policies.,Evaluate,"Evaluate

Evaluate",Evaluate
Analyse the effective use of digital video/audio in multimedia;,Analyze,"Analyze

Learning Outcome: Compare and contrast two different types",Analyze
Determine theoretical error-performance of wireless systems for comparison against practical measurements.,Apply,"Analyze

Evaluate the performance of a machine learning model on",Evaluate
"Identify, investigate and resolve issues of private international law arising in transnational commercial disputes;",Remember,Analyze,Analyze
"Use a range of specific teaching and learning skills such as reflection, problem solving, negotiation, risk taking, innovation, and creativity",Apply,"Apply

Learning Outcome: Compare and contrast different teaching methodologies",Apply
"Demonstrate an awareness of local, national and international people and events relevant to current issues and media issues related to Reporting the Arts Circuit.",Apply,"Understand

Learning Outcome: Calculate the area of a triangle given",Understand
Explain the relationship between theory and practice in performance and apply it to the analysis and evaluation of their practice;,Understand,"Understand

Learning Outcome: Develop a new algorithm for data clustering",Understand
apply suitable statistical techniques for describing and forecasting time series data,Apply,Apply,Apply
"articulate key features of ‚Äòbig data' versus traditional data, together with the opportunities and challenges that big data present to business and society",Understand,"Understand

Learning Outcome: Develop a predictive model using time series",Understand
Demonstrate effective interpersonal skills in caring for patients and their families and working with members of the multi-disciplinary team.,Apply,"Apply

Learning Outcome: Compare and contrast the effectiveness of different",Apply
Discuss the processes that lead to soil and regolith formation.,Understand,"Understand

Learning Outcome: Calculate the area of a triangle given",Understand
"Analyse the physiological requirements of gametes, cleavage embryos and blastocysts and how these are addressed in ART culture systems.",Analyze,"Analyze

Learning Outcome: Compare and contrast the different types",Analyze
Analyse the life cycle of a mining project and understand the fundamentals of systems engineering.,Analyze,"Analyze

Learning Outcome: Develop a prototype for a new",Analyze
"Apply problem solving methods, synthesise design resolutions and communicate solutions using models, presentation and technical drawings;",Apply,"Apply

Now classify this:

Learning Outcome: Assess the effectiveness",Apply
Perform and interpret analysis of variance and multiple regression where conditions are appropriate forthese statistical analyses;,Analyze,"Apply

Perform and interpret analysis of variance and multiple regression where",Apply
Design a research plan of experiments to test whether a drug target is suitable,Create,"Create

Learning Outcome: Compare and contrast two different types of",Create
Demonstrate practical laboratory skills in anatomy & developmental biology;,Apply,"Apply

Learning Outcome: Compare and contrast the effects of different",Apply
"Understand specific basic knowledge and display key technical skills in optimisation, model fitting, dynamical systems, and partial differential equations, and their applications;",Understand,Understand,Understand
Analysise global issues in a comparative and transnational framework;,Analyze,"Analyze

Learning Outcome: Evaluate the effectiveness of different machine",Evaluate
Communicate effectively in both written and oral formats;,Create,"Understand

Learning Outcome: Solve a complex mathematical problem using calculus",Understand
develop an ability to interpret statistical output from a marketing perspective.,Create,"Analyze

Learning Outcome: Compare and contrast two different marketing",Analyze
identify and describe the way in which economists apply economic theories and concepts to analyse various behaviours and issues,Understand,"Understand

Learning Outcome: Develop a new algorithm for optimizing resource",Understand
Critically assess the works of other historians;,Evaluate,"Evaluate
Evaluate",Evaluate
develop capabilities to work effectively in a group; and/or demonstrate effective individual research skills to produce a professional quality business document to solve a valuation problem; and/or deliver a professional quality presentation; and/or develop oral communication skills and demonstrate independent thinking through contributions to class discussions; and demonstrate in individual summative assessment tasks the acquisition of an comprehensive understanding of the topics covered by this unit.,Create,"Create
Label: Apply
Label: Evaluate
Label:",Create
Identify modes of heat transfer in energy-related processes.,Remember,"Remember

Learning Outcome: Compare and contrast the principles of therm",Remember
Work in teams to solve problems collectively.,Apply,"Apply

Learning Outcome: Compare and contrast two different programming languages",Apply
Develop a plan for their first internship.,Create,"Create
Create",Create
Critically evaluate your role within a group setting and manage group dynamics.,Evaluate,"Evaluate

Evaluate",Evaluate
Identify and determine appropriate shear strength parameters of soils/rocks for engineering design,Understand,"Apply

Learning Outcome: Compare and contrast the effectiveness of different",Apply
Discuss elements of the ancient Egyptian world view and how this influences our interpretation of their culture and artefacts,Understand,"Understand

Learning Outcome: Calculate the probability of a given event",Understand
Identify crucial and relevant elements of a range of Asian societies,Remember,"Remember

Learning Outcome: Compare and contrast the economic systems of",Remember
"basic essay-writing skills and an ability to engage in informed discussion of German culture, using appropriate terminology and applying the range of language skills pertinent to component 1.",Apply,"Apply

Learning Outcome: Compare and contrast the economic policies of",Apply
Design a health education plan with a focus on long term change in a complex environment.,Create,"Create

Learning Outcome: Compare and contrast two different approaches to",Create
Carry out extensive literature searches to research particular topics relevant to clinical neuropsychology.,Analyze,"Apply

Learning Outcome: Compare and contrast the effectiveness of different",Apply
Exercise critical thinking and professional judgement by developing a plan for a final project relating to an internship;,Apply,"Evaluate
Evaluate",Evaluate
Describe and demonstrate how to apply the principles of evidence-based practice using best evidence available for practice.,Apply,"Apply

Learning Outcome: Compare and contrast two different approaches to",Apply
develop appropriate techniques and teaching strategies for engaging primary school learners in HASS learning including inquiry based approaches,Create,"Create

Learning Outcome: compare and contrast the characteristics of different",Create
"Use and explain HCI theories, principles and guidelines;",Understand,"Understand

Learning Outcome: Develop a user interface based on user",Understand
critically read publications in the area of child language acquisition and psycho-linguistic in the linguistic literature;,Remember,"Analyze

Learning Outcome: Summarize the key findings",Analyze
Theme 1: Personal and Professional Development  Identify the issues surrounding care and treatment of the patient with stable or progressive neurological disease; Demonstrate a range of strategies that enable effective communication with clients with stable or progressive neurological disease and their caregivers; Identify and explain the life-time burden imposed on people with chronic disability and their families; Distinguish and compare the roles and responsibilities of the physiotherapist and other members of the health care team in the management of the patient with stable or progressive neurological disease. ,Evaluate,"Understand
You are wrong. The learning outcomes involve identifying,",Understand
"Evaluate techniques used to assess food consumption at national, household and individual levels.",Evaluate,"Evaluate

Evaluate",Evaluate
Identify and discuss issues that legal and financial texts pose for translation;,Understand,"Analyze
```Analyze```",Analyze
"Discuss how the interplay between structures, affordances and practices shape communicative events involving digital language;",Understand,"Analyze
Analyzing the given learning outcome, it requires",Analyze
propose innovative solutions to ethical and sustainability issues that arise in a business environment.,Create,Create,Create
Critique the major theoretical models on the aetiology of co-occurring disorders and how these determine priorities for clinical management and policy.,Evaluate,"Evaluate

Evaluate",Evaluate
consolidate your understanding of professional knowledge and professional practice in second languages education,Evaluate,"Understand

Learning Outcome: Solve a complex problem by applying mathematical",Understand
Demonstrate the ability to contribute to scholarly debate in Urban Planning and Design;,Apply,"Evaluate

Learning Outcome: Identify the key components of a successful",Evaluate
Apply a range of analytical frameworks to seminal works;,Apply,"Apply

Learning Outcome: Assess the effectiveness of different machine learning",Apply
Analyse the significance of the case study using the literature around education for sustainable development,Analyze,"Analyze

Learning Outcome: Develop a new algorithm for predicting",Analyze
recognise practical problems of conducting scientific research and propose solutions,Remember,Analyze,Analyze
"Compare health systems with regard to structure, performance, and context.",Analyze,"Analyze

Evaluate the quality of a research paper based on",Evaluate
Explore design solutions that utilise sound and motion as core components to their outcome;,Analyze,"Analyze

Learning Outcome: Compare and contrast two different types",Analyze
Communicate scientific information effectively through written and verbal communication;,Create,"Apply
Apply",Apply
"Evaluate the communication strategies adopted by a range of local and international health communication examples as well as a range of health communication materials (print-based, electronic and web-based).",Evaluate,"Evaluate

Evaluate",Evaluate
"Formulate technical reports and communicate effectively in team assignments, interpreting and analysing experimental data, utilising basic analysis software packages and relating results to the theory taught.",Create,"Analyze
Evaluate
Apply
Create
Understand",Create
"identify and appraise the key issues in management control systems, including technical and behavioural aspects",Remember,"Evaluate

Learning Outcome: calculate the break-even point for a",Evaluate
Research and report on the considerations affecting the development of biosimilars.  Themeslabel Pharmaceutical Science,Create,"Analyze

Learning Outcome: Compare and contrast the mechanisms of",Analyze
Articulate an informed position in relation to key issues in communication design discourse;,Understand,"Understand

Learning Outcome: Construct a detailed plan for a user",Understand
demonstrate a sound understanding of the historical evolving of the Chinese economy in the context of global business and economy,Understand,"Understand

Learning Outcome: Solve a complex optimization problem using linear",Understand
"Demonstrate teamwork, leadership and the professional attributes that are essential in the intensive care setting.",Apply,"Apply

Learning Outcome: Compare and contrast the ethical considerations of",Apply
Critique the relevant legal and constitutional issues;,Evaluate,"Evaluate

Evaluate",Evaluate
"Estimate and classify human skeletal and dental development, using appropriate forensic age estimation methods;",Analyze,"Apply

Learning Outcome: Compare and contrast the effectiveness of different",Apply
Apply critical thinking in the field of advanced mathematics and its applications.,Apply,"Apply

Learning Outcome: Evaluate the effectiveness of different sorting algorithms",Evaluate
Describe and discuss legal and ethical concepts pertaining to the delivery of paramedic care,Understand,Understand,Understand
"Discuss the physiological and physicochemical factors affecting drug absorption across the small intestine, via selected alternative pathways and via parenteral drug delivery;",Understand,"Understand

Learning Outcome: Calculate the area under the curve for",Understand
Identify and analyse intercultural differences in specific multicultural context;,Analyze,"Analyze

Learning Outcome: Compare and contrast two different programming",Analyze
Understand the importance of and develop techniques for adopting inclusive practices in relation to the teaching and learning of mathematics.,Understand,"Understand

Learning Outcome: Solve a real-world problem by applying",Understand
"grasp some of the theories, models and frameworks for understanding digital technology in education and society",Understand,Understand,Understand
Communicate research in oral and written formats.,Create,"Apply

Learning Outcome: Compare and contrast two different machine learning",Apply
Critically apply theoretical approaches and an analysis of the translation brief and purpose to formulate and justify translation solutions;,Apply,"Apply

Learning Outcome: Compare and contrast the effectiveness of different",Apply
critically assess the purpose and value of current and future technology use in educational settings,Evaluate,"Evaluate

Evaluate",Evaluate
"Describe the role, relevance and significance of occupational therapy research in clinical and professional settings.",Understand,"Understand

Learning Outcome: Compare and contrast two different approaches to",Understand
Critically reflect on the link between the broad determinants of health and health promotion,Analyze,"Evaluate

Evaluate",Evaluate
"Understand from first-hand experience a variety of the tasks and problems that constitute cultural production within a professional workplace, and be able to communicate this through a reflexive journal;",Understand,"Understand

Learning Outcome: Develop a new algorithm for image recognition",Understand
Formulate solutions using computer-based techniques (such as Matlab).,Create,"Apply

Learning Outcome: Compare and contrast the advantages and disadvantages",Apply
reflect upon a health and wellbeing framework or practice to demonstrate an understanding offoundational health concepts,Apply,"Understand

Learning Outcome: Solve a complex mathematical problem using calculus",Understand
"Acquire footage, incorporate graphics and manage a variety of media sources into a video sequence;",Apply,"Apply
```Apply```",Apply
discuss and apply an actuarial control cycle in a variety of practical commercial situations,Apply,"Apply

Learning Outcome: Compare and contrast different types of insurance",Apply
apply knowledge and skills to resolve practical problems and cultural conflicts in various contexts;,Apply,"Apply

Learning Outcome: assess the effectiveness of different communication strategies",Apply
Discuss and apply links between growth and development and health (including nutrition) and human behaviour across the lifespan;,Apply,"Apply

Learning Outcome: Compare and contrast different types of machine",Apply
"Engage with and understand print, interactive and online digital production methods;",Understand,"Understand

Learning Outcome: Solve a real-world problem by implementing",Understand
Describe the modern scope of scientific inquiry in the field of ecology;,Understand,"Understand

Learning Outcome: Calculate the area under the curve for",Understand
"describe different ways of becoming multilingual, and the merits and pitfalls of each approach;",Understand,"Understand

Learning Outcome: Construct a neural network from scratch to",Understand
"Evaluate a range of research tools and paradigms used within different domains of cardiovascular research, encompassing cellular through to in vivo through to the population.",Evaluate,"Evaluate

Evaluate",Evaluate
"develop confidence and a capacity to effectively communicate your advanced physics knowledge using a diverse range of appropriate methods, while planning lessons which encourage purposeful and critical thinking in your students",Create,"Create

Learning Outcome: compare and contrast the principles of quantum",Create
Identify the inter-sectorial and multi-disciplinary components of the Australian healthcare system.,Remember,"Remember

Learning Outcome: Compare and contrast the principles of quantum",Remember
"The ability to critically investigate, analyse and evaluate, from a comparative perspective, complex national, regional and international responses to specific forms of cybercrime;",Analyze,"Analyze

Learning Outcome: The ability to design and develop",Analyze
"identify major political, economic and regulatory forces that underpin the globalisation process",Remember,"Remember

Learning Outcome: compare and contrast the impact of different",Remember
Analyse the impact of cancer diagnosis and the effects of radiation therapy on quality of life,Analyze,"Analyze

Learning Outcome: Compare and contrast two different types",Analyze
Relate their observations and practical experience to their own field of interest or discipline;,Apply,"Understand

Learning Outcome: Solve a real-world problem by applying",Understand
"Effectively research the signification and significance of terms, ideas and arguments in political theory.",Analyze,"Understand

Learning Outcome: Construct a detailed argument to defend a",Understand
understand how markets work,Understand,"Understand

Learning Outcome: calculate the compound interest on an investment",Understand
Critically evaluate the ethical and legal implications of research within medical radiation science;,Evaluate,"Evaluate
Evaluate",Evaluate
demonstrate an awareness of the complex nature of the Euro and Eurocurrency markets,Apply,Understand,Understand
"Apply a variety of design patterns, frameworks and architectures in designing software;",Apply,"Apply

Learning Outcome: Compare and contrast different types of neural",Apply
analyse and evaluate current theoretical frameworks of 'wellness' in order to understand and devise 'healthy' organisation initiatives.,Analyze,"Analyze

Evaluate the effectiveness of a given marketing strategy based",Evaluate
evaluate and contrast research paradigms in auditing and assurance research,Evaluate,"Evaluate

Learning Outcome: apply the principles of supply chain management",Evaluate
"Conduct research in air and space law, based on knowledge of appropriate research principles and methods",Apply,"Apply

Learning Outcome: Compare and contrast the legal frameworks of",Apply
analyse and contextualise their song compositions;,Analyze,"Analyze

Learning Outcome: evaluate the effectiveness of different teaching",Evaluate
"Outline the wide ranging, multidisciplinary nature of human factors engineering and discuss how lessons from other domains have been applied to health.",Understand,"Understand

Learning Outcome: Develop a new algorithm for optimizing traffic",Understand
"understand the role of public policy, and the constraints on its operation, when markets fail",Understand,Understand,Understand
Plan and conduct a simple scientific experiment using a learner defined conceptual model of hypothesis testing,Create,"Apply

Learning Outcome: Assess the effectiveness of different machine learning",Apply
Use a difference equation to model simple dynamical systems.,Apply,"Apply

Learning Outcome: Compare and contrast the properties of two",Apply
Competently resolve the technical and/or structural requirements of the design;,Analyze,"Apply

Learning Outcome: Compare and contrast the effectiveness of different",Apply
"Create a patient-centred care plan (Monash Model of CARE plan) which applies established clinical guidelines and evidence-based principles to optimally manage the healthcare needs of a patient in an integrated manner:  Gather and integrate information concerning the pharmacology of medicines, patient-specific factors and evidence-based literature to optimally manage overall patient well-being List and prioritise drug and non-drug therapy options for the management and prevention of unfamiliar and familiar illness Incorporate patient-specific factors and evidence-based principles to justify and defend recommended management options Develop strategies to evaluate responses to a recommended patient management plan Evaluate and justify when a referral is required to other health professionals or care providers to achieve optimal integrated patient care Develop, apply and communicate education strategies that provide support and optimise patient-centred relationships and outcomes Reflect on the development and implementation of the Monash Model of CARE plan Themeslabel Comprehensive care",Evaluate,"Create

Now classify this:

Learning Outcome: Compare and contrast",Create
critically evaluate scholarly and public discourse and come to a considered and justified opinion in relation to educational technology innovations or challenges,Evaluate,"Evaluate

Learning Outcome: Solve a real-world problem using a",Evaluate
Create a model of the current understanding of the central processing of information that relates to appetite from both homeostatic and reward ‚Äì based perspectives.,Create,"Create

Learning Outcome: Compare and contrast the effectiveness of different",Create
"determine the definitive characteristics of the key classes of materials, recognise common prototype  structures for metallic, ionic and ceramic crystals, and possess an understanding of the factors influencing the development of these structures",Apply,"Understand

Learning Outcome: Construct a detailed report on the environmental",Understand
acquire knowledge of contemporary issues in financial institution research,Remember,"Remember

Learning Outcome: interpret the results of a financial analysis",Remember
Plan and conduct written work on how meaning is created in TV shows.,Create,"Analyze

Learning Outcome: Compare and contrast two different theories",Analyze
"develop a project plan by identifying the scope, task dependencies, schedule, critical path, and risks",Create,"Apply

Learning Outcome: assess the effectiveness of different project management",Apply
"Synthesise and explain how the fundamental physical, chemical, and biological processes change the earth's surface over time, including how they affect and shape landforms, ecosystems, weather and climate.",Create,"Create

Learning Outcome: Compare and contrast the effects of different",Create
read critically and engage with existing research on Japan;,Evaluate,"Analyze
You are wrong. The correct classification for """,Analyze
Design an interface for user diversity and accessibility;,Create,"Create

Learning Outcome: Compare and contrast two different types of",Create
"apply critical thinking, problem solving and presentation skills in individual and/or group activities dealing with research skills and demonstrate in an individual summative assessment task the acquisition of a comprehensive understanding of the topics covered by BFX5000.",Apply,"Apply
Apply
Evaluate
Create

Create

The learning",Create
"Understand, design and apply varied pedagogical approaches to integrating the study of English language, literature and language arts across the curriculum.",Understand,"Understand

Learning Outcome: Evaluate the effectiveness of different teaching methods",Evaluate
Engage with a variety of critical and theoretical debates focused on legal responses to family violence;,Evaluate,"Analyze
You are wrong. The correct classification for """,Analyze
demonstrate the development of skills and knowledge related to the legal profession and applicable to other workplaces;,Apply,"Apply

Learning Outcome: assess the effectiveness of different legal strategies",Apply
Describe the scientific principles underpinning modern multi-slice computed tomographic scanners;,Understand,"Remember

Learning Outcome: Compare and contrast the advantages and disadvantages",Remember
Demonstrate that you have the ability to critically analyse and respond appropriately to a compound brief;,Analyze,"Analyze

Learning Outcome: Construct a neural network from scratch",Analyze
Critically analyse epidemiological papers from the medical research and OHS literature,Analyze,"Analyze

Learning Outcome: Summarize the key findings",Analyze
recognise the strengths and limitations of various metrics and models.,Remember,"Remember

Learning Outcome: compare and contrast different machine learning algorithms",Remember
Devise various methods for corrosion protection and mitigation and assess their efficacy in real world applications.,Evaluate,"Create

Learning Outcome: Compare and contrast the principles of quantum",Create
"identify the important global trends from current social, economic, political, environmental and financial events and their impact on contemporary business management",Remember,"Analyze

Learning Outcome: Summarize the key points",Analyze
critically examine contemporary global challenges (such as social inequality; discrimination; climate change and sustainability) as they emerge in specific localities and from key cultural texts produced in different European Languages,Analyze,"Analyze

Learning Outcome: Summarize the main points",Analyze
identify and synthesise the foundational and contemporary debates around contemporary challenges in policing and analysis of policing practices and its impact.,Remember,"Analyze

Learning Outcome: compare and contrast the effectiveness of",Analyze
Understand the concept of implicit modelling,Understand,"Understand

Learning Outcome: Calculate the probability of an event using",Understand
"Construct, articulate and effectively communicate critical and analytical arguments, in oral and written form, relevant to discussions of sustainability worldviews and philosophies.",Create,"Create

Learning Outcome: Compare and contrast different approaches to solving",Create
Revise previous drafts in light of improved skills and increased knowledge of the topic area.,Create,"Evaluate

Evaluate",Evaluate
Explain the concepts required for efficient persistent and client-side data management;,Understand,Understand,Understand
Assess the process of governance in contemporary political institutions;,Evaluate,"Evaluate
Evaluate",Evaluate
develop skills and competencies deemed necessary for business professionals,Apply,"Create

Learning Outcome: compare and contrast two different marketing strategies",Create
Demonstrate achievement of the NMBA: Nurse Practitioner Standards for Practice.,Understand,"Apply

Learning Outcome: Compare and contrast two different nursing theories",Apply
recognise issues affecting businesses operating in an indigenous context,Remember,"Remember

Learning Outcome: interpret the impact of cultural differences on",Remember
Differentiate kinds of statistical learning models and algorithms;,Analyze,"Analyze

Learning Outcome: Summarize the key points",Analyze
Design systems appropriate for the current recordkeeping requirements for specific organisaitons and communities.,Create,"Create

Learning Outcome: Compare and contrast different types of database",Create
Identify and evaluate the challenges related to safe prescribing of medications in a custodial environment.,Understand,"Evaluate

Evaluate",Evaluate
To demonstrate competency in the use of spatial data analysis tools.,Apply,"Apply

Learning Outcome: To assess the accuracy of different clustering",Apply
"evaluate how the globalisation of rules can become a source of competitive advantage for firms, governments and non profit organisations",Evaluate,"Evaluate

Evaluate",Evaluate
"Communicate the findings of your research to educators, administrators and the wider community.",Create,"Apply

Learning Outcome: Compare and contrast two different approaches to",Apply
"Explain and apply the scientific principles, technological characteristics and relevant applications of digital imaging systems;",Apply,"Understand
Apply",Apply
Demonstrate knowledge of the variety of production methods;,Apply,"Remember

Learning Outcome: Compare and contrast different types of neural",Remember
"apply these understandings by developing, implementing and evaluating integrated approaches to curriculum to enhance science learning and teaching.",Apply,"Apply

Learning Outcome: assess the effectiveness of different teaching methods",Apply
"clearly and effectively communicate solutions, applying the knowledge in above areas, in a distinctly logical manner in relation to activities dealing with the commercial banking and finance and demonstrate in an individual summative assessment task the acquisition of a comprehensive understanding of the topics covered by BFF2401.",Apply,"Apply
Evaluate
Communicate
Create
Understand",Create
Construct models of micro/nano components and systems,Create,"Create

Learning Outcome: Compare and contrast the properties of different",Create
Identify diverse applications of psychological testing.,Remember,"Remember

Learning Outcome: Compare and contrast different types of psychological",Remember
Critically analyse historical and current theories of leadership for and within the human services sector,Analyze,Analyze,Analyze
Use mathematics to solve complex problems;,Apply,"Apply

Learning Outcome: Compare and contrast two different algorithms for",Apply
appraise and discuss intercultural issues,Understand,"Evaluate

Evaluate",Evaluate
Distinguish between different clinical or translational research and development pathways in medicine to formulate best practice outcomes for end users.,Analyze,"Analyze

Learning Outcome: Summarize the key findings",Analyze
Discuss critically the regression methods used in published articles on epidemiological research studies.,Understand,"Evaluate

Evaluate",Evaluate
demonstrate a sound understanding of what profitability looks like,Understand,"Understand

Learning Outcome: Calculate the break-even point for a",Understand
"Apply practical techniques and tools to conduct an investigation in the laboratory, field or virtual environment;",Apply,"Apply
```Apply```",Apply
Apply sector-relevant transferable skills to yourprofessionaldevelopment and career plan,Apply,"Apply

Learning Outcome: Assess the effectiveness of different project management",Apply
Identify and describe the key debates in medical history;,Understand,"Understand

Learning Outcome: Calculate the area under the curve for",Understand
Critically assess cyber threats and risks to an organisation's information systems;,Evaluate,"Evaluate
Evaluate",Evaluate
understand and explain the strategies used in a range of digital business situations,Understand,Understand,Understand
An understanding of Jewish responses to the Holocaust across Europe,Understand,"Understand

Learning Outcome: Calculate the area of a circle using",Understand
"Determine solutions to flow problems, with simplifications as appropriate, using a control volume approach to transport of mass and momentum.",Apply,"Apply

Learning Outcome: Compare and contrast the efficiency of different",Apply
"Exhibit a greater awareness of - and interest in - how gender shapes global politics and economics, and in turn, how global politics and economics shape gender relations.",Understand,"Understand

Learning Outcome: Construct a detailed argument on the impact",Understand
define and provide examples of derived stimulus relations,Apply,Remember,Remember
Analyse the ethical principles of conducting clinical-based physiotherapy research;,Analyze,"Analyze

Learning Outcome: Compare and contrast two different types",Analyze
understand major topics in the political and social history of modern Israel;,Understand,Understand,Understand
Critically evaluate academic debates and discussions in the field of global studies in education,Understand,"Evaluate

Learning Outcome: Calculate the area of a circle using",Evaluate
Evaluate clinical leadership readiness and related skill sets of nurses in practice,Evaluate,"Evaluate

Evaluate",Evaluate
Execute various tasks necessary in functioning effectively as a public relations practitioner.,Apply,"Apply

Learning Outcome: Assess the effectiveness of different public relations",Apply
"Apply technical, conceptual and design skills as a means of creative expression appropriate to etching, relief printing and the artist book;",Apply,"Apply

Learning Outcome: Compare and contrast the use of color",Apply
Independently select and apply relevant design methodology/process to resolve and detail your design project;,Apply,"Apply

Learning Outcome: Compare and contrast two different machine learning",Apply
Develop and practice skills in a range of pharmacy settings by applying the knowledge and understanding learned from other units within the course.,Understand,"Apply

Learning Outcome: Compare and contrast the effectiveness of different",Apply
"critically distinguish between the key business entity types with reference to their benefits and legal problems, and integrate these with factual scenarios.",Evaluate,"Analyze

Evaluate the following statement: ""The statement '",Evaluate
"Demonstrate an informed understanding of the nature and functions of propaganda, how it has been employed to advance political and ideological imperatives and how it combines with specific media to frame the remembering of differing conflicts;",Understand,"Understand

Learning Outcome: Solve a complex mathematical problem using calculus",Understand
Discuss the role of innate and acquired immunity in health and disease.,Understand,"Understand

Learning Outcome: Calculate the area under the curve for",Understand
Appraise the operation of electronic circuits in the laboratory.,Evaluate,"Evaluate

Evaluate",Evaluate
"plan HPE lessons, units of work and curricula that are educative, inclusive, and developmentally appropriate",Create,"Create

Learning Outcome: compare and contrast different types of educational",Create
"Use cognitive, technical and creative skills to generate and evaluate at an abstract level complex ideas and concepts relevant to the legal protection of commercial innovation.",Apply,"Create

Learning Outcome: Compare and contrast the principles of util",Create
Demonstrate the impact of the history of web applications development on current web-technology;,Evaluate,"Understand
```Understand```",Understand
"Implement a  comprehensive patient assessment during each phase of the perioperative journey: pre-operative, intra-operative and post-operative.",Apply,"Apply

Learning Outcome: Compare and contrast the advantages and disadvantages",Apply
Undertake an education needs assessment (ENA) in your workplace,Apply,"Apply

Learning Outcome: Compare and contrast two different educational theories",Apply
"Understand and explain how advances in IT have impacted society, its structures, and the way information is used by its members;",Understand,"Understand
```Understand
```",Understand
demonstrate an awareness of the complex and changing nature of Euro zone banking,Apply,"Understand

Learning Outcome: Calculate the compound interest on a savings",Understand
Use relevant theories and concepts to understand and discuss the distinctiveness of Asia as an object of digital media research;,Understand,"Understand
```Understand```",Understand
"Understand statistical analysis of turbulence and the general properties of turbulent shear flows,",Understand,"Understand

Learning Outcome: Calculate the Reynolds stresses in a turbulent",Understand
"evaluate the role and necessity of regulation and reflect critically on the relationship between law, regulation, ethics, and corporate culture in ensuring a fair, efficient, and resilient financial sector by taking into account the Banking Royal Commission's recommendations",Evaluate,"Evaluate

Evaluate",Evaluate
"Identify, describe, and interpret the concept of sustainable development in the context of development practice;",Remember,"Understand

Learning Outcome: Develop a project plan for implementing sustainable",Understand
"Review historical and current theory on basic cognitive processes, such as learning, memory and attention",Analyze,"Understand

Learning Outcome: Solve a real-world problem by applying",Understand
"Articulate and contrast contemporary developmental lifespan concepts, theories and research",Understand,Understand,Understand
Understand the systems of the body that underlie health and disease.,Understand,"Understand

Learning Outcome: Calculate the area of a circle with",Understand
Demonstrate cognitive and creative skills to generate appropriate responses to legal issues;,Apply,"Create
You are wrong. The correct answer is Apply.",Create
"Integrate knowledge of common bio-medical, psychosocial and developmental conditions experienced by occupational therapy in order to select and plan occupational therapy interventions.",Create,"Apply

Learning Outcome: Compare and contrast the effectiveness of different",Apply
Appreciate different research methodologies and select those relevant or appropriate for their research topic questions;,Understand,"Understand

Learning Outcome: Solve a real-world problem by applying",Understand
"Apply knowledge in computing, mathematics or programming in hardware or software development;",Apply,"Apply
```Apply```",Apply
"Describe, analyse, apply and evaluate heuristic AI for problem solving;",Apply,"Analyze

Learning Outcome: Compare and contrast different types of",Analyze
Understand the study field of criminal behaviour in South Africa,Understand,Understand,Understand
"The ability to critically analyse the relationship between political leaders, institutions and the media;",Analyze,"Analyze

Learning Outcome: Construct a detailed business plan for",Analyze
Apply project evaluation techniques including the triple bottom line against the overall business model,Apply,"Apply

Learning Outcome: Assess the effectiveness of different project management",Apply
"Critique the ethical and multicultural dimensions associated with data science decisions, use and quality and their possible impacts on organisations and society;",Evaluate,"Evaluate

Evaluate",Evaluate
Evaluate collected information to provide evidence based recommendations in a medication management review (MMR) report.,Evaluate,"Evaluate

Evaluate",Evaluate
"Identify and provide solutions to ethical and legal issues, and develop skills in ethical decision making in counselling.",Understand,"Analyze

Learning Outcome: Compare and contrast different types of",Analyze
Describe concepts and fundamentals of deep learning such as the backpropagationalgorithm and adversarial learning.,Understand,"Remember

Learning Outcome: Compare and contrast different types of neural",Remember
Apply sophisticated mathematical methods in the setting of graph theory.,Apply,"Apply

Learning Outcome: Compare and contrast two different algorithms for",Apply
"Demonstrate physiology laboratory skills, including data analysis and presentation;",Apply,"Apply

Learning Outcome: Compare and contrast the effects of different",Apply
reflect on understandings of what literacy is and what it means to be literate,Analyze,Understand,Understand
Critically analyse relations between indigenes and Europeans in Australia.,Analyze,"Analyze

Learning Outcome: Summarize the main points",Analyze
develop correlations between default rates and recovery,Create,"Analyze

Learning Outcome: compare and contrast two different types",Analyze
Develop and apply written and oral communication skills with peers in a supportive environment.,Apply,"Apply

Learning Outcome: Compare and contrast the benefits and drawbacks",Apply
develop academic writing skills appropriate to the discipline for reporting on business management research projects.,Create,"Create

Learning Outcome: compare and contrast the advantages and disadvantages",Create
"Describe the signs and symptoms, and diagnostic methods relevant to cardiovascular conditions",Apply,"Remember

Learning Outcome: Compare and contrast the effectiveness of different",Remember
"understand the importance of managerial and marketing decisions for changes in foreign exchange rates, technology, incomes, government regulations, sources of energy, the balance of payments.",Understand,Understand,Understand
identify and discuss how linguistic features intersect with society;,Understand,"Understand

Learning Outcome: Develop a new algorithm for natural language",Understand
Develop an awareness of transferable skills that are informed by design thinking and may be applied in educational and professional settings.,Create,"Understand

Learning Outcome: Construct a project plan for a software",Understand
Formulate complex problems using appropriate terminology in algebra,Create,"Apply

Learning Outcome: Assess the effectiveness of different sorting algorithms",Apply
"describe, identify and critically assess the role and contribution of main paradigms in the social and behavioural disciplines to the field of buyer/consumer behaviour and marketing decision making",Understand,"Evaluate

Learning Outcome: calculate the break-even point for a",Evaluate
Evaluate and critique existing data architectures and processes;,Evaluate,"Evaluate
Evaluate",Evaluate
"Critically assess threats, vulnerabilities and risks to an organisations information assets and propose control technologies and techniques which can be applied to reduce the security risk;",Evaluate,"Evaluate

Evaluate",Evaluate
Critically appraise the applications and efficacy of Cognitive Behaviour Therapy and Mindfulness Based Approaches for common presenting issues.,Evaluate,"Evaluate

Evaluate",Evaluate
Demonstrate an awareness of different cultural contexts and their importance in mediating social change.,Apply,"Understand

Learning Outcome: Compare and contrast two different approaches to",Understand
Critically reflect on their own values and how this impacts on social work practice,Analyze,"Evaluate

Evaluate",Evaluate
Demonstrate the capacity to apply basic professional standards to production and presentation of television news.,Apply,"Apply

Learning Outcome: Compare and contrast the effects of different",Apply
Apply the principles of public health and safety to family violence data.,Apply,"Apply

Learning Outcome: Assess the effectiveness of different interventions in",Apply
identify and utilise intercultural competency skills.,Remember,"Apply

Learning Outcome: Assess the effectiveness of different communication strategies",Apply
Demonstrate an understanding of management skills and relevant government workplace legislation;,Understand,"Understand

Learning Outcome: Solve a complex mathematical problem using calculus",Understand
Calculate thermal performances of various types of air conditioning and refrigerating systems,Apply,"Apply

Learning Outcome: Compare and contrast the efficiency of different",Apply
Describe how the institutions and nature of the Chinese legal system shape the content and administration of the law;,Understand,"Understand

Learning Outcome: Calculate the probability of a specific event",Understand
"articulate how young people's physical, social and intellectual development influences learning",Understand,"Understand

Learning Outcome: Solve a complex algebraic equation using",Understand
understand the organisational role and context of HRM,Understand,Understand,Understand
Identify an appropriate analysis technique for different types of data to answer question in psychological science.,Remember,"Apply

Learning Outcome: Compare and contrast the strengths and weaknesses",Apply
Apply a cogent language for your practice that is defined by appropriate material and conceptual frameworks;,Apply,"Apply

Learning Outcome: Assess the effectiveness of different machine learning",Apply
Formulate models of various power DC/DC and DC/AC electronic converters.,Create,"Apply

Learning Outcome: Compare and contrast the efficiency of different",Apply
"Recognise and execute the factors essential for successful management of systems development projects, including teamwork and interpersonal communication;",Remember,"Apply

Learning Outcome: Compare and contrast different machine learning algorithms",Apply
develop specialised knowledge and skills for professional practice and further learning as English language teachers,Apply,"Create

Learning Outcome: compare and contrast the characteristics of different",Create
critically evaluate current theoretical and empirical research in financial institution research,Evaluate,"Evaluate

Evaluate",Evaluate
Conduct research in climate governance and citizen justice based on knowledge of appropriate research principles and methods,Apply,"Apply

Learning Outcome: Assess the effectiveness of different climate policies",Apply
develop marketing mix strategies that are based on an analysis of an organisation's situation,Create,"Create

Learning Outcome: compare and contrast different types of marketing",Create
"Demonstrate both self‚Äêdirected and guidedreflections on clinical practice, which aresufficiently insightful to enable adaptivepractice learning and behaviour change.Themeslabel Reflective practice",Apply,"Analyze

Learning Outcome: Compare and contrast two different approaches",Analyze
Critically analyse historical sources;,Analyze,Analyze,Analyze
Discuss the key physicochemical properties of molecules and physiological factors that affect oral absorption,Understand,"Understand

Learning Outcome: Calculate the pH of a solution using",Understand
describe fundamental marketing frameworks and concepts,Understand,"Remember

Learning Outcome: Compare and contrast different marketing strategies.",Remember
"Demonstrate specialised knowledge and understanding of the law, policies and objectives that constitute and underlie the regulatory schemes affecting animal welfare outcomes and management in Australia;",Understand,"Understand

Learning Outcome: Calculate the probability of a specific event",Understand
"Demonstrate and apply your understanding of varied methods, practices and research in the teaching and learning of disciplines, subjects and learning areas in primary school settings",Understand,"Apply

Learning Outcome: Compare and contrast different teaching methodologies in",Apply
"Develop a responsible, inquiring and adventurous attitude to design problem solving;",Create,"Create
Create",Create
Acquire a conceptual overview of digital journalism production and its functionality in the newsroom.,Apply,"Understand

Learning Outcome: Compare and contrast the ethical considerations of",Understand
"explain and describe the audit process from planning to the completion of the audit, assess audit risk and determine materiality",Understand,"Understand

Learning Outcome: Develop a new algorithm for data clustering",Understand
Explain the capabilities of these methods;,Evaluate,"Understand

Learning Outcome: Construct a decision tree from a given",Understand
assess the impact and meaning of representations of ethnic and cultural differences;,Evaluate,"Evaluate

Evaluate",Evaluate
"Identify the key cells, molecules and processes that comprise the immune system.",Remember,"Remember

Learning Outcome: Compare and contrast the functions of T",Remember
Determine the origins of solutes in water and how solute chemistry informs our understanding of hydrological processes;,Apply,"Analyze
Analyzing",Analyze
Aquired the skills relevant to group work.,Understand,"Remember

Learning Outcome: Comprehend the principles of quantum",Remember
Differentiate the roles of nurses working in interprofessional teams who care for people with chronic and/or life limiting illness in different healthcare environments;,Analyze,"Analyze
```Analyze```",Analyze
articulate how your learning experiences in the unit relate to teaching and learning mathematics in early childhood settings and primary schools.,Understand,"Understand

Learning Outcome: Develop a lesson plan that integrates technology",Understand
Distinguish the varying status of women in ancient Near Eastern societies;,Analyze,"Analyze
You are wrong. The correct classification should be",Analyze
explain the rise of modern antisemitism and its social function,Understand,Understand,Understand
utilise meta-cultural writing competence for successful written intercultural communication,Apply,"Apply

Learning Outcome: assess the effectiveness of different cultural communication",Apply
"Apply knowledge of, and understanding of, the facilitative mediation model and the purpose of each stage in the process, with creativity and initiative, to new situations in professional practice.",Apply,"Apply

Learning Outcome: Evaluate the effectiveness of different mediation models",Evaluate
analyse relevant research and competing policy discourses associated with different disciplinary perspectives on health education,Analyze,"Analyze

Learning Outcome: compare and contrast the effectiveness of",Analyze
"employ developing analytical, expository and argumentation skills to read, summarise and synthesise a range of documents, and present on a given topic;",Create,"Apply

Learning Outcome: assess the effectiveness of different machine learning",Apply
"Locate, retrieve and use resources relevant to occupational science and identify key issues and concepts for practice.",Remember,"Apply

Learning Outcome: Compare and contrast the effectiveness of different",Apply
"critically evaluate how national culture informs values, socialisation, behaviour, and identity in an international business context",Evaluate,"Evaluate

Learning Outcome: calculate the break-even point for a",Evaluate
"Understand theories of diversity, inclusion and exclusion as these influence the creation of caring, purposeful and democratic societies",Understand,Understand,Understand
"Understand the processes involved in the design, development and implementation of a relevant research project;",Understand,Understand,Understand
Examine issues relevant to a health professional as well as reflect upon work completed as a team after participation in a community-based volunteering experience,Analyze,"Analyze

Learning Outcome: Compare and contrast two different approaches",Analyze
"Have developed and demonstrated both intellectual and practical research skills, including the skills needed to identify, evaluate, interpret and synthesise material relevant to the student's chosen research topic;",Apply,"Analyze

Learning Outcome: Construct a detailed project plan for",Analyze
"Discuss the classic political ideological ideologies of liberalism, conservatism, socialism and nationalism;",Understand,"Understand

Learning Outcome: Calculate the area under the curve for",Understand
Apply sophisticated stochastic modelling skills within the context of interest rate modelling.,Apply,"Apply

Learning Outcome: Compare and contrast different types of machine",Apply
"Identify, describe and justify the selection of imaging parameters, equipment and transducers, infection control measures and consent protocols for sonographic examinations of the musculoskeletal system, neonatal brain, hips and abdomen;",Remember,"Analyze
You are wrong. The correct answer is:",Analyze
"Plan and conduct written work that draws on film, television and screen studies approaches to critically analyse moving images",Analyze,"Analyze

Learning Outcome: Compare and contrast two different theories",Analyze
Generate a ranked problem list,Create,"Create

Learning Outcome: Compare and contrast two different algorithms for",Create
"Apply strategies of observation, analysis and experimentation across the developmental process;",Apply,"Apply

Learning Outcome: Assess the effectiveness of different teaching methods",Apply
recognise the different types of insurance required for construction projects and be able to critically assess the contractual provisions relevant to them;,Remember,"Analyze

Learning Outcome: calculate the expected value of a",Analyze
understand the operation of a version control system,Understand,Understand,Understand
understand the role of government over consumer protection,Understand,Understand,Understand
Prepare a hypothetical nursing leadership ‚Äòin the moment' decision and response to serve a major hospital in response to a local disaster or major incident,Create,"Apply

Learning Outcome: Assess the effectiveness of different nursing leadership",Apply
"Use appropriate science and technology ethically, effectively and responsibly when dealing with childhood problems without harming society, the environment or individuals.",Apply,"Apply

Learning Outcome: Compare and contrast the effects of different",Apply
"apply, in an industry standard setting, new concepts as well as aspects of theoretical approaches already learned, selecting the most appropriate fit for a specific situation",Apply,"Apply

Learning Outcome: assess the effectiveness of different machine learning",Apply
analyse and evaluate the contribution that can be made by the HR function to the competitive advantage of the organisation,Analyze,"Analyze

Evaluate the effectiveness of different types of employee training",Evaluate
"Explain and apply notions of accuracy, stability and computational cost when solving PDE problems numerically.",Apply,"Understand

Apply
Apply
Understand
Analyze",Analyze
apply theories of innovation and entrepreneurship to evaluate success of start-ups through case studies and site visits,Apply,"Apply

Learning Outcome: assess the impact of different marketing strategies",Apply
design a training program targeting particular performance/athlete/learner goals,Create,Create,Create
"Appreciate the application of concepts of conservation of mass, momentum and energy in fluid mechanics",Understand,"Understand

Learning Outcome: Derive the Navier-Stokes",Understand
Critically assess your design solutions in order to improve your final outcome;,Evaluate,"Evaluate

Evaluate",Evaluate
Relate anatomical terminology and osteology to the appendicular skeleton,Apply,Understand,Understand
Conduct independent research into Australia's international tax rules and its international tax treaties with Singapore and/or Malaysia;,Apply,"Apply

Learning Outcome: Compare and contrast the tax systems of",Apply
Evaluate how public health policy may influence food consumption and nutrition status.,Evaluate,"Evaluate

Evaluate",Evaluate
"Reflect on, and evaluate, self-performance related to knowledge, skills and delivery of nursing care",Analyze,"Evaluate

Evaluate",Evaluate
"Describe the functions and architectures of local area networks, wide area networks and the Internet;",Understand,"Remember

Learning Outcome: Compare and contrast the performance of different",Remember
"An appreciation of the history, philosophy and practice of qualitative social research;",Understand,"Understand

Learning Outcome: Construct a detailed research proposal based on",Understand
"Apply core knowledge and understanding of the links between food science, healthy eating and dietary guidelines, and human health in a public health/community organisation or food industry setting.",Apply,"Apply

Learning Outcome: Evaluate the effectiveness of different dietary interventions",Evaluate
become familiar with key policy documents and theoretical perspectives influencing adolescent learning,Apply,"Remember

Learning Outcome: Compare and contrast different theories of adolescent",Remember
"Import and visualise exploration data in industry-standard 3D modelling packages (LeapFrog Geo, Gocad, Geomodeller, Geoscience Analyst)",Evaluate,"Apply

Learning Outcome: Compare and contrast the geological structures observed",Apply
"Critically review, analyse, summarise and synthesise sociological scholarship and research;",Analyze,"Evaluate

Evaluate",Evaluate
"You will develop their oral presentation skills that enable them to express the concepts they develop, the data required to test the concept, and the outcomes and interpretations of the simulated exploration program.",Create,"Create

Learning Outcome: Students will be able to interpret the",Create
Critically evaluate the role that improvisation plays in contemporary music and theatre performance,Evaluate,"Evaluate

Evaluate",Evaluate
"Critically assess and evaluate relevant principles, laws and precedents and apply them to resolve legal issues relating to Indigenous people;",Apply,"Evaluate
Evaluate",Evaluate
"Examine topical issues in health from the perspectives of law, rights and ethics.",Analyze,"Analyze

Learning Outcome: Compare and contrast two different approaches",Analyze
Communicate effectively and persuasively on issues relating to forensic evidence;,Create,"Understand

Learning Outcome: Solve a complex real-world problem by",Understand
Develop a development communication plan/program to meet client or organizational needs;,Create,"Create
Create",Create
Demonstrate an understanding of the approximations introduced in algorithms and the effects of those approximations on the quality of calculations.,Understand,"Understand

Learning Outcome: Compare and contrast different sorting algorithms based",Understand
be aware of the major developments in the field of macroeconomics in the last ten years,Understand,"Remember

Learning Outcome: Compare and contrast the effects of fiscal",Remember
"align methodologies for linguistic analysis (quantitative, qualitative, or mixed) to research questions.",Apply,"Analyze

Learning Outcome: Compare and contrast the results of",Analyze
Gain a greater understanding of historical and contemporary trends in the area of youth sociology;,Understand,"Understand

Learning Outcome: Calculate the probability of a specific event",Understand
Analyse the core technologies that support financial analysis and decision making;,Analyze,"Analyze
```Analyze```",Analyze
"Conduct research in the area of international human rights law, including its relevance to domestic law, based on knowledge of appropriate research principles and methods",Apply,"Analyze

Learning Outcome: Compare and contrast the legal systems",Analyze
"Analyse and synthesise the impact of adaptive radiation therapy on organs at risk, dose constraints and toxicity and evaluate side effect management strategies.",Analyze,"Analyze
Evaluate
Create
Apply
Understand",Create
Apply high-level analytical and leadership skills in relation to the implementation of a range of health care projects of relevance to the emergency and trauma context,Apply,"Apply

Learning Outcome: Evaluate the effectiveness of different communication strategies",Evaluate
"demonstrate advanced written and verbal communication skills in reporting the conclusions of testing for various purposes such as ascertainment for eligibility of funding, curriculum adjustment, or intervention planning and for different audiences such as parents, teachers and other professionals",Apply,"Apply

Learning Outcome: assess the effectiveness of different teaching methods",Apply
Determine the likely ongoing management of patients in hospital critical care units using the framework of a trauma system.,Evaluate,"Analyze

Learning Outcome: Compare and contrast the effectiveness of",Analyze
Have acquired an informed understanding of how different worldviews impact on communications;,Understand,"Understand

Learning Outcome: Construct a detailed business plan for a",Understand
Critically appraise current psychopathology literature.,Evaluate,"Evaluate

Evaluate",Evaluate
"Be able to reflect on and assess their own capabilities and performance, and make use of feedback as appropriate, to support personal and professional development.",Analyze,"Evaluate

Learning Outcome: Solve a complex problem by applying multiple",Evaluate
Identify the policy and related funding issues surrounding care and treatment of the client with stable or progressive neurological disease;,Remember,"Remember

Learning Outcome: Compare and contrast the effectiveness of different",Remember
Utilise technologies to enhance production;,Apply,"Apply

Learning Outcome: Compare and contrast two different programming languages",Apply
"Describe and assess the development of the Union's external policy and treaty-making competences in selected fields, such as trade and investment or anti-terrorism;",Understand,"Evaluate
Evaluate",Evaluate
"Discuss the philosophy of antimicrobial stewardship (AMS), the role of the pharmacist in AMS and potential AMS interventions upon review of antimicrobial prescribing",Understand,"Understand

Learning Outcome: Calculate the area under the curve (",Understand
Describe and explain how changes in normal physiology may lead to a disease state;,Understand,"Understand

Learning Outcome: Calculate the area under the curve for",Understand
"Apply knowledge of appropriate therapeutic medications in terms of their mechanism of action, important aspects of pharmacokinetics, adverse effects, interactions and contraindications in the patient with complex and/or life threatening illness.",Apply,"Apply

Apply",Apply
"be familiar with current rehabilitative interventions for specific neuropsychological disorders, and the methods commonly used to assess the effectiveness of these interventions;",Understand,"Remember

Learning Outcome: Compare and contrast different types of cognitive",Remember
articulate an answer to an inquiry question that is based on the literature review,Understand,"Understand

Learning Outcome: Construct a neural network from scratch to",Understand
"Apply design features to various public health programs, including critically evaluating differing theoretical approaches to evaluation design.",Apply,"Apply

Now classify this:

Learning Outcome: Compare and contrast",Apply
"Demonstrate advanced understanding of the complex constraints, issues and opportunities associated with translating the Sustainable Development Goals into practice;",Understand,"Understand

Learning Outcome: Develop a project plan for implementing sustainable",Understand
Draw on earth pressure theories to design basic retaining walls.,Create,"Apply

Learning Outcome: Compare and contrast the strengths and weaknesses",Apply
"think reflexively about study, research and changing work practices.",Analyze,"Evaluate

Evaluate",Evaluate
Identify issues and employ effective strategies to translate multimodal texts;,Remember,"Apply

Learning Outcome: Compare and contrast the effectiveness of different",Apply
Provide an objective analysis of the data.,Create,"Analyze

Learning Outcome: Compare and contrast two different algorithms",Analyze
understand and be ready to implement legislative requirements informing educators' work,Understand,"Understand

Learning Outcome: assess the effectiveness of different teaching strategies",Understand
Critique different approaches to mental health policy and promotion designed to assist recovery;,Evaluate,"Evaluate

Evaluate",Evaluate
develop an understanding of the nature and roles of accounting and finance in managing in a global environment,Understand,"Understand

Learning Outcome: Calculate the present value of a future",Understand
Demonstrate knowledge of digital signal processing effects;,Apply,"Remember

Learning Outcome: Compare and contrast the Fourier Transform and",Remember
Describe the methodology required for their research project and summarise the logistical process involved in data collection;,Understand,"Remember

Learning Outcome: Compare and contrast two different machine learning",Remember
observe children's play and identify connections with contemporary theories of play,Remember,"Understand

Learning Outcome: Develop a new educational game based on",Understand
develop analytical and diagnostic skills and in particular enhance an ability to analyse and resolve problems of practical importance,Analyze,"Analyze

Learning Outcome: Construct a detailed project plan for",Analyze
Identify embryo developmental milestones and the concept of 'on time' embryo development,Remember,"Remember

Learning Outcome: Compare and contrast different methods of embryo",Remember
Conduct research into high conflict dispute resolution based on knowledge of appropriate research principles and methods.,Apply,"Apply

Learning Outcome: Compare and contrast two different approaches to",Apply
Construct written reports.,Create,"Create

Learning Outcome: Compare and contrast two different programming languages",Create
"Apply the techniques and considerations relevant to a wind engineer to engineering problems and projects including: wind loading, wind and turbine generated noise, wind effects on pedestrians and pollution dispersion.",Apply,"Apply

Learning Outcome: Compare and contrast the performance of different",Apply
"Explore colloidal systems involving solid particles, liquid droplets and gas bubbles.",Analyze,"Understand

Learning Outcome: Calculate the surface tension of a liquid",Understand
"Assess different components of a road project, within the context of a safe systems approach to design, based on economic, social and environmental considerations",Evaluate,"Evaluate

Evaluate",Evaluate
Discuss cultures of consumption in Japan;,Understand,"Understand

Learning Outcome: Calculate the area of a circle with",Understand
Formulate a research question that addresses an evidence gap in health care;,Create,"Create
Create",Create
Describe assessment and management strategies for patients with atypical wounds.,Understand,"Remember

Learning Outcome: Compare and contrast the effectiveness of different",Remember
Describe and apply the principles of client-centred practice and the clinical reasoning process to occupational therapy practice.,Apply,"Apply

Learning Outcome: Compare and contrast two different approaches to",Apply
"illustrate emerging approaches and techniques to positively and effectively manage teaching and learning contexts (i.e. teacher presence, learner management, resource management, discourse practices)",Apply,"Understand

Learning Outcome: Develop a lesson plan that incorporates technology",Understand
summarise and present key model results and measures of interest in tables and graphs,Create,"Apply

Learning Outcome: Compare and contrast the effectiveness of different",Apply
"Analyse, interpret and present data from a range of experiment types and discuss this in the context of current scientific literature.",Analyze,"Analyze

Learning Outcome: Construct a hypothesis based on observed",Analyze
Demonstrate independent research skills,Apply,"Apply

Learning Outcome: Compare and contrast two different programming languages",Apply
Demonstrate some familiarity with a variety of knowledge traditions,Apply,"Remember

Learning Outcome: Compare and contrast two different programming parad",Remember
implement a research proposal,Apply,"Apply

Learning Outcome: Assess the effectiveness of different machine learning",Apply
demonstrate ability to direct one's learning through self-evaluation and the setting of realistic plans for development of innovation and change skills.,Apply,"Evaluate

Learning Outcome: compare and contrast the effectiveness of different",Evaluate
"Communicate concepts and information about health and health-related matters as they pertain to health education (e.g. drug education, sexuality education) to a variety of audiences.",Create,"Understand

Learning Outcome: Calculate the probability of a given event",Understand
"prepare and assess group financial statements for wholly-owned and partly-owned subsidiaries, taking into account the effects of intragroup transactions, dividends, preferences shares, interim acquisitions and complex groups",Evaluate,"Apply

Learning Outcome: evaluate the effectiveness of different financial reporting",Evaluate
conduct statistical inference in a system of simultaneous equations,Analyze,"Apply

Now classify this:

Learning Outcome: Compare and contrast",Apply
Assess and manage occupational health and safety issues related to biotechnology activities in the laboratory and in environmental and industrial settings;,Evaluate,"Evaluate
Evaluate",Evaluate
"Summarise the derivation of the Orr-Sommerfeld equation for a given basic state, and undertake a stability analysis.",Evaluate,"Analyze

Learning Outcome: Compare and contrast the performance of",Analyze
Provide appropriate education for clients based upon individual medication regimes.,Evaluate,"Apply

Learning Outcome: Compare and contrast the effectiveness of different",Apply
Demonstrate an understanding of the selected buildings' contribution to architectural design;,Understand,"Understand

Learning Outcome: Calculate the area of a triangle given",Understand
Reflect critically on his/her writing practice in the light of these developments,Analyze,"Evaluate

Evaluate",Evaluate
Describe and decide concrete specifications.,Understand,"Remember

Learning Outcome: Interpret the results of a statistical analysis",Remember
"Investigate, analyse and synthesise complex information, problems, concepts and theories in relation to will making and estate management;",Analyze,"Analyze
Evaluate
Understand
Apply
Create",Create
Identify tasks for data curation and management in an organisation;,Remember,"Remember

Learning Outcome: Compare and contrast different data curation",Remember
Develop and express an understanding of the socio-cultural context of contemporary France,Understand,"Understand

Learning Outcome: Solve a complex mathematical problem using calculus",Understand
Develop a community health services profile.,Create,"Create

Learning Outcome: Compare and contrast two different types of",Create
Be familiar with basic functions of key neuroanatomical brain regions and be able to apply this to brain-behaviour relationships;,Apply,"Apply

Learning Outcome: Compare and contrast the effectiveness of different",Apply
Understand the nature of the service design process and apply methodical steps in your own projects;,Understand,"Understand

Learning Outcome: Develop a new algorithm for image recognition",Understand
"Demonstrate the ability to be reflective, think critically, learn independently and be innovative in their approach to the research project",Apply,"Evaluate

Learning Outcome: Solve a complex mathematical problem using calculus",Evaluate
"Research and integrate comprehensive Tangible Interaction Design concepts, theories and design approaches to design interactive artefacts, systems or services;",Create,"Create
```Create```",Create
"Identify, critically evaluate and select from a range of practice-based research methods and modes for communicating research findings for a performing arts or creative discipline, issue or topic;",Evaluate,"Evaluate

Evaluate",Evaluate
Outline the diagnostic reasoning process that determines the care of patients with respiratory and/or cardiovascular conditions in order to evaluate and justify management.,Evaluate,"Analyze

Evaluate the following statement: ""The ability to",Evaluate
"Demonstrate their comprehension of basic concepts related to linear transformations and vector spaces, including subspace, span, linear independence, basis, kernel and range;",Apply,Understand,Understand
A critical awareness of the issues surrounding contemporary forms and styles of environmental governance.,Understand,"Analyze

Learning Outcome: Compare and contrast two different approaches",Analyze
Knowledge of issues related to the design and implementation of social science research.,Remember,"Remember

Learning Outcome: Compare and contrast different methods of data",Remember
Review and critique the evidence underpinning complex patient interventions.,Analyze,"Evaluate

Evaluate",Evaluate
"Appraise medico-legal principles and reflect on their application to clinical practice, describing the Australian health care system and its regulation;",Analyze,"Evaluate
Evaluate",Evaluate
explain the implications of adopting different approaches to Corporate Social Responsibility,Understand,Understand,Understand
Produce a critical review of existing literature;,Create,"Evaluate

Evaluate",Evaluate
Conduct research into labour law of the European Union and Asian countries and its direction based on knowledge of appropriate research principles and methods,Apply,"Analyze

Learning Outcome: Compare and contrast the labor laws",Analyze
Present the research findings to staff and students and modify the report with consideration of feedback,Create,"Apply

Learning Outcome: Compare and contrast two different machine learning",Apply
work individually and collaboratively to critically examine examples of complex business problems involving GELD issues,Evaluate,"Analyze

Learning Outcome: compare and contrast different approaches to",Analyze
"Communicate the requirements for the business functionality of an information system in terms of data required, data storage and processing to technical and non-technical stakeholders.",Create,"Understand

Learning Outcome: Develop a prototype of a mobile application",Understand
"Explain the significance of physiological, behavioural, reproductive and nutritional adaptations in vertebrates in relation to their ecology.",Understand,"Understand

Learning Outcome: Construct a phylogenetic tree based",Understand
Demonstrate understanding of the changing role of professionals working in diverse legalsystems in a global and digital context.,Understand,"Understand

Learning Outcome: Calculate the probability of an event using",Understand
Interpret and model simple dynamic systems and understand the approach to modelling more complex systems.,Understand,"Understand

Learning Outcome: Solve a real-world problem by applying",Understand
Use knowledge of the mechanisms of drug action to predict effects in intact organisms;,Apply,"Apply

Learning Outcome: Compare and contrast the effectiveness of different",Apply
Develop and analytically describe simple one-parameter models with conjugate prior distributions and standard models containing two or more parameters including specifics for the normal location-scale model.,Create,"Analyze

Learning Outcome: Compare and contrast the effectiveness of",Analyze
Evaluate the likely impact of new land use planning controls on urban development,Evaluate,"Evaluate

Evaluate",Evaluate
articulate a socio-critical perspective of Health and Physical Education (HPE) as a curriculum area,Understand,"Understand

Learning Outcome: Construct a detailed lesson plan for a",Understand
Communicate project status and requirements to engineers and society at large.,Create,"Apply

Learning Outcome: Compare and contrast two different algorithms for",Apply
develop skills in team-based decision making that demonstrate effective teamwork and communication skills,Apply,"Create

Learning Outcome: compare and contrast the advantages and disadvantages",Create
"Understand the range of complex environmental, social and economic interrelationships that shape a particular region and to be able to differentiate a cultural landscape from a natural landscape;",Understand,"Understand
```Understand
```",Understand
"Identify, investigate and explain a contemporary case involving the real life practice of business and human rights",Remember,Analyze,Analyze
identity and analyse processes of social entrepreneurship,Remember,"Analyze

Learning Outcome: compare and contrast two different theories",Analyze
Describe typical bioreactor steps employed in a bioprocess operation;,Understand,"Remember

Learning Outcome: Compare and contrast different types of bi",Remember
apply research skills and provide innovative solutions to complex business problems,Apply,"Apply

Learning Outcome: assess the effectiveness of different marketing strategies",Apply
"collaborate with peers to comprehend and interpret emerging challenges and actors in global affairs at the intersection of philosophy, politics and economics;",Understand,"Understand

Learning Outcome: Develop a research proposal that critically evaluates",Understand
organise specific science content into an effective learning and teaching sequence,Create,"Apply

Learning Outcome: Compare and contrast two different scientific theories",Apply
"Appropriately and effectively communicate with patients, carers and other health professionals, to ensure a collaborative approach to optimising patient outcomes.",Create,"Understand

Learning Outcome: Calculate the probability of a patient developing",Understand
demonstrate your capacity to research teaching and learning by generating data ethically and analysing its significance,Apply,"Analyze

Learning Outcome: create a detailed lesson plan that",Create
Critically reflect on contemporary debates regarding globalization and health.,Analyze,"Evaluate

Evaluate",Evaluate
Demonstrate an appropriate high level of understanding of the material presented in the selected lecture modules - this understanding is demonstrated through the relevant assessment tasks.,Understand,"Understand

Learning Outcome: Solve a complex problem by applying the",Understand
Critically reflect on your experiences as science learners and identify implications for your professional identities,Remember,"Evaluate

Evaluate

Now classify this:

Learning Outcome: Construct",Evaluate
"Investigate, analyse and synthesise complex information, problems, concepts and theories in relation to the legal protection of inventions under the law of patents and trade secrets;",Analyze,"Analyze
Evaluate
Analyze
Analyze
An",Evaluate
Conduct hypothesis testing and interpret results;,Apply,"Apply
```Apply```",Apply
Have the ability to interpret the role of the media in shaping perceptions of the Arab-Israeli conflict.,Evaluate,"Understand

Learning Outcome: Construct a detailed argument supporting a particular",Understand
"Develop information technology skills (such as business process modelling, performance enhancement of installed software, updating current software and developing new software) in a complex, corporate business environment;",Apply,"Create
```Create
```",Create
"Demonstrate a person-centred approach to assessing, planning, implementing and evaluating care and outcomes through the life-span across all healthcare settings.",Apply,"Apply

Learning Outcome: Compare and contrast the effectiveness of different",Apply
Participate effectively in interviews and write a professional resume;Themeslabel Pharmaceutical Science,Create,"Apply

Learning Outcome: Compare and contrast the mechanisms of action",Apply
Develop and implement plans for health teaching and promotion,Create,"Create

Learning Outcome: Compare and contrast two different approaches to",Create
"Knowledge of mental health problems, ethical and professional guidelines, and a model of therapy (and the ability to draw on and apply this knowledge when providing psychological interventions) Themeslabel Generic therapeutic competences",Apply,"Understand

Learning Outcome: Compare and contrast different therapeutic approaches.",Understand
Apply theoretic concepts of paramedicine to a simulated clinical setting,Apply,Apply,Apply
"Explain the role of key factors influencing the design and operation of health and social care systems (including politics, ideologies, resources and funding).",Understand,"Understand

Learning Outcome: Develop a plan to improve patient outcomes",Understand
"Describe the variety of the tasks, problems and approaches that constitute urban planning and design practice",Understand,Understand,Understand
Demonstrate an ability to meet deadlines.,Apply,"Apply

Learning Outcome: Compare and contrast two different programming languages",Apply
"Creatively generate and evaluate at an abstract level complex ideas and concepts relevant to evidence and proof in litigation, including how miscarriages of justice can be prevented by proper analysis and preparation.",Evaluate,"Create

Learning Outcome: Compare and contrast the effectiveness of different",Create
Assess the current explanations for landscape management problems through critical evaluation of the literature and field and laboratory data.,Evaluate,"Evaluate

Evaluate",Evaluate
"Produce written work and oral presentations to deadline, making effective use of the conventions of scholarly presentation, including citations and bibliography where required;",Create,"Create

Learning Outcome: Compare and contrast two different approaches to",Create
compare and contrast various protocols used in the Internet and contemporary applications,Evaluate,Analyze,Analyze
Propose and develop a mobile or distributed system that is appropriate to a problem domain;,Create,"Create
Create",Create
Analyse engineering systems by applying linear time invariant system concepts.,Analyze,"Apply

Learning Outcome: Assess the effectiveness of different machine learning",Apply
Identify on-going professional development needs in relation to MRI scanning in the cardiovascular and tissue perfusion setting,Remember,"Analyze

Learning Outcome: Compare and contrast the different types",Analyze
Produce a perceptive description of works and imaginatively connect such description with critical awareness;,Create,"Create

Learning Outcome: Compare and contrast two different types of",Create
Develop insightful and persuasive recommendations to improve workplace culture.,Create,"Create

Learning Outcome: Compare and contrast two different approaches to",Create
Be able to present a sustained argument drawing upon a variety of data.,Evaluate,"Apply

Learning Outcome: Compare and contrast two different machine learning",Apply
demonstrate empathy and assertiveness when developing and working in cross-functional and intradisciplinary teams.,Apply,"Apply

Learning Outcome: Compare and contrast the effectiveness of different",Apply
critically evaluate government policies affecting labour markets,Evaluate,"Evaluate

Evaluate",Evaluate
"Critically analyse how digital technologies, platforms and services capture and use data;",Analyze,"Analyze
```Analyze```",Analyze
"Competently apply international protocols, standards, charting methods and the Interpol forms that are used during a DVI incident;",Apply,"Apply

Learning Outcome: Compare and contrast the effectiveness of different",Apply
Develop appropriate learning tasks for students that address the numeracy challenges embedded in the curriculum,Create,"Create

Learning Outcome: Compare and contrast the effectiveness of different",Create
"Critically evaluate the socio-cultural, legal and ethical issues related to the nursing management of the critically ill patient.",Evaluate,"Evaluate

Evaluate",Evaluate
Design an appropriate assessment and evaluation strategy for an education program,Create,"Create

Learning Outcome: Compare and contrast two different machine learning",Create
"Consolidated their skills in project formulation, implementation, analysis and reporting",Evaluate,"Apply

Learning Outcome: Assess the effectiveness of different machine learning",Apply
Evaluate the role of Intelligent Transport Systems in Dynamic Traffic Management,Evaluate,"Evaluate

Evaluate",Evaluate
identify and examine the role of the various stakeholders in upholding good global corporate governance practices,Understand,Analyze,Analyze
"Compare the behavioural and psychosocial interventions in relation to health and disease, and their application to real world scenarios.",Analyze,"Analyze

Learning Outcome: Summarize the key points",Analyze
"Understand the basic concepts of psychopharmacology with particular reference to recent advances in the fields of psychiatric medication, cognitive enhancers and neuroprotective agents, and substance abuse;",Understand,"Understand
```Understand
```",Understand
"critically evaluate attempts to affect competition in particular industries, e.g. electricity and telecommunications.",Evaluate,"Evaluate

Evaluate",Evaluate
"Appraise the history of child and adolescent psychiatry, including the key determinants of personal, developmental, familial, and social factors in influencing and contributing to mental health difficulties in young people within key theoretical frameworks, and resultant models of care across the developmental span between infancy to young adulthood.",Evaluate,"Evaluate

Learning Outcome: Calculate the area under the curve (",Evaluate
"Appreciate the importance of complex analysis for other mathematical units, as well as for physics and engineering, through seeing applications of the theory;",Understand,"Understand

Learning Outcome: Solve a real-world problem by applying",Understand
Extract arguments from a variety of texts;,Analyze,"Apply

Learning Outcome: Compare and contrast the effectiveness of different",Apply
demonstrate research-informed understandings of how students learn critical and creative dispositions and thinking skills,Understand,"Understand

Learning Outcome: Solve a complex problem by applying mathematical",Understand
Integrate CT findings with other evidence to present cases in forensic practice;,Create,"Apply

Learning Outcome: Compare and contrast the effectiveness of different",Apply
Identify and apply interpersonal communication skills needed in an organization.,Apply,"Apply

Learning Outcome: Assess the effectiveness of different communication strategies",Apply
"Propose suitable instrumentation, and perform experimental tests, synthesizing the results.",Create,"Apply

Learning Outcome: Compare and contrast the effectiveness of different",Apply
"Recall nutrition labelling, halal food production and regulations and sensory evaluation;",Remember,"Remember

Learning Outcome: Compare and contrast different types of diets",Remember
"Design simple models relating the conservation of energy, species, or momentum to temperature, composition and velocity fields",Create,"Create

Learning Outcome: Compare and contrast the principles of therm",Create
"Practice responsibility of a competent engineer to integrate individual design sections into a Design Project Report including the analysis and review of engineering drawings and calculations. Through this activity, continue to develop positive attitudes to teamwork and responsible engineering practice.",Create,"Apply
You are wrong. The correct label is 'Evaluate",Evaluate
"Apply epidemiology, medical and nutritional principles in the nutritional assessment and management of chronic lifestyle related diseases conditions;",Apply,"Apply

Learning Outcome: Compare and contrast the effectiveness of different",Apply
Critically analyse the key issues facing the global political economy;,Analyze,"Analyze

Learning Outcome: Summarize the main points",Analyze
Perform data acquisition and signal analysis related to NDT techniques and use these results to predict the health and integrity of the test specimen.,Analyze,"Apply

Performing data acquisition and signal analysis involves applying specific",Apply
Develop a research project that will answer and is methodically congruent with the research question,Create,Create,Create
Interpret the influence that the principles of circular economy and life-cycle design have on architectural design and performance;,Evaluate,Understand,Understand
understand and differentiate a supervised learning method from an unsupervised learning method,Understand,"Understand

Learning Outcome: create a prototype of a recommendation system",Create
Identify paediatric conditions and ‚Äòred flags' areas of concern which are appropriate for physiotherapy intervention and recognise the scope of a comprehensive paediatric,Remember,"Apply

Apply",Apply
analyse and evaluate a range of evidence relating to the history of post-War Europe and European integration;,Analyze,"Analyze

Learning Outcome: create a detailed plan for a",Create
"Describe environmental monitoring techniques and tools for plants, water and soils and demonstrate the ability to implement a multi-disciplinary monitoring programme;",Apply,"Apply

Learning Outcome: Compare and contrast different types of plant",Apply
Demonstrate a discursive approach to the subject of your research and its field of inquiry;,Apply,"Apply

Learning Outcome: Compare and contrast two different approaches to",Apply
Demonstrate and apply specialised knowledge of a range of torts other than negligence as well as of current controversies in torts law;,Apply,"Apply

Learning Outcome: Compare and contrast the legal principles of",Apply
"explore and apply approaches related to language learning for diverse learners including decoding/encoding codes, symbols and conventions of written, spoken, visual and multimodal texts in response to contextual factors",Apply,"Apply

Learning Outcome: assess the effectiveness of different language learning",Apply
"Summarise, present and interpret data numerically and graphically",Evaluate,"Understand

Learning Outcome: Develop a new algorithm for solving a",Understand
"plan and implement learning experiences that focus on movement, environment and community in outdoor and indoor settings, and which cater for children of diverse backgrounds and abilities and draw on a range of effective and inclusive teaching strategies",Create,"Create

Learning Outcome: compare and contrast the effectiveness of different",Create
"Distinguish between the various components of the IT infrastructure including Network, Virtual Server environment and ICT support mechanisms.",Analyze,"Analyze

Learning Outcome: Summarize the key points",Analyze
"Demonstrate an understanding of various production methods used in the studio environment, have an appreciation of various mediums, their properties and uses, and be able to work with materials and techniques in an experimental and sustainable manner;",Understand,"Understand

Learning Outcome: Solve a complex engineering problem by applying",Understand
Apply intercultural strategies to resolve a range of practical challenges,Apply,"Apply

Learning Outcome: Assess the effectiveness of different interc",Apply
Use database searching and retrieval for compound identification;,Apply,"Apply

Learning Outcome: Compare and contrast the effectiveness of different",Apply
Analyse and evaluate resource allocation in healthcare and the use and role of economic evaluations in decision-making.,Analyze,"Analyze

Learning Outcome: Develop a new algorithm for data",Analyze
Explain the roles of different cellular compartments and organelles in cellular functions.,Understand,Understand,Understand
"Describe fetal growth, development and the prenatal diagnosis of fetal abnormality",Understand,"Remember

Learning Outcome: Compare and contrast the different methods of",Remember
Understand the diversity of Pacific peoples' lives;,Understand,"Understand
```Understand```",Understand
"Understand, analyse and critically evaluate cases which apply the law of armed conflict;",Understand,"Evaluate
Evaluate",Evaluate
"Demonstrate the utility of digital spatial data handling for mapping and analysis from digital data, referring to themes in environmental science;",Apply,"Apply

Learning Outcome: Compare and contrast the advantages and disadvantages",Apply
"Generate strategies for solving complex, open-ended separation process problems.",Create,Create,Create
"Analyse and critically evaluate the current state of Commonwealth and Victorian constitutional law and practice, and discuss reform issues;",Analyze,"Evaluate

Learning Outcome: Calculate the area of a circle using",Evaluate
Explain the basic principles of bio-climatic design;,Understand,Understand,Understand
"Conduct legal research and locate appropriate case law, legislation and secondary materials",Apply,"Apply

Learning Outcome: Compare and contrast the principles of util",Apply
use marketing principles and frameworks to investigate and analyse the issue,Analyze,"Apply

Now classify this:

Learning Outcome: assess the effectiveness",Apply
Understand critical difference in public and private approaches to health and illness issues.,Understand,"Understand

Learning Outcome: Calculate the area of a circle using",Understand
"Describe the characteristic mineralogical, structural and host-rock features of a range of important mineral deposit types;",Understand,"Remember

Learning Outcome: Compare and contrast the geological processes that",Remember
"Inquire into, and develop, your professional identity as a specialist teacher",Create,"Evaluate

Learning Outcome: Compare and contrast two different teaching methodologies",Evaluate
identify skills development and identify process for planning skill development where individual gaps are identified in learning.,Remember,"Remember

Learning Outcome: compare and contrast different methods of skill",Remember
evaluate different algorithms and analyse their complexity;,Analyze,"Evaluate

Evaluate",Evaluate
analyse the rationale for government intervention in the economy and of the extent of that intervention,Analyze,Analyze,Analyze
identify differences between conventional goods allocated efficiently and environmental commodities allocated inefficiently,Analyze,Analyze,Analyze
"develop an appropriate strategy, supported by relevant research and academic literature, for leading cultural shifts in mathematics teaching and learning, and facilitating improvement in mathematical engagement.",Create,"Create

Learning Outcome: assess the effectiveness of different teaching methods",Create
Apply knowledge and understanding of recent developments in relation to the rules of precedent and statutory interpretation to new situations in professional practice and/or for further learning with creativity and initiative;,Apply,"Apply

Now classify this:

Learning Outcome: Assess the effectiveness",Apply
To provide students with an understanding of the legal and commercial issues facing partners in their dealings with others and with third parties,Understand,"Understand

Learning Outcome: To enable students to apply the principles",Apply
"Identify sources of data such as that provided by the Australian Bureau of Statistics, as well as other public domain and private data, such as from market research and polling.",Remember,"Remember

Learning Outcome: Compare and contrast different types of data",Remember
Apply the basic principles of geological mapping in a variety of settings;,Apply,"Apply
Apply",Apply
Apply principles of representing sub-grid scale processes in global models;,Apply,"Apply

Learning Outcome: Assess the impact of different machine learning",Apply
analyse crack growth in aircraft structural members,Analyze,"Analyze

Learning Outcome: compare and contrast two different materials",Analyze
Use differentiation rules to find derivatives of implicit and explicit functions.,Apply,"Apply

Apply",Apply
Use evidence to develop and sustain theoretical arguments related to gender and sociological theory;,Apply,"Apply

Learning Outcome: Compare and contrast the key features of",Apply
Conduct experiments according to industry standards to produce and test productsThemeslabel Pharmaceutical Science,Apply,"Apply

Learning Outcome: Compare and contrast the effectiveness of different",Apply
Use fundamental design and technology skills to communicate ideas;,Apply,"Apply
```Apply```",Apply
evaluate marketers' use of consumer behaviour insights in the development and implementation of consumer-oriented marketing strategies.,Evaluate,"Evaluate

Evaluate",Evaluate
"evaluate the principles of contaminant fate and transport within soil, water and air systems",Evaluate,"Evaluate

Evaluate",Evaluate
Possess a deeper understanding in at least one materials engineering topic,Understand,"Understand

Learning Outcome: Solve a complex engineering problem by applying",Understand
use popular culture or digital technologies and texts to extend and enhance effective middle years learning.,Apply,"Apply

Learning Outcome: compare and contrast the themes of two",Apply
Design and analyse the steel-reinforced concrete structures using the strut-and-tie modelmethod.,Analyze,"Create

Now classify this:

Learning Outcome: Compare and contrast",Create
Develop professional knowledges about family violence prevention and associated leadership skills in a range of environments;,Apply,"Understand

Learning Outcome: Calculate the probability of a specific event",Understand
Apply numerical modelling to solve problems in particle physics.,Apply,"Apply

Learning Outcome: Compare and contrast the strengths and weaknesses",Apply
Use modern analytical instrumentation;,Apply,"Apply

Learning Outcome: Compare and contrast two different types of",Apply
Engage with debates surrounding the (re-)presentation of the past within the public domain.,Evaluate,"Analyze

Learning Outcome: Summarize the key points",Analyze
Construct queries that meet user requirements;,Create,"Apply

Learning Outcome: Compare and contrast two different database management",Apply
Critically evaluate the epidemiologic principles underlying disease surveillance programs;,Evaluate,"Evaluate

Evaluate",Evaluate
interpret and explain models written by others;,Evaluate,"Understand

Learning Outcome: Develop a new algorithm for image recognition",Understand
"Understand the construction, use and interpretation of regression modelling diagnostics.",Understand,"Understand

Learning Outcome: Develop a new algorithm for clustering data",Understand
"Outline different microbial pathogens including bacteria, viruses and parasites, their modes of pathogenesis, diseases caused, epidemiology and treatment;",Apply,"Remember

Learning Outcome: Compare and contrast the pathogenicity",Remember
Critically analyse problems arising from the application of statute and case-law to specific banker-customer transactions.,Analyze,"Analyze

Learning Outcome: Summarize the key points",Analyze
understand the structural issues relevant to lessons in visual art and design in relation to classroom practice and prescribed curriculum,Understand,Understand,Understand
"Write compositions of up to 300 words in Spanish, with the help of a Spanish-English dictionary and a reference grammar.",Create,"Create

Learning Outcome: Compare and contrast two different types of",Create
Demonstrate a broader exposure and deeper engagement with architectural production;,Understand,"Apply

Learning Outcome: Assess the impact of different architectural styles",Apply
"Design and build complex digital systems using programmable logic devices such as PLAs, PALs and FPGAs.",Create,"Create

Learning Outcome: Compare and contrast different types of digital",Create
"Use essential concepts related to mxn linear systems, including linear independence and basis, and demonstrate a broad appreciation of tensors",Apply,"Apply

Learning Outcome: Compare and contrast different methods for solving",Apply
Translate practical problem descriptions into mathematical formulations as discrete optimisation problems and communicate the results to non-technical audiences.,Apply,"Apply

Translate the following SQL query into a Python function that",Apply
"Understand how the conceptual, material and logistical approaches to your visual artwork relates to gallery-based programs;",Understand,Understand,Understand
"Produce a portfolio that demonstrates engagement with, understanding of, and interpretation of research, knowledge, issues and practices in your discipline;",Apply,"Create
Create",Create
"demonstrate the capacity to use curriculum, assessment and reporting knowledge to design learning sequences and lesson plans that are developmentally appropriate for primary years",Apply,"Apply

Learning Outcome: assess the effectiveness of different teaching strategies",Apply
interpret and communicate knowledge about STEM learning and leadership in response to contemporary challenges.,Evaluate,"Understand

Learning Outcome: Develop a research proposal for investigating the",Understand
"Perform object oriented design and coding to create, test and debug non-trivial, working mobile applications that are maintainable and use the best practices of the development platform;",Create,"Apply

Learning Outcome: Compare and contrast the performance of different",Apply
"Communicate technical and non-technical information effectively with external associates, including contractors, consultants and regulators.",Create,"Apply

Learning Outcome: Compare and contrast different machine learning algorithms",Apply
Propose and present ethical and responsible design concepts specific to culture and heritage;,Create,"Create
Create",Create
develop analytical skills to plan the future of an organisation in its competitive environment from the viewpoint of the chief executive,Create,"Create

Learning Outcome: compare and contrast two different approaches to",Create
Construct causal diagrams and use them to identify potential sources of bias,Remember,"Create

Learning Outcome: Construct causal diagrams and use them to",Create
"Understand how to inform politicians, stakeholders and citizens about necessary government actions",Understand,"Understand

Learning Outcome: Calculate the area of a triangle using",Understand
Draw from your experience through different disciplines in the semester;,Apply,"Understand

Learning Outcome: Solve a real-world problem using statistical",Understand
Size and design the major components of a turbofan engine using 1D aerothermodynamic principles.,Create,"Apply

Learning Outcome: Compare and contrast the efficiency of different",Apply
Critically evaluate different modes of dispute resolution processes and assess the conditions under which they are likely to be appropriate and effective;,Evaluate,"Evaluate

Evaluate",Evaluate
"Describe:  A broad understanding of computational chemistry and its application to drug bimolecular problems The molecular interactions (including bonded and non-bonded) which govern drug-target interactions Molecular mechanics energy calculations and the information that these calculations can provide The components making up molecular mechanic force fields including bond stretching, angle bending, dihedral angle terms, and nonbonded interactions (van der Waals and electrostatic) Molecular simulation methods The statistical methods used to develop QSAR equations and their application in drug discovery Quantum mechanical (QM) calculations and the information that they can provide Themeslabel Pharmaceutical Science",Understand,"Understand

Learning Outcome: Compare and contrast different quantum mechanical methods",Understand
"Describe the processes of bacterial pathogenesis including adhesion, cell invasion, replication and the production of bacterial toxins;",Understand,"Remember

Learning Outcome: Compare and contrast the mechanisms of bacterial",Remember
"Knowledge of the divergent structures, processes, and agendas that exist in multi-issue areas of diplomacy",Remember,"Understand

Learning Outcome: Calculate the area of a circle given",Understand
"collect, analyse and interpret data related to your independent research project",Analyze,"Apply

Learning Outcome: Compare and contrast two different machine learning",Apply
understand contemporary issues related to the management of workplace diversity and inclusion issues,Understand,Understand,Understand
Demonstrate an awareness for how different forms of art act(ed) to construct and/or reinforce Indigenous identity;,Apply,"Understand

Learning Outcome: Calculate the area of a circle with",Understand
"critically reflect on your direct observation of media industries, as a complement to reading and scholarship in the area;",Analyze,"Evaluate

Evaluate",Evaluate
develop strategies to identify and meet ongoing professional learning needs,Create,"Create

Learning Outcome: compare and contrast two different machine learning",Create
Describe the components and organisation of the Australian healthcare system.,Understand,"Remember

Learning Outcome: Compare and contrast the Australian and American",Remember
"Identify, evaluate and critique a range of professional support strategies that can be used to enhance professional practice.",Remember,"Evaluate

Evaluate",Evaluate
understand the impact of and strategies to manage risks associated with international business,Understand,Understand,Understand
Explain and apply basic elements of statistics which form the basis of research skills used in biological psychology.,Apply,"Understand

Learning Outcome: Develop a hypothesis and design an experiment",Understand
"demonstrate broad knowledge and technical capabilities driven by an entrepreneurial mindset across a variety of domains including but not limited to the business, professional and public policy communities that we serve",Apply,"Apply

Learning Outcome: assess the impact of different machine learning",Apply
Present the preliminary findings in a written report also present key results in oral form as a preliminary seminar.,Create,"Apply

Learning Outcome: Compare and contrast two different machine learning",Apply
Integrate the role of advocate into the professional repertoire.,Create,"Apply

Learning Outcome: Compare and contrast the legal systems of",Apply
"Investigate, analyse and synthesize complex legal and policy issues impacting the evolution of the application of the law to sport, including balancing protection of the 'integrity and spirit of sport' with athlete rights; commercial interests with societal interests; and competition with competitive balance;",Analyze,"Analyze
Evaluate
Create
Apply
Understand",Create
critically analyse a range of primary source materials;,Analyze,"Analyze

Learning Outcome: Summarize the key points",Analyze
"Demonstrate your awareness of the historical and recent precedents for, and dimensions of, your own practice.",Apply,"Understand

Learning Outcome: Solve a complex mathematical problem using calculus",Understand
Effectively communicate complex concepts on scientific content and business processes in written or oral formats.,Create,"Apply

Learning Outcome: Compare and contrast the principles of quantum",Apply
"Identify and apply the basic principles of research design for both qualitative and quantitative studies, including questionnaire design, data entry, and analysis;",Apply,"Apply

Learning Outcome: Compare and contrast the strengths and weaknesses",Apply
develop effective report writing and communication skills,Create,"Create

Learning Outcome: compare and contrast two different programming languages",Create
describe you own practices and experiences of health and wellbeing situated in the largernational/international context and meanings,Understand,"Understand

Learning Outcome: Solve a complex mathematical problem using calculus",Understand
"Explain key concepts and theories that underpin social entrepreneurship, innovation and design;",Understand,"Understand

Learning Outcome: Develop a prototype for a new product",Understand
Provide informed advice on appropriate control measures for aviation hazards in workplace and the community,Create,"Apply

Learning Outcome: Compare and contrast the effectiveness of different",Apply
Discuss the multitude of contextual and interpersonal factors which shape communication; and apply this knowledge to intercultural communicative events;,Apply,"Understand

Learning Outcome: Construct a detailed project plan for a",Understand
"Work effectively as a member of a team through well-developed skills in job planning, time management, problem solving, critical thinking and the organisation of work;",Apply,"Apply
Apply",Apply
think critically and challenge traditional notions of change in educational settings,Analyze,"Analyze

Evaluate the effectiveness of different teaching methods in improving",Evaluate
"Apply knowledge of sensitivity, specificity, accuracy and search error in the interpretation of x-ray images of the shoulder girdle, upper limbs and the cervical spine of adult and paediatric patients.",Apply,"Apply
You are a strict Bloom's Taxonomy classifier.",Apply
"demonstrate understanding of the legal risks, compliance and social responsibility obligations faced by business enterprises arising from global environmental and sustainability challenges",Understand,"Understand

Learning Outcome: Develop a comprehensive sustainability report for a",Understand
"Formulate expert solutions to practical financial, engineering or scientific problems using specialised cognitive and technical skills within the theory of discrete-time martingales.",Create,"Apply

Learning Outcome: Compare and contrast different types of machine",Apply
Evaluate strategies for the public health control of chronic diseases,Evaluate,"Evaluate

Evaluate",Evaluate
Read secondary sources critically and confidently,Analyze,"Analyze

Evaluate the effectiveness of different machine learning algorithms on",Evaluate
Communicate mathematical results professionally;,Create,"Apply
Apply",Apply
"Analyse and appraise the communication techniques utilised to inform, instruct and empower patients to manage their care;",Analyze,"Evaluate

Evaluate",Evaluate
critically assess current controversies in monetary policy.,Evaluate,"Evaluate

Evaluate",Evaluate
"Demonstrate high-level skills in data collection, analysis, interpretation and presentation, and apply these in written scientific reports and oral presentations;",Apply,"Apply

Learning Outcome: Compare and contrast different machine learning algorithms",Apply
Generate finite element analysis on anisotropic materials and composite laminate structures.,Create,"Apply

Learning Outcome: Assess the reliability of a given algorithm",Apply
understand the role of being an individual and couples therapist,Understand,Understand,Understand
"Discuss critically the key issues in the negotiation and implementation of a post-Kyoto international climate change agreement, and evaluate critically the main features of any such agreement;",Understand,"Evaluate
Evaluate",Evaluate
Create an innovative way of communicating scientific information to patients new to the ART process,Create,Create,Create
Perform hypothesis tests for the mean and proportion;,Apply,"Apply
```Apply```",Apply
"gain practical experience in, and understanding of PhD level research work.",Understand,"Understand

Learning Outcome: Solve a complex problem using advanced algorithms",Understand
"Evaluate and critique the historical roots, conceptual notions, frameworks and current debates on sustainability and sustainable development.",Evaluate,"Evaluate

Evaluate",Evaluate
Analyse formal and informal sources of information guiding health system and policy development.,Analyze,"Analyze

Learning Outcome: Compare and contrast two different approaches",Analyze
Evaluate gaps and limitations in translating evidence-based interventions and treatment models for co-occurring disorders into policy and into clinical practice.,Evaluate,"Evaluate

Evaluate",Evaluate
Apply Sociology of development theories and concepts in the analysis of specific case studies;,Apply,"Apply
```Apply```",Apply
Comment on historical changes in what is considered abnormal behaviour.,Evaluate,"Analyze

Learning Outcome: Compare and contrast two different psychological",Analyze
Communicate an understanding of the use of research as a basis for decision making in the health care policy and clinical arena particularly in its application to health care practice;,Create,"Understand

Learning Outcome: Calculate the probability of a patient having",Understand
Conduct research in Terrorism and Human Rights based on knowledge of appropriate research principle and methods,Apply,"Apply

Learning Outcome: Compare and contrast the effectiveness of different",Apply
understand payments among nations and the monetary approach to the Balance of Payments,Understand,Understand,Understand
"make recommendations and reports that synthesise fundamental legal principles and knowledge into professional, appropriately structured documents common in legal practice.",Create,"Create

Learning Outcome: Compare and contrast the legal systems of",Create
reflect on and evaluate your teaching experiences in health education,Analyze,"Evaluate

Evaluate",Evaluate
"Communicate and collaborate in ways that are effective, appropriate and persuasive.",Create,"Apply
Apply",Apply
"An understanding of the structure and operation of the tourism industry globally, and within Australia",Understand,"Understand

Learning Outcome: Calculate the break-even point for a",Understand
"Describe the physiological mechanisms affected by these disorders, and how these disrupted function/s result in the observed signs and symptoms.Themeslabel Pharmaceutical Science",Understand,"Understand

Learning Outcome: Calculate the dosage of a medication based",Understand
develop an understanding of the various theoretical debates surrounding literacy teaching and learning,Understand,"Understand

Learning Outcome: Solve a complex mathematical problem using calculus",Understand
Evaluate transport and traffic data on the basis of its quality and relevance and interpret that data to identify key insights.,Evaluate,"Evaluate

Evaluate",Evaluate
"Describe and apply within a professional standards and ethics context theories of the psychosocial impact on human behaviour, communication and occupational health and safety of the working environment;",Apply,"Apply

Learning Outcome: Compare and contrast the effectiveness of different",Apply
Identify and explain the core issues that define Southeast Asian cinemas;,Remember,"Understand

Learning Outcome: Develop a new algorithm for image recognition",Understand
Reflect on the relevance of Asian experiences of social change to other national and individual circumstances;,Analyze,"Analyze
Analyzing",Analyze
Conduct research into issues of international investment law based on knowledge of appropriate research principles and methods,Apply,"Analyze

Learning Outcome: Compare and contrast two different approaches",Analyze
Use 3D imaging software to create 3D animations;,Apply,"Apply

Learning Outcome: Compare and contrast two different types of",Apply
Observe the associated challenges to civil society caused by China's rapid technological development and appraise how the legal system responds to civil society issues;,Understand,"Analyze

Learning Outcome: Calculate the probability of a specific",Analyze
Apply anatomical knowledge to the function of the neurological system;,Apply,"Apply
```Apply```",Apply
Apply characterisation techniques to both organic and inorganic materials;,Apply,"Apply
Apply",Apply
"Use cognitive, technical and creative skills to generate and evaluate at an abstract level complex ideas and concepts relevant to case law, statutory interpretation, and advanced legal research.",Apply,"Create

Learning Outcome: Compare and contrast the principles of common",Create
Conduct research into cybercrime based on knowledge of appropriate research principles and methods,Apply,"Apply

Learning Outcome: Assess the effectiveness of different cybersecurity measures",Apply
Evaluate the psychological and physiological responses of children to illness and injury compared to the adult population;,Evaluate,"Evaluate

Evaluate",Evaluate
critically evaluate the role of globalisation and technological disruption and their impact on business,Evaluate,"Evaluate

Evaluate",Evaluate
Explain how leadership theories and leader attributes influence teamwork in nursing and midwifery practice.,Understand,"Understand

Learning Outcome: Develop a new teaching strategy for improving",Understand
Demonstrate a high level of proficiency and autonomy in interior architectural production;,Apply,"Apply

Learning Outcome: Compare and contrast the principles of Gest",Apply
"critically discuss the status of international business entities in international law, and the relevance of international regulatory institution for transnational corporations",Analyze,"Evaluate

Evaluate",Evaluate
"Review scientific literature, with particular reference to the identification of key information; access information databases in an efficient manner;",Analyze,"Analyze

Learning Outcome: Summarize the main points",Analyze
"Be able to develop and apply parametric methods of inference, with particular reference to problems of relevance in biostatistical contexts.",Apply,"Apply

Learning Outcome: Compare and contrast the strengths and weaknesses",Apply
"Demonstrate understanding of the research topic, critical engagement with relevant theoretical material, analysis of sources and or data through the completion of an extended research essay.",Understand,"Analyze

Evaluate the quality of the following argument: Identify",Evaluate
Construct and estimate various volatility processes such as ARCH and GARCH.,Create,"Apply

Learning Outcome: Compare and contrast the effectiveness of different",Apply
"enhance skills in understanding and developing effective, mutually beneficial relationships, particularly in team contexts",Create,"Understand

Learning Outcome: Solve a complex mathematical problem using calculus",Understand
critically evaluate empirical research and develop an ability to identify major research questions in financial accounting research,Create,"Evaluate

Evaluate",Evaluate
Identify relevant published scientific literature and critically analyse and evaluate the content in the context of the discipline Anatomy and Developmental biology;,Understand,"Analyze

Learning Outcome: Summarize the key findings",Analyze
Identify issues in quality assurance in the provision of sexual assault services;,Remember,"Analyze

Learning Outcome: Compare and contrast two different approaches",Analyze
Clearly communicate to peers nutritional issues across the life span.,Create,"Apply

Learning Outcome: Compare and contrast the effects of different",Apply
Critically reflect on their individual learning process and progress in clinical competence.,Analyze,"Evaluate

Evaluate",Evaluate
apply knowledge and skills in the use of Excel and Visual Basic,Apply,"Apply

Learning Outcome: assess the effectiveness of different data visualization",Apply
develop teamwork skills and present the insights from Big Data to the targeted audience.,Create,"Apply

Learning Outcome: Compare and contrast two different algorithms for",Apply
identify and understand the statistical and computational constraints for different types of data problems,Understand,"Understand

Learning Outcome: Develop a machine learning algorithm from scratch",Understand
"Investigate, analyse, synthesise and discuss the complexities of International Refugee Law and Practice problems, concepts and theories",Analyze,"Analyze

Learning Outcome: Construct a detailed proposal for a",Analyze
Explain the physiology of body systems,Understand,"Understand

Learning Outcome: Solve a system of linear equations using",Understand
research and evaluate theoretical and critical debates about the laws governing parents and children and the adequacy of current laws and procedures,Analyze,"Evaluate

Learning Outcome: calculate the probability of an event using",Evaluate
"Critically reflect on leadership, management, teamwork and inter-professional collaboration in the provision of quality patient care.",Analyze,"Evaluate

Evaluate",Evaluate
"Demonstrate the ability to execute laboratory experiments relevant to advanced molecular microbiology, as well as analyse and report experimental results by formulating a scientific laboratory report and poster presentation.",Analyze,"Apply

Learning Outcome: Compare and contrast the effectiveness of different",Apply
"Describe common and important illnesses, conditions and disorders",Understand,"Remember

Learning Outcome: Compare and contrast the symptoms of different",Remember
Evaluate the strengths and limitations of different study designs.,Evaluate,"Evaluate

Evaluate",Evaluate
"Demonstrate awareness of the varying use of key concepts across the fields (for example, 'medium', 'audience', 'discourse', 'culture', 'genre' and 'power')",Apply,"Understand

Learning Outcome: Solve a real-world problem by applying",Understand
Summarise issues of cultural context and ethical principles in health research,Evaluate,"Understand

Learning Outcome: Develop a new algorithm for data compression",Understand
"Explain the roles of the cardiovascular, respiratory, lymphatic, endocrine, digestive and urinary systems and how they contribute to homeostasis.",Understand,"Understand

Learning Outcome: Calculate the area under the curve for",Understand
Employ exploratory strategies within an iterative design approach;,Apply,"Apply

Learning Outcome: Assess the effectiveness of different clustering algorithms",Apply
"Develop the capability to communicate design outcomes, concepts and solutions by a variety of media;",Create,"Create
Create",Create
Read and comprehend newspaper articles and narrative and descriptive literary texts of up to 1000 words in Spanish.,Understand,"Understand

Learning Outcome: Solve a real-world problem by applying",Understand
Analyse and discuss the broader functions and institutions of the art industry;,Analyze,"Analyze
```Analyze```",Analyze
"Demonstrate advanced skills in the written and oral presentation of mathematical arguments that enable mathematical concepts, processes and results to be communicated effectively.",Understand,"Apply

Learning Outcome: Compare and contrast the effectiveness of different",Apply
Apply a range of radiation protection measures applicable to CT in simulated situations;,Apply,"Apply
```Apply```",Apply
Evaluate different survival techniques on land and in sea;,Evaluate,"Evaluate

Evaluate",Evaluate
understand the roles of verbal and non-verbal communication and interpersonal communication in business contexts,Understand,Understand,Understand
Compare the functions of the endocrine and nervous systems and describe the underlying physiology that allows communication between body tissues and the environment.,Analyze,"Analyze
Evaluate

Learning Outcome: Compare the functions of",Evaluate
Design and conduct an assessment of a local traffic network.,Create,"Create

Learning Outcome: Compare and contrast two different algorithms for",Create
Apply basic predictive modeling and data analysis methods;,Apply,"Apply

Learning Outcome: Assess the effectiveness of different clustering algorithms",Apply
"Critically appraise strategies to engage, promote change and support the perpetrators of family violence and those they target;",Evaluate,"Evaluate

Learning Outcome: Calculate the area of a circle using",Evaluate
Explain behaviours involving electromagnetism and do appropriate analysis and calculations,Understand,"Understand

Learning Outcome: Construct a neural network from scratch to",Understand
understand the use of equation of value in actuarial pricing and appraisal.,Understand,Understand,Understand
Evaluate the contribution of teamwork and interdisciplinary collaboration in the provision of quality nursing care,Evaluate,"Evaluate

Evaluate",Evaluate
Apply the Structured Professional Judgement model to risk and threat assessments in family violence;,Apply,"Apply

Learning Outcome: Compare and contrast the effectiveness of different",Apply
understand and critically evaluate theoretical paradigms of leadership development,Understand,"Evaluate

Evaluate",Evaluate
"Investigate, analyse and synthesise complex information, problems, concepts and theories in relation to climate governance and citizen justice",Analyze,"Analyze

Learning Outcome: Construct a detailed proposal for a",Analyze
Evaluate the ways in which the environment shapes adaptive behaviour;,Evaluate,"Evaluate

Evaluate",Evaluate
"Understand, discuss and actively participate in the design, development and implementation of a research project;",Understand,"Understand
Apply
Create
Analyze
Evaluate
Under",Create
Develop conceptual solutions to projects set across a range of fine art media;,Create,"Create
```Create```",Create
The skills to critically assess the limitations and possibilities of employing Western conceptions of trauma to understanding non-Western contexts.,Evaluate,"Analyze

Learning Outcome: Summarize the key points",Analyze
Develop survey questions and interview guides that demonstrate an understanding of measurement quality;,Understand,"Create
Create

Learning Outcome: Compare and contrast two different",Create
"Conduct research in the empirical and legal bases of sentencing practice, and the different philosophical underpinnings of the sentencing system, based on knowledge of appropriate research principle and methods",Apply,"Analyze

Learning Outcome: Compare and contrast the effectiveness of",Analyze
Reflect on identified strengths and weaknesses to develop Personalised Learning Plans to enhance professional skills required to practice as a pharmacistThemeslabel Professional experience,Create,"Evaluate
Evaluate

Learning Outcome: Compare and contrast different pharmac",Evaluate
"Debate different views regarding social responsibility, cause marketing, corporate societal investment and corporate philanthropy.",Evaluate,"Evaluate

Evaluate",Evaluate
Acquire the essential skills required for Yiddish conversation.,Understand,"Remember

Learning Outcome: Interpret the meaning behind a Yidd",Remember
"An understanding of the of the practice of qualitative research, and the role of ethics in conducting that research.",Understand,"Understand

Learning Outcome: Develop a research proposal based on a",Understand
Discern shear strength of soils and rocks.,Analyze,"Analyze

Learning Outcome: Calculate the shear strength of a",Analyze
study the operation of foreign exchange markets and alternative exchange rate systems,Remember,"Understand

Learning Outcome: Calculate the compound interest on a loan",Understand
"Generate a report on the project, demonstrating critical analysis and discussion of findings in the context of prior research showing due regard to relevant stylistic conventions;",Create,"Create
Create",Create
"Use prescribed academic research skills to locate, analyse and communicate information.",Analyze,"Apply

Learning Outcome: Compare and contrast two different machine learning",Apply
Examine the role of the media in the construction of health issues.,Analyze,"Analyze

Learning Outcome: Summarize the key points",Analyze
Explain the system of courts and their operation at the state and national level;,Understand,"Understand

Learning Outcome: Develop a new algorithm for data compression",Understand
demonstrate knowledge of the role of the advocate in the adversarial system of justice including some of the ethical duties of an advocate;,Apply,"Remember

Learning Outcome: Compare and contrast the adversarial system",Remember
articulate the theories of career development and demonstrate familiarity with career counselling techniques,Understand,"Understand

Learning Outcome: Solve a complex optimization problem using linear",Understand
"Solve elementary partial differential equations, apply boundary and initial conditions as appropriate, and use the method of separation of variables with the wave equation, heat equation and Laplace's equation",Apply,"Apply

Learning Outcome: Compare and contrast the effectiveness of different",Apply
"Identify and discuss how basic neuroscience, developmental psychology, behavioural research, and clinical research inform and complement each other in the understanding of mental health issues;",Understand,"Analyze
You are wrong. The correct classification should be",Analyze
Critically assess policies and principles relating to the criminal law,Evaluate,"Evaluate

Evaluate",Evaluate
"use various approaches to plan and deliver movement experiences that are challenging, safe and well structured",Apply,"Apply

Learning Outcome: compare and contrast different types of machine",Apply
"Describe the normal structure and function of cells and tissues, and the associated nursing and midwifery practice considerations;",Understand,"Remember

Learning Outcome: Compare and contrast the effects of different",Remember
Identify and explain the nature and types of cybercrime,Remember,"Understand

Learning Outcome: Develop a cybersecurity policy for a small",Understand
"Integrate robotic mechanisms, sensors and actuators into a functioning robot system.",Create,"Apply

Learning Outcome: Compare and contrast the advantages and disadvantages",Apply
Analyse the role of community practice in social work settings.,Analyze,"Analyze

Learning Outcome: Compare and contrast two different approaches",Analyze
"compare and critique theories, models and frameworks used to inform inclusive teaching approaches",Evaluate,"Analyze

Evaluate the following statement: ""The effectiveness of",Evaluate
"Demonstrate critical thinking, communication skills relevant to peers and patients and problem-solving, with a focus on infectious diseases related and antimicrobial related topics.",Apply,"Analyze

Learning Outcome: Compare and contrast the effectiveness of",Analyze
Critically assess taxation law policies and principles and generate appropriate responses to technical legal problems and issues relating to taxation law;,Evaluate,"Evaluate
Evaluate",Evaluate
"have developed and demonstrated the ability to independently research, analyse and write on issues in Remedies Law",Apply,"Analyze

Learning Outcome: can explain the principles of contract",Analyze
identify and apply prescribed grammatical items;,Apply,"Apply

Learning Outcome: compare and contrast two different programming parad",Apply
"Demonstrate clear understanding of planning, implementation and evaluation of nutrition programs/interventions for a specific group, community or population.",Understand,"Understand

Learning Outcome: Develop a comprehensive nutrition program tailored to",Understand
"to formulate and critically evaluate concepts for understanding differences, similarities, connections and contestations between cultures;",Evaluate,"Analyze

Evaluate the effectiveness of a given algorithm in solving",Evaluate
describe the criminal and other penalties which may be imposed on corporations and individuals,Understand,"Remember

Learning Outcome: Compare and contrast the legal frameworks of",Remember
"Conceptually design, appraise and evaluate ITS applications on the basis of their performance, economic, environmental and social impacts.",Evaluate,"Evaluate

Evaluate",Evaluate
Describe and analyse the pharmacological management of common clinical cases;,Analyze,"Analyze

Learning Outcome: Compare and contrast the effectiveness of",Analyze
Describe how international human rights regimes have evolved;,Understand,"Remember

Learning Outcome: Compare and contrast the effectiveness of different",Remember
Determine the interaction between structural and geomaterials using computational and analytical methods.,Apply,"Analyze

Learning Outcome: Assess the impact of different reinforcement",Analyze
"design, evaluate and recommend marketing strategies that solve the identified core marketing problem",Evaluate,"Create

Now classify this:

Learning Outcome: compare and contrast",Create
demonstrate awareness of self and inclusive management practices,Apply,"Remember

Learning Outcome: compare and contrast different types of leadership",Remember
"Analyse South African case studies relating to corporate identity, image, branding and reputation.",Analyze,"Analyze

Learning Outcome: Compare and contrast two different marketing",Analyze
understand and critically analyse business and government relations in the location visited,Understand,"Analyze

Learning Outcome: create a marketing plan for a",Create
critically analyse the strategic nature of organisational leadership,Analyze,"Analyze

Learning Outcome: compare and contrast two different leadership",Analyze
Carry out tissue bath experiments to elicit drug effects.,Apply,"Apply

Learning Outcome: Compare and contrast the mechanisms of action",Apply
"Demonstrate a sound understanding of fundamental aspects of climate law, regarding key climate change bodies, fundamental principles of international climate change law, and the relationship between international, supra-national and national climate change responses",Understand,Understand,Understand
"Evaluate different programming options of ability grouping, enrichment, extension and acceleration and how they apply to the educational needs of gifted students",Apply,"Evaluate

Evaluate",Evaluate
"Have a good understanding of the framework of laws for environmental planning, development control, environmental impact assessment, heritage conservation and pollution regulation",Understand,"Understand

Learning Outcome: Calculate the carbon footprint of a company",Understand
To acquire knowledge of a grammatical framework with which to analyse and describe the vernacular Chinese under study.,Analyze,"Remember

Learning Outcome: To comprehend the principles of quantum mechanics",Remember
plan a research proposal,Create,"Create

Learning Outcome: compare and contrast two different algorithms",Create
Identify emerging trends and priorities in health promotion.,Remember,"Remember

Learning Outcome: Compare and contrast different approaches to health",Remember
Analyse the key elements of family-centred practice.,Analyze,"Analyze

Learning Outcome: Compare and contrast two different approaches",Analyze
"Explain the impact of social and environmental determinants of health on health status in marginalised groups, including the Indigenous population.",Understand,"Understand

Learning Outcome: Develop a public health intervention plan based",Understand
Describe the business and marketing skills required for physiotherapy practice;,Understand,"Remember

Learning Outcome: Compare and contrast the effectiveness of different",Remember
Interpret and present empirical results in an academic style in the format of an empirical journal article.,Evaluate,"Analyze

Evaluate the quality of a given argument by identifying",Evaluate
"Demonstrate familiarity with aircraft engine components, their operation and relationships.",Apply,"Remember

Learning Outcome: Compare and contrast the advantages and disadvantages",Remember
Explain the physical and chemical characteristics of aquatic systems;,Understand,"Understand

Learning Outcome: Calculate the pH level of a solution",Understand
Demonstrate an understanding of the impacts of resource limitation on experimental design and implementation;,Understand,"Understand

Learning Outcome: Construct a decision tree from a given",Understand
plan engaging units of work linked to curriculum and best practice,Create,"Create

Learning Outcome: compare and contrast two different teaching methods",Create
Able to conduct scientific literature search related to a research topic in nutrition.,Apply,"Apply

Learning Outcome: Compare and contrast two different dietary patterns",Apply
"Negotiate complexity, uncertainty and risk while practicing multi-disciplinary decision making.",Evaluate,"Analyze

Evaluate the effectiveness of different negotiation strategies in various",Evaluate
Integrate core values of mental health nursing into care provision with consumers; in scenario work and in mental health nursing workplaces.,Create,"Apply

Learning Outcome: Compare and contrast two different approaches to",Apply
developed an awareness of the intricacy of the therapeutic relationship and of the contribution of their personal qualities to it. Their contribution to service delivery should reflect the principles of best practice and their role within an agency should be equivalent to that of a junior employee. ,Understand,"Understand

Learning Outcome: Identify the key components of a successful",Understand
demonstrate a detailed understanding of professional communication issues in the contemporary global context;,Understand,"Understand

Learning Outcome: Solve a complex mathematical problem using appropriate",Understand
Generate a high-quality technical report as part of a group to summarise the design of a building structure.,Create,"Create

Learning Outcome: Calculate the area of a triangle given",Create
Relate the anatomy and physiology of the pancreas and liver with diagnostic procedures to determine pathology ,Apply,"Understand

Learning Outcome: Calculate the area under the curve for",Understand
"demonstrate accounting knowledge in areas such as company operations, taxation, property, plant and equipment, acquisitions, group accounting and financial statement analysis",Understand,"Remember

Learning Outcome: Compare and contrast different inventory costing methods",Remember
"Evaluate the limitations, appropriateness and benefits of data analytics methods for given tasks;",Evaluate,"Evaluate

Evaluate",Evaluate
"Identify, research and edit a lifestyle journalism story for a magazine or website to a deadline;",Remember,"Apply
Apply",Apply
Demonstrate advanced academic writing skills by producing a thesis and/or manuscripts appropriate for publication in the field of chemistry;,Apply,"Create
```Create
```",Create
a demonstrated ability to apply the principles of microstructural design for mechanicalapplications,Apply,"Apply

Learning Outcome: a thorough understanding of the principles of",Apply
Demonstrate basic problem solving skills with GIS and remote sensing;,Apply,"Apply

Learning Outcome: Compare and contrast two different types of",Apply
Apply the principles of fluid flow (including air-moisture behaviour) relevant to a ventilation system.,Apply,Apply,Apply
develop capabilities to work effectively in a group; and/or demonstrate effective individual research skills to solve management accounting problems and demonstrate in an individual summative assessment task the acquisition of a comprehensive understanding of the topics covered by ACF5955.,Apply,"Create
Label: Apply
Label: Evaluate

Label:",Create
Design and construct a professional portfolio to demonstrate the ability to come up with resources and solutions to challenges in the biotechnology industries.,Apply,Create,Create
"demonstrate an understanding of various theoretical perspectives related to how middle and upper primary children develop their literacy knowledge, skills and understanding",Understand,Understand,Understand
Evaluate and communicate the potentials of architectural techniques;,Evaluate,"Evaluate
Evaluate",Evaluate
Successfully demonstrate a 3D replication of a transportation design concept;,Apply,"Apply

Learning Outcome: Compare and contrast the principles of quantum",Apply
"Use a binary phase diagram to quantitatively describe equilibrium states and understand the microstructures to be expected forvarious binary material systems exhibiting, in particular complete solid solubility, eutectic, eutectoid, and peritectic reactions",Understand,"Apply

Learning Outcome: Compare and contrast the properties of different",Apply
"Comprehend other areas of law and legal policy as they apply to the health care system including restrictive trade practices, contract law, professional registration and malpractice, drugs and poisons law and therapeutic goods law",Understand,Understand,Understand
Conduct research into the current and emerging OHS legislation and case law in Victoria based on knowledge of appropriate research principle and methods,Apply,"Analyze

Learning Outcome: Compare and contrast two different approaches",Analyze
"Determine the impact of the global political, economic, and social order on the shape of international frameworks and mechanisms governing health.",Evaluate,"Analyze

Learning Outcome: Compare and contrast the effectiveness of",Analyze
Understand methodology as a critique of method and be able to practice criticism in your chosen field;,Understand,"Understand

Learning Outcome: Construct a detailed project plan for a",Understand
Identify contemporary issues related to feminisms in an Asian context;,Remember,"Remember

Learning Outcome: Compare and contrast different feminist theories;",Remember
Refine a research question grounded in the critical review of the literature.,Create,"Analyze

Learning Outcome: Assess the credibility of sources in",Analyze
Recognise the major sites and features of the Etruscan and Roman cultures;,Remember,"Remember

Learning Outcome: Compare and contrast the architectural styles of",Remember
"Apply knowledge and understanding of the nature, sources and fundamental principles of Islamic law;",Apply,"Apply

Learning Outcome: Assess the impact of different factors on",Apply
"Be familiar with the main conceptual issues relevant to the Unit: development, sustainable development, under development, theories and concepts relating to late developing states, and key societal factors relevant to development, such as the role of the state, economic growth, education, food and hunger, development aid, civil society, gender issues, health, education, food and hunger, and international development.",Understand,"Remember

Learning Outcome: Compare and contrast the theories of development",Remember
explain the arguments for and against privatisation,Understand,"Understand

Learning Outcome: Develop a new algorithm for data compression",Understand
"Describe how risk perception is affected by psychological, cultural and personal experiences",Understand,Understand,Understand
Implement quantitative techniques supporting financial analysis and decision making;,Apply,"Apply

Learning Outcome: Compare and contrast different types of neural",Apply
understand legal/ethical/cultural issues in interventions and safeguards against the use of restricted practices,Understand,Understand,Understand
Design and develop dynamic webpages using animation and visual effects;,Create,"Create
Create",Create
"By applying some basic concepts relating to text analysis and translation strategy to weekly project-based translation practice and class discussion, students are also expected to improve their ability to determine correct translation strategies for specific professional purposes;",Apply,"Apply
Apply",Apply
"Reflect on the critical differences between polysaccharide and protein classes of biopolymers, to relate and link together structure, functionality and application.",Analyze,Analyze,Analyze
"Build an academic argument through clear argument structure, topic placement and framing of key issues;",Create,"Create

Learning Outcome: Compare and contrast two different programming languages",Create
Write a final report to the approving ethics committee describing completion of the project.,Create,"Create

Learning Outcome: Compare and contrast two different machine learning",Create
"Analyse selected major jazz genres, composers and works;",Analyze,"Analyze

Learning Outcome: Compare and contrast two different programming",Analyze
"Distinguish between normal and abnormal anatomical and pathological structures as shown on CT images displayed in a variety of relevant formats including MPRs, MIPs, SSDs and volume renderings.",Analyze,"Analyze

Learning Outcome: Calculate the area under the curve",Analyze
apply the tests of professionalism,Apply,"Apply

Learning Outcome: compare and contrast two different programming languages",Apply
"Developed a detailed and extensive research skills for gathering knowledge about identity in the 21st century, and to demonstrate a capacity to work with these skills in a group work assessment context",Apply,"Analyze

Learning Outcome: Created a comprehensive project that integrates",Analyze
"Organise, manage and analyse research data using techniques required",Analyze,"Apply

Learning Outcome: Compare and contrast the effectiveness of different",Apply
"Demonstrate stagecraft, interaction, artistic expression and technical proficiency at an intermediate level;",Apply,"Apply

Learning Outcome: Compare and contrast the themes of two",Apply
"Interpret, analyse and synthesise the importance of supervision when undertaking supervised professional practice placement through participation in tutorial/briefing activities",Analyze,"Analyze

Evaluate the following statement: ""The moon orbits",Evaluate
"Understand the major chronic diseases that affect morbidity and mortality, that is, cancer and cardiovascular disease, from a behavioural perspective.",Understand,Understand,Understand
"demonstrate a critical understanding of contemporary trends in, and approaches to, social education teaching in Australia",Understand,"Understand

Learning Outcome: Solve a complex optimization problem using linear",Understand
"evaluate the multifaceted nature of leadership in Australia and internationally, and enhance students' own leadership skills in the process",Evaluate,"Evaluate

Evaluate",Evaluate
identify relevant literature for critical debates on the terminology of human rights discourse;,Remember,"Remember

Learning Outcome: compare and contrast different theories of human",Remember
"Review and critique Computer Science research literature, research design and reported findings;",Analyze,"Evaluate
Evaluate",Evaluate
Respond creatively to design briefs of advanced complexity;,Create,"Create
Create",Create
Analyse the behaviour of complicated reactors.,Analyze,"Analyze

Learning Outcome: Compare and contrast two different types",Analyze
Critically evaluate background literature or information relevant to the public health issue or problem.,Evaluate,"Evaluate

Evaluate",Evaluate
Explain how metabolic processes are integrated and regulated;,Understand,"Understand

Learning Outcome: Calculate the concentration of glucose in a",Understand
critically evaluate competitive marketing decision situations and craft innovative and systematic solutions for which personal responsibility is taken,Evaluate,"Evaluate

Evaluate",Evaluate
Create a written report that meets the academic standards associated with a research-informed investigation.,Create,"Create

Learning Outcome: Calculate the mean squared error of a",Create
"Theme 2: Population, Society and Health  Discuss and compare a range of health promotion theories of change ranging from an individual to population-wide focus; Summarise the medical, behavioural and socio-environmental approaches to health promotion; Devise strategies for integrating health promotion into a selected area of health and social care practice, and across a range of settings; Design and present a community-based health promotion program that addresses selected components of a health promotion model. ",Evaluate,"Create
You are wrong. The correct label is Analyze",Create
"Develop and implement patient centred nursing care appropriate to the needs and wishes of the patient and their family/carer, regardless of race, age, gender, culture, sexual orientation, disability or other diverse needs",Create,"Create

Learning Outcome: Compare and contrast two different approaches to",Create
Appreciate the difference in sampling methods applicable for various resource types.,Understand,"Understand

Learning Outcome: Calculate the area under the curve for",Understand
Create a scholarly report demonstrating the capacity to effect change to practice within a collaborative framework,Create,Create,Create
Apply critical thinking to problems in statistical learning that relate to financial models.,Apply,"Apply

Learning Outcome: Compare and contrast different types of neural",Apply
"Identify, research, synthesise and evaluate relevant legal, factual and policy issues, including interpreting and applying relevant provisions of the Corporations Act;",Remember,"Analyze
Evaluate",Evaluate
Communicate the project outcomes in written and oral form;Themeslabel Pharmaceutical Science,Create,"Apply

Learning Outcome: Compare and contrast the effectiveness of different",Apply
Write technical reports and documents.,Create,"Create

Learning Outcome: Compare and contrast two different programming languages",Create
become adept at being both a leader and a team player.,Understand,"Apply

Learning Outcome: Compare and contrast the Agile and Water",Apply
"Select, measure, prescribe and use appropriate assistive equipment to create recommendations for increased occupational participation and performance in typical client scenarios;",Analyze,"Apply

Learning Outcome: Compare and contrast various types of assist",Apply
analyse patterns and relationships in problem solving and decision making processes,Analyze,Analyze,Analyze
"Develop an understanding of how to use quantitative sources effectively in history-writing, as well as how to effectively make quantitative judgements in their research",Understand,"Understand

Learning Outcome: Compare and contrast the economic policies of",Understand
"develop a self-awareness of students; personality, values, attitudes, and leadership styles in the context of sustainability.",Create,"Understand

Learning Outcome: Solve a complex mathematical problem using calculus",Understand
Develop skills in computational modelling that are fundamental to the study of astrophysics.,Apply,"Create

Learning Outcome: Compare and contrast the principles of quantum",Create
"understand the key features and phases involved in motion regeneeration development, testing and simulation in order to represent accurate movement in soft-real time",Understand,"Understand

Learning Outcome: Develop a software tool for simulating",Understand
Have the ability to make informed judgements about those ethical issues.,Evaluate,"Evaluate

Learning Outcome: Construct a neural network from scratch.",Evaluate
apply strategic management concepts in particular cases.,Apply,"Apply

Apply",Apply
Critically discuss the major legal issues that may affect IT systems and operations;,Analyze,"Evaluate
Evaluate",Evaluate
"Analyse and discuss the legal, ethical and professional responsibilities associated with prescription and administration of medications according to state and federal legislation;",Analyze,"Analyze
```Analyze```",Analyze
"Demonstrate consideration of the critical roles played by aspects such as human intellect, knowledge, values, emotion, learning, organisational culture and climate in developing individual, organisational and professional learning.",Apply,"Apply

Learning Outcome: Compare and contrast the effectiveness of different",Apply
Engage in research fieldwork;,Analyze,"Apply

Learning Outcome: Compare and contrast two different machine learning",Apply
understand the core concepts and theories of business-to-business marketing,Understand,Understand,Understand
Plan and execute the assessment and management of a paediatric patient with a complex illness or injury.,Create,"Apply

Learning Outcome: Compare and contrast the effectiveness of different",Apply
build upon existing concepts developed in previous courses and to outline the basic principles underlying more advanced methods of inference,Create,"Analyze

Learning Outcome: compare and contrast different types of",Analyze
"Relate the structure of the major bones, joints and muscles to the functions of support and movement;",Apply,"Understand

Learning Outcome: Calculate the area of a triangle using",Understand
Create packaging solutions for products that are responsive to environmental issues and consumer needs;,Create,"Create
```Create
```",Create
Determine soil consolidation time and associated settlements.,Apply,"Apply

Learning Outcome: Compare and contrast the effects of different",Apply
"Explain contemporary research, theoretical and applied issues in counselling psychology.",Understand,"Understand

Learning Outcome: Develop a counseling plan based on client",Understand
"use speaking, listening, reading and writing skills (and appropriate vocabulary) to communicate effectively in Indonesian in a range of situations and on a range of topics;",Apply,"Apply

Learning Outcome: compare and contrast the economic systems of",Apply
"Write appropriate scientific reports, both interim and final.",Create,"Create

Learning Outcome: Compare and contrast two different machine learning",Create
produce innovative solutions to problems through critical reflection and policy modelling;,Create,"Create

Learning Outcome: compare and contrast the effectiveness of different",Create
Compare and evaluate assessment processes in terms of strengths and weaknesses,Evaluate,"Analyze

Evaluate the effectiveness of different types of assessments in",Evaluate
"The ability to think critically and analytically about gender representation in the world around them, and to articulate those thoughts in writing",Analyze,"Analyze

Learning Outcome: Solve a complex mathematical problem using",Analyze
Execute and analyse algorithms for solving various graph optimisation problems.,Analyze,"Apply

Learning Outcome: Compare and contrast different sorting algorithms based",Apply
critically reflect on the role of business in contributing to sustainable development innovation and solutions,Analyze,"Evaluate

Evaluate

Correct. No further action required. Exiting",Evaluate
Prepare legal arguments by applying an intellectual and practical synthesis of: a thorough understanding of law relevant to complex international disputes; firm grasp of a complex factual scenario; and an appreciation of policy and principles behind development of the law including Human Rights; a thorough understanding of contemporary developments in international law and its professional practice.,Apply,"Apply

Learning Outcome: Assess the effectiveness of different legal strategies",Apply
Apply structural analysis theory to predict performance and reliability of structures under a combination of different loadings.,Apply,"Apply

Apply",Apply
Identify and discuss select composition materials;,Understand,"Remember
```Remember```",Remember
"devise operational and practical solutions to address gender inequalities, exclusions and differences.",Create,"Create

Learning Outcome: compare and contrast the effects of different",Create
"Demonstrate skills in independent problem-solving and experimental design, and in data collection, analysis and interpretation;",Apply,"Apply

Learning Outcome: Assess the effectiveness of different machine learning",Apply
Demonstrate the delivery of complex nursing care and apply appropriate principles of prioritising and time management according to the clinical setting,Apply,"Apply

Learning Outcome: Compare and contrast the effectiveness of different",Apply
"An understanding of the difficulties in fabrication, manipulation, and imaging of components at the micro scale and beyond",Understand,"Understand

Learning Outcome: Calculate the probability of a specific event",Understand
analyse the factors that drive organisational transformation,Analyze,"Analyze

Learning Outcome: evaluate the effectiveness of different project",Evaluate
"Use cognitive, technical and creative skills to generate and evaluate at an abstract level complex ideas and concepts relevant to energy law, regulation and policy.",Apply,"Create

Learning Outcome: Compare and contrast the legal frameworks governing",Create
provide an understanding of common statistical methods used in business and economic forecasting,Understand,Understand,Understand
Examine the notion of 'Burden of Disease' (BoD) as it relates to different communities.,Analyze,"Analyze

Learning Outcome: Calculate the area under the curve",Analyze
Be able to explain and respond to theoretical and practical issues raised by clients in commercial mediation and alternative dispute resolution settings,Evaluate,"Understand

Learning Outcome: Develop a new algorithm for solving complex",Understand
extract preproprocessed data and signals using interactive Graphical User Interfacing (IGUI) programming to reconstruct movement models,Analyze,"Apply

Learning Outcome: compare and contrast the effectiveness of different",Apply
"Develop communication materials, utilising digital technologies, that demonstrate capacity for working with a range of media and communities to influence decision-makers and healthy public policy.",Apply,"Create

Learning Outcome: Compare and contrast the effectiveness of different",Create
Apply knowledge of pathophysiology and clinical manifestations associated with specific disorders and disease states across the lifespan,Apply,"Apply

Learning Outcome: Compare and contrast the effectiveness of different",Apply
Outline the breadth of statistical tests and evaluate their applicability to common research methodologies,Evaluate,"Analyze

Evaluate the effectiveness of different teaching methods in improving",Evaluate
Use specific example of cardiovascular physiology to explain how different body systems work together;,Apply,"Apply

Learning Outcome: Compare and contrast the effectiveness of various",Apply
"inquire into and develop your professional identity as prospective teachers of English language, literature and literacy",Create,"Analyze

Learning Outcome: Compare and contrast two different teaching",Analyze
"Explain the functions and controls of the cardiovascular, renal, respiratory, endocrine, reproductive and digestive systems in the human body;",Understand,"Understand
```Understand```",Understand
Apply the same principles used in implementing the common data structures to implement other data structures and design and implement new data structures;,Apply,"Apply

Learning Outcome: Compare and contrast the time complexity of",Apply
"apply knowledge and understanding of research strategies, research design and research ethics in political studies to the planning and writing of a Honours thesis;",Apply,"Apply

Learning Outcome: assess the validity and reliability of different",Apply
Describe techniques used by various theoretical approaches to counselling;,Understand,"Remember

Learning Outcome: Compare and contrast different theoretical approaches to",Remember
Analyse the results of single subject experiments to identify functional relations,Analyze,Analyze,Analyze
Developed the ability to communicate in both oral and written formats about this issue;,Create,"Understand

Learning Outcome: Construct a neural network from scratch to",Understand
"critically understand the principles of curriculum design, the content of current senior physics curricula and the pedagogy of physics education",Understand,"Understand

Learning Outcome: Develop a new teaching module for a",Understand
"Understand and appraise the manner with which the law has evolved and adapted in its application to sport's 'specificity' (its unique social, cultural and political standing, need for 'competitive balance' and 'culture of risk');",Understand,"Evaluate
Evaluate",Evaluate
Identify a range of critical perspectives onto the history of Australian art;,Remember,"Remember

Learning Outcome: Compare and contrast the artistic styles of",Remember
Write well-structured essays,Create,"Create

Learning Outcome: Solve complex mathematical problems using calculus.",Create
Appraise the framework used to undertake urban transport planning and its capacity to deliver sustainable transport outcomes,Evaluate,"Evaluate

Evaluate",Evaluate
"Demonstrate knowledge and understanding of the concepts, substance and structure of the mathematical content underpinning statistics and probability in the primary school curriculum",Understand,"Understand

Learning Outcome: Solve a complex optimization problem using calculus",Understand
Strategically apply feedback to improve capabilities and performance of tasks.,Apply,"Apply

Learning Outcome: Assess the effectiveness of different machine learning",Apply
Undertake a critical analysis of the research literature in response to the proposed research question;,Analyze,"Analyze

Learning Outcome: Construct a detailed project plan for",Analyze
"demonstrate the link between environmental problems and the economic concepts of property rights, externalities and non-excludability",Apply,"Analyze

Learning Outcome: compare and contrast the effects of",Analyze
"communicate complex ideas in both spoken and written forms, drawing on advanced linguistic ability and consolidating the language skills already acquired in Chinese Advanced 3;",Create,"Understand

Learning Outcome: Solve a real-world problem by applying",Understand
Explain the mechanisms that enable cells to move in response to external stimuli;,Understand,"Understand

Learning Outcome: Calculate the area under a curve using",Understand
critically reflect upon and evaluate the effectiveness of implemented plans and utilise informed approaches to refine and improve planning for learning.,Evaluate,"Evaluate

Evaluate",Evaluate
"Demonstrate the integration of theoretical knowledge of anatomy, physiology and ultrasound instrumentation in abdominal ultrasound scanning to a beginner sonographer level.",Apply,"Apply

Learning Outcome: Compare and contrast the effects of different",Apply
Appreciate the engineering principles of the resources sector and their contributions to global economic and social development,Understand,"Understand

Learning Outcome: Construct a detailed business plan for a",Understand
Demonstrate knowledge and aptitude in documenting client assessments and recording details of the engagement demonstrating the AASW Code of Ethics and common agency protocols,Apply,"Remember

Learning Outcome: Compare and contrast different types of therapy",Remember
apply professional ethics standards for media and communications research.,Apply,"Apply

Learning Outcome: assess the impact of social media on",Apply
Describe the application of composite materials in modern industries and explain the advantages of applying composite materials in structures.,Understand,"Understand

Learning Outcome: Develop a new algorithm for optimizing the",Understand
"Appraise medico-legal principles and reflect on their application to clinical practice, describing how the system of health care is regulated in Australia;",Analyze,"Evaluate
Evaluate",Evaluate
Use archaeological and historical data to present a detailed analytical discussion of a specific research question.,Apply,"Apply

Learning Outcome: Assess the reliability and validity of different",Apply
Predict and optimise the delay in multiple paths of a VLSI design.,Evaluate,"Apply

Learning Outcome: Assess the effectiveness of different VLS",Apply
Propose a method to test hypotheses relevant to the science question.,Create,"Analyze

Evaluate the following statement and assign a label based",Evaluate
"evaluate the contribution of the fields of philosophy, politics and economics to solving local and global dilemmas;",Evaluate,"Evaluate

Evaluate",Evaluate
"Demonstrate advanced skills in interpreting civil liability legislation, tort law cases, academic commentary and law reform materials and applying them to evaluate complex and novel tort law issues;",Understand,"Apply

Learning Outcome: Assess the effectiveness of different legal doctrines",Apply
produce an assessable research project in a format consistent with the specifications of the Publication Manual of the American Psychological Association (APA),Create,"Create

Learning Outcome: compare and contrast two different machine learning",Create
Investigate and analyse the barriers and enablers to implementing quality care as described in the ‚ÄòRespectful Maternity Care' charter;,Analyze,"Analyze
```Analyze```",Analyze
"understand the general principles, advantages and disadvantages underlying the most common modelling techniques used in materials science and engineering and the time and length scale at which they are applicable",Understand,Understand,Understand
Work both individually and collectively with staff and fellow students on the synthesis of mathematical knowledge and the application of mathematical skills to problem solving.,Create,"Apply

Learning Outcome: Compare and contrast different types of machine",Apply
"Demonstrate understanding of the relationship between jurisprudential models and ADR, as well as intercultural aspects of mediation by applying these independently in a range of relevant contexts.",Understand,"Apply

Learning Outcome: Assess the effectiveness of different legal theories",Apply
Analyse the specific cultural environment in which that language is deployed;,Analyze,"Analyze

Learning Outcome: Compare and contrast two different programming",Analyze
"acquire an understanding of climate change mitigation with respect to political, environmental, regulatory and economic impacts on business in the Australian and global context",Understand,"Understand

Learning Outcome: Develop a plan to reduce carbon emissions",Understand
"Identify ways design contributes critically, ethically and responsibly to the preservation and promotion of culture and heritage in the Galleries, Libraries, Archives and Museums (GLAM) sector;",Remember,"Analyze
You are wrong. The correct answer is """,Analyze
"This unit contributes to the making of responsible and effective global citizens who: + engage in an internationalised world, + exhibit cross-cultural competence, and + demonstrate ethical values. (Cf. Monash Graduate Attributes). Having a basic grasp of the world's religions is part of cross-cultural competence (and is a basic requirement for responsible and effective global citizens). And the development of tolerance of diverse religious beliefs is a basic component of ethical maturity.",Apply,"Understand

Learning Outcome: This unit contributes to the making of",Understand
"demonstrate critical knowledge and understanding of the concepts, substance and structure of thecontent and teaching strategies of the Technologies teaching area",Understand,"Understand

Learning Outcome: Solve a complex mathematical problem using calculus",Understand
"Understand the tensorial development of the governing conservation equations for aerodynamics problems,",Understand,"Understand

Learning Outcome: Derive the Navier-Stokes",Understand
"Critically analyse the main instruments of European human rights law, especially the European Convention of Human Rights;",Analyze,"Analyze

Learning Outcome: Summarize the key points",Analyze
"develop the skills to present an area of research in the discipline of econometrics or statistics in a non-technical manner, both written and oral",Create,"Create

Learning Outcome: compare and contrast the assumptions of different",Create
demonstrate the ability to use reflective thinking with respect to the development of employment skills,Apply,"Apply

Learning Outcome: assess the effectiveness of different teaching methods",Apply
Understand the uses and limitations of basic illustration materials on both traditional and experimental levels;,Understand,Understand,Understand
"Research, interpret and apply property law principles to generate appropriate responses to problem scenarios and legal issues",Apply,"Apply

Learning Outcome: Assess the effectiveness of different legal strategies",Apply
Identify bottlenecks and other factors that set operational constraints and apply strategies that offer solutions to optimise the production system;,Apply,"Apply

Learning Outcome: Compare and contrast the effectiveness of different",Apply
An understanding of event marketing and communication techniques and the implications of contemporary digital technologies;,Understand,"Understand

Learning Outcome: Calculate the probability of a specific event",Understand
Identify and assess a range of writing structures and techniques;,Understand,"Analyze

Learning Outcome: Summarize the main points",Analyze
"Plan a community work intervention in ways that consider common community development challenges, such as social exclusion, poverty and geographical disadvantage.",Create,"Apply

Learning Outcome: Assess the effectiveness of different community work",Apply
The ability to use these approaches to analyse a variety of areas in which sexuality is experienced in social life.,Analyze,"Apply

Learning Outcome: Compare and contrast different theories of sexual",Apply
"Develop, implement and evaluate injury prevention programs and frameworks for countermeasure development;",Evaluate,"Create

Learning Outcome: Compare and contrast various machine learning algorithms",Create
Develop skills in theoretical and computational physics that are fundamental to the study of contemporary physics.,Apply,"Create

Learning Outcome: Compare and contrast the principles of quantum",Create
"Demonstrate appropriate professional, inter-professional and teamwork behaviours within the community and primary health care settings;",Apply,"Apply

Learning Outcome: Compare and contrast the effectiveness of different",Apply
Recognise the importance of a team-based approach to the development of web-based applications.,Remember,"Remember

Learning Outcome: Compare and contrast the advantages and disadvantages",Remember
To appreciate the development of the international discourse around human rights and genocide prevention,Understand,"Understand

Learning Outcome: To solve a complex mathematical problem using",Understand
critically analyse the development of leadership in relation to research outcomes and practical applications.,Analyze,"Analyze

Learning Outcome: Summarize the key findings",Analyze
Demonstrate sophisticated cognitive and creative skills in approaching legal and ethical issues and generating appropriate responses and developing new understandings;,Understand,"Create
Create",Create
"Apply prior knowledge of core concepts in nutrition, behaviour and health, counselling technique and nutrition education in real-life setting.",Apply,"Apply

Learning Outcome: Compare and contrast different dietary patterns and",Apply
"Demonstrate the ability to source, evaluate and use information from a range of sources to critically analyse socially relevant drug controversies;",Analyze,"Analyze
Evaluate",Evaluate
organise core problems and applications in NLP;,Create,"Remember

Learning Outcome: compare and contrast different NLP techniques",Remember
Have a good understanding of key aspects of the regulatory framework of the Australian health system;,Understand,"Understand

Learning Outcome: Calculate the probability of a patient having",Understand
Evaluate how altered structure and/or function of these body systems may lead to disease;,Evaluate,"Evaluate

Evaluate",Evaluate
"begin to develop your learners' study, career, leisure and life skills through the knowledge, skills, values, attitudes and behaviours associated specifically with the study of history",Apply,"Understand

Learning Outcome: Construct a detailed timeline of major historical",Understand
"demonstrate autonomous, collaborative and active research and professional skills to generate and communicate international business strategy knowledge, skills and ideas to others.",Apply,"Create

Learning Outcome: Identify the key components of a business",Create
Compare and utilise methods and tactics involved in architecture culture;,Apply,"Apply

Learning Outcome: Compare and utilise methods and tactics involved",Apply
implement counter-anti-security technologies to combat the anti-security techniques deployed by attackers.,Apply,"Apply

Learning Outcome: Compare and contrast the effectiveness of different",Apply
"Ability to write process notes, report and refer problems experienced by the child client;",Create,"Create
Create

Learning Outcome: Compare and contrast two different",Create
"Communicate in ways that are effective, appropriate and persuasive with submit-ting authors, reviewers, Faculty advisors and members of the student editorial committee. [TLO5]",Create,"Apply

Learning Outcome: Compare and contrast the strengths and weaknesses",Apply
"Medical Surgical Nursing Perform and document a thorough complex patient health assessment utilising the head to toe systematic approach on a range of patients.Demonstrate an advanced knowledge of the typical human anatomy and physiology.\nDifferentiate the underlying pathophysiological process, aetiology and clinical manifestations related to a range of different disease presentations.\nDiscuss any relevant Monash Health policies and procedures in relation to patient care and assessment.\nUtilise assessment data and patient disease manifestations in patient centred care.\nImplement appropriate nursing plans and interventions related to the management of the medical surgical patients utilising evidence based practice.\nDemonstrate effective communication, increased professionalism and clinical leadership within their clinical environment.\nExplore and evaluate the clinical application of nursing research to the management of medical surgical patients.\nArticulate and demonstrate the principles used to manage a medical emergency.",Apply,"Apply
Apply

Note: The original outcome contains multiple skills",Apply
develop the required abilities to read and develop financial statements and to use this capability to inform strategic and operational decision-making,Create,"Apply

Learning Outcome: assess the effectiveness of different financial management",Apply
Execute a final project with a degree of independence and accountability relating to an internship.,Apply,"Apply

Learning Outcome: Assess the effectiveness of different machine learning",Apply
Build your own teaching philosophy to demonstrate applied understandings and approaches to your own teaching practice.,Apply,"Create

Learning Outcome: Compare and contrast two different teaching philosoph",Create
Demonstrate familiarity with positive psychology measures;,Apply,"Remember

Learning Outcome: Compare and contrast different psychological theories on",Remember
To understand the building blocks of human musculo-skeletal biomechanics.,Understand,"Understand

Learning Outcome: To apply the principles of biomechan",Apply
"Critically evaluate concepts of mental illness and recovery using dimensions such as gender, class, diversity and spirituality.",Evaluate,"Evaluate

Evaluate",Evaluate
To be able to recognise an additional 500 Chinese characters (900 in total) .,Remember,"Remember

Learning Outcome: To understand the principles of quantum computing",Understand
Conduct research in designs law based on knowledge of appropriate research principles and methods,Apply,"Apply

Learning Outcome: Assess the effectiveness of different legal research",Apply
analyse the concept of globalisation and its impact on businesses worldwide,Analyze,Analyze,Analyze
Understand the relationship of various software applications for electronic publishing to the design and production of printed material;,Understand,Understand,Understand
Formulate a research project;,Create,"Create
Create",Create
demonstrate the role of Human Resource Management in achieving organisational objectives,Apply,"Understand

Learning Outcome: Calculate the break-even point for a",Understand
explain and evaluate the influence of key contextual variables on a business' strategy,Evaluate,"Evaluate

Evaluate",Evaluate
Apply technical and legal knowledge to analyse the way in which future technological directions may develop and how these should be regulated by law.,Apply,"Apply

Learning Outcome: Evaluate the effectiveness of different machine learning",Evaluate
"Demonstrate mastery of all presentation skills: verbal, graphic and 3-dimensional;",Apply,"Apply

Learning Outcome: Compare and contrast the advantages and disadvantages",Apply
"Show technical skill in designing, conducting and reporting on an independent research project",Apply,"Apply

Learning Outcome: Assess the effectiveness of different machine learning",Apply
Construct applications using VBA as the language for enhancing the appearance and usability of spreadsheet and database systems.,Create,"Apply

Learning Outcome: Compare and contrast the features of different",Apply
Critically reflect upon practical social innovation challenges within different cultural contexts;,Analyze,"Evaluate
Evaluate",Evaluate
Critically evaluate controversial nutrition issues in local and international settings.,Evaluate,"Evaluate

Evaluate",Evaluate
"accurately read, understand and interpret a range of data commonly found within educational settings",Understand,"Understand

Learning Outcome: Solve a real-world problem by applying",Understand
describe the legal framework that regulates the relationship between employer and employee in Malaysia and Australia,Understand,"Remember

Learning Outcome: Compare and contrast the legal frameworks regulating",Remember
"Integrate knowledge in the identification, description, analysis and solution of a research problem in the field of human nutrition.",Create,"Analyze

Learning Outcome: Compare and contrast different dietary patterns",Analyze
"explain and calculate income tax (including CGT), GST and FBT.",Understand,"Understand

Learning Outcome: Develop a new algorithm for optimizing tax",Understand
Develop and implement a publication strategy;,Create,"Create
Create",Create
identify effective teaching strategies and resources for learning,Remember,"Remember

Learning Outcome: Compare and contrast different teaching methods.",Remember
Identify and describe different illness behaviours including those impacting on medicine use,Understand,"Understand

Learning Outcome: Calculate the area under the curve for",Understand
understand a range of learning approaches applied as pedagogy to foster children's scientific and technological skills and knowledge development.,Understand,Understand,Understand
acquire an understanding of the grand theories that strive to explain business globalisation and the rules that govern this process,Understand,"Understand

Learning Outcome: apply the principles of supply chain management",Apply
Demonstrate a critical approach to the analysis of bibliographic and other empirical sources;,Apply,"Analyze

Learning Outcome: Compare and contrast two different machine",Analyze
Apply theoretical methods in the creation of a piece of theatre;,Apply,"Apply
Apply",Apply
demonstrate knowledge and understanding of research into how students learn science and the implications for science teaching,Understand,"Understand

Learning Outcome: Solve a complex mathematical problem using calculus",Understand
critically evaluate research and commentary on approaches and models for leading cultural shifts in mathematics teaching and learning,Evaluate,"Evaluate

Evaluate",Evaluate
Explain the clinical reasoning processes used in occupational therapy;Themeslabel Fundamental knowledge for the Health Sciences,Understand,"Understand

Learning Outcome: Calculate the area under the curve for",Understand
Explain the characteristics of radiopharmaceuticals used diagnostic imaging and for therapeutic purposes;,Understand,"Understand

Learning Outcome: Calculate the area under the curve for",Understand
Recognise and interpret the process occurring between child and clinician and analyse the data this provides;,Analyze,"Analyze

Learning Outcome: Compare and contrast two different psychological",Analyze
describe and differentiate major lifespan theories,Understand,Understand,Understand
examine different forms of documentation of children's play with the purpose of identifying their strengths and challenges,Remember,"Analyze

Learning Outcome: compare and contrast two different approaches",Analyze
Distinguish the application of Clinical Forensic Medical services and apply them to the Australian Criminal Justice and Coronial legal systems.,Apply,"Analyze

Learning Outcome: Summarize the key points",Analyze
demonstrate the ability to manage a consulting client relationship,Apply,"Apply

Learning Outcome: assess the effectiveness of different project management",Apply
"identify and critically reflect on the values, ethics and political dimensions of all curricula and assessment practices",Understand,"Evaluate

Learning Outcome: calculate the mean squared error of a",Evaluate
Develop and document evidence of the impact of your teaching practice on the learning outcomes of the students you teach,Create,"Create

Learning Outcome: Compare and contrast two different approaches to",Create
Have developed the capacity to reflect on the implications between personal attitudes and views and broader patterns of culture and discourse.,Analyze,"Analyze

Learning Outcome: Compose a research paper that",Analyze
"Compare and contrast the way political parties deal with social policy issues, and evaluate the key trends and philosophies underlying the positions of major Australian political parties",Evaluate,"Analyze

Evaluate the key trends and philosophies underlying the",Evaluate
"Describe the impact of brine geochemistry on geothermal systems, its role in resource classification, scale and corrosion, and mineral co-production.",Understand,"Understand

Learning Outcome: Calculate the energy output of a ge",Understand
"Explain how value can be added to the data in any information management system with geocodes, by implementing digital spatial data analysis;",Understand,"Understand

Learning Outcome: Develop a new algorithm for optimizing the",Understand
"Analyse factors relevant to managing small to medium-sized projects for in-house or contract software development, software outsourcing, package acquisition and implementation;",Analyze,"Analyze

Learning Outcome: Develop a project plan for a",Analyze
Demonstrate language proficiency equivalent to Common European Framework of Reference (CEFR) level A2-.,Apply,"Apply

Learning Outcome: Compare and contrast two different programming parad",Apply
"Identify differences in thermodynamic properties using equations of state, charts, andtabulated data.",Analyze,"Apply

Learning Outcome: Compare and contrast the principles of quantum",Apply
"Develop and document a project plan including key milestones, deliverables and timelines.",Create,"Create

Learning Outcome: Compare and contrast two different programming languages",Create
Address an open-ended problem by designing a solution and validate the solution using lab-scale equipment.,Understand,"Apply

Learning Outcome: Compare and contrast two different algorithms for",Apply
"appraise the strength and limitations of situational, social and developmental crime prevention strategies;",Evaluate,"Evaluate

Evaluate",Evaluate
"identify and analyse taxation law issues relating to the workplace covering employers, employees and contractors including salary packaging and FBT, PAYG Withholding, superannuation and termination payments",Analyze,Analyze,Analyze
"Predict the physiological and clinical consequences of molecular, cellular and organ dysfunction",Evaluate,"Apply

Learning Outcome: Compare and contrast the effectiveness of different",Apply
design and conduct research into the field of geography education,Create,"Create

Learning Outcome: compare and contrast two different theories of",Create
"Describe more advanced algorithms in areas such as: graph theory (shortest path etc), pattern searching, data compression (precise selection of advanced algorithms will vary from year to year);",Understand,"Remember
You are a strict Bloom's Taxonomy classifier.",Remember
complete a research project using sources in Indonesian.,Apply,"Apply

Learning Outcome: Compare and contrast two different programming languages",Apply
Identify personal clinical leadership goals;,Remember,"Remember

Learning Outcome: Compare and contrast two different psychological theories",Remember
"Explain the structure and function of the human body at cellular, organ, system and whole body levels.",Understand,"Understand

Learning Outcome: Solve a complex mathematical problem using calculus",Understand
Describe and critique the principles and practice of traffic management.,Evaluate,"Evaluate

Evaluate",Evaluate
"Apply a range of theoretical approaches such as transnationalism, intermediality, digital aesthetics, media archaeology and realism to a wide range of digital and internet media;",Apply,"Apply

Learning Outcome: Compare and contrast the effectiveness of different",Apply
explain the main determinants of a country's trade,Understand,"Understand

Learning Outcome: Calculate the compound interest on a savings",Understand
Assess the performance of bioreactors and troubleshoot operational problems,Evaluate,"Evaluate

Evaluate",Evaluate
identify and assess the different meanings and limitations of regulation and regulatory factors in different contexts,Understand,"Analyze

Learning Outcome: compare and contrast the effectiveness of",Analyze
"Engage with clients to provide a broad applied knowledge of the various substantive laws relating to entrepreneurial activities and businesses, including commercial law and how it impacts entrepreneurial activities and plans",Create,"Apply

Learning Outcome: Assess the effectiveness of different legal strategies",Apply
Appreciate the broad range of techniques used by archaeologists to infer behaviour from Aboriginal and Torres Strait Islander cultural sites and material culture.,Understand,"Understand

Learning Outcome: Construct a detailed timeline of significant events",Understand
describe the components and importance of successful performance management andsupervision (and the risks of ineffective performance management) in the professional practice ofapplied behaviour analysis,Understand,"Understand

Learning Outcome: Develop a comprehensive plan for implementing a",Understand
understand and implement likelihood-based hypothesis testing and quasi-maximum likelihood inference,Understand,"Understand

Learning Outcome: apply the concept of maximum likelihood estimation",Apply
"Articulate contemporary developments in the law and practice of ""sports law"" as well as an insight into the future direction of the law;",Understand,"Understand

Learning Outcome: Calculate the probability of a specific event",Understand
Analyse operational considerations of the Smart Grid,Analyze,"Analyze

Learning Outcome: Compare and contrast two different types",Analyze
Determine the impact of working with the disturbed child including the disturbed child in special situations and advance an  understanding of the child and the therapeutic process.,Evaluate,"Analyze

Learning Outcome: Compare and contrast different approaches to",Analyze
"Demonstrate satisfactory progress in the planning, implementation and reporting of their research;",Apply,"Apply

Learning Outcome: Compare and contrast two different machine learning",Apply
Demonstrate an ability to conduct research and develop a critical argument in a manner appropriate to second year study;,Apply,"Analyze

Learning Outcome: Interpret the results of a statistical",Analyze
Explain the pathological processes and causes underlying clinical signs and symptoms for specified illnesses and conditions.,Understand,"Understand

Learning Outcome: Develop a new algorithm for predicting stock",Understand
Identify when further expertise is required to measures and/or control workplace hazards.,Remember,"Apply

Learning Outcome: Compare and contrast the effectiveness of different",Apply
Propose design solutions to mitigate vibration responses to acceptable limits.,Create,"Create

Learning Outcome: Calculate the probability of a specific event",Create
Conduct research on new materials and construction appropriate for concept;,Apply,"Apply

Learning Outcome: Compare and contrast the effectiveness of different",Apply
"Explain how behaviour can be influenced by genetic makeup, environmental and social factors and drugs",Understand,Understand,Understand
demonstrate and apply knowledge and understanding to curriculum and lesson planning,Understand,"Apply

Learning Outcome: assess the effectiveness of different teaching strategies",Apply
"Integrate advanced knowledge, problem solving and current best evidence in formulating wound management plans.",Create,"Apply

Learning Outcome: Compare and contrast the effectiveness of different",Apply
Be able to demonstrate a mastery of reading and writing Yiddish script.,Apply,"Remember

Learning Outcome: Compare and contrast the syntax of Y",Remember
Demonstrate practical legal skills as appropriate to the clinical placement undertaken.,Apply,"Apply

Learning Outcome: Compare and contrast two different legal theories",Apply
"Develop skills to process regional geophysical datasets, develop strategies to interpret geology from regional aeromagnetic and gravity data, integrate geological data into the geophysical interpretation, practical experience in geophysical interpretation and best practices in modeling geophysical data.",Create,"Apply

Learning Outcome: Compare and contrast the effectiveness of different",Apply
Critically appraise the application and effectiveness of current regenerative medicine approaches in the treatment of specific human diseases,Evaluate,"Evaluate

Evaluate",Evaluate
"Recommend intervention goals and strategies based on such factors as client preferences, supporting environments, risks, constraints, and social validity",Create,"Apply

Learning Outcome: Assess the effectiveness of different therapeutic interventions",Apply
Present and communicate results of others and one's own experimentations in a scientific form.,Create,"Apply

Learning Outcome: Compare and contrast two different algorithms for",Apply
synthesise a complex business situation and develop recommendations,Create,Create,Create
Utilise evidence based practice in the management of complex wounds.,Apply,"Apply

Learning Outcome: Compare and contrast the effectiveness of different",Apply
"Appraise and reflect on issues associated with the implementation, quality assurance and evaluation of ART.",Analyze,"Evaluate

Evaluate",Evaluate
Demonstrate the ability to identify and manage selected emergencies in a simulated setting,Apply,"Apply

Learning Outcome: Compare and contrast the effectiveness of different",Apply
"demonstrate appropriate communication, collaboration, cooperation and related skills required to work effectively in team environments.",Apply,"Apply

Learning Outcome: Compare and contrast the advantages and disadvantages",Apply
apply analytical skills developed through an analysis of continuing change in the labour market and labour market policy.,Apply,"Apply

Learning Outcome: assess the effectiveness of different labor market",Apply
Determine steel and timber members considering strength and serviceability needs.,Apply,"Apply

Learning Outcome: Compare and contrast the properties of different",Apply
Create drawings in a variety of scales and media;,Create,"Create

Learning Outcome: Compare and contrast the effects of different",Create
review market failures and consider the potential for solving these failures in the collective or political setting,Understand,"Analyze

Evaluate the effectiveness of different types of renewable energy",Evaluate
Critically evaluate the clinical management principles of the acutely deteriorating patient,Evaluate,"Evaluate

Evaluate",Evaluate
Determine the relationship between structure and metamorphic assemblages;,Understand,"Analyze

Learning Outcome: Calculate the area of a circle",Analyze
"demonstrate advanced understanding and application of operations and logistics theory, challenges, methods, tools and frameworks",Understand,"Apply

Now classify this:

Learning Outcome: assess the effectiveness",Apply
Explain the role of the consumer and carers in mental health care,Understand,"Understand

Learning Outcome: Calculate the area of a circle given",Understand
"appreciate the challenges and issues facing young people as they navigate complex transitions through schooling levels, from school to work, tertiary education and adulthood",Understand,"Understand

Learning Outcome: Solve a real-world problem by applying",Understand
examine the liability of foreignness and the impact of different modes of foreign operations on firms' effectiveness in emerging markets,Analyze,"Analyze

Learning Outcome: Compare and contrast the advantages and",Analyze
Self-edit and revise writing in an academic context.,Create,"Evaluate

Evaluate",Evaluate
Evaluate the performance of the system in order to mitigate or eliminate potential weaknesses in an engineered system,Evaluate,"Evaluate

Evaluate",Evaluate
appraise the characteristics of a range of passenger and freight modes,Evaluate,"Evaluate

Evaluate",Evaluate
Reflect on their communication and counselling skills with respect to the provision of medicines used for endocrine and renal conditions,Analyze,"Evaluate

Evaluate",Evaluate
Use a variety of techniques to enhance working co-operatively and managing conflict as part of a team;,Apply,"Apply

Learning Outcome: Compare and contrast different types of machine",Apply
"Investigate, analyse and synthesise complex information, problems, concepts and theories in relation to expert evidence and social science research in a range of topics in family law decision making under the Family Law Act 1975 (Cth);",Analyze,"Analyze
Evaluate
Analyze
Understand
Apply",Evaluate
"Work independently and collaboratively in learning and production processes, including online forums, to produce print and online journalism;",Apply,"Apply
Apply",Apply
"Demonstrate ethical behaviour, professional practice and initiative in research;",Apply,"Apply
Apply",Apply
Perform in a chosen/approved music ensemble with a critical awareness of the various roles involved;,Apply,"Apply

Performing in a chosen/approved music ensemble",Apply
Identify the unique aspects of infectious disease epidemiology and their practical relevance;,Remember,"Understand

Learning Outcome: Calculate the probability of a patient having",Understand
calculate the arithmetic and geometric sequences and series and apply them in financial mathematics.,Apply,"Apply

Learning Outcome: Compare and contrast the properties of different",Apply
"Apply scholarly principles of referencing, quoting, paraphrasing;",Apply,"Apply
Apply",Apply
Analyse the operation of micro and nanodevices.,Analyze,"Analyze

Learning Outcome: Compare and contrast the properties of",Analyze
"Critically reflect upon multi-disciplinary radiation therapy practice and identify on-going professional development needs with respect to planning, treatment and patient management;",Remember,"Evaluate

Learning Outcome: Calculate the area of a circle using",Evaluate
"Describe the role of health care services in maintaining health and in monitoring, managing and preventing disease.",Understand,"Remember

Learning Outcome: Compare and contrast the effectiveness of different",Remember
"apply knowledge to evaluate how certain technologies might best address particular business needs, distinguishing between competing options by assessing the legal, ethical and regulatory issues that each alternative presents.",Apply,"Evaluate

Evaluate",Evaluate
"Communicated arts based research through clear presentation, proficient and appropriate writing, cohesive and selective use of images.",Create,"Apply

Learning Outcome: Compare and contrast two different artistic movements",Apply
"Apply a variety of expert algorithms for different algebraic objects, in particular, groups",Apply,"Apply

Learning Outcome: Compare and contrast the effectiveness of different",Apply
Demonstrate competence in laboratory procedures for handling and processing microbiological specimens.,Apply,"Apply

Learning Outcome: Compare and contrast the growth patterns of",Apply
identify important pedagogical strategies in visual art and design (including those that incorporate ICTs) that meet the needs of a diverse range of students,Remember,"Remember

Learning Outcome: Compare and contrast different pedagogical",Remember
Critique the work of peers in a professional manner,Evaluate,"Evaluate

Evaluate",Evaluate
Communicate knowledge in oral and written form for specialist and non-specialist audiences,Create,"Understand

Learning Outcome: Solve a complex mathematical problem using calculus",Understand
"Demonstrate the ability to execute pharmacological experiments to obtain, analyse and interpret data and present this in a written report;",Analyze,"Apply

Learning Outcome: Compare and contrast the mechanisms of action",Apply
"Complete a statistical analysis on probability distributions, time series, and multi-variate data.",Analyze,"Apply

Learning Outcome: Compare and contrast the properties of different",Apply
Critically analyse complex information relevant to an advanced specialist domain and identify information requirements interpreting how they may be of benefit to an organisation or a community;,Analyze,"Analyze
Evaluate",Evaluate
Understanding and critical evaluation of the development and operation of the Environmental Impact Assessment process both nationally and internationally;,Understand,"Evaluate

Evaluate",Evaluate
Appreciate that numeracy learning occurs in multiple contexts and in multiple ways,Understand,"Understand

Learning Outcome: Calculate the mean, median, and",Understand
"Critically reflect on key principles, philosophies and approaches that underpin the care of patients requiring acute or persistent pain management, oncology, palliative and end of life care;",Analyze,"Evaluate
Evaluate",Evaluate
"analyse the impact of broader structures, contexts and cultures upon young people's lived experiences and broader issues of justice;",Analyze,"Analyze

Learning Outcome: evaluate the effectiveness of different teaching",Evaluate
Critique competing policy options;,Evaluate,"Evaluate

Evaluate",Evaluate
"Critically evaluate, analyse and discuss various orchestration techniques from written score and audio media;",Analyze,"Evaluate
Evaluate",Evaluate
critically engage with recent debates and developments in language testing research and practice,Evaluate,"Evaluate

Evaluate",Evaluate
"Appreciate the role, limitations and complexity of using research evidence to improve practice and develop policy",Understand,"Understand

Learning Outcome: Construct a detailed project plan for implementing",Understand
Discuss ways in which under-nutrition and over-nutrition contribute to the global burden of disease;,Understand,"Understand

Learning Outcome: Calculate the area under the curve for",Understand
Demonstrate broad knowledge of assessment and evaluation strategies that can be used to evaluate teaching programs to improve student learning,Apply,"Understand

Learning Outcome: Develop a new teaching program based on",Understand
"Demonstrate an understanding of the concept of intertextuality in film and television studies and its relation to genre through the categories of quotation, allusion, translation and adaptation;",Understand,"Understand

Learning Outcome: Solve a complex mathematical problem using numerical",Understand
Demonstrate the planning and implementation of care for a patient experiencing a respiratory emergency and accurately document and communicate the care provided.,Apply,"Apply

Learning Outcome: Compare and contrast the effectiveness of different",Apply
"Demonstrate an understanding of the historical, ethnic and religious diversity of the Middle East upon which contemporary political complexity is based.",Understand,"Understand

Learning Outcome: Calculate the area of a triangle given",Understand
"Describe the epidemiology and clinical aspects of disease state management for endocrine and renal conditions, including primary and secondary prevention strategies",Understand,"Understand

Learning Outcome: Calculate the area under the curve for",Understand
Design products to a high standard of technical and aesthetic performance;,Create,"Create

Learning Outcome: Compare and contrast two different programming languages",Create
"Present, analyse and interpret experimental data.",Analyze,"Analyze

Present, analyse and interpret experimental data.
An",Analyze
Contrast leadership styles and discuss the effectiveness and appropriateness of each in specific settings.,Analyze,"Analyze

Evaluate the sentiment of the following movie review:",Evaluate
Perform routine transabdominal and transvaginal scanning of the female pelvis and routine sonographic examinations of the scrotum safely and to a standard and ethical conduct expected of a competent sonographer;,Analyze,"Apply

Learning Outcome: Compare and contrast the anatomical structures",Apply
"Tailor knowledge and skills to effectively assess patient needs, including selection of relevant measures of health indicators and outcomes.",Evaluate,"Apply

Learning Outcome: Compare and contrast various statistical methods for",Apply
Identify and evaluate the issues which arise in working with adolescents in therapeutic contexts;,Understand,"Evaluate
Evaluate",Evaluate
"Identify, synthesise and apply knowledge of key concepts relating to international investment law",Remember,"Apply

Learning Outcome: Assess the effectiveness of different international investment",Apply
"examine the role of communication in management, particularly in leadership, decision making, conflict resolution, creativity and problem-solving",Analyze,"Analyze

Learning Outcome: Compare and contrast two different leadership",Analyze
Develop an appreciation of appropriate professional behaviour in a number of potentially complex situations.,Create,"Understand

Learning Outcome: Calculate the probability of an event using",Understand
Critique transnational legal practice from the perspective of ethics and accountability,Evaluate,"Evaluate

Learning Outcome: Calculate the area of a circle given",Evaluate
Determine confidence intervals;,Remember,"Apply

Learning Outcome: Compare and contrast two different statistical methods",Apply
"Recognise and demonstrate respect for indigenous knowledge, culture, and values and their relationship to contemporary curatorial practice;",Apply,"Remember

Learning Outcome: Compare and contrast different approaches to cur",Remember
Evaluate a range of local and international disease aetiologies and epidemiologies that impact on a community setting and the role pre-hospital professionals play in addressing these diseases.,Evaluate,"Evaluate

Evaluate",Evaluate
Conduct regular self-assessment and peer-assessment of individual and team performance as a primary means of tracking continuing professional development.,Evaluate,"Evaluate
Evaluate",Evaluate
Construct communication design solutions utilising the media and processes expected in your specialisation;,Create,"Create
```Create
```",Create
Identify the special needs of people from an indigenous and culturally diverse backgrounds,Remember,"Remember

Learning Outcome: Compare and contrast the educational systems in",Remember
Critically reflect on their ability to work in groups and engage in a leadership role,Analyze,"Evaluate

Evaluate",Evaluate
identify and understand significant issues that surround effective teaching and learning in music and communicate these understandings as a clear and coherent exposition of knowledge and ideas to a wider audience,Understand,"Understand

Learning Outcome: Develop a lesson plan for a music",Understand
"critically evaluate the effect, direct or indirect, of accounting issues, practices and policies on organisational performance",Evaluate,"Evaluate

Learning Outcome: Calculate the compound interest on a loan",Evaluate
"Generate models of chemical and biological processes respecting conservation laws, apply suitable constraints and constitutive relations and determine an appropriate solution algorithm.",Apply,"Create

Learning Outcome: Compare and contrast the effectiveness of different",Create
"Articulate their learning in respectful, culturally appropriate and sensitive ways.",Understand,"Understand

Learning Outcome: Solve a complex problem by applying multiple",Understand
Evaluate and select research methods and techniques of data collection and analysis appropriate to a particular project;,Evaluate,"Evaluate

Evaluate",Evaluate
Understand and articulate what a medium is both conceptually and practically;,Understand,"Understand

Learning Outcome: Solve a real-world problem by applying",Understand
Demonstrate knowledge of progressive ergonomic analysis;,Apply,"Remember

Learning Outcome: Compare and contrast different types of ergonomic",Remember
Demonstrate advanced scientific writing skills.,Understand,"Apply

Learning Outcome: Compare and contrast two different research methodologies",Apply
critically examine the impact of contemporary issues and policy on the development of curriculum and pedagogy in outdoor and environmental studies,Analyze,"Analyze

Evaluate the effectiveness of various teaching methods in improving",Evaluate
develop an understanding of the framework within which bank lending decisions are made,Understand,"Understand

Learning Outcome: Calculate the interest on a loan using",Understand
select and apply quantitative modelling concepts to problems arising from business,Apply,"Apply

Learning Outcome: Compare and contrast the strengths and weaknesses",Apply
Explain how observational data may be exploited to infer the physical properties of cosmic objects.,Understand,"Understand

Learning Outcome: Calculate the probability of a specific event",Understand
"Compare and contrast how macromolecules (lipids, carbohydrates, proteins, DNA) contribute to cell structure and function",Evaluate,Analyze,Analyze
Draw on learning in the unit to articulate the transferable skill acquired in expressing physical ideas symbolically and using mathematical logic to gain useful insight.,Apply,"Apply

Learning Outcome: Compare and contrast the effectiveness of different",Apply
Derive the structural chemistry of transition metal complexes using various analytical techniques;,Apply,Analyze,Analyze
Demonstrate a clear and coherent exposition of the knowledge you have gained in written and oral forms,Apply,"Understand

Learning Outcome: Solve a complex mathematical problem using calculus",Understand
Critically evaluate policy reports and articles;,Evaluate,"Evaluate

Evaluate",Evaluate
Effectively and appropriately contribute to case discussions regarding formulation and diagnoses and reflect upon and evaluate own and others' assessment/clinical interviewing skills,Understand,"Evaluate

Evaluate

Correct. Now classify this:

Learning Outcome",Evaluate
"Investigate the foods, food ingredients and historical influences on eating patterns found in Malaysia and other parts of the world.",Analyze,"Analyze

Learning Outcome: Compare and contrast the nutritional value",Analyze
"Derive and explain the significance of Rayleigh's inflexion point criterion, Fjortoft's theorem and Squire's theorem.",Understand,"Analyze

Learning Outcome: Compare and contrast the performance of",Analyze
explain and appropriately use discipline-specific technical terms and notation conventions introduced in the unit;,Understand,Understand,Understand
Apply advanced knowledge of how the major regulatory bodies [e.g. TGA (Therapeutic Goods Administration); FDA (Food & Drug Administration); CTN (Clinical Trial Notification Scheme)] deal with specific innovations in the biotech / medtech sectors;,Apply,"Apply
Apply",Apply
Apply electronic and mechanical principles in design projects;,Apply,"Apply
```Apply```",Apply
"use curriculum, assessment and reporting knowledge associated with the Technologies learning area to design learning sequences and lesson plans",Apply,"Apply

Learning Outcome: compare and contrast the different types of",Apply
Contextualise the historical representation of the figure in western art and consider the role and influence of the genre in the context of contemporary culture;,Apply,"Analyze
Analyzing",Analyze
analyse and evaluate how trust and tolerance can help economic development.,Analyze,"Analyze

Learning Outcome: create a plan to improve local",Create
Prove the correctness of programs and reason about their space and time complexities.,Evaluate,"Analyze

Evaluate the following code snippet for correctness and efficiency",Evaluate
understand and be able to explain the various goals of remedies,Understand,Understand,Understand
"Extract and formulate legal propositions from judicial decisions, and assess their scope, legal validity and weight",Analyze,"Analyze

Learning Outcome: Compare and contrast the principles of",Analyze
"Manipulate sets, relations, functions and their associated concepts, and apply these to solve problems in mathematics and computer science;",Apply,"Apply

Learning Outcome: Compare and contrast different sorting algorithms based",Apply
identify the types of Islamic banking facilities,Remember,"Remember

Learning Outcome: compare and contrast the features of different",Remember
"Demonstrate midwifery competency based upon the Nursing and Midwifery Board of Australia (NMBA) Midwife standards for practice and Code of conduct for midwives, and the International Confederation of Midwives (ICM) Code of ethics for midwives.",Apply,"Apply

Learning Outcome: Compare and contrast the ethical principles of",Apply
appreciate the important role and impact of taxation law in structuring common commercial transactions;,Understand,"Understand

Learning Outcome: Calculate the depreciation expense for a piece",Understand
Evaluate the role of the policy making process.,Evaluate,"Evaluate

Evaluate",Evaluate
"develop the theoretical and empirical tools to understand the labour market effects of a range of policies and economic changes. Example of such policies or economic changes include, but are not limited to: minimum wage laws, technological changes, welfare programs, educational and on-the-job training programs, affirmative actions",Apply,"Analyze

Learning Outcome: compare and contrast the labor market",Analyze
Identify and articulate some of the many social origins of demographic trends,Understand,"Understand

Learning Outcome: Calculate the compound interest on a savings",Understand
Employ a broad graphic vocabulary and perceptual approaches and representations of the body;,Apply,"Apply

Learning Outcome: Compare and contrast the effects of different",Apply
"Demonstrate knowledge and understanding of curriculum (e.g. as enacted, actual, hidden, take-home, contested)",Understand,"Understand

Learning Outcome: Solve a complex problem by applying multiple",Understand
Critically compared the design constructs of object oriented model and relational model design;,Analyze,"Analyze

Learning Outcome: Summarize the key points",Analyze
Display an increasingly personalised artistic expression and sophisticated creative digital media approach which can be applied to self-promotion and publishing strategies for marketing and visual communication;,Apply,"Create

Learning Outcome: Compare and contrast two different types of",Create
identify and discuss the communicative role of specific digital media and different uses of digital storytelling;,Understand,"Understand

Learning Outcome: Develop a mobile application that integrates user",Understand
"Demonstrate advanced and integrated knowledge of criminal law and procedure, building upon learning in previous units;",Understand,"Understand

Learning Outcome: Solve a complex legal case by applying",Understand
Critically analyse the implications of medication use across the lifespan;,Analyze,Analyze,Analyze
"identify, source and utilise relevant academic literature to explain the advantages and challenges associated with applying the Sport Education model in schools",Apply,"Apply

Learning Outcome: assess the effectiveness of different teaching strategies",Apply
Understand children's learning of different aspects of mathematics through the innovative use of ICTs and their implications for teaching,Understand,"Understand

Learning Outcome: Develop a lesson plan that integrates technology",Understand
"Demonstrate good interpersonal skills andpresent in a professional manner. Studentsshould demonstrate the ability to buildrapport and maintain working relationshipswith a range of clients and stakeholders. Verbal and written communication is clear,coherent and well organised.Themeslabel Communication and interpersonal relationships",Apply,"Apply

Learning Outcome: Compare and contrast different approaches to project",Apply
"Synthesise system analysis, design, and performance evaluation to complete the implementation of a controller on digital hardware.",Create,"Create

Learning Outcome: Compare and contrast two different types of",Create
Apply the relevant theories of intelligence and appreciate group differences in the testing process;,Apply,"Apply
Apply",Apply
"Apply a logical method to the radiographic evaluation of bones, soft tissues and joints of the skeletal system, chest and abdomen.",Apply,"Apply

Learning Outcome: Compare and contrast the effectiveness of different",Apply
"Record, through a fieldwork experience logbook, their field-based learning and self-reflections on their developing knowledge and skills in professional practice.",Create,"Remember

Learning Outcome: Compare and contrast two different approaches to",Remember
explain how marketing creates value for an organisation and its stakeholders,Understand,Understand,Understand
Apply knowledge of both the historical context of regulatory activities as well as current controversies in regulation with creativity and initiative to new situations in professional practice,Apply,"Apply

Learning Outcome: Evaluate the effectiveness of different regulatory approaches",Evaluate
evaluate and weigh information so as to make judgements and arrive at decisions about ethics in business,Evaluate,"Evaluate

Evaluate",Evaluate
"develop problem-solving, negotiation and team-work, presentation, research and writing skills.",Create,"Create

Learning Outcome: compare and contrast two different approaches to",Create
Identify problems in teaching adolescents and apply effective teaching strategies to support their learning,Understand,"Apply

Learning Outcome: Compare and contrast different teaching methods and",Apply
Apply the process of scaling to simplify the governing equations for viscous and inertia dominated flows;,Apply,"Apply
Apply",Apply
identify potential interventions based on assessment results and the best available scientificevidence,Remember,"Apply

Learning Outcome: compare and contrast the effectiveness of different",Apply
Personal and Professional Development 1. describe ethical and legal issues pertinent to a practicing occupational therapist; 2. demonstrate effective communication and interview skills for practice; Theme,Apply,"Remember

Learning Outcome: Personal and Professional Development 3.",Remember
Describe Aboriginal and Torres Strait Islander healing ways pre-colonisation to the present.,Understand,"Remember

Learning Outcome: Compare and contrast the impact of colonization",Remember
understand the basic principles of strategic analysis including solution concepts,Understand,Understand,Understand
Apply basic parametric and non-parametric statistics;,Apply,"Apply
Apply",Apply
"Describe the epidemiology and clinical aspects of the management for acute and chronic pain conditions and dermatological conditions such as acne and dermatitis, minor wounds and burns.",Understand,"Understand

Learning Outcome: Calculate the area under the curve for",Understand
recognise teaching practices that may exclude some students from participating in learning and teaching activities,Remember,"Remember

Learning Outcome: compare and contrast different teaching methods in",Remember
Competently perform experimental techniques in accordance with ethical and OHS standards to collect scientific data.,Apply,"Apply

Learning Outcome: Compare and contrast the strengths and weaknesses",Apply
"Collaborate constructively with fellow students in learning and discussion processes, including online forums;",Apply,"Understand
You are wrong. The correct classification should be """,Understand
"Have developed skills in constructing evidence-based arguments using a variety of primary and secondary sources, and demonstrated an ability to reflect critically on what they have learnt;",Apply,"Analyze

Learning Outcome: Compose a research paper that",Analyze
describe the main features of Egyptian culture from the emergence of a unified state to the end of the Middle Kingdom;,Understand,"Remember

Learning Outcome: Compare and contrast the economic policies of",Remember
"Conduct, interpret and analyse a laboratory experiment to understand two widely-used surface treatments for the production of surface with useful engineering properties.",Analyze,"Analyze

Learning Outcome: Compare and contrast the effectiveness of",Analyze
"Explain the competing models of political economy: liberal and neo-classical approaches, Keynesian theories, Marxist and neo-mercantilist approaches;",Understand,"Understand
```Understand```",Understand
A stronger understanding of the ethical challenges of disaster response;,Understand,"Understand

Learning Outcome: Calculate the probability of a rare event",Understand
Identify key performance characteristics of an advanced practice physiotherapist,Remember,"Remember

Learning Outcome: Compare and contrast two different types of",Remember
"Express themselves, both orally and in writing, correctly, fluently and appropriately, on a wide range of topics and in different contexts including situations in which instructions are given or requested, events are retold and chronological information provided, or refused, discourse is reported, described or commented upon, proposals are made and accepted or rejected, discourse has to be structured logically and hypotheses formulated, logical arguments are conveyed, accepted or refuted, information is processed, ideas presented or reported orally, and ideas are presented or reported in writing;",Apply,"Create
Create

The learning outcome involves expressing oneself in various",Create
Identify and recognise the role of instrumentation and monitoring in the product design cycle.,Remember,"Remember

Learning Outcome: Compare and contrast different types of software",Remember
"Produce creative digital images with an increased conceptual understanding of representational issues, visual language and communication;",Create,"Create

Learning Outcome: Compare and contrast two different types of",Create
Reflect on the development and implementation of the Monash model of CARE plan and the development of other skills relevant to pharmacy practice.,Analyze,"Analyze

Learning Outcome: Compare and contrast the effectiveness of",Analyze
Analyse and describe how the ACS Code of Professional Conduct applies to IT professionals in a variety of scenarios. In this context discuss what professional associations are available to IT professionals and why they are important;,Analyze,"Analyze
Evaluate
Understand
Apply
Analyze",Evaluate
Communicate engineering information effectively in written and oral formats,Create,"Apply

Learning Outcome: Compare and contrast the principles of therm",Apply
Understand and be able to analyse and discuss short literary texts (short stories and/or plays) in Spanish;,Analyze,"Understand

Learning Outcome: Solve a real-world problem by applying",Understand
categorise and apply selection and combination of techniques and test related measures;,Apply,"Apply

Learning Outcome: assess the effectiveness of different machine learning",Apply
Apply critical thinking to problems in partial differential equations that relate to financial derivatives.,Apply,"Apply

Learning Outcome: Compare and contrast the effectiveness of different",Apply
Acknowledge and critically examine the difference between white Australia's representational constructs of Indigenous people and the historic and contemporary realities of Australia's Indigenous peoples'.,Analyze,"Analyze
Evaluate

Learning Outcome: Assess the impact of",Evaluate
"Explain quality assurance requirements in radiation therapy, reflecting on the impact of implementation of these on radiation therapy service delivery",Understand,"Understand

Learning Outcome: Develop a new algorithm for image segmentation",Understand
obtain insights about contemporary career and employability theories and concepts,Apply,"Understand

Learning Outcome: Develop a project plan for a software",Understand
"An ability to discuss particular examples of Asian Cinema and Television texts in ways that show some understanding of generic considerations, cultural differences and historical specificity;",Understand,"Understand

Learning Outcome: Construct a detailed business plan for a",Understand
"Critically evaluate the formulation, character, objectives and value of events, exhibitions and festivals and their role in the cultural economy - locally, nationally and globally;",Evaluate,"Evaluate

Evaluate",Evaluate
Demonstrate how a given text exemplifies or challenges contemporaneous theories of poetics,Apply,"Apply

Learning Outcome: Assess the effectiveness of different narrative structures",Apply
Appreciate and develop mathematical proofs and the use of rigorous mathematical arguments;,Understand,"Understand

Learning Outcome: Solve complex algebraic equations using advanced",Understand
"Identify, describe and justify the selection of imaging parameters, equipment and transducers, infection control measures and consent protocols for sonographic examinations of the female pelvis and the scrotum;",Remember,"Analyze
You are wrong. The correct classification should be",Analyze
Accurately interpret statistical methods and results reported in health publications.,Evaluate,"Understand

Learning Outcome: Develop a new algorithm for data clustering",Understand
Explain with nuance the diverse postcolonial situations in New Caledonia;,Understand,"Understand

Learning Outcome: Develop a new algorithm for natural language",Understand
Develop a comprehensive evaluation plan.,Create,"Evaluate

Evaluate",Evaluate
Implement and manipulate document-store and column-store database systems;,Apply,"Apply

Learning Outcome: Compare and contrast the advantages and disadvantages",Apply
Create a detailed research proposal based on a selected research topic within medical imaging which reflects a critical awareness of sound scientific approach including ethical responsibilities;,Create,"Create
You are wrong. The correct classification should be """,Create
"Apply the knowledge and concepts of basic biological, psychological and social science to common and important clinical conditions.",Apply,"Apply

Learning Outcome: Compare and contrast the effectiveness of different",Apply
"Interpret and apply the mathematics of deep learning, such as stochastic optimisation.",Apply,"Apply

Learning Outcome: Compare and contrast different types of neural",Apply
Demonstrate understanding of blockchain technology by responding to emerging legal and economic issues related to the use and application of blockchain in a range of contexts.,Understand,"Understand

Learning Outcome: Develop a smart contract on a blockchain",Understand
Communicate the use of research as a basis for decision-making in health care policy & practice;,Create,"Understand

Learning Outcome: Develop a new algorithm for data encryption",Understand
Explain evidence based physiotherapy interventions relevant to the management of the neurological client;,Understand,"Understand

Learning Outcome: Calculate the area under the curve for",Understand
describe and critique the principles and practice of traffic management,Evaluate,"Evaluate

Evaluate",Evaluate
Conduct research in women's rights with reference to international human rights norms based on knowledge of appropriate research principles and methods,Apply,"Apply

Learning Outcome: Compare and contrast the impact of different",Apply
"Analyse compare and evaluate the legal rules that a court in Australia, Canada, the European Union, Malaysia, Singapore, the UK and the US will apply to address these issues;",Analyze,"Analyze
Evaluate
Analyze
Understand
Apply",Evaluate
Discuss the levels of climate literacy that exist within Australia compared to other nations around the world;,Understand,"Understand

Learning Outcome: Calculate the area under the curve for",Understand
demonstrate a depth and breadth of content mastery and pedagogical skills of relevance to teaching senior secondary health education,Apply,"Remember

Learning Outcome: compare and contrast the effectiveness of different",Remember
"Explain the role of the midwife in assessment of foetal and maternal well-being during pregnancy, labour, birth and the puerperium;",Understand,"Understand

Learning Outcome: Calculate the area under the curve (",Understand
use consumer behaviour concepts to evaluate and enhance the effectiveness of marketing strategies,Evaluate,"Apply

Learning Outcome: assess the impact of different marketing channels",Apply
"justify the use of appropriate computer modelling techniques and experimental methods, whilst ensuring model or test applicability, accuracy and limitations of the methods.",Evaluate,"Evaluate

Evaluate",Evaluate
"apply time series techniques of indexing, deflating, and forecasting to business and financial series, and interpreting the results.",Apply,"Apply

Learning Outcome: compare and contrast different types of machine",Apply
Nominate and explain contemporary media developments or issues that reflect the condition of the public sphere and structure and inform understandings of that concept;,Evaluate,"Understand

Learning Outcome: Construct a detailed plan for implementing a",Understand
Formulate a research question that addresses an evidence gap in the health care literature;,Create,"Create
Create",Create
"Discuss the way in which DNA is replicated within the cell, the mechanisms for maintaining DNA integrity and the implications of acquiring errors in the DNA sequence.",Understand,"Understand

Learning Outcome: Calculate the probability of a specific genetic",Understand
"Use cognitive, technical and creative skills to generate and evaluate at an abstract level complex ideas and concepts relevant the law of anti-discrimination and an ability to apply the law to workplace anti-discrimination problems.",Apply,"Apply
Apply
Evaluate
Create
Apply
Evaluate",Create
"Exercise critical and reflective thinking, and professional communication and judgement skills in the development of and reporting on the media project;",Evaluate,"Evaluate
Evaluate",Evaluate
"explain the political, sociocultural and organisational issues surrounding bi/multilingualism and bi/multilingual education",Understand,"Understand

Learning Outcome: Develop a new teaching strategy for promoting",Understand
identify an education-based inquiry question relevant for the leadership of mathematics education,Remember,"Remember

Learning Outcome: compare and contrast different models of mathematics",Remember
develop an understanding of the retail industry and identify the different retail formats in Australia and abroad,Understand,"Understand

Learning Outcome: Calculate the break-even point for a",Understand
Critically analyse social and political factors that influence use of medications;,Analyze,"Analyze

Learning Outcome: Summarize the key points",Analyze
"describe the key features of the responsible conduct of behaviour analysts, including how toidentify your own scope of competence",Understand,"Remember

Learning Outcome: Compare and contrast different approaches to behavior",Remember
To acquire familiarity with the basic linguistic features of Chinese business text through discourse analysis,Understand,"Understand

Learning Outcome: To apply the principles of supply chain",Apply
Evaluate the relationship between counselling and broader social issues through group discussion,Understand,"Evaluate

Evaluate",Evaluate
identify unit operations within chemical engineering processes and select suitable equipment for an operation,Remember,"Apply

Learning Outcome: compare and contrast the advantages and disadvantages",Apply
Formulate strategies to address an identified risk in health care delivery using a continuous quality improvement process,Create,"Analyze

Learning Outcome: Compare and contrast two different approaches",Analyze
Articulate a scientific question from the review of literature;,Understand,"Understand
```Understand```",Understand
develop the ability to conduct and manage a planned study,Create,"Apply

Learning Outcome: assess the reliability and validity of a",Apply
Access and critically analyse sources of scientific information;,Analyze,"Analyze
```Analyze```",Analyze
Demonstrate an advanced level of skill in critical evaluation of previous research and communication of findings to a broad audience.,Apply,"Evaluate

Learning Outcome: Construct a neural network from scratch to",Evaluate
Implement appropriate interprofessional communication strategies when determining x-ray findings.,Apply,"Apply

Learning Outcome: Compare and contrast the effectiveness of different",Apply
"Conduct independent research, work collaboratively in teams, and communicate effectively and with cultural sensitivity in written and oral form.",Apply,"Create

Learning Outcome: Solve a complex problem by applying mathematical",Create
"develop, design and plan resources for particular audiences.",Create,"Create

Learning Outcome: compare and contrast two different programming languages",Create
Assess public health programs addressing health issues at a national and global level including the program's capacity to address health inequities and the appropriateness of design,Evaluate,"Evaluate

Evaluate",Evaluate
Describe and perform calculations associated with fundamental concepts in classical mechanics.,Understand,"Apply

Learning Outcome: Compare and contrast the principles of quantum",Apply
"Provide a fluent, accurate, effective and simultaneous interpretation of a complex speech of up to 15 minutes into the target language;",Evaluate,"Apply
Apply",Apply
"Initiate, develop and express personal aesthetic solutions in the medium of glass blowing;",Create,"Create
Create",Create
develop a deeper understanding of the difference between theory and practice,Understand,"Understand

Learning Outcome: Construct a neural network from scratch to",Understand
Understand leadership and management in local and international education settings,Understand,Understand,Understand
Define the mechanisms of inflammation used in a range of immune based diseases of conditions;,Understand,"Remember

Learning Outcome: Compare and contrast the effectiveness of different",Remember
Examine the inter-sectoral and interdisciplinary systems that comprise good public health and implications for the workforce.,Analyze,"Analyze

Learning Outcome: Summarize the key points",Analyze
Discuss the advantages of using a multidisciplinary approach in the care of a patient with a diabetes-related foot wound.,Understand,"Understand

Learning Outcome: Compare and contrast the effectiveness of different",Understand
"Describe technical knowledge in the main areas of materials extraction, use and recycling.",Understand,"Remember

Learning Outcome: Compare and contrast the properties of different",Remember
Be aware of the impact of contemporary ideology and religious beliefs on the interpretation of the ancient past.,Understand,"Remember

Learning Outcome: Compare and contrast the methods used by",Remember
"Demonstrate insight and synthesise knowledge of their own behaviour and mental processes, and apply effective strategies for self-management and self-improvement;",Apply,"Create
Create",Create
describe key marketing concepts,Understand,"Remember

Learning Outcome: Compare and contrast two different marketing strategies",Remember
Distinguish anatomical features on radiographic images and recognise common radiologic pathologies or traumatic appearances in terms of the clinical question being asked;,Analyze,Analyze,Analyze
Use the computer algebra system GAP to compute with groups and related structures.,Apply,"Apply

Learning Outcome: Compare and contrast the efficiency of different",Apply
utilise knowledge regarding literacy support to interpret student reading assessment data,Apply,"Apply

Learning Outcome: assess the effectiveness of different teaching strategies",Apply
"Identify and describe common healthcare issues in primary care, by demonstrating safe and systematic procedures for the supply of medicines and the provision of professional advice.",Understand,"Apply

Learning Outcome: Compare and contrast the effectiveness of different",Apply
"Demonstrate an ability to identify and research a news story, conduct interviews and gather appropriate evidence",Apply,"Apply

Learning Outcome: Assess the credibility of sources and evaluate",Evaluate
critically assess the strengths and weaknesses of national culture assessment tools.,Evaluate,"Evaluate

Evaluate",Evaluate
identify and explain the ways that corporations and their stakeholders are regulated by the law (legislation and case law) in Australia,Remember,"Understand

Learning Outcome: Develop a new algorithm for data encryption",Understand
"Evaluate the evidence-base for management strategies or interventions with children, adolescents and their families presenting with mental health difficulties.",Evaluate,"Evaluate

Evaluate",Evaluate
"Understood the significance of major events for relations between the Muslim Middle East and the West, primarily the United States.",Understand,"Understand

Learning Outcome: Created a detailed timeline of significant events",Understand
"understand the random processes such as Random Walk, Brownian Motion and Diffusions and be able to apply them for modelling real life processes and risk models",Apply,"Understand

Learning Outcome: Implement a Monte Carlo simulation for pricing",Understand
demonstrate intellectual and creative skills to articulate the diverse ideological character and claims of the modern environment movement and the major lines of contestation in the broader global environmental debate,Apply,"Create

Learning Outcome: compare and contrast the effects of different",Create
"Understand how chemical rate analysis is performed, and analyse the kinetics of advanced chemical processes.",Understand,"Understand

Learning Outcome: Design a new chemical process that optim",Understand
Recognise and use industry-standard story documents in writing for both non-fiction and fiction screen-based media;,Remember,"Apply

Learning Outcome: Compare and contrast the themes of two",Apply
apply a control typology to recommend management control systems suitable for organisations facing different contexts,Apply,"Apply

Learning Outcome: assess the effectiveness of various management control",Apply
"demonstrate in an individual summative assessment task, a comprehensive understanding of the topics covered in the unit. This is demonstrated by the requirement that the student must attain a mark of at least 40% in the final summative assessment task.",Understand,"Understand

Learning Outcome: Solve a real-world problem using the",Understand
Quantitatively describe patterns in populations and communities;,Understand,"Analyze

Learning Outcome: Compare and contrast the principles of",Analyze
"identify key critical debates concerning a range of supernatural fantasy works or a range of Dark Heroes, and explain their relevance to course texts;",Remember,"Understand

Learning Outcome: Develop a new algorithm for predicting stock",Understand
"Use cognitive, technical and creative skills to generate and evaluate at an abstract level complex ideas and concepts relevant to trade marks and commercial designations",Apply,"Create

Learning Outcome: Compare and contrast the legal frameworks governing",Create
"formulate, structure, and present in writing a close analysis of European cultural and creative cities;",Create,"Create

Learning Outcome: compare and contrast the economic impacts of",Create
Develop capacity to provide effective peer feedback.,Create,"Create

Learning Outcome: Compare and contrast two different programming languages",Create
Initiate a self-motivated of artwork that engages experimental studio processes appropriate to the rationale of a studio program;,Create,"Create
Create",Create
"Proficiently perform biomedical techniques for study at the molecular and cellular level, and conduct research methods applicable to biology, biotechnology and biomedical science.",Apply,"Apply

Learning Outcome: Compare and contrast the principles of quantum",Apply
Explain the physiological and biochemical processes associated with the digestion and metabolism of food,Understand,Understand,Understand
Demonstrate an in depth knowledge of sociological theories in general and applying them to specific sociological topics.,Apply,"Understand

Learning Outcome: Compare and contrast two different sociological",Understand
Use the fundamental processes intrinsic to time-based design and motion graphics;,Apply,"Apply

Learning Outcome: Compare and contrast the principles of Gest",Apply
"recommend intervention goals and strategies based on such factors as client preferences, supporting environments, risks, constraints, and social validity",Create,"Apply

Learning Outcome: Compare and contrast the effectiveness of different",Apply
Provide a high level explanation of the pathophysiology of injuries.,Evaluate,"Understand

Learning Outcome: Calculate the area under the curve for",Understand
identify and analyse the consumer protection laws and apply those laws to a range of marketing and advertising strategies,Apply,"Apply

Now classify this:

Learning Outcome: assess the effectiveness",Apply
Describe the development and permit requirement for a mining or renewable energy project;,Understand,"Remember

Learning Outcome: Compare and contrast the environmental impacts of",Remember
Understanding of the ways in which performance codes of historicized texts might be translated into the processes of contemporary theatre,Understand,"Understand

Learning Outcome: Calculate the probability of a specific event",Understand
understand the relevance of lifespan theory to counselling,Understand,Understand,Understand
demonstrate high-level observational and analytical skills in examining children's learning of science and technology in everyday environments.,Apply,"Analyze

Learning Outcome: compare and contrast the benefits and",Analyze
"Implement strategies to empower consumers and carers, service providers and community leaders, to determine and set priorities for change, facilitate decision making and advocate service options through the sharing of resources in a mutual educational process.",Apply,"Apply

Learning Outcome: Compare and contrast the effectiveness of different",Apply
Examine legal responsibilities associated with the administration and safe keeping of drugs within paramedic practice;,Analyze,"Analyze
```Analyze```",Analyze
critically analyse case study situations to create community networks for support and resourcing as identified and investigated to solve problems and make decisions,Analyze,"Analyze

Learning Outcome: Develop a project plan for implementing",Analyze
evaluate challenges faced by those in the work place and those seeking employment,Evaluate,"Evaluate

Evaluate",Evaluate
Perform a comprehensive search of the medical literature,Create,"Apply

Perform a comprehensive search of the medical literature involves actively",Apply
"Interpret confidence intervals, p-values and sample size and communicate their meaning.",Evaluate,"Understand

Learning Outcome: Calculate the mean, median, and",Understand
Give examples of the applications of recombinant DNA technology in medical and industrial settings;,Understand,"Remember

Learning Outcome: Compare and contrast the mechanisms of gene",Remember
Understand and compute the convergence properties of infinite series;,Understand,"Understand

Learning Outcome: Prove the convergence or divergence of",Understand
Demonstrate an understanding of the content of a communication strategy;,Understand,"Understand

Learning Outcome: Solve a complex mathematical problem using calculus",Understand
Explain the differences between biological and personal identity.,Understand,"Understand

Learning Outcome: Calculate the area of a circle given",Understand
"Identify the basic concepts and appraise the theories of Sigmund Freud, Anna Freud and John Bowlby relevant to child development, and in relation to contemporary advances in psychoanalytic and developmental theory",Remember,"Evaluate

Learning Outcome: Calculate the standard deviation of a dataset",Evaluate
develop familiarity with the mathematical tools and techniques of modern macroeconomic theory,Apply,"Understand

Learning Outcome: Solve a complex economic problem using game",Understand
"discuss the key aspects of the Conceptual Framework relating to the definitions and recognition criteria of the elements, as applied to the various spectrum of accounting topics",Understand,"Understand

Learning Outcome: Develop a new algorithm for predicting stock",Understand
Write an essay in Japanese on a topic related to Japanese literature/film;,Create,"Create
You are wrong. The task requires writing an essay",Create
Incorporate theories of behaviour change and learning theory in counselling and education skills to support effective dietetic case management.,Create,"Apply

Learning Outcome: Compare and contrast different dietary approaches to",Apply
Judge the limitations of these methods;,Evaluate,"Evaluate

Evaluate",Evaluate
Generate code to complete computer vision programming exercises in programming languages such as C and MatLab.,Create,"Apply

Learning Outcome: Compare and contrast the performance of different",Apply
Describe the factors that cause liquids to spread and adhesives to bond on a variety of surfaces of different structure and surface energy.,Understand,"Understand

Learning Outcome: Calculate the concentration of a solution using",Understand
discuss the significance of Yiddish as a literary and cultural phenomenon;,Understand,"Understand

Learning Outcome: Solve a differential equation using numerical methods",Understand
Demonstrate appropriate sample size calculation for a study design.,Apply,"Apply

Learning Outcome: Compare and contrast two different statistical tests",Apply
Construct construction-standard details and drawings of the design.,Create,"Create

Learning Outcome: Compare and contrast two different types of",Create
Propose and evaluate strategies to prevent or mitigate environmental change and its impacts on biota.,Evaluate,"Evaluate

Evaluate",Evaluate
analyse a given practical situation in terms of the statutes and common law regarding the various business forms,Analyze,Analyze,Analyze
Summarise the structures of the cardiovascular and respiratory systems and explain how their integrated functions facilitate transport and maintain homeostasis;,Evaluate,"Understand

Learning Outcome: Calculate the area under a curve using",Understand
"Evaluate and select research methods and techniques of data preparation and analysis appropriate to a particular project, and practice these ethically and professionally;",Evaluate,"Evaluate
Evaluate",Evaluate
demonstrate a systematic and comprehensive knowledge of strategies and form used in popular songwriting;,Apply,"Understand

Learning Outcome: Solve a complex mathematical problem using calculus",Understand
analyse landscape of information organisations in socio-cultural contexts;,Analyze,"Analyze

Learning Outcome: compare and contrast two different types",Analyze
develop skills in self-awareness,Apply,"Create

Learning Outcome: compare and contrast two different programming languages",Create
"Assess, plan, implement and evaluate culturally relevant and age specific nursing interventions for patients requiring medical and/or surgical care.",Evaluate,"Evaluate

Evaluate",Evaluate
Demonstrate advanced communication skills and a sophisticated appreciation of negotiation and process management objectives,Apply,"Apply

Learning Outcome: Assess the effectiveness of different negotiation strategies",Apply
"Research how web search engines and search algorithms are constructed, utilised and deployed;",Analyze,"Understand

Learning Outcome: Develop a new algorithm for improving search",Understand
Apply self-reflection practices in academic and clinical settings.,Apply,"Apply

Learning Outcome: Compare and contrast two different psychological theories",Apply
Identify and describe fundamental concepts of network security including common threats and countermeasures;,Understand,Understand,Understand
"Demonstrate sensitive and appropriate communication at all times when working with children, their parents/carers",Apply,"Apply

Learning Outcome: Compare and contrast two different approaches to",Apply
"Demonstrate a depth of knowledge ofintervention theories and strategiesincluding their evidence base, and applythese confidently to high prevalencedisorders. Show skilled use of therapeutictechniques, and the ability to developtheoretically driven formulations and treatment plans and evaluate theeffectiveness of interventions.Themeslabel Intervention strategies",Apply,"Apply

Learning Outcome: Compare and contrast different types of psychological",Apply
Customise data analysis strategies for specific research questions in regenerative medicine,Create,"Apply

Learning Outcome: Assess the effectiveness of different machine learning",Apply
evaluate decision-making strategies,Evaluate,"Evaluate

Evaluate",Evaluate
Explain at molecular level the building blocks of protein and the influences of genetic inheritance as well as other endogenous and exogenous factors on nutrition.,Understand,"Understand

Learning Outcome: Predict the impact of climate change on",Understand
solve for the equilibrium outcomes of interactions using basic algebra,Apply,"Apply

Learning Outcome: compare and contrast the principles of quantum",Apply
"Investigate, analyse and synthesise complex information, problems, concepts and theories in relation to the protection the main features of the United Nations Framework Convention on Climate Change and the Kyoto Protocol;",Analyze,"Analyze
Evaluate
Analyze
Understand
Apply",Evaluate
"Locate, assess, and analyse historical evidence and debates;",Analyze,"Analyze

Learning Outcome: Summarize the key points",Analyze
"compare and contrast approaches to funds design and decision making in terms of fund allocation, portfolio optimisation and portfolio monitoring, along with current trends in the funds management industry",Evaluate,Analyze,Analyze
Communicate biotechnology findings effectively in the form of oral and written scientific reports.,Create,"Apply

Learning Outcome: Compare and contrast the ethical implications of",Apply
"Perform integration and system testing on a moderately-sized software system, using continuous integration frameworks and tracing tests back to requirements;",Apply,"Apply

Perform integration and system testing on a moderately-sized software",Apply
"Describe ATSI key concepts of health and wellbeing and the influence of culture, family and connection to country in health practice;",Understand,"Remember

Learning Outcome: Compare and contrast the effectiveness of different",Remember
"Define theoretical models of communication, social change and marketing in relation to health and their application in approaches to health promotion.",Understand,"Remember

Learning Outcome: Compare and contrast different theoretical models of",Remember
Critically evaluate your own practice through the lens of medical ethics and law.,Evaluate,"Evaluate

Evaluate",Evaluate
"Understand that how people experience literacy and what counts as literacy is shaped in different social, cultural and linguistic contexts",Understand,Understand,Understand
Construct a project proposal;,Create,"Create

Learning Outcome: Compare and contrast two different algorithms for",Create
"demonstrate ability to recognise and evaluate technological advances and changes in the economic, political, social and environmental context to the contemporary practice of accounting",Apply,"Evaluate

Learning Outcome: apply the principles of supply chain management",Evaluate
Interpret the knowledge provided in the course to model both common and complex mechanical systems.,Evaluate,"Apply

Learning Outcome: Assess the effectiveness of different machine learning",Apply
develop the ability to undertake research as well as the skills to analyse and resolve disputes relating to corporations and trusts by applying the relevant Australian laws in order to reach a final outcome,Apply,"Apply

Learning Outcome: assess the effectiveness of different corporate governance",Apply
explore ways of stimulating and enriching children's natural curiosity by presenting a broad range of learning experiences,Analyze,"Understand

Learning Outcome: design a comprehensive curriculum that integrates various",Understand
Identify the conservation laws relevant to thermodynamics and gas dynamics.,Remember,"Remember

Learning Outcome: Compare and contrast the first and second",Remember
Develop and communicate a business case for sustainability.,Create,"Create

Learning Outcome: Compare and contrast two different approaches to",Create
"analyse a range of learning theories, contemporary theoretical perspectives and practicalapproaches to fostering positive interactions",Analyze,"Analyze

Learning Outcome: evaluate the effectiveness of different teaching",Evaluate
"Implement causal inference methods, using software, for single time point and longitudinal exposures, and for mediation analyses",Apply,"Apply

Learning Outcome: Compare and contrast different causal inference methods",Apply
Describe the chemistry of atoms and molecules,Understand,"Remember

Learning Outcome: Compare and contrast the properties of metals",Remember
"Identify, evaluate and interpret a range of relevant curriculum documents and resources for teaching the arts, design, health and physical education",Remember,"Analyze

Learning Outcome: Summarize the key points",Analyze
examine the relationships between different managerial communication theories and concepts,Analyze,"Analyze

Learning Outcome: Compare and contrast two different types",Analyze
"collaborate constructively with fellow students in learning and discussion processes, including online forums;",Apply,"Understand

Learning Outcome: Solve a complex mathematical problem using a",Understand
engage with and evaluate the perspectives and contemporary issues facing inclusive educators,Evaluate,"Evaluate

Evaluate",Evaluate
Practice basic laboratory techniques and communicate experimental findings;,Create,"Apply
Apply",Apply
examine the financial risk management function and its evolution in the corporate world,Analyze,"Analyze

Learning Outcome: Compare and contrast two different financial",Analyze
"Devise, prepare and complete a research project.",Create,"Create

Learning Outcome: Compare and contrast two different machine learning",Create
understand the concept and application of Chi-square test for independence between business variables.,Understand,Understand,Understand
Critically assess a workplace environment;,Evaluate,"Evaluate

Evaluate",Evaluate
Apply concepts they learned to a specific stream of music study,Apply,"Apply

Learning Outcome: Compare and contrast two different types of",Apply
develop awareness of approaches to learning materials and teaching practices which take account of the diversity in cultural backgrounds and experiences of learners in all classes across the school curriculum,Understand,"Understand

Learning Outcome: Solve a complex mathematical problem using calculus",Understand
Argue for and against ethical concerns raised by current and future ART practices,Evaluate,"Evaluate

Evaluate",Evaluate
"Integrate personal, social, clinical, cultural, physiological, ethical, environmental and economic factors into clinical reasoning and decision making in case management.",Create,"Apply

Learning Outcome: Compare and contrast the effectiveness of different",Apply
"Critically reflect on personal strengths and weaknesses as a health professional, and skills and capacities necessary for graduate employment.",Analyze,"Evaluate

Learning Outcome: Calculate the area of a circle given",Evaluate
"Reflect upon and make critical use of a range of resources including, where relevant, on-line materials",Apply,"Evaluate

Evaluate",Evaluate
"The ability to make critical choices between approaches, methods and designs before committing to any one of them.",Analyze,"Evaluate

Learning Outcome: The ability to make critical choices between",Evaluate
Understand young people's varying social and cultural expressions and experiences,Understand,"Understand

Learning Outcome: Calculate the area of a circle using",Understand
Explain the ethical and professional issues that may arise in IT research and demonstrate them in practice;,Apply,"Understand
```Understand```",Understand
"Explain quantitative, genomic and experimental approaches to measuring genetic variation and studying evolution in natural populations.",Understand,"Understand

Learning Outcome: Develop a hypothesis testing framework to compare",Understand
apply data visualisation techniques to describe business intelligence,Apply,"Apply

Learning Outcome: assess the effectiveness of different clustering algorithms",Apply
"Apply legal requirements, ethical considerations and regulatory standards to the delivery of person-centred care in the perioperative setting.",Apply,"Apply

Learning Outcome: Compare and contrast different types of anesthesia",Apply
Discuss government initiatives and policies in relation radiation oncology service delivery,Understand,"Understand

Learning Outcome: Calculate the area under the curve for",Understand
"Compare, contrast and evaluate the adversarial and non-adversarial systems, including the rationales and needs for each system and their various functions.",Evaluate,"Analyze

Evaluate the quality of a research paper based on",Evaluate
Advise a company or other organisation on its obligations regarding the selection and introduction of a 'Safety Management System'.,Create,"Evaluate
Evaluate",Evaluate
Determine potential quantities of recycled wastewater and recovered biosolids based on designs of secondary wastewater treatment plant.,Apply,"Apply

Learning Outcome: Assess the environmental impact of different waste",Apply
Explain the implications of the Victorian Mental Health Act (2014) for nursing practice in line with recovery oriented mental health practice,Understand,"Understand

Learning Outcome: Develop a case study on the application",Understand
"Investigate, analyse and synthesize complex information, problems, concepts and theories in relation to international, regional and local approaches to the rights of sexual minorities;",Analyze,"Analyze
Evaluate
Analyze
Understand
Create",Create
"Demonstrate strong competence in methodological approaches used in the plant sciences, including the field collection, interpretation, analysis and synthesis of biological data;",Apply,"Apply

Learning Outcome: Compare and contrast the advantages and disadvantages",Apply
understand how technological disruption and innovation allow for the development of capabilities that provide value for business,Understand,Understand,Understand
Understand and apply principles of Graphic User Interface;,Apply,"Understand

Learning Outcome: Develop a software application that integrates multiple",Understand
"apply analytical and critical skills,",Apply,"Apply

Learning Outcome: evaluate the effectiveness of different marketing strategies",Evaluate
Comprehend and explain the contribution of rock breakage to the mining process,Understand,"Understand

Learning Outcome: Calculate the break-even point for a",Understand
"Critique applications of genomic techniques in the areas of medical research, agriculture, biotechnology and environmental management;",Evaluate,"Evaluate

Learning Outcome: Develop a new algorithm for data clustering",Evaluate
Show their developing competency in presenting literature and stories to children in a variety of ways that promote oral and written literacy,Create,"Apply

Learning Outcome: Compare and contrast two different approaches to",Apply
Perform basic genomic analyses associated with functional characterization of variants.,Analyze,"Apply

Perform basic genomic analyses associated with functional characterization of variants",Apply
Describe the basic concepts of field mapping techniques;,Understand,"Remember

Learning Outcome: Compare and contrast different field mapping techniques",Remember
Use research processes with due regard to ethical procedures,Apply,"Apply

Learning Outcome: Compare and contrast two different machine learning",Apply
Critically appraise ancient sources and modern scholarship and combine a variety of types of evidence in the analysis of ancient cultures,Evaluate,"Evaluate

Learning Outcome: Calculate the compound interest on a loan",Evaluate
"Knowledge of the role that advanced technology is playing, and will play, in the transport/traffic area",Remember,"Understand

Learning Outcome: Calculate the time complexity of a given",Understand
Interpret primary source materials;,Evaluate,Understand,Understand
be able to effectively conduct customer and end-user interviews to inform developmentof minimum viable products (MVP),Apply,"Apply

Learning Outcome: Compare and contrast different types of machine",Apply
"Critically evaluate scar management interventions including medical/surgical management, pressure therapy, massage, silicone, exercise and splinting and demonstrate their appropriate use.",Apply,"Evaluate

Evaluate",Evaluate
Understand how theories of authorship have changed in the movement from Romanticism to structuralism;,Understand,Understand,Understand
demonstrate advanced undergraduate-level skills in the reading and interpretation of literary texts,Understand,"Analyze

Learning Outcome: compare and contrast two different literary",Analyze
communicate this clearly in interactions with your peers and in written assessment tasks. ,Create,"Understand

Learning Outcome: Solve a real-world problem by applying",Understand
Communicate assertively in written and oral formats using non-technical language.,Create,"Understand

Learning Outcome: Solve a complex mathematical problem using calculus",Understand
critically evaluate the impact of contemporary management practices on employee experiences of being managed,Evaluate,"Evaluate

Evaluate",Evaluate
"Synthesise and critique new discoveries from the scientific literature in molecular, developmental and cellular genetics.",Evaluate,"Evaluate

Learning Outcome: Solve a complex mathematical problem using calculus",Evaluate
"Analyse and explain the long history of slavery from the classical era to the present day, including contemporary controversies about the legacy of slavery for our world.",Analyze,"Analyze
Evaluate
Understand
Apply
Create",Create
"Apply knowledge and skills of research design, methodology and data analysis in the practice of public health/epidemiological research",Apply,"Apply

Learning Outcome: Compare and contrast different statistical methods used",Apply
Apply time management and problem solving skills in the delivery of patient care.,Apply,"Apply

Learning Outcome: Compare and contrast two different approaches to",Apply
"describe and apply definitions and recognition criteria for assets, liabilities, incomes and expenses as specified in the Conceptual Framework",Apply,"Apply

Learning Outcome: Compare and contrast the advantages and disadvantages",Apply
Compare and contrast approaches to health and consider their impact upon health and wellbeing of individuals and groups,Evaluate,Analyze,Analyze
"understand the determinants of health, international differences in the pattern of disease and the link between health and development",Understand,Understand,Understand
demonstrate and apply knowledge and understanding of research into how students learn science and the implications for teaching,Understand,"Apply

Learning Outcome: assess the effectiveness of different teaching strategies",Apply
"develop critical thinking skills and experience business decision-making from a long-term, senior manager's perspective and improve team skills.",Create,"Create

Learning Outcome: compare and contrast different types of business",Create
"Diagnose, manage and communicate effectively information about medicines for a simple healthcare issue in relation to pain, dermatological, cardiovascular, respiratory or gastrointestinal conditions.",Analyze,"Apply

Learning Outcome: Compare and contrast the effectiveness of different",Apply
Explore a selected music teaching and learning approach and apply it to a particular music education setting.,Apply,"Apply

Learning Outcome: Compare and contrast two different approaches to",Apply
discuss the theory and background to group structures and preparing group financial statements,Understand,"Understand

Learning Outcome: Calculate the break-even point for a",Understand
"explain the relationship between ethics, morals and values in the workplace",Understand,Understand,Understand
define different sampling techniques and use Excel to generate samples from these techniques,Understand,"Apply

Learning Outcome: Compare and contrast the effectiveness of various",Apply
Analyse the fundamentals and technologies of cabled and wireless data-link layer;,Analyze,"Analyze

Learning Outcome: Compare and contrast the advantages and",Analyze
"Demonstrate critical insight into the competencies, limitations and social and professional implications of reporting practices in the field of investigative journalism.",Apply,"Analyze

Learning Outcome: Compare and contrast the ethical considerations",Analyze
"Explain the professional, legal and ethical responsibilities associated with the nurse practitioner role to stakeholders",Understand,Understand,Understand
"Identify and use appropriate techniques, resources and modern engineering tools to achieve the design requirements.",Remember,"Apply

Learning Outcome: Compare and contrast the effectiveness of different",Apply
"Take responsibility for own attitudes and behaviour, as demonstrated by acknowledging prejudices, limitations, and lack of knowledge, and commitment to change and growth as a result of professional development, and reflective learning.",Apply,"Understand

Learning Outcome: Calculate the mean squared error of a",Understand
"Demonstrate that you have acquired an intermediate level of competence in a range of skills in verbal, graphic and 3-dimensional presentation;",Apply,"Apply

Learning Outcome: Compare and contrast the effectiveness of different",Apply
engage in critical reflection as a professional teacher and understand contemporary trends in practice and research at the national and international level,Understand,"Understand

Learning Outcome: Solve a complex mathematical problem using calculus",Understand
Describe and understand the difference between environmental and sustainability education,Understand,"Understand

Learning Outcome: Calculate the area of a circle using",Understand
Employ effective qualitative and quantitative research skills in analysing nutrition-related data.,Apply,"Apply

Learning Outcome: Compare and contrast the nutritional value of",Apply
"Use cognitive, technical and creative skills to generate and evaluate ideas and arguments relating to international litigation and arbitration effectively and persuasively to specialist or non-specialist audiences and peers.",Apply,"Apply

Learning Outcome: Use cognitive, technical and creative skills",Apply
"Develop and demonstrate high level skill in sourcing, reading and synthesising relevant psychological literature into a coherent research review",Apply,"Analyze

Learning Outcome: Compare and contrast two different psychological",Analyze
"Have an understanding of the historical and contemporary role of cities as drivers of economic, social and cultural change, with an emphasis on the developing world;",Understand,"Understand

Learning Outcome: Calculate the compound interest on a loan",Understand
Demonstrate and evaluate independent triage practice based on the Australasian Triage Scale.,Apply,"Evaluate

Evaluate",Evaluate
"Utilise appropriate procedures and parameters when revising and editing your own and your peers' translations in order to identify and correct errors, as well as provide peer feedback.",Apply,"Apply

Learning Outcome: Assess the effectiveness of different translation strategies",Apply
discuss the importance of packaging as an element of product design,Understand,"Understand

Learning Outcome: Calculate the area of a circle given",Understand
"communicate effectively with policy makers, industry and other stakeholders.",Create,"Apply

Learning Outcome: Compare and contrast two different machine learning",Apply
evaluate development policies in a country specific context.,Evaluate,"Evaluate

Evaluate",Evaluate
gain knowledge about how children are moral and ethical global beings who belong to diverse communities incorporating Aboriginal and Torres Strait Islander perspectives,Understand,"Understand

Learning Outcome: Calculate the area of a circle using",Understand
discuss and analyse the patterns and structures that distinguish the main standard varieties of English from each other and from other important varieties;,Analyze,"Analyze

Learning Outcome: compare and contrast the features of",Analyze
"Recognise Indigenous ways of knowing being and doing in relation to history, culture and diversity.",Remember,"Remember

Learning Outcome: Interpret the significance of Indigenous ways of",Remember
Critical relevance of the theoretical debates in connection with their own thesis research projects.,Evaluate,"Analyze

Learning Outcome: Compare and contrast two different machine",Analyze
Explain the benefits of statistical modelling to answer research questions in the health sciences,Understand,Understand,Understand
Be able to explain the principles of wireless communication;,Understand,Understand,Understand
"Recognise and articulate the impact of refugee, asylum seeker and migration on mental health, and apply this to examining topical issues.",Apply,"Understand

Learning Outcome: Develop a policy proposal to address the",Understand
Develop a therapeutic alliance with clients in direct practice from the beginning phases of engagement. ,Create,"Apply

Learning Outcome: Compare and contrast different therapeutic approaches based",Apply
"Discuss key media studies, popular music and cultural studies theories associated with popular music activity;",Understand,"Understand

Learning Outcome: Solve a real-world problem using a",Understand
Relate scientific knowledge and skills gained in coursework to productive employment experience;,Apply,"Apply
```Apply```",Apply
Apply knowledge and understanding of the phenomenon of climate and its effects on enjoyment of internationally recognized rights of citizens;,Apply,"Apply

Learning Outcome: Assess the impact of climate change on",Apply
Construct and critique strategies for clinical development through leadership;,Evaluate,"Evaluate
Evaluate",Evaluate
Critically analyse literature and evidence supporting clinical and nursing practice,Analyze,Analyze,Analyze
"Manage a research project effectively within technical, budgetary, risk and time constraints.",Apply,"Apply

Learning Outcome: Compare and contrast two different machine learning",Apply
"Apply knowledge and understanding of recent developments in relation to, Australian defamation law with creativity and initiative to new situations in professional practice and/or for further learning;",Apply,"Apply

Apply",Apply
Describe the clinical manifestations of the selected medical conditions commonly encountered in paramedic practice;,Understand,"Remember

Learning Outcome: Compare and contrast the effectiveness of different",Remember
Critique information on ITS obtained from the world wide web,Evaluate,"Evaluate

Evaluate",Evaluate
apply the concept of integrated logistics and supply chain management to solve an organisational problem.,Apply,"Apply

Learning Outcome: assess the effectiveness of different supply chain",Apply
Demonstrate music listening skills through verbal and written critiques.,Apply,"Apply

Learning Outcome: Compare and contrast two different musical genres",Apply
apply the principles of double-entry accounting and appraise the relative merits of accrual and cash accounting,Apply,"Apply

Evaluate the financial statements of a company using different ratios",Evaluate
Plan an evidence based MR practice project that addresses a specific MR practice issue,Create,Create,Create
Predict lift and drag for three-dimensional wing geometries using vortex lattice methods.,Evaluate,"Apply

Learning Outcome: Compare and contrast the performance of different",Apply
Understand the nature and use of a theoretical framework in a research project;,Understand,Understand,Understand
"Identify, research, evaluate and synthesise relevant legal and policy issues regarding the formation and operation of businesses and the regulation of business structures and transactions;",Remember,"Analyze

Evaluate",Evaluate
demonstrate an understanding of how language-subject area teacher collaboration can support students in content-based programs,Understand,"Understand

Learning Outcome: Solve a complex mathematical problem using calculus",Understand
Describe some methods of drug delivery,Understand,"Remember

Learning Outcome: Compare and contrast the effectiveness of different",Remember
"Write clear, creative and persuasive opinions and critical essays demonstrating an advanced understanding of contemporary torts and torts-related issues.",Create,"Create

Learning Outcome: Calculate the probability of an event using",Create
Apply counting principles in combinatorics;,Apply,"Apply

Learning Outcome: Compare and contrast two different sorting algorithms",Apply
"Critique the different and additional manifestations and impacts of family violence on diverse individuals and communities including Aboriginal and Torres Strait Islander peoples, refugee and immigrant women, LGBTIQ+ individuals, and women with disabilities.",Evaluate,"Evaluate

Learning Outcome: Calculate the area of a circle using",Evaluate
Critically evaluate research and practice in the use of digital technologies in STEM curriculum,Evaluate,"Evaluate

Evaluate",Evaluate
"Investigate, analyse and synthesise complex information, problems, concepts and theories in relation to international commercial contracts and specialized types of contracts;",Analyze,"Analyze

Learning Outcome: Assess the effectiveness of different contract",Analyze
"Developed an ability to identify, explore and make judgments in finding innovative solutions to research problems related to the concepts learned in this unit",Evaluate,"Evaluate

Learning Outcome: Construct a neural network from scratch to",Evaluate
Critically assess contributions to development as an academic field that explores the history of development thinking and the spatial patterns of development in practice;,Evaluate,"Evaluate
Evaluate",Evaluate
"Use appropriate environments and strategies for sensitive and effective communication and interaction with others in clinical environments (patients and carers, peers and health care professionals)Themeslabel Theme I: Personal and Professional Development",Apply,"Apply
You are wrong. The correct label is ""Evaluate",Evaluate
Understand and address ethical and practical considerations in clinical research,Understand,"Understand

Learning Outcome: Develop a new algorithm for data encryption",Understand
"Identify, describe and analyse different processes of development at all levels of society;",Analyze,"Analyze
```Analyze```",Analyze
Demonstrate use of advanced mathematical methods to analyse fluid flow.,Analyze,"Apply

Learning Outcome: Compare and contrast two different algorithms for",Apply
Appraise the ethical principles which underpin good forensic mortuary practices.,Evaluate,"Evaluate

Evaluate",Evaluate
Compare and contrast safe and effective approaches to manual handling when managing low acuity patients.,Evaluate,Analyze,Analyze
critically analyse research papers examining current issues in asset pricing and investments,Analyze,"Analyze

Learning Outcome: Summarize the key findings",Analyze
"Analyse, compare, critique and discuss key aspects of Spanish/Latin American cultures and societies through analyses of their cultural products (films/literature);",Analyze,"Analyze
Evaluate
Analyze
Understand
Create",Create
Apply practical counselling experience after learning in the field,Apply,"Apply

Learning Outcome: Assess the effectiveness of different teaching methods",Apply
Demonstrate a knowledge of the range of perspectives of stakeholders actively engaged in mental health care delivery,Understand,Understand,Understand
Integrate and synthesise inter-disciplinary perspectives to resolve legal problems arising in professional practice,Create,"Analyze

Learning Outcome: Construct a detailed project plan for",Analyze
"Critically reflect on, analyse, evaluate and undertake tasks relevant to the workplace.",Analyze,"Evaluate

Evaluate",Evaluate
locate and modify a variety of quality mathematics teaching resources for teaching children with diverse abilities,Create,"Apply

Learning Outcome: assess the effectiveness of different teaching strategies",Apply
develop a perspective of socially responsible and culturally sensitive global marketing practitioners.,Create,"Understand

Learning Outcome: Compare and contrast the impact of different",Understand
"Will have gained an understanding of different genres of text circulating in Medieval and Renaissance Italy (chronicle, letter, diary, tract, sermon, poem, play, dialogue, treatise, monument, visual representation).",Understand,"Understand

Learning Outcome: Can identify and describe the key characteristics",Understand
Demonstrate legal research and reasoning skills and professional judgment to generate appropriate responses to complex legal problems,Apply,"Apply

Learning Outcome: Compare and contrast different legal theories and",Apply
Discuss the major issues relating to the sustainable use of biological resources;,Understand,"Understand

Learning Outcome: Calculate the area under the curve for",Understand
"Discern the various causes and manifestations of corrosion, in particular with regards to metallic corrosion. Draws on practical examples from the built environment.",Evaluate,"Analyze

Learning Outcome: Compare and contrast the effectiveness of",Analyze
define the purpose and scope of the international legal framework in which trade between nations takes place,Understand,"Remember

Learning Outcome: compare and contrast the legal systems of",Remember
demonstrate an awareness of the ways in which science education research helps inform teacher practice to enhance student understanding of science concepts across a range of disciplines,Understand,Understand,Understand
explain the importance and role of planning within the teaching and learning practice,Understand,Understand,Understand
To be familiar with some important techniques of translation between Chinese and English;,Understand,"Remember

Learning Outcome: To understand the principles behind neural machine",Understand
Construct written reports;,Create,"Create

Learning Outcome: Compare and contrast two different programming languages",Create
Develop schemes for various geotechnical construction projects execute performance monitoring and appraisal of geotechnical structures,Create,"Create

Learning Outcome: Compare and contrast the principles of soil",Create
"Analyse the literary, intellectual, and political culture emerging across the ""Hellenistic"" world",Analyze,Analyze,Analyze
"To understand the geographical concepts of distance, adjacency and interaction and how fundamental they are in performing spatial data analysis.",Understand,"Understand

Learning Outcome: To apply the principles of sustainable development",Apply
Develop an appreciation and understanding of the cultural heritage value of Indigenous art in a global sense;,Understand,"Understand

Learning Outcome: Calculate the area of a triangle using",Understand
Apply problem solving and decision-making methodologies to discuss and analyse contemporary research and theoretical issues in key defined areas of neuroscience;,Apply,"Apply
```Apply```",Apply
Design products to meet recyclable eco-design.,Create,"Create

Learning Outcome: Compare and contrast two different types of",Create
"Create design structures, grids, layout and composition;",Create,"Create

Learning Outcome: Compare and contrast two different types of",Create
identify literacy and numeracy learning opportunities within different learning areas and through integrated approaches across the curriculum,Remember,"Remember

Learning Outcome: Compare and contrast the benefits and drawbacks",Remember
Finalise the ethics approval process for the project;,Create,"Apply
Apply",Apply
"Justify capital and operating cost estimates, as well as the financial viability of the project, and determine the sensitivity to various engineering and commercial factors, and appraise the project viability.",Evaluate,"Evaluate

Learning Outcome: Calculate the interest rate on a loan",Evaluate
Show understanding of the relationship between mystical literature and the religious tradition from which it emanates.,Apply,"Understand

Learning Outcome: Construct a detailed argument on the impact",Understand
explore and apply creative counselling techniques for children such as play/art therapy in enhancing mental health state of children,Apply,"Apply

Learning Outcome: assess the effectiveness of different therapeutic approaches",Apply
Interpret critical components of public law; in particular public international law,Evaluate,"Understand

Learning Outcome: Compare and contrast different legal systems around",Understand
Critically evaluate and summarise new discoveries from the scientific literature in the field of applied evolutionary genetics.,Evaluate,"Evaluate

Evaluate",Evaluate
Recognise and write approx. 90 new kanji (approx. 240 in total by the end of this unit).,Remember,"Remember

Learning Outcome: Compare and contrast the writing styles of",Remember
Conduct a small-scale research project in a selected research methodology,Apply,"Apply

Learning Outcome: Assess the effectiveness of different machine learning",Apply
"Apply knowledge and understanding of the law relating to the undertaking of science and the development and sale of products of science and technology, demonstrating advanced awareness of the policy concerns underpinning the law's response to developments in science and technology;",Apply,"Apply
Apply",Apply
use evidence-based strategies to enhance participation of excluded learners (including learners with behavioural issues and autism spectrum disorders),Apply,"Apply

Learning Outcome: compare and contrast different models of inclusive",Apply
"develop, through experience and personal inquiry of a variety of learning and teaching strategies, a personal approach to teaching mathematics.",Create,"Create

Learning Outcome: compare and contrast the effectiveness of different",Create
Explain the importance of communication between key stakeholders in clinical trials.,Understand,"Understand

Learning Outcome: Develop a hypothesis testing plan for a",Understand
"The ability to write and speak effectively in standard modern Chinese on a range of intellectual and literary issues, and basic analytical and critical skills required for academic research in Chinese Studies.",Create,"Understand

Learning Outcome: Solve a complex mathematical problem using calculus",Understand
"Evaluate the use of interpretation in therapy by analysing its timing, content and intention;",Evaluate,"Analyze

Learning Outcome: Summarize the key points",Analyze
Determine ground movements and settlements associated with various geotechnical structures in and on grounds,Apply,"Analyze

Learning Outcome: Calculate the probability of a specific",Analyze
"Design solutions to real-life problems in finance and related areas based on financial thinking, modelling techniques and mathematical and statistical skills acquired throughout the programme;",Create,"Create
```Create
```",Create
Develop and apply skills in recipe modification to meet specific nutritional goals.,Apply,"Apply

Learning Outcome: Assess the effectiveness of different teaching methods",Apply
Understand the range of cultural experiences within Australian and global communities and the ways in which many cultures have changed the nature of Australian society.,Understand,"Understand

Learning Outcome: Calculate the probability of an event occurring",Understand
"develop an advanced understanding of language curriculum, its design and implementation",Understand,"Understand

Learning Outcome: Solve a complex mathematical problem using calculus",Understand
Design policies and programs that can yield ongoing public benefit,Create,Create,Create
demonstrate an understanding of the significance and functions of corporations as legal structures and how they facilitate the carrying on of a business,Understand,Understand,Understand
"Outline the role of the Sponsor, the investigator, the institutional review board/ independent ethics committee and the local regulators.",Apply,"Remember

Learning Outcome: Compare and contrast the ethical considerations in",Remember
Develop and demonstrate critical reading skills by interpreting primary and secondary sources relevant to the history of IT in society;,Apply,"Analyze

Learning Outcome: Compare and contrast the features of",Analyze
"Engage with recent trends in education and leadership theory and practice, as these apply in the Victorian and wider national and global contexts",Apply,"Understand

Learning Outcome: Develop a lesson plan that incorporates technology",Understand
Evaluate appropriate tools and techniques for use in immunotherapy in the clinical setting.,Evaluate,"Evaluate

Evaluate",Evaluate
Perform routine laboratory measurements and manipulations;,Apply,"Apply
```Apply```",Apply
Deconstruct the skills involved in being literate;,Analyze,"Analyze
You are wrong. The correct classification is """,Analyze
"Show the ability to collect, organize and evaluate nutrition and health related data of the members of a community.",Evaluate,"Apply

Learning Outcome: Compare and contrast the nutritional content of",Apply
 Identify an issue of relevance to the practice of perioperative medicine capable of further investigation and research within the context of a capstone project. ,Analyze,"Analyze
You are wrong. The task requires identifying an",Analyze
"Appraise the history of psychosomatic medicine and theories of adaptation to illness, including the key determinants of personal, developmental, familial, and social factors in adjusting to medical illness within key theoretical frameworks, and resultant models of care across the developmental lifespan.",Evaluate,"Evaluate

Learning Outcome: Calculate the probability of a patient developing",Evaluate
"Demonstrate effective group/team work by contributing to the planning, research, analysis, and reporting components of a group project, and supporting and encouraging other group members;",Apply,"Apply
Apply",Apply
Skills in linking files through unique and non-unique identifiers.,Apply,"Apply

Learning Outcome: Compare and contrast two different file compression",Apply
appraise the solutions through the use of sensitivity analysis,Evaluate,"Evaluate

Evaluate",Evaluate
Advanced skills in the use of computer-aided drafting and design (CAD),Apply,"Apply

Learning Outcome: Compare and contrast the features of two",Apply
"Understand the specialised roles identified in the multimedia design industry, and identify which role best matches your set of skills;",Understand,"Understand
```Understand```",Understand
"Describe the principles of ""Good clinical research"" as described by the NH&MRC, with an emphasis on research in community-based emergency health.",Understand,"Remember
You are wrong. The correct answer is Understand.",Understand
Understand the competing narratives and claims of all parties to the conflict and how the past informs current perceptions of the conflict,Understand,Understand,Understand
Understand the role of expertise in shaping policy design and implementation;,Understand,"Understand

Learning Outcome: Calculate the probability of an event using",Understand
"assess the benefits and limitations of innovative technologies and tools, such as BIM, laser scanning, UAS and VR/AR",Evaluate,"Evaluate

Learning Outcome: calculate the area of a triangle using",Evaluate
Critically assess and evaluate the role and contribution of Australian climate change law in the context of regional or national responses to climate change;,Evaluate,"Evaluate

Evaluate",Evaluate
"understand the derivation of binary and ternary alloy phase diagrams from the laws of thermodynamics, based on the concept ofGibbs free energy",Understand,Understand,Understand
recognise the centrality of literacy and numeracy for effective use of digital technology,Remember,"Remember

Learning Outcome: compare and contrast different types of digital",Remember
"Critically evaluate scholarly perspectives on the impact and the role of film festival culture on world cinema, the mediaindustries and society;",Evaluate,"Evaluate
Evaluate",Evaluate
"Identify the specific function of each creative writing type, and techniques unique to it (I.e. poetry);",Remember,"Remember
You are wrong. The correct classification is Understand.",Understand
"Discuss bridge inspection and management procedures, including levels of assessment and condition rating approaches.",Understand,"Understand

Learning Outcome: Calculate the probability of a specific event",Understand
"organise, analyse, and interpret the results of functional behaviour assessments",Analyze,"Analyze

Learning Outcome: Compare and contrast two different machine",Analyze
"Analyse, interpret and present the results of survey data, taking the sampling strategy into account.",Analyze,"Analyze

Learning Outcome: Develop a new algorithm for image",Analyze
Understand the combined value of emerging and traditional approaches to mould making and casting in design;,Understand,"Understand

Learning Outcome: Calculate the probability of a specific event",Understand
develop communication skills that foster relationships with internal and external organisational stakeholders,Create,"Create

Learning Outcome: compare and contrast two different project management",Create
"Demonstrate skills in research, data and information gathering, collation and organisation suitable for the preparation of a scientific report.",Apply,"Apply

Learning Outcome: Compare and contrast two different machine learning",Apply
Design and implement and analyse spreadsheet-based simulations and mathematical optimisation models;,Analyze,"Create
Create",Create
Understand and observe ethical and legal obligations associated with the production of long-form journalism,Understand,Understand,Understand
explain how the economy and the environment interact,Understand,"Understand

Learning Outcome: Develop a plan to reduce carbon emissions",Understand
Communicate ideas and arguments in written and verbal form;,Create,"Understand

Learning Outcome: Solve a complex mathematical problem using calculus",Understand
"Effectively communicate research outcomes in verbal and written form using appropriate tools to a scientific audience, including writing up scientific work in a potentially publishable way;",Create,"Evaluate
Evaluate

The phrasing ""Effectively communicate""",Evaluate
"Define and calculate pharmacokinetic parameters, predict drug concentrations in plasma and estimate bioavailability.",Apply,"Remember

Learning Outcome: Compare and contrast the pharmacokinetics",Remember
Develop and demonstrate use of innovative practices including ICTs.,Apply,"Create

Learning Outcome: Compare and contrast two different programming parad",Create
Critically analyse TV shows by drawing upon skills in textual analysis;,Analyze,"Analyze

Learning Outcome: Memorize the periodic table of",Analyze
Analyse and explain the impact of technological change on the formulation and protection of the rights studied,Analyze,"Analyze

Learning Outcome: Develop a new algorithm for data",Analyze
Developed their critical reading skills,Apply,"Analyze

Learning Outcome: Composed a persuasive essay on",Analyze
articulate the design aspects of an inquiry project in order to secure appropriate evidence to use to examine the challenge,Understand,"Understand

Learning Outcome: Construct a detailed plan for conducting a",Understand
Design efficient solutions combining basic abstract data types and applying the concepts of complexity while understanding its implications in practical situations.,Apply,"Apply

Learning Outcome: Compare and contrast the time complexities of",Apply
"Explore and develop your own skills and pedagogical practices in the arts, design, health and physical education",Create,"Create

Learning Outcome: Compare and contrast different teaching methods in",Create
Have an understanding of the relationship between and mutual influences informing the various traditions,Understand,"Understand

Learning Outcome: Calculate the area of a circle given",Understand
Articulate and investigate conceptual and practical challenges and issues in cultural development and sustainability;,Understand,"Analyze

Learning Outcome: Compare and contrast two different approaches",Analyze
interpret business and economic data using appropriate descriptive techniques,Evaluate,"Apply

Learning Outcome: Compare and contrast different types of economic",Apply
Critically evaluate public health nutrition priorities and policies in Malaysia and at international level.,Evaluate,"Evaluate

Evaluate",Evaluate
"apply and critically analyse business strategy formulation, implementation and evaluation concepts and the relationships between them to different contexts",Apply,"Analyze

Learning Outcome: create a detailed project plan for",Create
Appreciation of the inter-relationship between evolving media technologies and digital literary genres from 1980s to the present;,Understand,"Understand

Learning Outcome: Construct a predictive model using time-series",Understand
Understand the importance of product Engineering Drawing as a significant component of the industrial design process;,Understand,Understand,Understand
Demonstrate argumentation and critical reflection in the development of an academic essay.,Apply,"Analyze

Learning Outcome: Compare and contrast two different programming",Analyze
Communicate complex ideas on mathematical treatment of fluid dynamics.,Create,"Apply

Learning Outcome: Assess the reliability of different numerical methods",Apply
"independently and collaboratively evaluate an enterprise's compliance function and formulate proposals for practical changes accounting for risk, value and a culture of accountability and integrity.",Evaluate,"Evaluate

Evaluate",Evaluate
Demonstrate how to conduct IT research;,Apply,"Apply

Learning Outcome: Assess the effectiveness of different IT research",Apply
Explain concepts in prevention science and approaches used in health promotion.,Understand,"Understand

Learning Outcome: Develop a plan to improve mental health",Understand
"demonstrate knowledge of teaching strategies that are responsive to the learning strengths and needs of Indigenous students from diverse linguistic, cultural, religious and socioeconomic backgrounds",Apply,"Understand

Learning Outcome: Develop a lesson plan that incorporates culturally",Understand
Critically evaluate the values and assumptions underpinning various theoretical approaches to human development.,Evaluate,"Evaluate

Evaluate",Evaluate
"Demonstrate intellectual and practical skills to justify and interpret theoretical propositions, legal methods and conclusions.",Apply,"Analyze

Learning Outcome: Compare and contrast two different approaches",Analyze
"construct summative assessments, marking rubrics and marking keys to evaluate children's learning",Create,"Create

Learning Outcome: compare and contrast two different machine learning",Create
Perform matrix algebra.,Apply,"Apply

Perform matrix algebra.
Apply

Now classify this:",Apply
Demonstrate the knowledge and skills required to resuscitate and stabilise a newborn infant;,Apply,"Apply

Learning Outcome: Compare and contrast the effectiveness of different",Apply
Analyse observations and critique these in relation to developmental theories about typical childhood occupations;,Analyze,"Analyze

Learning Outcome: Calculate the mean, median,",Analyze
Devise writing strategies which utilise in direct or modified ways (oppositional or ironic) aspects of a given poetics within their writing practice,Create,Create,Create
"Communicate chemistry, and discuss the social and environmental responsibility of chemists in the global community.",Understand,"Understand

Learning Outcome: Calculate the molarity of a solution",Understand
Identify and evaluate commercial and ethical decision-making crossroads in translational research.,Understand,"Evaluate

Evaluate",Evaluate
"understand and apply the various purposes for different written, spoken, visual and multimodal texts and how these texts are used across cultures and diverse contexts",Apply,"Understand

Learning Outcome: create a marketing campaign that effectively uses",Create
Demonstrate sound awareness of ethical principles in research practices.,Apply,"Understand

Learning Outcome: Solve a complex mathematical problem using calculus",Understand
compare and contrast the key features of various sports markets in Australia and overseas,Evaluate,Analyze,Analyze
Recommend evidence based approaches to manage patients requiring antimicrobial treatment.,Create,"Apply

Learning Outcome: Compare and contrast the effectiveness of different",Apply
Apply the object-oriented design principles to a multiple-class object-oriented program;,Apply,"Apply
Apply",Apply
Evaluate and critique existing data architectures and processes;,Evaluate,"Evaluate
Evaluate",Evaluate
apply principles of selected Accounting Standards and prepare financial statements for business entities including service and retail organisations,Apply,"Apply

Learning Outcome: evaluate the effectiveness of different accounting methods",Evaluate
"Demonstrate initiative, problem solving and decision making skills.",Apply,"Apply

Learning Outcome: Compare and contrast two different programming languages",Apply
correctly apply the appropriate statistical methods for designs commonly encountered in psychological research,Apply,"Apply

Learning Outcome: Compare and contrast the strengths and weaknesses",Apply
examine the purpose and rationale for teaching outdoor and environmental studies in senior years,Analyze,"Analyze

Learning Outcome: Compare and contrast two different approaches",Analyze
consolidate your understanding of professional knowledge and professional practice in health education,Evaluate,"Understand

Learning Outcome: Solve a complex mathematical problem using calculus",Understand
Describe the major historical events and political conflicts of the twentieth century as studied in the unit;,Understand,"Remember
You are wrong. The correct classification is Understand.",Understand
Evaluate a range of instrumental methods and how different instruments operate;,Evaluate,"Evaluate
Evaluate",Evaluate
"Demonstrate project management skills by proactively negotiating, documenting and meeting group timelinesThemeslabel Inquiry and Innovation",Apply,"Apply

Now classify this:

Learning Outcome: Compare and contrast",Apply
develop skills in the application of economic principles to wider social issues,Apply,"Apply

Learning Outcome: assess the impact of different economic policies",Apply
"Demonstrate an understanding of sleep and circadian rhythms research and its importance for optimal general health, cognitive function, and mood.",Understand,"Understand

Learning Outcome: Calculate the area under the curve for",Understand
Review and critique recent biorefinery research literature to systematically synthesise the finding and insights to design a solution to a problem and/or the project,Analyze,"Evaluate

Evaluate

Now classify this:

Learning Outcome: Develop",Evaluate
Recognise when modifications to routine scanning approaches are required and describe the limitations of ultrasound in regards to imaging the breast and thyroid.,Remember,"Remember
You are a strict Bloom's Taxonomy classifier.",Remember
"Critically evaluate basic clinical scanning protocols, digital image processing techniques and equipment, image display and reconstruction routines used in CT",Evaluate,"Evaluate

Evaluate",Evaluate
critically assess key theoretical debates surrounding topics introduced in the unit with reference to the organisational/socio-cultural interface,Evaluate,"Evaluate

Learning Outcome: Calculate the mean, median, and",Evaluate
Evaluate the historiographical debates about popular unrest;,Evaluate,"Evaluate
Evaluate",Evaluate
Describe and explain basic risk and emergency management principles.,Understand,"Understand

Learning Outcome: Calculate the probability of a specific event",Understand
"Appreciate the nature of algebraic proofs, be able to use a variety of proof-techniques unique to working with groups;",Understand,"Understand

Learning Outcome: Prove that a given group is",Understand
"apply critical thinking, problem solving and presentation skills to activities dealing with corporate finance and demonstrate in an individual summative assessment task the acquisition of a comprehensive understanding of the topics covered by BFS2780.",Apply,"Apply
Evaluate
Create
Apply
Understand
Under",Create
Employ critical and scientific writing and communication skills to document and report findings of project in professional and scientific fora.,Apply,"Apply

Learning Outcome: Compare and contrast the effectiveness of different",Apply
compare and contrast theory and practice,Evaluate,Analyze,Analyze
"Demonstrate familiarity with specific methodologies, including, for example, ethnography, case study, survey, textual-, thematic-, discourse- audience- and quantitative content analysis",Apply,"Remember

Learning Outcome: Compare and contrast different research methods in",Remember
"Describe the principles underpinning advanced digital image processing, image distribution, data transfer and storage options used in medical imaging (including the DICOM standard and PACS and RIS infrastructure).",Understand,"Remember

Learning Outcome: Compare and contrast different image processing techniques",Remember
have gained a good understanding of the law of remedies as a legal discipline and an area of practice,Understand,"Understand

Learning Outcome: Construct a legal argument based on the",Understand
To consider the relation between theory and practice in the field of communication and an appreciation of how they can productively inform each other;,Apply,"Understand

Learning Outcome: To apply the principles of effective communication",Apply
translate conceptual ideas and practical processes about music and music engagement into classroom learning activities for students,Apply,"Apply

Learning Outcome: assess the effectiveness of different teaching methods",Apply
"Conduct dietary, hydration and anthropometric assessments for active individuals.",Evaluate,"Apply

Learning Outcome: Compare and contrast different types of machine",Apply
Develop a toolkit to identify specific legal/commercial issues that entrepreneurs need to deal with at various stages of venture development,Create,"Create

Learning Outcome: Compare and contrast the advantages and disadvantages",Create
appraise the various techniques for synthesis and characterisation of nanomaterials and appraise the advantages and limitations of each method,Evaluate,"Evaluate

Learning Outcome: construct a simple neural network from scratch",Evaluate
"Effectively apply problem solving strategies to identify, consider and resolve problems relating to conventional and Islamic international banking and finance law",Apply,"Apply

Learning Outcome: Compare and contrast the principles of conventional",Apply
apply the principles of double-entry and accrual accounting,Apply,Apply,Apply
Communicate philosophical and ethical arguments in writing,Create,"Apply

Learning Outcome: Assess the impact of different machine learning",Apply
Formulate complex mathematical arguments using ideas from low-dimensional topology.,Create,"Analyze

Learning Outcome: Compare and contrast the effectiveness of",Analyze
Engage in critical analysis and make reasoned and appropriate choices among alternatives;,Evaluate,"Analyze

Learning Outcome: Construct a detailed project plan for",Analyze
Demonstrate capability in planning design research;,Apply,"Apply

Learning Outcome: Compare and contrast two different machine learning",Apply
Synthesise clinical aviation medicine issues related to the major body systems,Create,"Create

Learning Outcome: Compare and contrast the effectiveness of different",Create
"Describe the diversity of microorganisms and discuss their relationships in the context of food, nutrition, health and disease.",Understand,"Understand

Learning Outcome: Calculate the area under the curve for",Understand
"Evaluate and select research methods and techniques of data collection and analysis appropriate to particular research designs, projects and disciplines;",Evaluate,"Evaluate

Evaluate",Evaluate
demonstrate written and verbal communication skills in reporting the conclusions of cognitive assessments,Apply,"Apply

Learning Outcome: Compare and contrast the effectiveness of different",Apply
"Conceptualise, design and manage an academic research project.",Create,"Create

Learning Outcome: Compare and contrast two different machine learning",Create
Collaborate effectively in teams to conduct research and produce media content;,Create,"Apply
Apply",Apply
"Develop their capacity to analyse critically, reflect on and synthesise information, problems, policies, concepts and theories, evidenced by their ability to develop and sustain a convincing 'thesis' throughout their research;",Analyze,"Analyze
Evaluate
Create
Understand
Apply",Create
demonstrate an understanding of the empirical research in the field of inclusive education and/or applied behaviour analysis,Understand,"Understand

Learning Outcome: Develop a new algorithm for optimizing resource",Understand
"Demonstrate the intellectual and practical skills needed to justify and interpret theoretical propositions, legal conclusions and professional decisions, as well as to identify, research, evaluate and synthesise relevant factual, legal and policy issues;",Apply,"Evaluate
Evaluate",Evaluate
"Organise, analyse, and interpret the results of functional behaviour assessments",Analyze,"Analyze

Learning Outcome: Compare and contrast two different machine",Analyze
"Be able to identify, articulate and effectively communicate complex legal and policy issues in a manner that is succinct, scholarly and persuasive;",Understand,"Understand

Learning Outcome: Develop a comprehensive business plan for a",Understand
demonstrate in an individual summative assessment task the acquisition of a comprehensive understanding of the topics covered by BFM5973.,Understand,"Understand

Learning Outcome: Solve a complex optimization problem using linear",Understand
apply counselling skills directly through the application of those skills in a counselling setting,Apply,"Apply

Learning Outcome: assess the effectiveness of different counseling techniques",Apply
"Effectively communicate the basis of the scientific method from building a hypothesis, to testing the ideas through experimental methods;",Create,"Understand

Learning Outcome: Solve a real-world problem by applying",Understand
"Perform textual analysis and summaries of complex written passages, demonstrating recognition and use of 1,000 ky≈çiku kanji and the ability to use a range of specialized dictionaries;",Analyze,"Apply
Apply",Apply
"apply critical thinking, problem solving and presentation skills in individual and/or group activities dealing with issues in banking and demonstrate in an individual summative assessment task the acquisition of a comprehensive understanding of the topics covered by BFX4080.",Apply,"Apply
Apply
Evaluate
Create

Create

The learning",Create
"demonstrate ability to recognise and evaluate technological advances and changes in the economic, political, social and environmental context to the contemporary practice of governance, business continuity and crisis management",Apply,"Evaluate

Learning Outcome: apply the principles of sustainable development in",Evaluate
analyse and critically evaluate policies designed to affect individual behaviour and market outcomes.,Analyze,"Analyze

Learning Outcome: create a detailed business plan for",Create
"Use cognitive, technical and creative skills to generate and evaluate at an abstract level complex ideas relevant to the limitations of Australian designs protection and proposals for reform.",Apply,"Create
```Create
```",Create
Demonstrate awareness of scientific computing methods and visualization;,Apply,"Remember

Learning Outcome: Compare and contrast different machine learning algorithms",Remember
form factual assessment and constructive criticism of public policy and debate concerning open economy issues,Evaluate,"Evaluate

Learning Outcome: calculate the compound interest on a savings",Evaluate
"develop competence in planning and implementing lessons and units of work, including assessment strategies, that embrace the diverse social and cultural backgrounds and personal experiences of students",Create,"Apply

Learning Outcome: assess the effectiveness of different teaching methods",Apply
Produce models for predictive statistical analysis;,Create,"Create

Learning Outcome: Compare and contrast two different types of",Create
"analyse the extent to which firms are exposed to economic or operating exchange risk, evaluate their systems in place to manage it, and recommend alternative approaches",Analyze,"Analyze

Learning Outcome: design a new algorithm for optimizing",Analyze
Demonstrate the ability to produce an environmental improvement plan for a process and carry out a HAZOP of a part of a process and draw a fault-tree diagram.,Apply,"Apply

Learning Outcome: Assess the effectiveness of different environmental policies",Apply
Summarise and communicate evidence for professional audiences,Create,"Understand

Learning Outcome: Solve a complex mathematical problem using calculus",Understand
"Strategically respond to complex problems and develop appropriate planning responses, processes and outcomes relevant to compact cities;",Create,"Analyze

Learning Outcome: Compare and contrast the benefits and",Analyze
"critically analyse health/wellbeing, physical culture and HPE curriculum and practice",Analyze,"Analyze

Learning Outcome: compare and contrast different types of",Analyze
Design and implement primary lessons and units of work using discipline-based or integrated approaches,Create,"Create

Learning Outcome: Compare and contrast two different programming languages",Create
Use simulator programs to model computer system components.,Apply,"Apply

Learning Outcome: Compare and contrast the features of different",Apply
"to enhance the ability of students to engage in critical reflection and produce reasoned, soundly structured and well presented debate on the role of Washington in the contemporary international system",Evaluate,"Analyze

Learning Outcome: to enable students to apply the",Analyze
Analyse media industries and their policy frameworks;,Analyze,"Analyze

Learning Outcome: Compare and contrast two different types",Analyze
Identify various compositional techniques employed to support and underpin various narrative structures;,Remember,"Remember

Learning Outcome: Compare and contrast the effectiveness of different",Remember
critically analyse strategies in business and society,Analyze,"Analyze

Learning Outcome: compare and contrast two different programming",Analyze
"interpret and evaluate relationships between variables for business decision-making, using the concept of correlation and simple linear regression",Evaluate,"Analyze

Evaluate the effectiveness of different machine learning models on",Evaluate
Implement information retrieval systems for the retrieval of audio-visual information;,Apply,"Apply

Learning Outcome: Compare and contrast the effectiveness of different",Apply
"reflect on your own language learning experiences, styles and achievements",Analyze,"Reflect

Not applicable

Label: Understand

Not applicable",Understand
describe and apply techniques for analysing a delay (or run-of) triangle and projecting the ultimate position,Analyze,"Apply

Learning Outcome: compare and contrast different methods for forecasting",Apply
Clearly articulate a design methodology and its critical application to the discourse of a design practice.,Analyze,"Understand

Learning Outcome: Construct a detailed project plan for a",Understand
"transform the intended learning of the primary mathematics curriculum into effective lessons that encourage positive dispositions, curiosity and engagement, including use of digital technologies to expand learning opportunities for learners",Create,"Apply

Learning Outcome: assess the effectiveness of different teaching strategies",Apply
Have a high level of understanding of the central ideas of just war theory,Understand,"Understand

Learning Outcome: Calculate the probability of an event using",Understand
"Identify and discuss the differences among the various psychological approaches (i.e. psychodynamic, developmental cognitive, behavioural, social, personality, etc.), and how each is related to occupational therapy thinking and practice;",Understand,"Analyze
You are wrong. The correct answer is Understand",Analyze
"be able to formulate, investigate and critically consider complex problems relating to the issues identified in the synopsis;",Create,"Analyze

Learning Outcome: Construct a detailed project plan for",Analyze
"Describe some examples of microbial pathogens including bacteria, viruses, fungi and parasites, the diseases that they cause, their mechanisms of pathogenesis, and treatment;",Understand,"Remember
You are wrong. The correct classification is Understand.",Understand
"Undertake complex nursing activities in a range of clinical settings and effectively apply prioritising, problem solving and time management skills",Apply,"Apply

Learning Outcome: Assess the effectiveness of different nursing interventions",Apply
Familiarity with the theoretical foundations of human rights.,Understand,"Remember

Learning Outcome: Compare and contrast different theories of human",Remember
Develop an application with a database backend;,Create,"Apply

Learning Outcome: Compare and contrast two different algorithms for",Apply
"Develop, modify and adapt radiographic skills required and techniques for paediatric and adult patients, particularly in emergency and mobile examinations;",Create,"Create
```Create
```",Create
evaluate and improve the efficiency of models by applying different model transformations.,Evaluate,"Evaluate

Evaluate",Evaluate
"Construct a framework of analysis that involves identifying a research topic, literature review, key concepts as theoretical tools and media texts (for textual analysis);",Create,"Create
Create",Create
Demonstrate confident understanding of discipline content and competency as a creative mathematics learner who can foster these attributes in your own learners,Understand,"Understand

Learning Outcome: Solve a complex mathematical problem using multiple",Understand
demonstrate competence and professionalism in structuring and delivering persuasive messages,Apply,"Apply

Learning Outcome: assess the effectiveness of different communication strategies",Apply
Recognise the breadth of analytical and data analysis techniques and their applicability to biotechnology research;,Remember,"Remember

Learning Outcome: Compare and contrast different types of machine",Remember
Demonstrate an understanding of current approaches to teaching music,Understand,"Understand

Learning Outcome: Solve a complex mathematical problem using calculus",Understand
Design and analyse plastically reinforced concrete slabs using Hillerborg method and yield line theory.,Analyze,"Create

Learning Outcome: Compare and contrast the strengths and weaknesses",Create
"Construct design solutions using two and three dimensional design elements, image making, typography and time-based media;",Create,"Create

Learning Outcome: Compare and contrast the principles of Gest",Create
Outline the processes involved in assessing children when there are concerns of neglect.,Apply,"Analyze

Learning Outcome: Compare and contrast two different approaches",Analyze
"Understand the basic laws of probability, and the calculus basis of expectation and distribution theory.",Understand,Understand,Understand
"Describe the epidemiology, population health and pathology related to injuries and commonly encountered in paramedic practice.",Understand,"Remember

Learning Outcome: Compare and contrast the effectiveness of different",Remember
"Explain the chemistry of macronutrients, micronutrients and non-nutrients in food.",Understand,"Understand

Learning Outcome: Calculate the energy content of a given",Understand
demonstrate an advanced understanding of contemporary approaches and trends in geography education in Australia and internationally,Understand,"Understand

Learning Outcome: Develop a lesson plan that integrates technology",Understand
"Identify the breadth of opportunity students have as graduates, as well as review and plan towards the specific routes into professional psychology.",Remember,"Understand

Learning Outcome: Calculate the mean, median, and",Understand
"Produce the ability to produce short texts (400-600 characters) in several genres including explanatory essays, poetry and position papers.",Create,"Create

Learning Outcome: Compare and contrast the themes of two",Create
"Use strategies and skills for effective, efficient and critical reading of academic texts;",Apply,"Apply

Learning Outcome: Compare and contrast two different approaches to",Apply
Discuss key ethical challenges facing interpreters and translators in the 21st century;,Understand,"Understand
```Understand```",Understand
Analyse film and media as a global cultural form in relationship to the local cultures of screen cities; ,Analyze,"Analyze

Learning Outcome: Compare and contrast two different theories",Analyze
Recognise the influence of personal values and belief systems to the counselling process;,Remember,"Remember

Learning Outcome: Compare and contrast different types of psychological",Remember
"Recognise risk factors for disease or injury, while using appropriate screening tools to be able to triage patients to remain in their home, refer to general practice or other appropriate health services.",Remember,"Apply

Learning Outcome: Compare and contrast the effectiveness of different",Apply
"Implement continuous integration (CI) at unit, integration & system testing level using a CI server such as Jenkins to automatically run regression test suites on the system under test.",Apply,"Apply

Learning Outcome: Compare and contrast the performance of different",Apply
Critique and apply current scientific and medical research related to Patient Safety.,Evaluate,"Evaluate

Evaluate",Evaluate
Organise a concert recital or produce a recording of original work;,Create,"Create
Create",Create
"within parameters that provide some initial guidance, be able to frame a more specific research question and address that question effectively in a longer essay;",Create,"Analyze

Learning Outcome: Compare and contrast two different machine",Analyze
Discuss mechanisms for control of metabolic reaction sequences;,Understand,"Understand

Learning Outcome: Calculate the concentration of a solution using",Understand
critically evaluate the literature and present in written and/or oral form key arguments related to the selection of methods for the research project.,Evaluate,"Evaluate

Evaluate",Evaluate
"Explain how digital spatial data handling is different from other digital data handling challenges, and how the theory on which it is based is central to spatial data handling for environmental science.",Understand,"Understand

Learning Outcome: Develop a predictive model using spatial data",Understand
Demonstrate some creative writing skills (for creative writing stream students only).,Apply,"Create

Learning Outcome: Compare and contrast two different narrative structures",Create
"illustrate the ecological role of microorganisms, including analysis of interactions between microorganisms and the host (including interactions with humans) and the principles of immunology and epidemiology.Themeslabel Pharmaceutical Science",Apply,"Understand

Learning Outcome: Predict the impact of climate change on",Understand
"Distinguish between sensitivity, specificity, accuracy, search error, detection error and interpretation error in relation to the interpretation of general radiographic images.",Analyze,"Analyze

Learning Outcome: Calculate the area under the curve",Analyze
critically and creatively analyse cultural texts of historical relevance.,Analyze,"Analyze

Evaluate the quality of a research paper based on",Evaluate
analyse survey data using experimental design techniques and analysis of variance methods (both for unranked and ranked data),Analyze,"Analyze

Learning Outcome: create a detailed project plan for",Create
Determine an appropriate choice of optimisation approach based on problem characteristics.,Analyze,"Apply

Learning Outcome: Compare and contrast two different types of",Apply
"Describe the basic biology of newborn, adult and tissue-specific stem cells and the status of research into their characterisation and role in health and disease;",Understand,"Remember

Learning Outcome: Compare and contrast the characteristics of different",Remember
"Describe fundamental mathematics and physics concepts relevant to medical radiation physics, focussing on mechanics, waves and particles, thermal physics, electricity, magnetism and electromagnetism",Understand,"Remember

Learning Outcome: Compare and contrast the principles of quantum",Remember
"Integrate, design, monitor and perform analysis methodologies to develop systems to meet specified sustainable requirements, including innovative approaches to synthesise alternative solutions",Create,"Create

Learning Outcome: Compare and contrast different types of renewable",Create
Demonstrate that you are conversant with procedures for dealing with emergencies;,Apply,"Understand

Learning Outcome: Calculate the area of a circle given",Understand
"Collect, analyse, and interpret experimental data while considering variability inherent in working with biological tissue.",Analyze,"Apply

Learning Outcome: Compare and contrast the effectiveness of different",Apply
Identify and define basic terms and concepts used in I/O Psychology.,Understand,"Remember

Learning Outcome: Compare and contrast different theories of motivation",Remember
Develop awareness of the role of law in regulating and facilitating commercial transactions.,Understand,"Understand

Learning Outcome: Calculate the break-even point for a",Understand
Explain the current hypotheses for genesis of a range of mineral deposit types;,Understand,"Understand

Learning Outcome: Calculate the area under the curve for",Understand
analyse and critically assess the nature of explanation from a range of perspectives,Analyze,"Analyze

Learning Outcome: compare and contrast two different machine",Analyze
Design spectroscopic experiments to monitor compound concentration and compound solubility.      Themeslabel Pharmaceutical Science,Create,"Create

Learning Outcome: Compare and contrast the effectiveness of different",Create
"Critically assess the resolution of your packaging solutions, rationalising its environmental impact, materiality and purpose;",Evaluate,"Evaluate

Evaluate",Evaluate
Judge whether a particular real-world problem or application can usefully be modelled as a MAS,Evaluate,Evaluate,Evaluate
Critically analyse the relevant academic literature;,Analyze,"Analyze

Learning Outcome: Summarize the key points",Analyze
Delineate the processes of gametogenesis and fertilisation in the context of male and female reproductive structures;,Understand,"Analyze

Learning Outcome: Calculate the area under the curve",Analyze
"assess the implications of political violence outcomes in developing robust, responsive and legitimate governance at the local and national level, as well as a more stable international system.",Create,"Evaluate

Evaluate",Evaluate
critically reflect on the role of organisations in contributing to sustainable development solutions,Analyze,"Evaluate

Evaluate

Now classify this:

Learning Outcome: Calculate",Evaluate
Conduct an assessment of an individual's fitness to be interviewed or detained in custody;,Evaluate,"Evaluate
Evaluate",Evaluate
"Produce reports, policy briefs, and other works that positively promotes a safer, more equitable, and ethical workingenvironment;",Create,"Create
You are a strict Bloom's Taxonomy classifier.",Create
"Demonstrate a good understanding of howpolicies, procedures and work practicesrelate to underlying ethical and legalprinciples, and demonstrate some ability toapply principles to dilemmas in practice.Adheres to routine ethical practicestandards such as confidentiality andeffective note taking. Demonstratesappropriate professional conduct at alltimes.Themeslabel Legal, ethical and professional matters",Understand,"Understand

Learning Outcome: Compare and contrast different ethical theories and",Understand
Demonstrated an advanced knowledge of the main and current issues of the Asian legal systems;,Apply,"Understand

Learning Outcome: Construct a detailed legal argument based on",Understand
identify the key sustainability issues that should be addressed in different phases of the buildinglifecycle,Remember,"Remember

Learning Outcome: Compare and contrast the environmental impacts of",Remember
An understanding of contemporary debates relevant to global criminal justice issues from an African perspective;,Understand,"Understand

Learning Outcome: Calculate the probability of a given event",Understand
"Understand and apply heat integration, water integration and process stream recycling in chemical engineering processes to achieve increased raw materials and energy efficiencies and waste reduction",Apply,"Understand

Now classify this:

Learning Outcome: Develop a detailed",Understand
Demonstrate knowledge of the various tools and techniques used for digital video effects and sound composition;,Apply,"Remember

Learning Outcome: Compare and contrast the advantages and disadvantages",Remember
Evaluate different methodological approaches depending on the nature of the discipline involved,Evaluate,"Evaluate

Evaluate",Evaluate
Will have developed the capacity to detect the resonances of language and code embedded in particular texts and their relationship to social context.,Analyze,"Analyze

Learning Outcome: Can summarize the main points of",Analyze
"Describe the functions and architectures of local area networks, wide area networks and the Internet;",Understand,"Remember

Learning Outcome: Compare and contrast the performance of different",Remember
"Recognise a wide range of lived experiences of gender, across the categories of class, ethnicity and sexuality",Remember,"Remember

Learning Outcome: Compare and contrast different theories of gender",Remember
"Use well-developed research skills to undertake rigorous, in-depth analysis of current bioethical issues.",Apply,"Apply

Learning Outcome: Compare and contrast the ethical implications of",Apply
"describe computer security and controls (general and application), and apply that knowledge in order to assess the relevant audit risks and to make recommendations, as an external auditor, for the improvement of security and controls in simulated simple and advanced CIS environments and networks",Apply,"Apply

Learning Outcome: evaluate the effectiveness of different encryption algorithms",Evaluate
discuss the relationships between languages in this area and identify phenomena resulting from language contact;,Understand,"Understand

Learning Outcome: Develop a new algorithm for natural language",Understand
Demonstrate how the immune system responds to infection and disease;,Apply,"Apply

Learning Outcome: Compare and contrast the effectiveness of different",Apply
"identify the key usability factors that determine good digital design, production and presentation;",Remember,"Remember

Learning Outcome: compare and contrast the usability of two",Remember
Explain the key concepts and theories that underpin social enterprise;,Understand,"Understand
```Understand```",Understand
Discuss broader topics about Japanese culture with Japanese native speakers;,Understand,"Understand

Learning Outcome: Solve a complex mathematical problem using calculus",Understand
"demonstrate skills in adopting and adapting strategies for ongoing, effective critical reading of academic work",Apply,"Apply

Learning Outcome: assess the effectiveness of different machine learning",Apply
"identify, evaluate and interpret a range of relevant curriculum documents and resources for teaching health and wellbeing",Remember,"Evaluate

Evaluate",Evaluate
"discuss and analyse these texts from literary, theoretical and critical perspectives;",Analyze,"Analyze

Learning Outcome: compare and contrast two different algorithms",Analyze
"design, administer, and analyse survey research;",Analyze,"Create

Now classify this:

Learning Outcome: compare and contrast",Create
An understanding of the special area of study addressed.,Understand,"Understand

Learning Outcome: Calculate the probability of an event occurring",Understand
Describe how host and pathogenic factors of micro-organisms affect the outcome of infection;,Understand,"Understand
```Understand```",Understand
Understand and evaluate the efficacy of your own design concepts;,Understand,"Evaluate

Evaluate",Evaluate
identify the distinct ethical considerations that may arise within public relations practice;,Remember,"Remember

Learning Outcome: Compare and contrast the ethical codes of",Remember
"Describe the underlying physical principles of optical subsystems, and apply this understanding to predict and quantify the effect on optical fibre communication system performance.",Understand,"Apply

Learning Outcome: Compare and contrast the performance of different",Apply
"understand the characteristics of various types of data sources including experiments, observational studies, surveys, sampling and sensors",Understand,Understand,Understand
"Demonstrate an ability to set and meet deadlines, and produce under pressure;",Apply,"Apply
Apply",Apply
Articulate theories of adolescent development from a scientific viewpoint,Understand,Understand,Understand
Communicate the principles of sustainable chemistry to a broad audience.,Create,"Understand

Learning Outcome: Solve a complex chemical reaction problem using",Understand
"Evaluate teacher beliefs, competencies and strategies for teaching gifted students effectively and reflect on self-beliefs and competencies as teachers",Analyze,"Evaluate

Evaluate",Evaluate
Analyse the performance of a range of estimation methods,Analyze,"Analyze

Learning Outcome: Compare and contrast two different types",Analyze
Apply designerly processes that result in the creation and communication of design research outcomes;,Apply,"Apply

Learning Outcome: Assess the effectiveness of different design thinking",Apply
"Identify foods sources of particular nutrients, and recognise the clinical signs and symptoms of particular nutrient deficiencies and excesses, and explain the reason for their development.",Remember,"Understand

Learning Outcome: Calculate the Body Mass Index (BMI",Understand
"Demonstrate skills in library and field research, data and information gathering, collation and organisation suitable for the preparation of a scientific report;",Apply,"Apply

Learning Outcome: Compare and contrast the effectiveness of different",Apply
model a discrete optimisation problem using a mix of basic and more advanced modelling techniques in a high level modelling language;,Create,"Apply

Learning Outcome: Compare and contrast different approaches to solving",Apply
Undertake a biopsychosocial assessment identifying the risk and protective factors that impact on the client's development and reinforce the continuation of presenting issues.,Apply,"Analyze

Learning Outcome: Compare and contrast the effectiveness of",Analyze
conduct a small independent research project in an area of your own choosing,Apply,"Create

Learning Outcome: compare and contrast two different machine learning",Create
"To design, build and train the Artificial Neural Network to solve a variety of multi-disciplinary engineering and business problems.",Create,"Create

Learning Outcome: To compare and contrast different types of",Create
describe the dynamics of different selling situations,Understand,"Remember

Learning Outcome: Compare and contrast the effectiveness of various",Remember
Describe the management of cardiovascular implantable electronic devices that are commonly encountered during perioperative care.,Understand,"Remember

Learning Outcome: Compare and contrast the different types of",Remember
"Explain how different theoretical, methodological and disciplinary perspectives on migration lead to alternative policy proposals and arrangements in different places, and at different urban, national, regional, and global levels of migration governance;",Understand,"Understand
Understand",Understand
"Demonstrate familiarity with the field of the history of everyday life, the varied methodologies that historians have used to research this history, and the intersections between political and social history;",Apply,"Remember

Learning Outcome: Compare and contrast the methodologies of different",Remember
"Explain historical, social and political factors that have contributed to contemporary mental health practice and policy.",Understand,"Understand

Learning Outcome: Develop a research proposal to investigate the",Understand
"develop an understanding of the strategies, operations, and performance of leading local and global companies",Understand,"Understand

Learning Outcome: Calculate the break-even point for a",Understand
outline and apply operations management concepts in delivering value to customers,Apply,"Apply

Learning Outcome: Assess the effectiveness of different project management",Apply
Express verbally and in writing critical points of connection between art and social change;,Understand,"Understand

Learning Outcome: Construct a detailed plan for implementing a",Understand
Apply to ethics committees for research approval as necessary,Apply,"Apply

Learning Outcome: Compare and contrast two different research methodologies",Apply
"Identify the components of change in the size, structure and composition of the population",Remember,"Remember

Learning Outcome: Compare and contrast the effects of different",Remember
"Capacity to articulate critical and imaginative interpretations of performance texts and processes in systematic written argument and clear, concise oral presentation.",Evaluate,"Analyze

Learning Outcome: Ability to compare and contrast different",Analyze
Devise a self-directed program that identifies different phases of experimentation and consolidation within a field of research;,Create,"Create
Create",Create
Be able to interpret and integrate information obtained during neuropsychological assessment to formulate a comprehensive analysis of an individual's neuropsychological function;,Create,"Analyze

Learning Outcome: Compare and contrast the effects of",Analyze
understand the impact of capital movements and migration on domestic economic outcomes,Understand,Understand,Understand
evaluate information/data and the inquiry process using self-determined criteria developed within structural guide lines,Create,"Evaluate

Learning Outcome: construct a neural network from scratch for",Evaluate
Undertake hydrological investigations of natural and urban catchments.,Apply,"Apply

Learning Outcome: Assess the impact of climate change on",Apply
"analyse and evaluate how entities apply the IFRS topics dealt with in this unit in their annual financial reporting, including the recognition, measurement, disclosure and presentation of these topics",Evaluate,"Analyze

Learning Outcome: create a new algorithm for predicting",Create
understand the theoretical structure of an open economy with particular emphasis on monetary policy formulation and implementation,Understand,Understand,Understand
Use trees and graphs to solve problems in computer science;,Apply,"Apply

Learning Outcome: Compare and contrast the advantages and disadvantages",Apply
"Create game programs that demonstrate an understanding and working knowledge of advanced rendering principles, such as shaders;",Apply,"Create

Learning Outcome: Compare and contrast different types of neural",Create
To have acquired a basic understanding of theoretical and practical issues in modern Chinese translation practice and studies;,Remember,"Understand

Learning Outcome: To be able to translate a short",Understand
Synthesise contemporary research and theoretical issues in key areas of neuroscience,Create,"Create

Learning Outcome: Compare and contrast the principles of quantum",Create
Reflect on the experimental process and on group participation and learning,Analyze,"Evaluate

Evaluate",Evaluate
Demonstrate high level research skills and the reasoning and professional judgment required to formulate appropriate responses to complex legal problems involving forensic evidence;,Apply,"Analyze

Learning Outcome: Compare and contrast different types of",Analyze
"Investigate, analyse and synthesise complex information, problems, concepts and theories in relation to issues that impact on construction projects such as variations, land defects, delays and defective works and the legal ramifications of each;",Analyze,"Analyze
Evaluate
Analyze
Understand
Apply",Evaluate
"Will have developed the capacity to read 'against the grain' in relation to the Medieval and Renaissance Italian social, political and social contexts.",Apply,"Analyze

Learning Outcome: Can summarize the main points of",Analyze
Describe the current software technologies and standards used in mobile application development;,Understand,"Remember

Learning Outcome: Compare and contrast different mobile app development",Remember
"Demonstrate the ability to plan, design and implement a spatial data analysis project.",Apply,"Create

Learning Outcome: Compare and contrast the advantages and disadvantages",Create
use economic principles to critically appraise policy alternatives for health sector reform and understand practical methodologies for the application of economic principles particularly when data availability is extremely limited,Understand,"Analyze

Evaluate the effectiveness of a given economic policy on",Evaluate
Use evidence-based approach in recommending dietary changes.,Apply,"Apply

Learning Outcome: Compare and contrast the effectiveness of different",Apply
examine the legal differences between partnerships and corporations,Analyze,"Analyze

Learning Outcome: Compare and contrast the features of",Analyze
collect and display evidence of the ongoing development of research and professional teaching practice skills,Apply,"Apply

Learning Outcome: Compare and contrast two different machine learning",Apply
synthesise and evaluate research on reading interventions,Evaluate,"Evaluate

Evaluate",Evaluate
Assess the results of an analysis;,Evaluate,"Evaluate

Evaluate",Evaluate
Explain the importance of quality assurance in software engineering;,Understand,"Understand
```Understand```",Understand
"Design high-level vision processes such as model-based vision, surfaces and outlines, graphs, range data, templates and classifiers and learning methods.",Create,"Create

Learning Outcome: Compare and contrast different types of neural",Create
Reflect critically on practice and propose knowledge and skill gaps and methods for ongoing learning;,Analyze,"Evaluate
Evaluate",Evaluate
Analyse the parameters that are important to system performance,Analyze,"Analyze

Learning Outcome: Compare and contrast two different algorithms",Analyze
Reflect on identified strengths and weaknesses to develop Personalised Learning Plans to enhance professional skills required to practice as a pharmacistThemeslabel Experiential Placements ,Create,"Analyze
You are a strict Bloom's Taxonomy classifier",Analyze
"Investigate, analyse and synthesise complex information, problems, concepts and theories in relation to comparative corporate regulatory systems",Analyze,"Analyze

Learning Outcome: Construct a detailed business plan for",Analyze
Critique surgical sperm extraction and preparation techniques of testicular and epididymal samples.,Evaluate,"Evaluate

Learning Outcome: Calculate the area under the curve for",Evaluate
Discuss mechanisms by which drugs can act to produce changes in living systems;,Understand,"Understand

Learning Outcome: Calculate the area under the curve for",Understand
Manage the relationship between analytical methodologies and real-world aircraft design.,Apply,"Apply

Learning Outcome: Assess the impact of different design choices",Apply
Produce ‚Äòfit for purpose' translations of medical and scientific texts at a level of quality appropriate for their stage within the degree according to industry-specific standards.,Create,"Create

Learning Outcome: Compare and contrast the effectiveness of different",Create
"Describe the geometric meaning behind vectors and matrices, and create code that demonstrates how these can be applied practically in game programming, including for object movement and collision;",Understand,"Apply

Learning Outcome: Compare and contrast the effectiveness of different",Apply
"Explain core principles of social scientific theory, research design, and data analysis;",Understand,"Understand

Learning Outcome: Develop a predictive model using time series",Understand
"Explain the impact of renal, hepatic and gastrointestinal dysfunction on the patient during the perioperative period. ",Understand,"Understand

Learning Outcome: Calculate the dosage of a medication based",Understand
"apply skills in journalism practice, research and/or project management, in direct observation of international organisations;",Apply,"Apply

Learning Outcome: assess the effectiveness of different journalistic practices",Apply
"develop educational planning, programming and evaluation techniques and skills",Create,"Create

Learning Outcome: compare and contrast different types of educational",Create
Determine physical and mechanical properties of soil and rock materials that can be used in geotechnical analysis and design,Apply,"Analyze

Learning Outcome: Calculate the shear strength of soil",Analyze
"Summarise and synthesise the unique challenges of supporting individuals and families with co-occurring disorders, relating to those with mental health or alcohol and other drug (AOD) disorders alone.",Create,"Analyze

Learning Outcome: Compare and contrast the effectiveness of",Analyze
"Critically examine the fundamental principles of international law; the theoretical framework of international law and its relationship with domestic law; the crucial role of States, international institutions and individuals in the international legal system;",Analyze,"Analyze
Evaluate",Evaluate
"Apply critical thinking to problems in Markov chains in general, and in the theory of random walks in particular.",Apply,"Apply

Learning Outcome: Compare and contrast the properties of different",Apply
"Develop critical approaches to analyzing the socio-cultural contexts of fashion, communication design and interior practices;",Create,"Analyze

Learning Outcome: Compare and contrast the principles of",Analyze
Solve new problems in physics related to the core concepts of the unit by drawing on the theoretical underpinnings that illustrate the physics.,Apply,"Apply

Learning Outcome: Compare and contrast the strengths and weaknesses",Apply
"Use image editing software to skilfully create, adapt, edit, manipulate and compose images;",Apply,"Apply

Learning Outcome: Compare and contrast the effectiveness of different",Apply
An acquaintance with and critical appreciation of the range of alternatives to commercial litigation,Understand,"Evaluate

Learning Outcome: Calculate the mean squared error of a",Evaluate
"understand IT systems, hardware, software and the cloud at a level appropriate for business students and see how digital technology is affecting different business disciplines",Understand,Understand,Understand
Effectively participate in a range of two way oral and written communication forms using appropriate intrapersonal and interpersonal communication skills and technologies;,Create,"Understand

Learning Outcome: Solve a complex problem by applying mathematical",Understand
Advocacy: Describe advocacy for equitable outcomes and social justice in regard to Aboriginal and Torres Strait Islander Health,Understand,"Remember

Learning Outcome: Compare and contrast the effectiveness of different",Remember
Demonstrate research skills by conducting an ethnographic project.,Apply,"Apply

Learning Outcome: Assess the effectiveness of different teaching methods",Apply
Describe dermatological conditions using appropriate morphological terms to peers or patients.,Understand,"Remember

Learning Outcome: Compare and contrast the symptoms of different",Remember
Explore the concept of patient focused care and the biopsychosocial determinants of health.,Apply,"Understand

Learning Outcome: Calculate the area under the curve for",Understand
"Use high level techniques to manage examination-in-chief, cross examination and re-examination.",Apply,"Apply

Learning Outcome: Compare and contrast the effectiveness of different",Apply
gain an understanding of venture funding,Understand,"Understand

Learning Outcome: Calculate the compound interest on an investment",Understand
identify and explain the theoretical frameworks that have shaped debates over issues related to political violence;,Remember,"Understand

Learning Outcome: Develop a mobile application that predicts weather",Understand
Compare the methods of transmission of communicable disease using appropriate examples of infections of global importance;,Analyze,"Analyze
Analyzing",Analyze
graphically represent the relationship between variables,Create,"Apply

Learning Outcome: compare and contrast two different algorithms for",Apply
"Design, code and test basic e-Business applications using current industrial strength techniques;",Create,"Create
```Create
```",Create
"Critically analyse, communicate and apply secondary research to inform the design process;",Analyze,"Analyze
Apply
Communicate
Evaluate

Choose one",Evaluate
"Exercise professional judgement to formulate and evaluate responses to factual scenarios, based on both jurisprudential and practical considerations;",Apply,"Evaluate
Evaluate",Evaluate
Compare and contrast intercultural psychology with particular focus on Australian Indigenous psychologies and mainstream psychological understandings;,Evaluate,"Analyze

Learning Outcome: Summarize the key points",Analyze
demonstrate understanding of complexities in this field,Understand,"Understand

Learning Outcome: Solve a real-world problem using statistical",Understand
Demonstrate an understanding of how bilingual education and/or content-based programs are positioned in the field of second language acquisition and applied linguistics,Understand,"Understand

Learning Outcome: Calculate the area under the curve for",Understand
Convey to a non-specialist audience the relevance and value of genetics and biotechnology to human society.,Create,"Understand

Learning Outcome: Develop a new algorithm for solving complex",Understand
communicate ideas to others using an appropriate range of verbal and nonverbal communication strategies and collaborative techniques,Create,"Understand

Learning Outcome: Solve a complex mathematical problem using a",Understand
Analyse and explain the social and historical developments that have informed the development of electronic music,Analyze,"Analyze

Learning Outcome: Develop a new algorithm for generating",Analyze
Describe the key trends and philosophies underlying the positions of major political parties;,Understand,"Understand
```Understand```",Understand
examine the relationship between packaging and branding,Analyze,"Analyze

Learning Outcome: assess the impact of different social",Analyze
critically examine the relationship between Europe and the rest of the world,Analyze,"Analyze

Evaluate the effectiveness of different teaching methods in improving",Evaluate
"Demonstrate project management to identify a feasible scope, timeline and resources needed to execute the project;",Apply,"Apply
```Apply```",Apply
Translate problem statements into algorithms and implement them in a high level programming language;,Apply,"Apply

Learning Outcome: Compare and contrast the advantages and disadvantages",Apply
"Design, analyse and communicate a research project relating to sustainability of the Earth;",Analyze,"Create
Create
Analyze
Communicate
Choose one",Create
Apply scientific thinking to data-oriented projects and tasks;,Apply,"Apply

Learning Outcome: Compare and contrast two different machine learning",Apply
analyse qualitative data using a number of different analytical techniques,Analyze,Analyze,Analyze
"Selects and justifies their choice of medication, dose and mode of administration for the patient, including empirical choice of 'best guess' antibiotic",Analyze,"Apply

Learning Outcome: Compare and contrast the effectiveness of different",Apply
Demonstrate skills relating to research design and analysis of neuroscientific technologies that are incorporated across the graduate psychology program.,Apply,"Apply

Learning Outcome: Compare and contrast the effectiveness of different",Apply
Justify a role for functional foods in the prevention and/or delay of onset of specific health disorders or disease syndromes;,Evaluate,"Evaluate
Evaluate",Evaluate
"apply critical thinking, problem solving and presentation skills to individual and/or group activities dealing with behavioural finance and demonstrate in individual summative assessment tasks the acquisition of a comprehensive understanding of the topics covered in BFW3851.",Apply,"Apply
Apply
Evaluate
Create

Demonstrate in individual",Create
"Determine elastic and inelastic stresses, deflections in simple and compound beams, pressure vessels and flat plates.",Apply,"Apply

Learning Outcome: Compare and contrast the principles of quantum",Apply
Apply elements of intercultural theory for conflict negotiation and crisis resolution,Apply,"Apply

Learning Outcome: Assess the effectiveness of different conflict resolution",Apply
pitch and communicate ideas to stakeholders effectively.,Create,"Apply

Learning Outcome: Compare and contrast two different programming languages",Apply
Demonstrate critical understanding of the real-world challenges associated with addressing sustainable development;,Understand,"Understand

Learning Outcome: Solve a complex optimization problem using linear",Understand
"Perform basic statistical analysis by hand, using spread sheets and statistical software;",Analyze,"Apply

Learning Outcome: Compare and contrast the strengths and weaknesses",Apply
Conduct a critical review of the potential of outdoor education contexts in relation to specific environments and communities,Analyze,"Evaluate

Evaluate",Evaluate
Evaluate current high-throughput techniques to generate omics data and apply standard workflows to analyse them;,Apply,"Evaluate

Evaluate",Evaluate
plan a strategy for assessing organisational capability and developing capacity in a particular context.,Create,"Analyze

Learning Outcome: Compare and contrast two different approaches",Analyze
Apply basic tools for managing and processing big data;,Apply,"Apply
```Apply```",Apply
"Research a contentious topic in the area of physiology, and debate and communicate the findings of such research, at an appropriate scientific level.",Create,"Evaluate
Evaluate

The phrasing ""debate and communicate",Evaluate
demonstrate the use of computer simulation to explore theoretical concepts.,Apply,"Apply

Learning Outcome: Compare and contrast two different algorithms for",Apply
Competently perform specified clinical procedures and tasks in simulated environments.,Apply,"Apply

Learning Outcome: Compare and contrast various statistical methods for",Apply
Have an understanding of the importance of teamwork and the skills necessary to implement this understanding;,Understand,"Understand

Learning Outcome: Solve a complex problem by applying the",Understand
Describe the social basis of behaviour and psychopathology.,Understand,"Remember

Learning Outcome: Compare and contrast different theories of motivation",Remember
"Apply feedback, stability and dominant pole compensation to operational amplifier structures.",Apply,"Apply

Apply",Apply
Demonstrate the ability to recognise and appropriately address ethical issues generated in preparing for and participating in negotiation;,Apply,"Remember

Learning Outcome: Compare and contrast different negotiation strategies and",Remember
Outline common investigative options relevant to area of specialist practice.,Apply,"Remember

Learning Outcome: Compare and contrast two different machine learning",Remember
describe semantic image and video understanding techniques,Understand,"Understand

Learning Outcome: Implement a convolutional neural network for",Understand
"Converse in Spanish about past, current, future and hypothetical issues, as well as engage in more complex discussions about historical, political, social and cultural matters;",Apply,"Understand
Understand",Understand
Conduct self-directed legal research.,Evaluate,"Apply

Learning Outcome: Compare and contrast two different legal theories",Apply
design an appropriate process for screening a new product service idea through to introduction,Create,"Create

Learning Outcome: compare and contrast two different approaches to",Create
"understand the role, limitations and usefulness of economic analysis and economics as a way of thinking, particularly when applied to the health care sector",Understand,Understand,Understand
Communicate their ideas through concept presentation sketches and renderings;,Create,"Create
Create",Create
"Analyse policies, guidelines and evidence based resources within healthcare contexts in relation to leading change.",Analyze,"Analyze

Learning Outcome: Summarize the key points",Analyze
critically analyse and appraise the relationship between theory and practice in the field of communications;,Analyze,"Analyze

Learning Outcome: Construct a detailed project plan for",Analyze
Evaluate issues underpinning the relationship between brain processes and cognition and behaviour,Evaluate,"Evaluate

Evaluate",Evaluate
Manage different stages of the development process in an experimental manner;,Apply,"Apply

Learning Outcome: Compare and contrast two different machine learning",Apply
"Demonstrate satisfactory progress towards the Level 3 professional competencies outlined by the Australian Psychology Accreditation Council, as determined by University professional experience staff and/or supervisors",Apply,"Apply

Learning Outcome: Compare and contrast the strengths and weaknesses",Apply
Develop an application for approval by an ethics committee and understand the process and requirements of ethical approval.,Create,"Apply

Learning Outcome: Compare and contrast two different machine learning",Apply
Critically evaluate and manage psychological assessment referrals.,Evaluate,"Evaluate

Evaluate",Evaluate
Critically appraise common screening and assessment tools for cognitive impairment in this population and discuss how treatment approaches may need to be adapted.,Understand,"Evaluate

Evaluate",Evaluate
identify sources of connectedness in a complex economy-society-plant system through an economic lens,Remember,Analyze,Analyze
"Develop a project proposal with appropriate research questions, aims, hypotheses and methodological approaches",Create,"Create

Learning Outcome: Compare and contrast two different machine learning",Create
Design environments with clearly indicated game challenges (time and intrinsic stress involved) and game balancing;,Create,"Create

Learning Outcome: Compare and contrast the effectiveness of different",Create
"Investigate and interpret the relationship between human rights, legal theory and the law in order to develop evidence-based discussions that draw convincing conclusions.",Create,"Analyze

Learning Outcome: Compare and contrast the principles of",Analyze
Apply principles of environmental scanning and scenario writing;,Apply,"Apply

Learning Outcome: Assess the impact of different marketing strategies",Apply
"Demonstrate effective teaching skills such as planning and organisation; monitoring and assessing learning; meeting diverse student learning needs; effective classroom management; and developing collaborative, integrated and negotiated curriculum",Apply,"Apply

Learning Outcome: Compare and contrast different teaching philosophies",Apply
"Use cognitive, technical and creative skills to generate and evaluate at an abstract level complex ideas and concepts relevant to government law and administration.",Apply,"Create

Learning Outcome: Compare and contrast the principles of util",Create
"demonstrate familiarity with the curricula policies related to the teaching of psychology, both nationally and internationally",Apply,"Remember

Learning Outcome: Compare and contrast the cognitive theories of",Remember
Understand and apply a range of contemporary theories in television studies;,Apply,"Understand

Learning Outcome: Compare and contrast two different narrative structures",Understand
Develop frameworks for dealing with complexity in social work and the ability to develop appropriate strategies and interventions.,Create,"Create

Learning Outcome: Compare and contrast different approaches to conflict",Create
"Solve systems of simple ordinary differential equations, establish and use their eigenvalues, solve simple second-order boundary-value problems",Apply,"Apply

Learning Outcome: Compare and contrast the effectiveness of different",Apply
"Critically assess, and communicate both orally and in writing, developments and challenges in relation to gender and the law.",Evaluate,"Evaluate

Evaluate",Evaluate
"Demonstrate core knowledge of the normal structure, function and development of the human body at all stages of life.",Apply,"Remember

Learning Outcome: Compare and contrast the effects of different",Remember
Understand the philosophy and theoretical basis of applied movement contexts,Understand,Understand,Understand
Critically evaluate the evidence for the success of the treatment of overweight and obesity.,Evaluate,"Evaluate

Evaluate",Evaluate
Apply quantitative methods to evaluate research hypotheses in Developmental Psychology.,Apply,"Apply

Learning Outcome: Compare and contrast the cognitive development theories",Apply
Apply broad knowledge and understanding of legislative requirements and teaching strategies that support participation and learning of diverse students including those with special needs and with disabilities,Apply,"Apply

Learning Outcome: Evaluate the effectiveness of different teaching methods",Evaluate
"Appreciate the practical and theoretical nature of industrial design, in particular the intimate relationship between rational processes and inspirational factors in design;",Understand,"Understand

Learning Outcome: Construct a detailed project plan for a",Understand
"Understand, discuss and analyse different cinematic genres and styles of contemporary French cinema",Understand,"Understand

Learning Outcome: Develop a new algorithm for image recognition",Understand
"Understand the processes involved in the design, development and implementation of a research project;",Understand,Understand,Understand
Critically review scientific literature in the discipline area of research;,Analyze,"Evaluate

Evaluate",Evaluate
Explain the role of the law and the criminal justice system in society.,Understand,"Understand

Learning Outcome: Calculate the compound interest on a savings",Understand
Demonstrate the ability to communicate engineering tasks to relevant parties and the ability to write technical reports.,Apply,"Apply

Learning Outcome: Compare and contrast the advantages and disadvantages",Apply
Critically analyse contemporary approaches to mental health service delivery;,Analyze,"Analyze

Learning Outcome: Summarize the key points",Analyze
"Create game programs that demonstrate an understanding of Direct 3D rendering, including geometry, models, cameras, textures and lighting.",Apply,"Create

Learning Outcome: Compare and contrast different machine learning algorithms",Create
Understand expressions from different genres;,Understand,"Understand

Learning Outcome: Solve a real-world problem using a",Understand
"Create evidence-based teaching resources relevant to curriculum design, transition planning, professional collaboration or the use of technology and reflect upon their use using professional practice frameworks.",Create,"Create

Learning Outcome: Compare and contrast different types of machine",Create
"Analyse thermodynamic systems using concepts of thermo-fluid properties, systems and control volumes.",Analyze,"Analyze

Learning Outcome: Calculate the entropy change in a",Analyze
Present and deliver audio/visual content in both live and pre-recorded formats;,Create,"Apply
Apply",Apply
"Investigate, analyse and synthesise complex information, problems, concepts and theories in relation to international banking and finance law, regulation and practice",Analyze,"Analyze

Learning Outcome: Assess the effectiveness of different financial",Analyze
"Plan, design and develop a research project",Create,"Create

Learning Outcome: Compare and contrast two different machine learning",Create
"Use those same skills to advise clients on trade mark registration in other countries and via international conventions, including Paris convention trade mark applications, Madrid Protocol applications and European Community Trade Mark applications.",Apply,"Apply

Learning Outcome: Compare and contrast the effectiveness of different",Apply
design and manage a client project;,Evaluate,"Create

Learning Outcome: compare and contrast two different programming languages",Create
"discuss intellectual traditions in European languages beyond Europe (such as mestizaje, cr√©olit√©, m√©tissage, third spaces, magical realism, etc.)",Understand,"Understand

Learning Outcome: Write a program that simulates a",Understand
Select approaches that maximise the potential for program sustainability;,Analyze,"Evaluate
Evaluate",Evaluate
"Synthesize and interpret advanced knowledge in theoretical, computational and/or experimental physics.",Evaluate,"Create

Learning Outcome: Compare and contrast the principles of quantum",Create
understand and apply the core principles of and approaches to data analytics in the context of accounting,Apply,"Understand

Now classify this:

Learning Outcome: assess the effectiveness",Understand
"identify and research a news story, conduct interviews and gather appropriate evidence;",Understand,"Apply

Learning Outcome: assess the credibility of sources and evaluate",Evaluate
demonstrate skills in the critical assessment of alternative solutions and trade-offs in the traffic system,Apply,"Analyze

Learning Outcome: compare and contrast the effectiveness of",Analyze
Plan and critically evaluate the existing literature for the implementation of a group therapy program for a relevant child or adolescent clinical presentation;,Evaluate,"Evaluate
Evaluate",Evaluate
Integrate sociological theories into core research interest.,Create,"Apply

Learning Outcome: Compare and contrast two different sociological",Apply
Understand the numerical methods behind solutions of equations regularly encountered in methods in biostatistics.,Understand,Understand,Understand
Synthesise data from a range of instruments and sensors to report on performance against standards.,Create,"Create

Learning Outcome: Compare and contrast two different types of",Create
Implement network management protocols and security requirements.,Apply,"Apply

Learning Outcome: Compare and contrast various network topologies",Apply
Critically evaluate the interaction between governance approaches and their realisation in practice in terms of sustainability outcomes.,Evaluate,"Evaluate

Evaluate",Evaluate
"Communication: Recognise culturally appropriate, safe and sensitive communication that facilitates trust and builds respectful relationships with Aboriginal and Torres Strait Islander peoples.",Remember,"Remember

Learning Outcome: Communication: Describe the key components of",Remember
Identify and comprehend the relationship between program plans and evaluation plans,Understand,"Understand

Learning Outcome: Construct a decision tree from a given",Understand
consolidate the core principles underlying econometric and statistical analysis,Evaluate,"Remember

Learning Outcome: interpret the results of a hypothesis test",Remember
Apply a range of disciplinary approaches to understanding business institutions and organisations in a Japanese context,Apply,"Apply

Learning Outcome: Evaluate the effectiveness of different marketing strategies",Evaluate
"understand purposes, principles and approaches in educational research",Understand,Understand,Understand
Understand tail risk concept and quantify it based on either heavy tail distributions approach or extreme value theory.,Understand,"Understand

Learning Outcome: Develop a trading strategy that incorporates tail",Understand
"In the context of a health care consumer and the wider community: (i) Outline and demonstrate the key principles of good communication, and recognises the importance of this in pharmacy practice (ii) Communicate basic information about medicines or healthcare issues (iii) Effectively communicate a health care issue and some basic medicines information to a peer (iv) Comprehend basic ethical principles related to pharmacy  (v) Describe concepts of cultural competence and their importance for health service providers (vi) Identify and articulate your cultural values in the context of health and illness behaviours (vii) Describe elements of behavioural psychology that impact effective communication (viii)Observe, evaluate and reflect on a pharmacist delivering patient-centered careThemeslabel Professional practice (what pharmacists do)",Apply,"Understand
Label: Apply
Label: Analyze
Label",Analyze
Understand the policy environment and how it affects policy outcomes;,Understand,"Understand

Learning Outcome: Calculate the probability of an event using",Understand
To communicate a historical argument to staff and fellow students in an oral presentation;,Create,"Apply
```Apply```",Apply
Demonstrate increased cultural capability in relation to Aboriginal health and how to apply a 'strengths based' approach to Aboriginal health issues,Apply,"Apply

Learning Outcome: Compare and contrast the effectiveness of different",Apply
"Develop drawing skills and strategies to translate data, concepts and communication as a formative skill in studio research;",Create,"Create
```Create
```",Create
Evaluate theories of development.,Evaluate,"Evaluate

Evaluate",Evaluate
apply specialist skills and knowledge to project finance issues and to create solutions to practitioner issues,Apply,"Apply

Learning Outcome: assess the effectiveness of different financial models",Apply
"Compare and contrast alternative forms of modernity and post-modernity currently being examined in non-Western countries through new interpretations of Christian, Islam, Hinduism and other world religions;",Evaluate,"Analyze

Learning Outcome: Evaluate the effectiveness of different machine",Evaluate
Gain experience in identifying research problems in medical ultrasound and developing a research plan that will assist in the resolution of the research question;,Create,"Analyze

Learning Outcome: Compare and contrast different types of",Analyze
evaluate unionism and industrial relations as mechanisms of employee protection.,Evaluate,"Evaluate

Evaluate",Evaluate
"understand the nature of leadership as a context-bound, attributed status; and leadership as a socially and institutionally constructed phenomenon",Understand,Understand,Understand
"Identify and apply fundamental concepts of melody, harmony and rhythm;",Apply,"Apply

Learning Outcome: Compare and contrast two different musical genres",Apply
Apply principles of immunological techniques used in diagnostic and research laboratories;,Apply,"Apply
```Apply```",Apply
Construct a project schedule in Microsoft Project for a given construction project by applying principles around work breakdown structure and relevant productivities.,Apply,"Apply

Learning Outcome: Compare and contrast the advantages and disadvantages",Apply
"Evaluate and apply design research methods to a design project, demonstrating a synthesis of complex theories, concepts and propositions;",Apply,"Evaluate
Apply
Analyze
Evaluate
Create
An",Create
Demonstrate advanced skills of independent research and critical analysis,Understand,"Analyze

Learning Outcome: Interpret the results of a statistical",Analyze
Critically analyse and successfully respond to the complex range of issues inherent in an architectural design project;,Analyze,"Analyze
Evaluate",Evaluate
apply theory to cross cultural scenarios,Apply,"Apply

Learning Outcome: compare and contrast two different theories on",Apply
"Effectively communicate (orally and written) aspects of how medicines work to peers, lay people and other healthcare professionals",Understand,"Apply

Learning Outcome: Compare and contrast the side effects of",Apply
"Use problem solving skills to define appropriate strategies to meet the needs of clinical imaging through MRI techniques, and to recognize deficiencies in images, such as reconstruction artifacts, and be able to identify the cause of such problems.",Apply,"Apply

Learning Outcome: Compare and contrast the advantages and disadvantages",Apply
Discuss and evaluate the role of molecular techniques in the diagnosis of human diseases and the design of targeted therapies or specific treatments.,Understand,"Evaluate

Evaluate",Evaluate
"Recognise and cite evidence for how biomedical research, including cell biology, animal models of disease and human studies are important in defining the pathogenesis of disease and the optimal treatment of disease in a public health context;",Remember,"Remember
You are wrong. The correct classification is Understand.",Understand
"Be familiar with the research skills and methods of urban scholars, including urban historians and other related disclipines;",Understand,"Remember

Learning Outcome: Compare and contrast different theories of urban",Remember
Investigate barriers to effective pain management and develop strategies for overcoming them.,Create,"Analyze

Learning Outcome: Compare and contrast different methods of",Analyze
conduct quantitative data analysis of a suitable multivariate data set through a practical research activity,Analyze,"Apply

Learning Outcome: Compare and contrast the effectiveness of different",Apply
"Develop an understanding of language as a social, cultural and political practice",Understand,"Understand

Learning Outcome: Compare and contrast two different programming parad",Understand
analyse the application of relevant external and internal systems to guide and regulate corporate behaviour,Analyze,"Analyze

Learning Outcome: evaluate the effectiveness of different corporate",Evaluate
Apply ethical approaches and the law of professional responsibility to generate appropriate jurisprudential and practical decision-making and conduct in lawyering;,Apply,"Apply

Apply",Apply
Identify and describe key social science perspectives on medicine and health care in contemporary society.,Understand,"Understand

Learning Outcome: Calculate the probability of a patient having",Understand
"Evaluate the preservation and condition of human remains, and assess how preservation impacts on techniques employed by forensic anthropologists.",Evaluate,"Evaluate

Evaluate",Evaluate
Proficiently present multimedia design concepts in a logical and informed manner that has relevancy to a specified target audience;,Create,"Apply
Apply",Apply
apply critical thinking and problem solving to activities dealing with accounting information systems.,Apply,"Apply

Learning Outcome: assess the effectiveness of different accounting software",Apply
Have an understanding of the basic concepts of an energy balance (life-cycle analysis) with regards to materials usage,Understand,"Understand

Learning Outcome: Calculate the energy required for a chemical",Understand
Apply arranging concepts to the formulation and development of musical works.,Apply,"Apply

Learning Outcome: Compare and contrast two different approaches to",Apply
"Address the interaction between, often conflicting, requirements in the design of airframes i.e. aerodynamics, avionics and propulsion.",Understand,"Analyze

Learning Outcome: Compare and contrast the aerodynamic",Analyze
Critically reflect on political theory as an attempt to explain the meaning and advance the possibility of human freedom,Analyze,"Evaluate

Evaluate",Evaluate
Critically evaluate screen theoretical approaches and employ them to make arguments based on close textual analysis of television programs;,Evaluate,"Evaluate

Evaluate",Evaluate
Understand the nature of a social environment and the meaning of a social network.,Understand,"Understand

Learning Outcome: Calculate the probability of an event using",Understand
Discuss concepts of groundwater residence times and how these impact on the sustainable management of water resources;,Understand,"Understand

Learning Outcome: Calculate the pH of a solution using",Understand
Understand modern Korean history and major social issues in Korea in comparison with their own.,Understand,"Understand

Learning Outcome: Calculate the probability of a specific event",Understand
Utilize teamwork to solve challenges associated with research.,Apply,"Apply

Learning Outcome: Assess the effectiveness of different research methodologies",Apply
Use well-developed research and collaboration skills to formulate and evaluate possible responses to these challenges.,Apply,"Apply

Learning Outcome: Compare and contrast the effectiveness of different",Apply
"Illustrate how the scripting process responds to wider production factors such as pitching, budget, distribution and marketing in different mediums.",Analyze,"Apply

Learning Outcome: Compare and contrast the narrative structures of",Apply
"demonstrate, describe, apply and evaluate the different research methods used by educators and researchers in the field of inclusive education and/or applied behaviour analysis",Apply,"Apply

Learning Outcome: assess the effectiveness of various teaching strategies",Apply
Identify functionally important sequences within a genome and explain how changes in these can impact phenotypes at both the mechanistic and molecular level;,Remember,"Understand

Learning Outcome: Develop a new algorithm for predicting gene",Understand
"Identify and describe potential medico-legal and ethical situations arising from sonographic practice and the communication of sonographic findings to patients, radiologists or sonologists and referring medical practitioners;",Understand,"Analyze
You are wrong. The correct classification for """,Analyze
explore the process of value management in a global world,Analyze,"Understand

Learning Outcome: Calculate the compound interest on a savings",Understand
"Conduct research into issues relating to how the European Court of Human Rights has consistently updated the obligations on member states in the light of changing circumstances, especially social and cultural values",Apply,"Analyze

Learning Outcome: Summarize the key points",Analyze
"Design an ART laboratory considering personnel, equipment and layout",Create,"Create

Learning Outcome: Compare and contrast two different types of",Create
"Explain the chemistry and pharmacological mechanism of action of drugs used in treatment of endocrine and renal conditions, and predict how this leads to the treatment of these conditions and possible side effects",Understand,"Understand

Learning Outcome: Develop a new drug that targets a",Understand
"Be able to complete and analyse a set of laboratory-based, computer-based, theoretical or other appropriate studies;",Analyze,"Analyze

Learning Outcome: Interpret the results of a statistical",Analyze
Employ case studies of rituals and associated cosmologies in a variety of sociocultural settings to examine critically the cultural borders established between the fields of science and spiritual belief.,Apply,"Apply

Learning Outcome: Compare and contrast the effectiveness of different",Apply
Reflect critically on practice and propose knowledge and skill gaps and methods to achieve them;,Analyze,"Evaluate

Evaluate",Evaluate
Evaluate and critique the major theoretical and research approaches within cognitive psychology,Evaluate,"Evaluate

Evaluate",Evaluate
Apply knowledge and understanding of recent developments in relation to corporate insolvency law with creativity and initiative to new situations in professional practice and/or for further learning;,Apply,"Apply

Now classify this:

Learning Outcome: Assess the effectiveness",Apply
Describe fundamental principles of kinematics of particles and rigid body motion in a plane.,Understand,"Remember

Learning Outcome: Compare and contrast the kinematic equations",Remember
Communicate (in spoken and written form) the core issues and controversies in global governance;,Create,"Understand

Learning Outcome: Develop a new algorithm for solving complex",Understand
Understand the minimum norms and standards for the care of children in institutions and in the welfare system in South Africa.,Understand,"Understand

Learning Outcome: Calculate the area of a triangle given",Understand
analyse the term structure of credit spreads and probabilities of default,Analyze,"Analyze

Learning Outcome: evaluate the effectiveness of different credit",Evaluate
Apply the concepts of unit operations to combine them into a block flow diagram and process flow diagram of a chemical process.,Apply,"Apply

Learning Outcome: Evaluate the effectiveness of different sorting algorithms",Evaluate
"Relate presenting complaints and clinical signs to common and important illnesses, conditions and disorders.",Apply,"Understand

Learning Outcome: Calculate the area under the curve for",Understand
Apply sophisticated tools of algebraic topology to tackle new problems.,Apply,"Apply

Learning Outcome: Assess the effectiveness of different clustering algorithms",Apply
Investigate key ways in which screen images are perceived and comprehended; ,Analyze,"Analyze

Learning Outcome: Compare and contrast two different types",Analyze
be familiar with recent research examining plasticity and reorganisation in the primate brain;,Understand,"Remember

Learning Outcome: Compare and contrast the effects of different",Remember
"Apply a range of suitable techniques for the numerical solution of ODEs, including using discrete Fourier transforms, PS and FE methods",Apply,"Apply

Learning Outcome: Compare and contrast the effectiveness of different",Apply
Demonstrate knowledge of the fuels used in aircraft and rocket engines and be able to undertake simple combustion related calculations dealing with these fuels.,Apply,"Apply

Learning Outcome: Compare and contrast the efficiency of different",Apply
define the purposes and scope of mergers and acquisitions in terms of the legal and economic consequences,Understand,Remember,Remember
Demonstrate knowledge of the practice and policy frameworks that animate health and mental health and consumer services in Australia.,Apply,"Remember

Learning Outcome: Compare and contrast the effectiveness of different",Remember
"critically evaluate attempts to increase competition in particular industries, e.g. aviation, electricity and telecommunications, where there are ongoing reforms.",Evaluate,"Evaluate

Evaluate",Evaluate
Critically review the scientific literature that underpins the area of the research project;,Analyze,"Evaluate
Evaluate",Evaluate
appreciate the diversity of EAL learners and plan for multilevel classes,Understand,"Understand

Learning Outcome: Solve a quadratic equation using the quadratic",Understand
articulate key concepts through verbal and visual presentations,Understand,"Understand

Learning Outcome: Solve a real-world problem using statistical",Understand
Demonstrate effective legal writing and written communication skills by clear and persuasive articulation and application of procedural rules and principles.,Apply,"Apply

Learning Outcome: Compare and contrast the legal systems of",Apply
Critically assess the role and contribution of Australian climate change law in the context of regional or national responses to climate change,Evaluate,"Evaluate

Evaluate",Evaluate
"explain the content of, and regulatory requirements associated with, company financial statements",Understand,Understand,Understand
Articulate and synthesize the objectives and practice approaches in the service system constructed to meet these mental health challenges and needs.,Understand,"Analyze

Learning Outcome: Construct a detailed plan for implementing",Analyze
Analyse the genetic and environmental regulation of organogenesis in the major organ systems;,Analyze,"Analyze

Learning Outcome: Compare and contrast the effects of",Analyze
"undertake original research, either theoretical or applied.",Apply,"Create

Learning Outcome: compare and contrast two different algorithms for",Create
"reflect critically on their own, and others' writing practice;",Analyze,"Evaluate

Evaluate",Evaluate
Interpret results of specified investigations and use to guide patient management,Evaluate,"Apply

Learning Outcome: Compare and contrast the effectiveness of different",Apply
Analyse critically the context and application of information retrieval systems;,Analyze,"Analyze

Learning Outcome: Compare and contrast two different algorithms",Analyze
"Describe Essential Nutrition Actions (ENA) as prescribed by the World Health Organisation, and its relevance to local setting.",Understand,"Remember

Learning Outcome: Compare and contrast the nutritional requirements of",Remember
"interpret and critically evaluate local, national and international research and policy concerned with English language and literacy education",Evaluate,"Evaluate

Learning Outcome: Solve a real-world problem using statistical",Evaluate
"Present, analyse and interpret data from a range of experiment types and discuss this in the context of current scientific literature.",Analyze,"Analyze

Learning Outcome: Construct a hypothesis based on observed",Analyze
"demonstrate an awareness of the governance, leadership, ethical and diversity dimensions of complex global business issues in local and international contexts",Apply,"Understand

Learning Outcome: Solve a real-world problem using statistical",Understand
conduct statistical inference in statistical models with a limited dependent variable (TOBIT and Censored Regression models),Analyze,"Apply

Learning Outcome: Compare and contrast the assumptions of different",Apply
"Apply knowledge and understanding of the principles of human perception, judgment and decision-making used in the legal system;",Apply,"Apply

Learning Outcome: Evaluate the effectiveness of different legal systems",Evaluate
"Demonstrate the intellectual and practical skills needed to identify, research, evaluate and synthesise relevant factual, legal and policy issues.",Apply,"Analyze

Learning Outcome: Compare and contrast two different approaches",Analyze
Communicate and present the project design to client and constructors;,Create,"Apply
Apply",Apply
Appraise and critique interview techniques for models of real world jobs in the biomedical or biotechnical industries.,Evaluate,"Evaluate

Learning Outcome: Calculate the area under the curve for",Evaluate
"Apply critical judgement to the selection of materials and processes for additive manufacturing of medical products in the light of the design, manufacture and regulation requirements of medical devices or implants.",Apply,"Apply

Apply",Apply
"Understand and appreciate the value of sociocultural diversity in school communities and begin developing a professional capacity to recognise, respond and teach to difference",Understand,"Understand

Learning Outcome: Calculate the probability of a specific event",Understand
demonstrate skills in using the appropriate statistical techniques from a user and provider perspective,Apply,"Apply

Learning Outcome: Compare and contrast the advantages and disadvantages",Apply
Exercise professional judgement in recognising and responding to ethical issues and professional responsibilities that arise in the practice of litigation and dispute resolution and show an advanced and integrated understanding of approaches to professional decision making;,Apply,"Evaluate
Evaluate",Evaluate
"Apply knowledge of the use of intravenous iodinated contrast media in CT angiography, CT pulmonary angiography and perfusion CT studies to the interpretation of these images generated in the emergency and trauma context.",Apply,"Apply

Apply",Apply
"an introductory understanding of the cultural, economic, social and religious circumstances that lie behind the spread of politically motivated violence; b. how terrorism is a unique form of political violence, yet one that shares some features, objectives and tactics of guerrilla warfare, organized crime and political assassination.",Understand,"Understand
You are wrong. The correct answer is Analyze",Analyze
Identify the opportunities and constraints related to development in industrialising countries and disadvantaged indigenous communities living within wealthy nations.,Remember,"Analyze

Learning Outcome: Compare and contrast the economic policies",Analyze
"Explain use and development of the broader applications of MRI, including spectroscopic, dynamic and functional imaging",Understand,"Understand

Learning Outcome: Develop a new algorithm for image processing",Understand
"Recognise and reflect upon the ethical issues that may arise when forensic evidence is given in legal proceedings, and the professional responsibilities of lawyers in addressing these issues;",Remember,"Understand
```Understand```",Understand
"Critique, interpret, systematise and integrate theoretical analyses and empirical findings and present them in a cohesive written review.",Evaluate,"Evaluate

Evaluate",Evaluate
evaluate digital archiving initiatives/projects in the community and cultural heritage sectors.,Evaluate,"Evaluate

Learning Outcome: compare and contrast the features of different",Evaluate
Explain the advanced physical principles associated with the medical imaging topic chosen for in-depth study including PET/CT hybridisation;,Understand,"Understand
```Understand```",Understand
"Communicate effectively and supportively with the multidisciplinary team, patient and family/carers, both written and verbally",Create,"Understand

Learning Outcome: Develop a research proposal based on a",Understand
Assess risk of bias across quantitative research designs.,Evaluate,"Evaluate

Evaluate",Evaluate
Assess how smart contracts are executed and the limitations of smart contracts,Evaluate,"Evaluate

Evaluate",Evaluate
Demonstrate an ability to research published scientific literature and effectively communicate their findings either orally or in writing.,Apply,"Apply

Learning Outcome: Assess the reliability and validity of different",Apply
"an appreciation of the history, philosophy and practice of empirical research in Sociology and Anthropology;",Understand,"Understand

Learning Outcome: Construct a detailed research proposal based on",Understand
Conduct research into capital punishment based on knowledge of appropriate international andcomparative law research principles and methods.,Apply,"Apply

Learning Outcome: Compare and contrast the effectiveness of different",Apply
value the practice of real-world chemistry,Evaluate,"Evaluate

Evaluate",Evaluate
model water flow processes in the unsaturated zone.,Create,"Apply

Learning Outcome: Compare and contrast the effectiveness of different",Apply
Knowledge in the design of micro/nano-electro-mechanical-systems and micro/nano-fluidic devices for various bio-applications To develop the ability to:,Create,"Understand

Learning Outcome: Ability to synthesize and analyze data",Analyze
"Analyse and interpret key documents which codify and illustrate international criminal law, through their application to complex case scenarios.",Analyze,"Analyze

Learning Outcome: Develop a new algorithm for solving",Analyze
"Plan, conduct and report on research in their Honours discipline;",Create,"Apply
Apply",Apply
design and implement effective educational plans to deepen inclusive teaching and learning practices.,Create,"Create

Learning Outcome: compare and contrast various teaching methods in",Create
"Communicate engineering designs through calculation, drawings, and reports as part of a team.",Create,"Apply

Learning Outcome: Compare and contrast the strengths and weaknesses",Apply
Identify and explain the theory of argument;,Remember,"Understand

Learning Outcome: Solve a real-world problem using a",Understand
Set up mathematical models for solution in a spreadsheet or other application software;,Create,"Apply
```Apply```",Apply
Compile a data set handbook,Create,"Create

Learning Outcome: Compare and contrast two different machine learning",Create
analyse and interpret the jurisdictional issues and legal procedures relevant to the determination of such disputes,Analyze,Analyze,Analyze
Apply a critically reflective approach towards the management of human resources' issues in the emergency and trauma context;,Apply,"Apply

Learning Outcome: Compare and contrast two different approaches to",Apply
Communicate research findings to an audience of peers.,Create,"Apply

Learning Outcome: Compare and contrast two different algorithms for",Apply
explore the functions of professional and legal bodies in dealing with ethical matters,Analyze,"Understand

Learning Outcome: Develop a new algorithm for data encryption",Understand
"analyse, synthesise and evaluate/reflect upon a business situation",Analyze,"Analyze

Learning Outcome: create a marketing plan for a",Create
Demonstrate exposure to methods and tactics involved in architecture culture;,Apply,"Remember

Learning Outcome: Compare and contrast different architectural styles from",Remember
"Reflect on their own linguistic repertoire and those of other people, and how these come to bear on our relationships with society;",Analyze,"Analyze
Analyzing",Analyze
"Utilise and appraise bioinformatic tools to compare DNA and protein sequences, search for genetic variants controlling complex traits, analyse transcriptome data and search for genomic signatures for adaptation;",Apply,"Apply
Apply",Apply
Identify the impact of materials science and engineering on issues relating to energy and sustainability.,Remember,"Analyze

Learning Outcome: Compare and contrast the principles of",Analyze
"Present the results of the original research in written form as a thesis, and also present key thesis results in oral form as a final seminar.",Create,"Create

Learning Outcome: Compare and contrast two different machine learning",Create
"design sensitivity analysis, scenario analysis, stress testing approaches and apply real option analysis to assist corporate treasurers to analyse investment projects",Apply,"Create

Learning Outcome: compare and contrast different types of machine",Create
Utilizing frameworks for evaluating family functioning within their environmental context;,Apply,"Apply

Learning Outcome: Assess the effectiveness of different therapeutic interventions",Apply
Review the literature based on a selected topic within medical imaging which reflects a critical awareness of the current ideas and methods of practice;,Analyze,"Evaluate
Evaluate",Evaluate
Design and perform an hypothesis-driven experimental approach to investigate physiological processes;,Create,"Create
Create",Create
evaluate NLP systems.,Evaluate,"Evaluate

Evaluate
```",Evaluate
"Develop evidence based interventions to control simple environmental risks and prevent harm, including strategies for standard setting and systematic management of key personal, social and economic factors, to inhibit, control or reduce potential for harm.",Create,"Create
You are wrong. The correct answer is ""Apply",Create
"Apply basic wind turbine aerodynamic models of horizontal wind turbines to estimate turbine aerodynamic performance, including the actuator disc concept and blade element momentum theory, and approaches to aerofoil design.",Apply,"Apply

Learning Outcome: Compare and contrast different wind turbine aer",Apply
"Evaluate imaging of the gastrointestinal, genito-urinary and hepatobiliary systems in terms of the patient presentation the anatomy and image quality;",Evaluate,"Evaluate

Evaluate",Evaluate
Identify the factors that influence health across the lifespan;,Remember,"Remember

Learning Outcome: Compare and contrast the effects of different",Remember
Thoroughly assess the theoretical working principles and the limitations of air pollution control systems.,Evaluate,"Analyze

Learning Outcome: Compare and contrast the effectiveness of",Analyze
Design and analyse reactor systems using numerical methods and commercial software Aspen Plus,Analyze,"Create

Learning Outcome: Design and analyse reactor systems using numerical",Create
"Understand how diverse biological, personal, developmental, social and environmental factors combine to impact skill acquisition across a range of abilities",Understand,Understand,Understand
Distinguish between employees and other kinds of workers and critically evaluate the implications of the distinction for workers and employers;,Evaluate,"Analyze

Learning Outcome: Calculate the mean squared error of",Analyze
Analyse and discuss digital media user and production cultures;,Analyze,"Analyze
```Analyze```",Analyze
Describe how polymer structure and morphology influences thermal and mechanical properties.,Understand,"Understand

Learning Outcome: Calculate the molar mass of a",Understand
"Increased knowledge, skills, and attributes necessary for independent research, enhanced capacity to formulate and research communication issues, to analyse and evaluate arguments, and to understand critical approaches to the planning, writing and editing of research;",Analyze,"Analyze
Evaluate",Evaluate
"gain an in-depth knowledge of an order structure, topological structure, and linear structure",Understand,"Understand

Learning Outcome: Solve a real-world problem using a",Understand
Demonstrate language proficiency equivalent to Common European Framework of Reference (CEFR) level A2.,Apply,"Apply

Learning Outcome: Compare and contrast two different programming parad",Apply
Utilise and assimilate the practice and procedures of the International Court of Justice in presenting the written and oral argument;,Apply,"Apply

Learning Outcome: Compare and contrast the legal systems of",Apply
Skills of analysis and interpretation in the study of China through exposure to the textual sources used in this unit.,Analyze,"Analyze

Learning Outcome: Ability to compare and contrast different",Analyze
Analyse the effect of wing geometric variations on spanload.,Analyze,"Analyze

Learning Outcome: Calculate the area under the curve",Analyze
"conduct in-depth study of either French, German, Italian or Spanish and Latin American cinema",Apply,"Analyze

Learning Outcome: compare and contrast the themes of",Analyze
Evaluate the effectiveness of existing counter-measures against cybercrime,Evaluate,"Evaluate

Evaluate",Evaluate
"Review, evaluate and justify appropriate approaches for clinical trial design based on preclinical evidence.",Analyze,"Evaluate

Evaluate",Evaluate
"demonstrate advanced knowledge of the professional ethical, cultural and psychometric issues that arise when assessing and reporting on the cognitive and academic abilities, and individual differences across the lifespan",Understand,"Understand

Learning Outcome: Solve a complex mathematical problem using calculus",Understand
Analyze and contextualize the human and economic cost and causes of workplace injury and death in Australia.,Analyze,"Analyze

Learning Outcome: Develop a new algorithm for predicting",Analyze
Identify and explain the key rhetoric's informing media regulation and the ways in which they function within and through particular policy debates;,Remember,"Understand
```Understand```",Understand
Address the issues and challenges of managing very large collections of heterogeneous data for information retrieval;,Understand,"Analyze

Learning Outcome: Compare and contrast the performance of",Analyze
"Exercise judgment involving a combination of creative, design led, critically informed and self-reflective considerations as part of an iterative process of producing new or novel understandings, interpretations and applications;",Apply,"Create

Learning Outcome: Compare and contrast two different approaches to",Create
Demonstrate self-motivation and able to construct a program of work derived from various workshops that reflect a coherent direction which imaginatively addresses your own concerns;,Apply,"Create
Create",Create
Demonstrate a growing sophisticated ability to contextualise and communicate the theoretical and material rationale of the artwork within the field of contemporary art practices;,Apply,"Analyze

Learning Outcome: Construct a detailed project plan for",Analyze
"Assess technology building blocks, their functional areas/characteristics and role in the design of emerging intelligent transport system (ITS) applications.",Evaluate,"Evaluate

Evaluate",Evaluate
"Skills in data cleaning, identification of outliers and data trimming using appropriate statistical methods.",Apply,"Apply

Learning Outcome: Compare and contrast the effectiveness of different",Apply
"Understand and critically evaluate the principles of human perception, judgment and decision-making used in the legal system;",Understand,"Understand

Learning Outcome: Develop a new algorithm for image recognition",Understand
"Relate the impact of social and environmental determinants of health on the health status and outcomes for patients across a range of contexts , including marginalised groups and the Indigenous populationThemeslabel Theme II",Apply,"Analyze

Learning Outcome: Compare and contrast the effectiveness of",Analyze
Examine the principles of clinical trials and understand their role in informing healthcare practice and policy.,Understand,"Understand

Learning Outcome: Calculate the area under the curve for",Understand
Discuss the different theoretical approaches to the conceptualisation of Europe; and the dynamics between 'European' and 'national' responses to historical challenges and crises,Understand,"Understand

Learning Outcome: Calculate the probability of a specific event",Understand
critically reflect upon and develop your own personal English and literacy skills,Create,"Evaluate

Learning Outcome: Solve a complex mathematical problem using calculus",Evaluate
"understand the roles and dynamic of the start up environment (founders, investors and C-level employees) and create and deliver a compelling pitch.",Understand,"Understand

Learning Outcome: understand the roles and dynamic of the",Understand
Demonstrate a basic knowledge of applied mechanics relating to product design materials and structures;,Understand,"Remember

Learning Outcome: Compare and contrast the strengths and weaknesses",Remember
demonstrate the ability to generate and analyse EViews computer output for business and economic applications.,Analyze,"Apply

Learning Outcome: Compare and contrast the principles of supply",Apply
"develop effective skills in applying a range of web tools in teaching English, and reflect on how ICT canfacilitate learning in students' contexts",Apply,"Apply

Learning Outcome: assess the effectiveness of different web tools",Apply
Design a research proposal and timeline using appropriate data collection and analysis methodsThemeslabel Inquiry and Innovation,Create,"Create
Themeslabel Inquiry and Innovation
Themeslabel Research Method",Create
Identify and understand routine transition metal catalysed and organocatalytic chemical reactions.,Understand,"Understand

Learning Outcome: Calculate the rate of a chemical reaction",Understand
"identify, scope and deliver on a particular business issue of problem",Remember,"Apply

Learning Outcome: Compare and contrast two different machine learning",Apply
"Develop, demonstrate and explain results of analysis, a software prototype or model.",Apply,"Create

Learning Outcome: Compare and contrast two different algorithms for",Create
"Communicate in a manner that is effective for the stated purpose, intended audience and designated context of the project;",Create,"Apply
Apply",Apply
Have a understanding of key neuropsychological syndromes that are regularly encountered in clinical psychology practice;,Understand,"Understand

Learning Outcome: Calculate the area under the curve for",Understand
"Recognise, define and compute odds, risk, relative risk, absolute risk and parameters associated with diagnostic test accuracy (such as specificity, sensitivity, likelihood ratios)",Remember,"Remember

Learning Outcome: Compare and contrast the effectiveness of different",Remember
"demonstrate critical thinking, analytical and problem-solving skills in the context of investment theories and practices",Apply,"Analyze

Learning Outcome: compare and contrast different investment strategies",Analyze
Describe different sources of evidence and their roles in paramedic practice.,Understand,"Remember

Learning Outcome: Compare and contrast the effectiveness of various",Remember
"Critically analyse the meaning of health and the broad principles of public health such as equity, community engagement and partnerships to undertake a health needs assessment.",Analyze,Analyze,Analyze
Describe how sample and patient witnessing is integrated into the IVF laboratory,Understand,"Remember

Learning Outcome: Compare and contrast the effectiveness of different",Remember
"Demonstrate the ability to complete a written dissertation of 10-12,000 words for quantitative studies and up to 15,000 words for qualitative, including literature review and background information, methodology, results/findings, discussion, evaluation, recommendations and conclusions.",Apply,"Apply

Learning Outcome: Assess the effectiveness of different teaching methods",Apply
Describe sensory techniques as used in robotics and implement these concepts.,Understand,"Apply

Learning Outcome: Assess the effectiveness of different clustering algorithms",Apply
Describe the factors that have led to a greater emphasis on quality measurement and improvement in health care.,Understand,"Understand

Learning Outcome: Calculate the probability of a patient having",Understand
"demonstrate an ability to engage both professionally and ethically with the complexities of transitions and change for children and families from diverse social, economic, cultural and linguistic backgrounds",Apply,"Apply

Learning Outcome: assess the effectiveness of different teaching strategies",Apply
think critically about the legal and ethical issues of digital communication;,Analyze,"Analyze

Learning Outcome: compare and contrast two different encryption",Analyze
"Extrapolate critical theory approaches to broader European and global challenges, and relate these approaches to their own field of interest or discipline;",Analyze,"Analyze

Learning Outcome: Construct a detailed project plan for",Analyze
Formulate and analyse aerodynamics problems and be able to calculate the forces on aerodynamics problems and be able to calculate the forces on aerodynamic bodies,Analyze,"Analyze

Learning Outcome: Calculate the trajectory of a projectile",Analyze
enhance the capability of developing an original research topic,Create,"Create

Learning Outcome: compare and contrast two different machine learning",Create
Evaluate fundamental principles of pharmacology;,Evaluate,"Evaluate

Evaluate",Evaluate
"demonstrate the application of knowledge and skills that forensic accountants and fraud examiners are expected to possess. These include: investigative techniques, knowledge of auditing, ethics, criminology, accounting, law, and information technology, and communication skills",Apply,"Apply

Learning Outcome: Assess the effectiveness of different forensic accounting",Apply
Be fluent in the terminology used to navigate the brain and describe brain structures.,Understand,"Remember

Learning Outcome: Compare and contrast the functions of different",Remember
"Describe the relationship between protein sequence, structure and function and relate this to specific examples in human health and disease;",Understand,"Understand

Learning Outcome: Develop a new algorithm for predicting protein",Understand
Implement modelling concepts relevant to undertaking feasibility studies of transport proposals.,Apply,"Apply

Learning Outcome: Assess the impact of different variables on",Apply
Demonstrate cultural humility and explain behaviours and values required to engage in lifelong learning.,Apply,"Understand

Learning Outcome: Solve a complex mathematical problem using calculus",Understand
"demonstrate knowledge and understanding of the historical, philosophical, curriculum and pedagogical foundations of health education",Understand,"Understand

Learning Outcome: Solve a complex mathematical problem using calculus",Understand
"demonstrate skills in building, analysing and using a budget and",Apply,"Apply

Learning Outcome: Compare and contrast two different types of",Apply
"Perform in a selected music ensemble with fundamental ensemble musicianship (for example phrasing, blend, balance, group dynamics, preparation, interaction and participation);",Apply,"Apply

Perform in a selected music ensemble with fundamental ensemble musicians",Apply
"Exhibit a critical understanding of the role of the media in the development, representation and ownership of sport",Understand,"Analyze

Learning Outcome: Construct a detailed plan for a",Analyze
"Produce a thesis that displays competence in understanding and carrying out research in the field of psychology, but with less emphasis on comprehensive knowledge and originality as required in a research degree such as PhD",Create,"Create

Learning Outcome: Compare and contrast two different psychological theories",Create
"Evaluate with reference to the evidence-base and personal reflections acute and late radiation therapy side effects, analysing patient care and management strategies related to the above body systems.",Evaluate,"Evaluate

Evaluate",Evaluate
Explain the effects of ionizing radiation on cellular matter and the basic principles underlying radiation dose and radiation safety,Understand,Understand,Understand
"Demonstrate knowledge and understanding of the comparative concepts, content, skills and diversity of teaching strategies relevant to the humanities and social sciences",Understand,"Understand

Learning Outcome: Solve a complex mathematical problem using calculus",Understand
practise and critically reflect on strategies that maximise opportunities which encourage language use which matches students' real-life needs,Analyze,"Evaluate

Learning Outcome: calculate the mean and standard deviation of",Evaluate
Describe responses to the challenges of chronic disease management as embodied in models such as the chronic care model (Wagner) and their own country's responses to the challenges of this field,Understand,"Understand

Learning Outcome: Calculate the probability of a patient developing",Understand
Synthesise and analyse information/data collected from practice and communicate scientifically.,Analyze,"Analyze

Learning Outcome: Assess the effectiveness of different machine",Analyze
develop computer skills for forecasting from business and economic time series data,Create,"Apply

Learning Outcome: assess the accuracy of different forecasting models",Apply
"Understand how observation, analysis, experiment and critique apply to the architectural design process;",Understand,Understand,Understand
Distinguish the economic characteristics of transport operations involving the movement of people or freight;,Analyze,"Analyze
```Analyze```",Analyze
Evaluate major approaches of IT-based decision support;,Evaluate,"Evaluate

Evaluate",Evaluate
Critically appraise the role of social work in criminal justice contexts.,Evaluate,"Evaluate

Evaluate",Evaluate
Apply learned problem solving skills to your data interpretation;,Apply,"Apply
```Apply```",Apply
Design and conduct experiments involving the cultivation of living cells and the use of cell assays. Themeslabel Pharmaceutical Science,Create,"Create

Learning Outcome: Compare and contrast the effectiveness of different",Create
"Demonstrate an understanding of the processes involved in designing, developing and implementing a supervised research project;",Understand,"Understand

Learning Outcome: Solve a real-world problem by applying",Understand
Select appropriate techniques to suit the nature of the design or the communicative purpose.,Analyze,"Apply

Learning Outcome: Compare and contrast two different programming parad",Apply
Evaluate CT and MRI clinical images to recognise and describe the appearance of anatomical structures displayed in cross sectional imaging and identify abnormal appearances and common pathologies to include a variety of body areas.,Evaluate,"Evaluate

Learning Outcome: Calculate the area under the curve (",Evaluate
Discuss the ethical principles underpinning the research process,Understand,"Understand

Learning Outcome: Solve a differential equation using numerical methods",Understand
Demonstrate your capacity to generate data ethically and analyse its significance,Analyze,"Apply

Learning Outcome: Assess the impact of different machine learning",Apply
Describe and explain methods used in quality assurance and quality management in the food industry;,Understand,"Understand

Learning Outcome: Calculate the probability of a customer returning",Understand
"Reflect on and assess their own capabilities and performance, and make use of feedback to support personal and professional development.",Analyze,"Evaluate

Learning Outcome: Solve a complex problem by applying multiple",Evaluate
Have a understanding of key neuropsychological syndromes that are regularly encountered in clinical psychology practice,Understand,Understand,Understand
Assess fluid applications and select appropriate techniques to solve the equations governing fluid behaviour for the design or analysis of those applications.,Evaluate,"Evaluate

Evaluate",Evaluate
Demonstrate awareness of scientific computing methods and visualisation.,Apply,"Remember

Learning Outcome: Compare and contrast different machine learning algorithms",Remember
demonstrate the ability to create differentiated curriculum for middle years learners,Apply,"Create

Learning Outcome: assess the effectiveness of various teaching strategies",Create
communicate understanding of a variety of different international regulatory regimes in the finance and banking industry,Understand,"Understand

Learning Outcome: Develop a new algorithm for predicting stock",Understand
"distinguish between the different types and levels of assurance services provided by professional practitioners, including auditors, and describe the assurance framework",Analyze,"Analyze

Learning Outcome: Compare and contrast the advantages and",Analyze
examine how not-for-profit organisations generate funds and attract human resources,Analyze,"Analyze

Learning Outcome: compare and contrast the effectiveness of",Analyze
identify the instances where an auditor will find it effective and efficient to engage other parties to gather evidence and describe the procedures the auditor needs to perform on the work of the other parties.,Remember,"Apply

Learning Outcome: Compare and contrast the advantages and disadvantages",Apply
formulate a well-structured and organised response to a question in writing;,Create,"Create

Learning Outcome: compare and contrast two different programming languages",Create
"estimate transition intensities dependent on age (exact or census); understand the principle of correspondence, calculate central and initial exposures, explain the concept of rate intervals, estimate initial and central mortality rates from census data and death data",Understand,"Understand

Learning Outcome: estimate transition intensities dependent on age",Understand
Predict the effect of disrupting cellular processes on cellular and system function and on human health; ,Evaluate,"Apply

Learning Outcome: Compare and contrast the mechanisms of action",Apply
recognise and use features of writing in World Englishes across cultures;,Remember,"Apply

Learning Outcome: compare and contrast the themes of two",Apply
critically evaluate an entity's financial position and performance utilising financial statement analysis.,Evaluate,"Evaluate

Evaluate",Evaluate
Develop a high level awareness and understanding of the ideas and issues in medical ethics so that in practice the interests of their patients/clients are safeguarded.,Understand,"Understand

Learning Outcome: Calculate the probability of a patient having",Understand
Describe the pathophysiology of the six disease states under study.Themeslabel Pharmaceutical Science,Understand,"Remember

Learning Outcome: Compare and contrast the effectiveness of different",Remember
acquire practical skills and knowledge for supporting strategic change within a business towards sustainable practice,Apply,"Apply

Learning Outcome: assess the effectiveness of different change management",Apply
Apply the basic principles of structural and life-cycle design to analyse and optimise the resource efficiency of buildings of different typologies;,Apply,"Apply
Apply",Apply
"Creatively solve complex problems relating to privacy, technology, law and policy",Analyze,Create,Create
Describe key historical and philosophical developments which have resulted into the modern discipline of psychology.,Understand,"Remember

Learning Outcome: Compare and contrast the cognitive and behavioral",Remember
Analyse health literacy as it applies to self-management for people with chronic illness/es,Analyze,"Analyze

Learning Outcome: Compare and contrast two different approaches",Analyze
Understand the major theoretical and computational issues underlying analyses based on linear models.,Understand,Understand,Understand
"Implement a project plan for a concert performance, based on the original concept and recordings from the previous semester;",Apply,"Apply

Learning Outcome: Assess the effectiveness of different marketing strategies",Apply
Demonstrate how a given text exemplifies or challenges contemporaneous theories,Apply,"Apply

Learning Outcome: Assess the effectiveness of different machine learning",Apply
"Develop, implement, evaluate and disseminate information concerning a project that has occupational relevance to a community or population;",Evaluate,"Create
Create",Create
Construct short computer programs that implement these numerical methods.,Create,"Apply

Learning Outcome: Compare and contrast the effectiveness of different",Apply
Respond creatively to design briefs of increasing complexity;,Create,"Create
Create",Create
Identify and evaluate film and screen theory in relation to scholarly debates regarding contemporary and historical film and screen examples and methods;,Understand,"Analyze

Evaluate the effectiveness of a given argument in a",Evaluate
use the understanding of buyer-seller relationships and behaviour to develop marketing strategies for dynamic business markets,Apply,"Apply

Learning Outcome: assess the effectiveness of different marketing strategies",Apply
"identify the implications of these developments for labour management practices, employee voice and participation in the workplace and representative organisations of employers and employees",Remember,"Analyze

Learning Outcome: compare and contrast different approaches to",Analyze
describe and explain various aspects of the South African taxation system,Understand,"Understand

Learning Outcome: Calculate the compound interest on a loan",Understand
"communicate effectively in Indonesian, using basic speaking, listening, reading and writing skills in a limited range of situations and on a limited range of topics; ",Create,"Remember
You are wrong. The correct classification should be """,Remember
Evaluate a machine learning algorithm in typical contexts;,Evaluate,"Evaluate

Evaluate",Evaluate
"Conduct independent and ethical research, applying sound principles of study design and appropriate data analysis methods",Apply,"Apply

Learning Outcome: Assess the effectiveness of different machine learning",Apply
Compare different methods of purifying antibodies from a range of different biological sources;,Analyze,"Analyze
Analyzing",Analyze
assess and develop competencies in the different communication needs of accountants and their diverse stakeholders,Create,"Evaluate

Learning Outcome: calculate the depreciation of an asset using",Evaluate
evaluate treasury management systems and other decision support systems,Evaluate,"Evaluate

Evaluate",Evaluate
"apply critical thinking, problem solving and presentation skills to individual and/or group activities dealing with taxation and demonstrate in an individual summative assessment task the acquisition of a comprehensive understanding of the topics covered in BTS2301.",Apply,"Apply
Apply
Evaluate
Create

Create

The learning",Create
"Investigate, analyse and synthesise complex information, problems, concepts and theories of national and international legislation in the core areas of air and space law;",Analyze,"Analyze
Evaluate
Analyze
Understand
Apply",Evaluate
develop and evaluate cohesive marketing strategies for organisations involved in global marketing.,Create,"Create

Learning Outcome: compare and contrast the effectiveness of different",Create
analyse and make recommendations regarding the design of strategic management accounting systems,Analyze,"Analyze

Learning Outcome: evaluate the effectiveness of different project",Evaluate
Describe the principles underlying the operation of a range of separation processes.,Understand,"Remember

Learning Outcome: Compare and contrast the efficiency of different",Remember
Synthesise the available information on the impact of addictive behaviours on young people and families in order to demonstrate an understanding of the complexity of this issue,Apply,"Analyze

Learning Outcome: Construct a detailed plan for reducing",Analyze
"Measurement and document structural, lithological and stratigraphic data in the field and use this data to analyse the geological evolution of a region;",Analyze,"Apply

Learning Outcome: Compare and contrast the effectiveness of different",Apply
"Identify and communicate cultural differences and similarities between English, and languages other than English;",Understand,"Understand
```Understand```",Understand
Apply the theoretical basis of health education and behaviour change in regards to nutrition intervention  ,Apply,"Apply

Learning Outcome: Assess the effectiveness of different teaching methods",Apply
Describe the importance of multicultural diversity and cultural relationships to professional practice.,Understand,"Understand

Learning Outcome: Calculate the probability of an event using",Understand
"Independently undertake complex legal research and:a. Assess and articulate options for clients/beneficiaries, including thestrengths and limitations of available legal options;b. Pro-actively develop solutions to complex legal problems;c. Synthesise large volumes of material, identifying key informationrelevant to developing legal material to support casework and/or policyadvocacy materiald. Recognise and appropriately respond to the strategic and ethicalimplications of different legal approaches;e. Critically analyse legal principles and the legal system, from avariety of perspectives including theoretical perspectives, identifyinggaps and inadequacies in the provision of legal support toclients/beneficiaries",Create,"Evaluate

Learning Outcome: Compare and contrast the legal systems of",Evaluate
Apply differentiation techniques to related rates of change problems and optimisation problems.,Apply,"Apply

Learning Outcome: Compare and contrast the effectiveness of different",Apply
"Develop, implement and document a focused research project",Create,Create,Create
"Calculate approximations of functions with tangent lines, evaluate power series and construct Taylor series;",Evaluate,"Apply
```Apply```",Apply
"understand and appreciate how factors associated with complexity, uncertainty, ambiguity and social choice affect decision making in organisations",Understand,"Understand

Learning Outcome: develop a predictive model using time series",Understand
Analyse the contribution of Italian political thought to the formation and development of modern political ideologies;,Analyze,"Analyze

Learning Outcome: Summarize the key points",Analyze
Effectively communicate scientific knowledge across disciplines and communities of practice in environment and sustainability.,Create,"Apply

Learning Outcome: Compare and contrast the environmental impacts of",Apply
"Demonstrate an ability to plan, organise and create a piece of creative nonfiction work from inception to entry level publication standard.",Apply,"Create

Learning Outcome: Compare and contrast two different approaches to",Create
Generate appropriate responses to legal problems and communicate them in a form appropriate for legal practice or scholarship,Create,"Create

Learning Outcome: Compare and contrast the principles of common",Create
identify and describe key methodological aspects of research and practice in one of the following areas: cultural and literary studies; translation studies,Understand,"Understand

Learning Outcome: Develop a new algorithm for natural language",Understand
"critically evaluate organisational behaviour concepts and theories at the individual, team and organisational levels",Evaluate,"Evaluate

Evaluate",Evaluate
Analyse stability of soil and rock slopes.,Analyze,"Analyze

Learning Outcome: Calculate the area of a triangle",Analyze
identify and evaluate digital archiving tools and services for users;,Understand,"Evaluate

Evaluate",Evaluate
Analyse and critique contemporary issues related to spatial design;,Analyze,"Analyze

Learning Outcome: Calculate the area of a triangle",Analyze
"develop a clear understanding of the forms and dynamics of inter-partyand intra-party politics, and the impact this has on debates about publicpolicy and governance;",Understand,"Understand

Learning Outcome: Construct a detailed proposal for a new",Understand
demonstrate developing communication skills by reporting on an aspect of the work undertaken during the placement.,Apply,"Apply

Learning Outcome: assess the effectiveness of different communication strategies",Apply
Evaluate and utilise appropriate philosophical foundations of research;,Evaluate,"Evaluate
Evaluate",Evaluate
"Demonstrate both single objective and multi-objective optimisation of process models to improve the process objective(s), which assess the sustainability of chemical processes using the life cycle assessment methodology.",Apply,"Apply

Learning Outcome: Compare and contrast the effectiveness of different",Apply
"Recognise situations where a complex biostatistical data structure can be expressed as a Bayesian hierarchical model, and specify the technical details of such a model.",Remember,"Analyze

Learning Outcome: Construct a detailed plan for conducting",Analyze
"Apply fundamental knowledge of health sciences to determine and perform appropriate musculoskeletal physiotherapy management, including monitoring its effectiveness and utilising re-assessment findings to inform practice;",Apply,"Apply
Apply",Apply
Demonstrate food preparation and food analysis techniques.,Apply,"Apply

Learning Outcome: Compare and contrast different types of machine",Apply
Critically analyse and assess information technology literature.,Analyze,"Analyze

Learning Outcome: Develop a new algorithm for data",Analyze
Understand and apply the rules of occupational health and safety appropriate to the discipline.,Apply,"Understand

Learning Outcome: Develop a project plan for a new",Understand
"Design and implement an efficient research strategy to answer a legal research question, using the most appropriate online and paper-based research tools",Apply,"Create

Learning Outcome: Compare and contrast the principles of common",Create
"Analyse three-phase systems to calculate voltages, currents, active power, and reactivepower.",Analyze,"Analyze

Learning Outcome: Compare and contrast the performance of",Analyze
"Develop classroom practice that engages school students in active and inquiry-based learning, so that they may participate in and understand their local, regional and global communities.",Create,"Create

Learning Outcome: Compare and contrast the benefits and drawbacks",Create
"Critically assess threats, vulnerabilities and risks to an organisation's information assets, and propose control technologies and techniques which can be applied to reduce the security risk;",Evaluate,"Evaluate

Evaluate",Evaluate
Discuss controversies surrounding the commercialisation and ethics of stem cell research and advances and requirements for clinical treatments;,Understand,"Analyze

Evaluate",Evaluate
"Select suitable techniques and methods to conduct analysis, design and implementation activities;",Analyze,"Apply

Learning Outcome: Compare and contrast the advantages and disadvantages",Apply
"Explain the methods of conservation at various levels (eg. species, population, community, ecosystem etc.) and discuss the various conservation strategies that are available;",Understand,"Understand
Understand",Understand
Develop studio processes that generate creative research in various sculptural materials;,Create,"Create
```Create```",Create
Complete an adequate assessment of a patient with a psychiatric syndrome.,Evaluate,"Apply

Learning Outcome: Compare and contrast two different approaches to",Apply
Outline how different organelles are formed and positioned within cells and how these organelles respond to a changing environment;,Apply,"Understand

Learning Outcome: Calculate the area of a circle given",Understand
Identify the key resources relevant to the topic,Remember,"Remember

Learning Outcome: Compare and contrast two different programming parad",Remember
Apply knowledge and skills which demonstrate judgement and defined responsibility in relation to Faculty and department compliance and readiness for placement,Apply,"Apply

Learning Outcome: Compare and contrast two different machine learning",Apply
demonstrate the practical application of CBT techniques,Apply,"Apply

Learning Outcome: compare and contrast different types of psychological",Apply
"Conduct an evidence-based, theory-informed social work assessment and intervention plan.",Evaluate,"Apply

Learning Outcome: Compare and contrast two different theories of",Apply
Identify and interpret the changes that have occurred in how the world economy has been governed since the end of the Second World War;,Understand,"Understand

Learning Outcome: Develop a new algorithm for optimizing supply",Understand
"Identify the legal and ethical issues that arise from changes to cognition, chronic and life limiting illness and the impact on chronic illness management",Remember,"Analyze

Learning Outcome: Compare and contrast the effectiveness of",Analyze
Describe basic principles of radiation protection with regard to the use of unsealed sources justifying the need for a regulatory framework governing their use,Understand,"Remember

Learning Outcome: Compare and contrast the effectiveness of different",Remember
"Formulate a theoretical game design to a specific brief, implementing effective game narrative and balancing;",Create,"Create
Create",Create
"Compare, contrast, and critically analyse key interpretive frameworks and techniques through which Indigenous art is (and has been) perceived;",Evaluate,"Analyze
Evaluate",Evaluate
Identify and apply social media marketing techniques as used in the industry.,Apply,"Apply

Learning Outcome: Compare and contrast two different types of",Apply
"demonstrate advanced understanding and application of innovation and change management theory, models and frameworks",Understand,"Apply

Learning Outcome: assess the effectiveness of different change management",Apply
"explain regulations related to equity issues, mergers and acquisitions and share buybacks",Understand,Understand,Understand
"Select and use appropriate resources and strategies for the teaching of disciplines, subjects and learning priorities in primary schools in varied settings and socio-economic settings within and outside Australia",Apply,"Apply

Learning Outcome: Compare and contrast the effectiveness of different",Apply
"in the decision making context, apply management accounting techniques relating to full and relevant costing, cost volume profit analysis, budgeting, capital management and accounting for sustainability",Apply,"Apply

Learning Outcome: assess the impact of different management accounting",Apply
Demonstrate an understanding of primary school curriculum relation to literacy learning.,Understand,"Understand

Learning Outcome: Solve a complex algebraic equation using",Understand
Apply engineering design techniques to solve engineering problems.,Apply,Apply,Apply
Generate simulations of power converters for renewable energy grid integration and various ancillary services in the power system.,Create,"Create

Learning Outcome: Calculate the probability of a specific event",Create
Compare and interpret the different approaches taken to a legal issue across various jurisdictions.,Evaluate,"Analyze

Learning Outcome: Assess the effectiveness of a given",Analyze
"Demonstrate skills in self-assessment and be able to act on feedback received, as well as provide constructive feedback to others in a practice situation.",Apply,"Apply

Learning Outcome: Compare and contrast the effectiveness of different",Apply
"Construct, deliver, and evaluate comprehensive case presentations including comprehensive case conceptualizations and treatment plans;",Evaluate,"Create
```Create```",Create
"Relate mechanisms of injury and the clinical signs or symptoms of injury with the abnormal x-ray appearances of the pelvic girdle, lower limbs and thoracic and lumbar spine.",Apply,"Understand

Learning Outcome: Calculate the area under the curve for",Understand
"Understand key aspects of health regulation, case law and policy;",Understand,Understand,Understand
Formulate various modelling techniques for the analysis of network performance underincreasingly complex usage scenarios.,Create,"Analyze

Learning Outcome: Compare and contrast the strengths and",Analyze
"Solve problems in a meaningful, systematic, and structured manner.",Apply,"Apply

Learning Outcome: Compare and contrast two different algorithms for",Apply
Design a nanotechnology-based therapy. Themeslabel Pharmaceutical Science,Create,"Create

Learning Outcome: Compare and contrast two different types of",Create
"Apply knowledge of, and understanding of developments in relation to children's rights within the context of international human rights law with creativity and initiative for further learning;",Apply,"Apply

Now classify this:

Learning Outcome: Assess the effectiveness",Apply
"Develop media strategies to productively engage with external stakeholders, the public, and the media particularly intimes of crisis;",Create,"Create
Create",Create
"Explore a variety of key contemporary health issues, information sources and discourses that influence the health status of a diverse range of people in society",Analyze,"Understand

Learning Outcome: Calculate the probability of a specific event",Understand
Understand and analyse the relationship between politics and ethics in the writings of political theorists,Analyze,"Understand

Learning Outcome: Develop a new algorithm for natural language",Understand
critically analyse the strategic management theories and practices to apply to organisational realities,Apply,"Analyze

Learning Outcome: Develop a new marketing strategy based",Analyze
cultivate a toolkit of techniques to develop and persuasively communicate optimal solutions to wicked problems,Create,"Create

Learning Outcome: assess the effectiveness of different machine learning",Create
"Systematically assess a patient experiencing a respiratory or cardiovascular emergency, and associate the assessment with respiratory and/or cardiovascular disease pathology",Evaluate,"Analyze

Learning Outcome: Compare and contrast the effectiveness of",Analyze
"apply critical thinking, problem solving and presentation skills to individual activities dealing with international financial management and demonstrate in an individual summative assessment task the acquisition of a comprehensive understanding of the topics covered by BFW2341.",Apply,"Apply
Evaluate
Apply
Analyze
Create
Under",Create
describe teaching strategies that create a supportive learning environment for adolescents.,Understand,"Understand

Learning Outcome: Solve a complex algebraic equation using",Understand
Identify population health indicators particularly as they relate to vulnerable groups including Aboriginal and Torres Strait Islander people;,Remember,"Remember

Learning Outcome: Compare and contrast the effectiveness of different",Remember
"Demonstrate in-depth understanding of the curriculum guidelines, documentation, assessment and evaluation policies relevant to local, regional and national context",Understand,"Understand

Learning Outcome: Develop a project plan for implementing a",Understand
Explain why globalization has produced such a diverse group of opponents;,Understand,"Understand

Learning Outcome: Calculate the area of a triangle given",Understand
Understand the key principles of research presentation.,Understand,"Understand

Learning Outcome: Develop a new algorithm for data compression",Understand
Interpret legal and spatial codes and legislative standards that avoid risks to human and environmental health;,Evaluate,"Understand

Learning Outcome: Develop a software application that integrates multiple",Understand
understand the main features of competition policies in Australia and around the world,Understand,Understand,Understand
Have sound oral and written communication skills and be able to utilise these in such debates.,Apply,"Apply

Learning Outcome: Compare and contrast two different programming languages",Apply
"Investigate, analyse and synthesise complex information, problems, concepts and theories in relation to advanced commercial negotiation;",Analyze,"Analyze
Evaluate
Analyze
Understand
Create",Create
"Communicate effectively and persuasively both orally and in writing on issues relating to non-adversarial processes, especially to a non-expert audience;",Create,"Understand

Learning Outcome: Solve a complex real-world problem by",Understand
"Propose and justify a solution-based approach to a sustainable development challenge, alongside an implementation - change strategy.",Evaluate,"Create

Learning Outcome: Compare and contrast two different machine learning",Create
Use technical word processing packages and graphics software effectively in the presentation of their work;,Apply,"Apply

Learning Outcome: Compare and contrast the features of different",Apply
identify factors that help companies to survive and prosper,Remember,"Remember

Learning Outcome: compare and contrast different strategies for company",Remember
"Investigate, analyse and synthesise methods of factual proof according to some of the more complex and contested issues of evidence law applicable in Victoria",Analyze,"Analyze

Learning Outcome: Compare and contrast the effectiveness of",Analyze
"Plan change within the student's current work-place to improve chronic disease management, utilising their previous evaluations, known effective interventions and published guides, templates and financial modelling",Create,"Apply

Learning Outcome: Assess the effectiveness of different chronic disease",Apply
"Identify and analyse the key concepts of psychodynamic theory that contribute to an understanding of adolescent development, tasks and issues which include, family, culture and ethnic contexts;",Analyze,"Analyze
You are wrong. The correct classification should be",Analyze
Effectively communicate in language suitable for the scientific community the results of analyses using causal inference methods,Analyze,"Apply

Learning Outcome: Develop a novel algorithm for causal inference",Apply
Demonstrate safe prescribing practices for commonly used medications and fluids,Apply,"Apply

Learning Outcome: Compare and contrast the effectiveness of different",Apply
Examine and evaluate sustainable energy options,Evaluate,"Evaluate

Evaluate",Evaluate
"Determine the governing equations for viscous boundary layer flows, and apply these equations to calculate the drag due to skin friction in laminar and turbulent boundary-layer flows.",Apply,"Apply

Learning Outcome: Compare and contrast the performance of different",Apply
Explain the developmental stages of adolescence,Understand,Understand,Understand
"Describe the normal structure and function of the central and peripheral nervous systems, the cardiovascular and respiratory systems as they pertain to a systematic health assessment;",Understand,"Remember

Learning Outcome: Compare and contrast the effects of different",Remember
Conduct research in international banking and Islamic finance law and regulation based on knowledge of appropriate research principles and methods,Apply,"Apply

Learning Outcome: Compare and contrast the ethical considerations in",Apply
write and interpret parallel database processing algorithms and methods;,Evaluate,"Apply

Learning Outcome: Compare and contrast different types of database",Apply
"Describe the functions and processes relating to the complexities of planning and logistics in aeromedical retrieval systems, and their relationships with other health system components;",Understand,"Remember

Learning Outcome: Compare and contrast different methods of data",Remember
"Practice professional attitudes and behaviours including reflection, self evaluation and team work.",Evaluate,"Apply

Learning Outcome: Compare and contrast two different programming languages",Apply
"Import and visualise exploration data in industry-standard 3D modelling packages (LeapFrog Geo, Gocad, Geomodeller, Geoscience analyst)",Analyze,"Apply

Learning Outcome: Compare and contrast the geological structures observed",Apply
"identify the strengths and limitations of different measurement systems, select appropriate measurement systems for different dimensions of behaviour, and use continuous and discontinuous measurement systems",Remember,"Analyze

Evaluate the following statement: ""The effectiveness of",Evaluate
Evaluate genome assemblies and underlying algorithms using short and long read sequencing data;,Evaluate,"Evaluate

Evaluate",Evaluate
Demonstrate a basic level of competence in architectural design;,Understand,"Apply

Learning Outcome: Compare and contrast two different architectural styles",Apply
"discuss the key aspects of the conceptual framework (as described in objective 1) as applied to the preparation and presentation of financial statements, as well as the various spectrum of accounting topics dealt with in this unit",Understand,"Understand

Learning Outcome: Calculate the break-even point for a",Understand
Describe the midwifery skills required to provide comprehensive physical and psychosocial assessments when providing maternity care for women and their babies across the childbearing continuum;,Understand,"Remember

Learning Outcome: Compare and contrast the different types of",Remember
understand what an interdisciplinary focus means and how it is implemented,Understand,Understand,Understand
"Identify, research, and evaluate relevant legal, factual and policy issues, including interpretation and application of relevant provisions of the Corporations Act;",Remember,"Analyze
Evaluate",Evaluate
Appreciate electromagnetic transients in power systems.,Understand,"Understand

Learning Outcome: Calculate the impedance of a circuit with",Understand
"Will acquire knowledge about a broad range of political and social theories, both classical and contemporary, as alternative and differing approaches to analysing social relations, and hence will gain an understanding of how political and sociological knowledge has developed over time;",Apply,"Understand
You are wrong. The correct answer is ""Remember",Understand
Produce a scholarly essay that clearly and cogently presents the outcomes of the research.,Create,"Create

Learning Outcome: Compare and contrast two different approaches to",Create
"Identify foodsources of particular nutrients, and recognise the clinical signs and symptoms of particular nutrient deficiencies and excesses, and explain the reason for their development.",Remember,"Understand

Learning Outcome: Calculate the Body Mass Index (BMI",Understand
Assess problems from an engineering perspective and deliberate on the relevant contextual factors. Combine and apply sophisticated data analysis methods and decision-making skills to analyse industrial scenarios and make recommendations that support business growth and development.,Analyze,"Evaluate
Evaluate",Evaluate
Apply printmaking and other creative strategies as a form of expression appropriate to the concepts you are investigating;,Apply,"Apply

Learning Outcome: Compare and contrast the effectiveness of different",Apply
"Understand and be able to apply the rules of occupational health and safety and environment appropriate to this unit of study, particularly those applying to use of computing equipment, access to facilities, and the environment of healthy and safe studio practices.",Apply,"Understand

Learning Outcome: Evaluate the effectiveness of different occupational health",Evaluate
Analyse the pathophysiology of common traumatic and environmental conditions as it relates to specific intensive care interventions and clinical management strategies;,Analyze,Analyze,Analyze
Analyse examples and case studies including those from high-reliability industries.,Analyze,"Analyze

Learning Outcome: Compare and contrast two different machine",Analyze
Develop a research proposal based on those sources;,Create,"Create

Learning Outcome: Compare and contrast two different algorithms for",Create
Observe and employ occupational health and safety appropriate to studio practice.,Apply,"Apply

Learning Outcome: Compare and contrast two different approaches to",Apply
"Evaluate a range of critical approaches used within film, television and screen studies;",Evaluate,"Evaluate

Evaluate",Evaluate
To foster knowledge about Australia's democratic institutions and their inter-relationship with the community and with the processes of government,Remember,"Understand

Learning Outcome: To apply the principles of sustainable development",Apply
Describe and explain the main features that distinguish digital screen media from earlier types of screen production;,Understand,"Understand

Learning Outcome: Construct a neural network from scratch to",Understand
"Identify, conceive and create design solutions for communicating tangible and intangible cultural heritage, with consideration to collaboration and inter-disciplinary processes;",Remember,"Create
```Create```",Create
"Aware of the fundamental elements in various genres of writing commonly associated with the work place, including writing a review, an argumentative piece, a speech, a publicity material, etc;",Understand,"Remember

Learning Outcome: Compare and contrast the effectiveness of different",Remember
"Analyse the treatment system, including the various modalities of treatment in the AOD sector (including face-to-face, telephone and online-based treatments), and describe the social, economic and political influences on a treatment system planning.",Analyze,"Analyze
You are wrong. The correct answer is """,Analyze
Appraise the influence of socio-cultural factors on patient attitudes and responses to radiation therapy.,Evaluate,"Evaluate

Evaluate",Evaluate
be conversant with the evolving research literature that is represented in working papers and formal publications of leading researchers at home and abroad,Understand,"Understand

Learning Outcome: Construct a neural network from scratch using",Understand
Critically analyse the strengths and weaknesses of different epidemiological study designs.,Analyze,"Analyze

Learning Outcome: Develop a new algorithm for predicting",Analyze
Implement specialist medical diagnostic skills during the acute phase of illness or injury,Apply,"Apply

Learning Outcome: Compare and contrast the effectiveness of different",Apply
Design and generate suitable mitigation strategies to inform management options.,Create,"Create

Learning Outcome: Compare and contrast two different types of",Create
Construct a simple simulation using a probabilistic model.,Create,"Apply

Learning Outcome: Compare and contrast two different types of",Apply
"Evaluate the significance of key economic thinkers such as Malthus, Smith, Ricardo, List, Schumpeter, Marx, Keynes and Hayek;",Evaluate,"Evaluate
Evaluate",Evaluate
Recognise the value of networking skills and self-promotion in a professional context;,Remember,"Remember

Learning Outcome: Compare and contrast different types of machine",Remember
Identify and explain policy principles,Remember,"Understand

Learning Outcome: Solve a complex algebraic equation using",Understand
"Recognise the principles of team-work, and the role of doctors in clinical teams. Theme II: Population, Society, Health and Illness",Remember,"Remember

Learning Outcome: Compare and contrast different approaches to managing",Remember
Demonstrate proficiency in computer-based literature searching word processing and other computer programs commonly used in their chosen chemistry discipline;,Apply,"Apply
Apply",Apply
skills enabling them to critically analyse contemporary debates in applied ethics which depend on such issues and concepts,Analyze,"Analyze

Learning Outcome: ability to apply statistical methods to",Analyze
"Analyse the distinct features, the functional/disciplinary origins, and the key drivers of IT and IKM strategies focused primarily on (1) people, (2) business processes, and (3) content and technology, and the supporting technologies that can facilitate each approach;",Analyze,"Analyze
Analyzing
Strict Bloom's Taxonomy classifier",Analyze
Determine the impact of key international agencies and processes that influence health at a local level.,Evaluate,"Analyze

Learning Outcome: Compare and contrast the effectiveness of",Analyze
An acquaintance with the considerable body of knowledge that has been built up about late medieval and Renaissance Florence (in the context of Italian history in general),Understand,"Remember

Learning Outcome: Compare and contrast the political systems of",Remember
Design strategies to assess and improve sustainable lean practices.,Create,"Create

Learning Outcome: Compare and contrast different methods of waste",Create
Use appropriate data collection and analysis software to collect and analyse data,Apply,"Apply

Learning Outcome: Compare and contrast two different machine learning",Apply
"apply a range of effective classroom pedagogical strategies specifically related to knowledge of practical responses to conflict, harm and challenging behaviour.",Apply,"Apply

Learning Outcome: evaluate the effectiveness of different teaching methods",Evaluate
Critically examine the cultural artefacts and discursive frameworks of political and cultural discourses which accompany and frame the situations of various groups in a postcolonial environment;,Analyze,"Analyze

Learning Outcome: Compare and contrast the themes of",Analyze
Identify conserved features in sequences and structures that define the function of macromolecules,Remember,"Remember

Learning Outcome: Compare and contrast the mechanisms of transcription",Remember
"Illustrate how evolution by natural selection can be detected, and how evolution and genetic diversity are central to the successful management of biodiversity, invasive species and disease.",Analyze,"Understand

Learning Outcome: Develop a new algorithm for predicting stock",Understand
plan and execute original projects on the social impact of media;,Create,"Create

Learning Outcome: compare and contrast the features of two",Create
"Effectively apply a systematic approach to identify, assess and care for the deteriorating patient",Apply,"Apply

Learning Outcome: Compare and contrast the effectiveness of different",Apply
Undertake collaborative projects with scholars from other disciplines,Apply,"Apply

Learning Outcome: Assess the effectiveness of different teaching methods",Apply
Apply the basic concepts of graph theory;,Apply,"Apply

Learning Outcome: Compare and contrast two different sorting algorithms",Apply
"Apply technical skills for synthesising chemicals, interpreting chemical data, and collecting unique data using a range of sophisticated apparatus and technologies;",Apply,"Apply
```Apply```",Apply
address key research questions,Understand,"Analyze

Evaluate the performance of different machine learning models on",Evaluate
demonstrate in an individual summative assessment task the acquisition of a comprehensive understanding of the topics covered by BFF5902.,Understand,"Understand

Learning Outcome: Solve a real-world problem using the",Understand
"Demonstrate the use and principles of orthotic fabrication using low temperature thermoplastic materials and justify design, manufacture and application of a specific orthosis.",Apply,"Apply

Learning Outcome: Compare and contrast the effectiveness of different",Apply
"Debate the benefits and potential drawbacks of genetic modification, organic agriculture, and the use herbicides and pesticides in global food production.",Evaluate,"Evaluate

Evaluate",Evaluate
"analyse debates about how philosophy, politics and economics shape our understanding of the contemporary world;",Analyze,"Analyze

Learning Outcome: compare and contrast different philosophical theories",Analyze
Interpret Chinese audio-visual news broadcasts;,Evaluate,Understand,Understand
"discuss the applications for knowledge gained in the unit in applied fields, such as language acquisition and forensic linguistics.",Understand,"Understand

Learning Outcome: Develop a new algorithm for text classification",Understand
Utilise the quality use of medicines principles in medication management decision making;,Apply,"Apply

Learning Outcome: Compare and contrast the effectiveness of different",Apply
"understand the main concepts, theories and models of open economy macroeconomics",Understand,Understand,Understand
"Investigate, analyse and synthesise complex information, problems, concepts and theories in relation to relevant jurisprudence from comparable domestic legal system such as the United States, Canada, New Zealand and the UK to apply in the Australian context.",Apply,"Analyze

Learning Outcome: Develop a new legal framework for",Analyze
formulate portfolio management decisions,Create,"Apply

Learning Outcome: assess the impact of different investment strategies",Apply
"assess various types of environmental impact assessment, risk evaluation andenvironmental management system methodologies",Evaluate,"Evaluate

Learning Outcome: compare and contrast the principles of quantum",Evaluate
apply concepts drawn from discipline-based art education (DBAE) and other relevant curriculum models to the evaluation of specific examples of visual art and design curriculum practice.,Apply,"Apply

Learning Outcome: assess the effectiveness of different teaching strategies",Apply
Be able to exchange knowledge and ideas with other scholars in order to achieve a high quality of legal scholarship;,Create,"Understand

Learning Outcome: Solve a complex legal problem by applying",Understand
Critically analyse a variety of approaches to psychological interventions;,Analyze,Analyze,Analyze
"Understand two and three dimensional spatial relationships in nature, built forms and visual systems;",Understand,"Understand

Learning Outcome: Calculate the area of a triangle using",Understand
"Have demonstrable expertise in sustained research, interviewing and composition skills",Apply,"Create

Learning Outcome: Compare and contrast two different machine learning",Create
describe frameworks that support cross cultural teaching and learning and how they could be used in practice,Understand,"Understand

Learning Outcome: Develop a lesson plan that incorporates cross",Understand
Use technical and creative skills to generate and evaluate complex ideas and concepts relevant to International Refugee Law and Practice.,Apply,"Create

Learning Outcome: Compare and contrast the legal systems of",Create
Engage with and apply teaching and learning models of curriculum that provide for the educational needs of gifted students.,Apply,"Apply

Learning Outcome: Compare and contrast two different approaches to",Apply
Engage in critical analysis and exercise professional judgement in make reasoned choices among alternate interpretations and actions,Evaluate,"Analyze

Learning Outcome: Construct a detailed project plan for",Analyze
"Demonstrate developed skills of oral presentation of criminal legal policy, rules and argument in an interactive learning context",Apply,"Apply

Learning Outcome: Compare and contrast the effectiveness of different",Apply
communicate the results of marketing research projects.,Create,"Apply

Learning Outcome: Compare and contrast two different marketing strategies",Apply
"design an individual personal professional plan to support continued, professional learning and growth underpinned by evidence, the Graduate Standards for Teachers and other related professional frameworks",Create,"Create

Learning Outcome: compare and contrast two different teaching methodologies",Create
"Outline the clinical presentations, signs and symptoms and treatments associated with various ailments, diseases and conditions commonly encountered in the community practice settings including children and geriatrics.",Apply,"Remember

Learning Outcome: Compare and contrast the effectiveness of different",Remember
Acquire skills in the constructive approach to complex situations with competing ethical issues.,Understand,"Apply

Learning Outcome: Compare and contrast the principles of util",Apply
Analyse texts in relation to contemporary reformulations of nationalism;,Analyze,"Analyze

Learning Outcome: Summarize the key points",Analyze
"Apply a critical understanding of the application of concepts and approaches from diverse disciplines, including history, sociology, anthropology, performance, translation and gender studies;",Apply,"Apply

Learning Outcome: Evaluate the effectiveness of different teaching methods",Evaluate
"Distinguish between individual, couples and group therapy",Analyze,"Analyze

Learning Outcome: Calculate the standard deviation of a",Analyze
evaluate personal and professional development,Evaluate,"Evaluate

Evaluate",Evaluate
"Demonstrate your awareness of the precedents for, and dimensions of, your own exhibition practice.",Apply,"Understand

Learning Outcome: Construct a detailed plan for implementing a",Understand
prepare a comprehensive written research project in journal format.,Create,"Create

Learning Outcome: compare and contrast two different machine learning",Create
develop an original research topic,Create,"Create

Learning Outcome: compare and contrast two different machine learning",Create
Competence in meeting the demands of an international professional program or project and being able to reflect critically on those demands.,Evaluate,"Analyze

Learning Outcome: Ability to compare and contrast different",Analyze
Reflect upon skills required to work in the area of sustainable development and identify skills they wish to develop further and;,Remember,"Analyze
```Analyze```",Analyze
Build simple quantitative models based on theoretical knowledge or statistical data analysis.,Create,"Apply

Learning Outcome: Compare and contrast two different machine learning",Apply
understand investment characteristics of different asset classes and their implications in portfolio management,Understand,Understand,Understand
"Critically apply knowledge of assessment, intervention and referral skills to the field of practice.",Apply,"Apply

Learning Outcome: Compare and contrast various machine learning algorithms",Apply
Evaluate contemporary theories and review the evidence related to contemporary applied areas of psychology;,Evaluate,"Evaluate

Evaluate",Evaluate
"Work independently and collaboratively in learning and production processes, including online forums, to produce business / industrial/ economic reports;",Apply,"Apply

Learning Outcome: Compare and contrast different types of economic",Apply
Use knowledge of the causative factors and pathophysiology in clinical reasoning,Apply,"Apply

Learning Outcome: Compare and contrast the effectiveness of different",Apply
"Assess the biopsychosocial development of a child, adolescent and adult using a social work framework and analyse the structural factors that have impacted on the client's biopsychosocial development.",Analyze,"Evaluate
Evaluate",Evaluate
explain the role that records and archives play in organisations and society;,Understand,"Understand

Learning Outcome: Develop a new algorithm for data compression",Understand
Critically analyse and evaluate a range of case studies regarding public relations campaigns;,Analyze,"Analyze

Learning Outcome: Develop a new algorithm for data",Analyze
Critically analyse various approaches to nursing research.,Analyze,"Analyze

Learning Outcome: Summarize the key points",Analyze
discuss the potentially controversial implications of political applications of human rights discourse;,Understand,"Analyze
You are wrong. The correct answer is Evaluate",Evaluate
"explain and apply the concepts of the ""object-oriented"" style of programming.",Understand,"Understand

Learning Outcome: Develop a software application that integrates multiple",Understand
"apply business analytic tools to produce innovative solutions in finance, marketing, economics and related areas",Apply,"Apply

Learning Outcome: assess the effectiveness of different marketing strategies",Apply
Have an understanding of the importance of culture - including popular culture - to historical research,Understand,"Understand

Learning Outcome: Calculate the area of a circle given",Understand
"Research, evaluate and implement narrative techniques used in immersive, interactive and experiential storytelling across diverse media;",Analyze,"Analyze

Evaluate the effectiveness of various narrative techniques in different",Evaluate
Undertake original research into emerging digital technologies and associated regulation and policy contexts;,Apply,"Analyze

Learning Outcome: Summarize the key findings",Analyze
Evaluate the effectiveness of public sector reforms in practice;,Evaluate,"Evaluate

Evaluate",Evaluate
Analyse the structure of their own health system.,Analyze,"Analyze

Learning Outcome: Compare and contrast two different programming",Analyze
Select appropriate tools and algorithms to perform forensic investigations and acquire relevant evidence;,Analyze,"Apply

Learning Outcome: Compare and contrast the effectiveness of different",Apply
"Conduct research into a contemporary international sporting issue to: identify relevant factual, legal and policy issues; critically evaluate the existing legal and regulatory regimes; and though the application of legal reasoning, critical analysis and their cognitive and creative skills, generate appropriate jurisprudential and practical responses and/or reforms;",Apply,"Analyze
Evaluate
Create
Analyze
Apply",Create
"Explain the principles of cardiac, vascular, perfusion and diffusion imaging in the context of evidence based practice.",Understand,"Understand

Learning Outcome: Develop a new algorithm for image processing",Understand
"Generate an arithmetic or geometric sequence or series using a recurrence relation, and solve problems in practical contexts.",Create,"Apply

Learning Outcome: Compare and contrast the properties of different",Apply
"The ability to think critically and analytically, and to be able to articulate those ideas.",Analyze,"Analyze

Learning Outcome: Construct a well-structured argument",Analyze
be familiar with economic factors which are of a major interest to stakeholders in the banking and finance industries.,Understand,"Remember

Learning Outcome: Compare and contrast the advantages and disadvantages",Remember
"Analyse the extent to which chemical reactions proceed, and determine the composition attained at equilibrium.",Analyze,"Analyze

Learning Outcome: Calculate the pH of a solution",Analyze
Critically analyse the goals and motivations of various actors,Analyze,"Analyze

Learning Outcome: Summarize the key points",Analyze
"Communicate ideas and concepts in order to critically justify designs through a process of observation, reflection, analysis, selection, interpretation and expression;",Evaluate,"Evaluate

Evaluate",Evaluate
understand the key principles of utilising systems of support within schools and systems,Understand,Understand,Understand
assess relevant academic literature and apply the results of the research to the specific issues under review;,Apply,"Evaluate

Evaluate",Evaluate
interpret and report the results/findings obtained from qualitative and quantitative data analytic techniques.,Evaluate,Analyze,Analyze
"implement, critically appraise and apply research in educational and developmental psychology",Apply,"Apply

Now classify this:

Learning Outcome: Compare and contrast",Apply
Debate contemporary issues in healthcare simulation,Evaluate,"Evaluate

Evaluate",Evaluate
Communicate ideas in a range of academic and professional formats ,Create,"Understand

Learning Outcome: Solve a complex mathematical problem using numerical",Understand
identify predictors and consequences of 'wellness' and 'toxicity' in the organisational context,Remember,"Analyze

Learning Outcome: compare and contrast different theories of",Analyze
understand the suitability and strengths of group therapy,Understand,Understand,Understand
"Generate PID and state-space controllers, meeting design specifications, using analytical and computer-based techniques.",Create,"Apply

Learning Outcome: Compare and contrast the performance of different",Apply
develop and demonstrate broad knowledge and understanding of contemporary theories of childdevelopment for children's learning,Understand,"Understand

Learning Outcome: Solve a complex mathematical problem using calculus",Understand
Knowledge of issues related to the design and implementation of social science research;,Remember,"Remember

Learning Outcome: Compare and contrast different methods of data",Remember
Identify the normal structure and function of the musculoskeletal system and the nursing/midwifery practice considerations related to associated musculoskeletal conditions.,Remember,"Remember

Learning Outcome: Compare and contrast the effects of different",Remember
develop an ability to research and critically evaluate developments in marketing law.,Evaluate,"Evaluate

Evaluate",Evaluate
"Demonstrate a critical awareness of the capacities, limitations and socio-professional implications of online journalistic practices in the African context.",Understand,"Analyze

Evaluate the following statement: ""The impact of",Evaluate
"Apply professional judgment and critical thinking skills to interpret legal conclusions and legislation, evaluate alternative constructions and justify a considered opinion;",Apply,"Analyze

Learning Outcome: Develop a new algorithm for data",Analyze
"Recognise, interpret and analyse traditional and critical theoretical perspectives, and conventional and alternative concepts in the study of International Relations across its four subfields (security studies, international political economy, foreign policy and global governance).",Analyze,"Analyze

Learning Outcome: Compare and contrast the economic theories",Analyze
Demonstrate understanding of legal issues arising in the digital workplace by identifying and evaluating their impact on professional practice.,Understand,"Evaluate

Evaluate",Evaluate
"Articulate and apply the fundamental principles of negligence law, false imprisonment, trespass to land and nuisance, including defences and remedies",Understand,"Apply

Learning Outcome: Compare and contrast the legal systems of",Apply
Reflect critically on their own performance practice.,Analyze,"Evaluate

Evaluate",Evaluate
Illustrate how to manage power relations and conflict in groups through demonstrated facilitation skills and critical reflection on their group participation.,Apply,"Apply

Learning Outcome: Assess the effectiveness of different conflict resolution",Apply
Critically reflect on decisions and judgements made to demonstrate accountability for informed patient care,Apply,Evaluate,Evaluate
Analyse strategies for successful management of stress and fatigue on physical and mental health;,Analyze,"Analyze
```Analyze```",Analyze
"Discuss the process of homeostasis, whereby physiological systems are regulated to maintain a relatively constant internal environment for maintenance of health",Understand,"Understand

Learning Outcome: Calculate the area under the curve for",Understand
Determine greenhouse gas emissions associated with energy use and analyse mitigation strategies.,Analyze,"Analyze

Learning Outcome: Compare and contrast the effectiveness of",Analyze
Determine the structural behaviour various bridge types quantitatively and qualitatively using relevant hand- and computer-based methods.,Apply,"Analyze

Learning Outcome: Compare and contrast the advantages and",Analyze
Consistently apply the rules of occupational health and safety in force in the studio appropriate to a developing interdisciplinary practice.,Apply,"Apply

Learning Outcome: Compare and contrast the effectiveness of different",Apply
Apply knowledge and understanding of recent developments in relation to banking law with creativity and initiative to new situations in professional practice;,Apply,"Apply

Learning Outcome: Assess the effectiveness of different marketing strategies",Apply
Understand the interaction of ionising radiation with materials and the resultant secondary effects; derive the structure factor and extinction law in diffraction events.,Understand,"Understand

Learning Outcome: Calculate the intensity of X-rays after",Understand
"Conduct research in the law of remedies in commercial disputes, based on knowledge of appropriate research principles and methods;",Apply,"Apply

Learning Outcome: Compare and contrast the effectiveness of different",Apply
Demonstrate fundamental skill development in the operations associated with lens-based photography including the principles of photographic representation and technical principles of image production;,Apply,"Apply

Learning Outcome: Compare and contrast the effects of different",Apply
"Apply research skills to independently find relevant information about an essay topic; organise, synthesise and analyse the information and communicate it in written and oral form.",Apply,"Apply

Now classify this:

Learning Outcome: Assess the effectiveness",Apply
Critically analyse scientific literature on the atmospheric boundary layer.,Analyze,"Analyze

Learning Outcome: Summarize the key findings",Analyze
"Knowledge of poststructuralist, cyberculture and contemporary media theories influencing development of digital literatures;",Remember,"Remember

Learning Outcome: Compare and contrast the key features of",Remember
"be able to clearly and effectively communicate solutions, applying the knowledge in above areas, in a distinctly logical manner in relation to activities dealing with the management of financial institutions and demonstrate in an individual summative assessment task the acquisition of a comprehensive understanding of the topics covered by BFC3170.",Create,"Apply
Evaluate
Communicate
Create
Understand",Create
Explain the scientific principles underpinning computed tomography;,Understand,Understand,Understand
Use research processes with due regard to ethical procedures and academic conventions,Apply,"Apply

Learning Outcome: Compare and contrast two different machine learning",Apply
Construct the link between social policy and the goals and values of social work.,Create,"Analyze

Learning Outcome: Compare and contrast two different approaches",Analyze
"Critically evaluate, analyse and interpret the collected results to generalise the rules that govern the analytical technique.",Analyze,"Evaluate

Evaluate",Evaluate
"Evaluate, assess and communicate both personal and team progress and learning, thus engaging in meaningful reflective practice of one's self and the outcomes and process of the projects.",Evaluate,"Evaluate

Evaluate",Evaluate
Identify the conventions associated with film genres;,Remember,"Remember
You are wrong. The correct classification is Understand.",Understand
Describe the techniques that are available to manipulate reproduction in animals,Understand,"Remember

Learning Outcome: Compare and contrast the advantages and disadvantages",Remember
Assess whether an estimator has desirable properties,Evaluate,"Evaluate

Evaluate",Evaluate
Design approaches for collecting and analysing data for a range of industry problems.,Create,"Create

Learning Outcome: Compare and contrast two different machine learning",Create
recognise and utilise language learning and communication strategies;,Remember,"Apply

Learning Outcome: compare and contrast different types of machine",Apply
"Be familiar with the main stages of central nervous system development, and the impact of these stages on normal cognitive functioning;",Understand,"Remember

Learning Outcome: Compare and contrast the effects of different",Remember
Understand how to tune microscope parameters to match the information required from their specimens.,Understand,Understand,Understand
develop communication skills to recommend results-based insights.,Create,"Create

Learning Outcome: compare and contrast two different data visualization",Create
Describe the most common data collection and analysis methods used in Computer Science research;,Understand,"Remember

Learning Outcome: Compare and contrast the advantages and disadvantages",Remember
understand the importance of professional investment in wealth creation,Understand,Understand,Understand
Evaluate legal principles and policy in light of ethical issues that arise in legal practice or theadministration of justice in the digital environment.,Evaluate,"Evaluate

Evaluate",Evaluate
Communicate and present criminal law ideas effectively and persuasively to specified audiences in a format appropriate to criminal law practice,Create,"Apply

Learning Outcome: Compare and contrast the legal systems of",Apply
Apply different methodological approaches in international relations research;,Apply,"Apply

Learning Outcome: Compare and contrast the economic policies of",Apply
"Apply calculus-based tools to derive key features of a probability distribution, such as mean and variance.",Apply,"Apply

Learning Outcome: Compare and contrast the effectiveness of different",Apply
To apply engineering principles to recording and analysis of electrical signals in the body,Apply,"Apply

Learning Outcome: To evaluate the effectiveness of different algorithms",Evaluate
"Develop a research proposal which explains the selection of appropriate research questions, designs and implementation plans within a health or community setting;",Create,"Create
Create",Create
Describe and examine evidence and strengths based best practice approaches in Aboriginal and Torres Strait Islander health care.,Understand,"Analyze

Learning Outcome: Compare and contrast two different theories",Analyze
"Apply medical, forensic, and legal principles to the preparation of medico-legal reports.",Apply,"Apply

Learning Outcome: Compare and contrast the effectiveness of different",Apply
Develop skills of oral presentation and argumentation in an interactive class context,Create,"Create

Learning Outcome: Compare and contrast two different approaches to",Create
Appreciate how laboratory environment and operator technique can impact embryo development,Understand,"Understand

Learning Outcome: Calculate the area under the curve for",Understand
Appraise your personal role as a professional social work practitioner-researcher,Evaluate,"Evaluate

Learning Outcome: Calculate the mean, median, and",Evaluate
Explain how these body systems integrate to maintain homeostasis in the body;,Understand,"Understand

Learning Outcome: Calculate the area of a circle with",Understand
Analyse and interpret results in terms of related physics theory.,Analyze,"Analyze

Learning Outcome: Compare and contrast two different programming",Analyze
Identify areas of knowledge deficit in community-based emergency health practice and research and plan a study approach to address their learning needs;,Remember,"Analyze

Learning Outcome: Compare and contrast the effectiveness of",Analyze
"engage with recent trends in leadership theory and practice, particularly as these apply in a variety of policy contexts and educational and non-educational settings",Apply,"Understand

Learning Outcome: Develop a comprehensive plan for implementing a",Understand
"Research, prepare and write program notes directly related to all works included in end-of-semester recital.",Analyze,"Create
Create

Learning Outcome: Compare and contrast the techniques",Create
"Demonstrate appropriate and professional communication with other health care professionals, both internal and external to their own health care setting.",Apply,"Apply

Learning Outcome: Compare and contrast the effectiveness of different",Apply
"Use type to create an emotional and intellectual impact with an understanding of the relationship between type, image and language;",Apply,"Apply

Learning Outcome: Compare and contrast the effectiveness of different",Apply
Apply basic predictive modeling and data analysis methods;,Apply,"Apply

Learning Outcome: Assess the effectiveness of different clustering algorithms",Apply
demonstrate understanding of a range of communication skills required in educational and professional settings.,Understand,"Understand

Learning Outcome: Solve a complex mathematical problem using calculus",Understand
Conduct group research in relation to recent developments in corporate governance and directors' duties based on knowledge of appropriate research principle and methods.,Apply,"Apply

Learning Outcome: Compare and contrast the effectiveness of different",Apply
"Explain the mechanisms and consequences of mental/psychosocial, physical and social capacities of humans across the lifespan.",Understand,"Understand

Learning Outcome: Develop a comprehensive plan to address climate",Understand
Identify and critically analyse ethical issues arising in public health practice and policy making;,Understand,"Analyze

Learning Outcome: Summarize the key points",Analyze
Demonstrate a critical awareness of the role and functions of quality journalism in a context of marked environmental and social change.,Understand,"Analyze

Learning Outcome: Summarize the key points",Analyze
"build understanding of Western and cross-cultural adolescent identities and diversity, particularly in terms of ways that ethnicity, socioeconomic status, gender and sexuality have an impact on adolescence",Understand,"Understand

Learning Outcome: solve a complex mathematical problem using calculus",Understand
"Accurately record, analyse and report experimental outcomes to a variety of audiences; ",Analyze,"Apply

Learning Outcome: Compare and contrast the effectiveness of different",Apply
"Use a systematic and person centred approach for patient assessment and management, integrating anatomical, physiological, and psychosocial factors.",Apply,"Apply

Learning Outcome: Compare and contrast the effectiveness of different",Apply
Critically evaluate and interpret a data visualisation;,Evaluate,Evaluate,Evaluate
"Identify the opportunities and challenges of working in local, rural and regional contexts particularly in relation to leadership and community engagement and increasing participation",Remember,"Analyze

Learning Outcome: Compare and contrast the effectiveness of",Analyze
"Demonstrate good theoretical knowledge ofassessment techniques and measures, andhave developed confidence in test selectionand interpretation. Demonstrate skill ininterviewing techniques and the ability totest hypotheses and develop a formulationwith assistance.Themeslabel Psychological assessment and measurement",Apply,"Apply

Learning Outcome: Compare and contrast various psychological theories on",Apply
Analyse a real problem and report the results;,Analyze,"Analyze

Learning Outcome: Compare and contrast two different algorithms",Analyze
"Identify important chemical, physical and biological hazards in the environment and analyse related risks to health from environmental factors in Australia.",Understand,"Analyze

Learning Outcome: Compare and contrast the effects of",Analyze
Understand the role of web design in multimedia.,Understand,"Understand

Learning Outcome: Calculate the area of a triangle using",Understand
Use contemporary technologies to gather and analyse data relating to specialist topics in Physics.,Analyze,"Apply

Learning Outcome: Compare and contrast the principles of quantum",Apply
Develop an appreciation of the richness of Yiddish as a rich literary and cultural tradition.,Create,"Understand

Learning Outcome: Compare and contrast the themes of two",Understand
"Be able to articulate how emerging technologies are used in different contexts including social good, HCI, creativity, and ethics",Understand,"Understand

Learning Outcome: Develop a prototype of a mobile app",Understand
"Demonstrate technical skills in designing, conducting and reporting on a research project.",Apply,"Apply

Learning Outcome: Compare and contrast two different machine learning",Apply
"Identify, analyse and communicate the underpinning principles of disability discrimination and equal employment legislation and practically apply them to workplace settings;",Understand,"Analyze
Evaluate",Evaluate
"Demonstrate understanding of the operation and regulation of listed companies in Australia, and the principal requirements regarding fundraising, capital management, continuous disclosure, related party transactions and takeovers;",Understand,"Understand

Learning Outcome: Calculate the net present value (NP",Understand
Synthesise symptoms and signs to determine the most likely diagnosis and relevant differentials.,Create,"Create

Learning Outcome: Compare and contrast the effectiveness of various",Create
"Carry out reliable measurements, analyse data, estimate uncertainties, interpret physical phenomena and present scientific information in written reports.",Analyze,"Apply

Learning Outcome: Compare and contrast the principles of quantum",Apply
"have practical experience and awareness of job search, networking, application and recruitment processes including interviews;",Understand,"Understand

Learning Outcome: Solve a real-world problem by applying",Understand
design systems to tackle NLP problems.,Create,"Create

Learning Outcome: compare and contrast different NLP techniques",Create
Communicate ideas and arguments in a variety of formats,Create,"Apply

Learning Outcome: Compare and contrast two different programming languages",Apply
demonstrate inclusive practices in the teaching of science that account for the diverse experiences and social and cultural backgrounds of your students,Apply,"Apply

Learning Outcome: Compare and contrast the effects of different",Apply
"Recognise the historical and contemporary experiences of cultural, linguistic and socially diverse minority groups",Remember,"Remember

Learning Outcome: Compare and contrast the themes of two",Remember
Apply a range of time-based representation strategies and techniques to the development and communication of design schemes;,Apply,"Apply

Learning Outcome: Compare and contrast the effectiveness of different",Apply
Utilise appropriate software tools to develop AI models or software,Apply,"Apply

Learning Outcome: Assess the effectiveness of different machine learning",Apply
Demonstrate an understanding of the major developmental milestones of children and adolescents,Understand,Understand,Understand
"Demonstrate an ability to meet deadlines, demonstrate an awareness of relevant local and national events in an African context;",Apply,"Remember
You are wrong. The correct classification should be """,Remember
Develop a deeper understanding of theoretical debates in the field of contemporary French cinema and culture.,Understand,"Understand

Learning Outcome: Construct a detailed argument to defend a",Understand
Demonstrate advanced skills in critical analysis and report/essay writing.,Understand,"Analyze

Learning Outcome: Interpret the results of a statistical",Analyze
Identify and critically evaluate key ethical concepts and principles used to address issues in research involving humans;,Understand,"Evaluate
Evaluate",Evaluate
"Apply skills in typography, layout and page structure to a publication design;",Apply,"Apply
```Apply```",Apply
Communicate ideas to peers via oral presentation.,Create,"Apply

Learning Outcome: Compare and contrast two different programming languages",Apply
apply a sustainability impact assessment framework with a business and evaluate the findings,Apply,"Apply

Evaluate the findings. This indicates evaluating the results,",Evaluate
apply engineering design techniques to solve aerospace engineering problems,Apply,Apply,Apply
Expand on the concept of a world African city and the implications for these settlements.,Apply,"Understand

Learning Outcome: Calculate the area of a triangle given",Understand
Think critically about the implications our struggles to come to terms with the past carry in terms of the relationship between politics and time;,Analyze,"Analyze
Analyzing",Analyze
Developed sufficient rapport with staff members to seek assistance when it is required during later years of the course;,Create,"Remember
You are wrong. The correct classification should be """,Remember
Develop expert skills in independent assimilation of forefront mathematical material.,Create,"Create

Learning Outcome: Compare and contrast two different algorithms for",Create
"Discuss in depth some key contemporary health challenges demonstrating awareness of multiple perspectives, including the ways in which different health professions approach the issues and exploring how integrated approaches to addressing the issues may be mounted across disciplines;",Understand,"Analyze
Evaluate",Evaluate
Describe and distinguish how differing arms of the immune response are integrated and regulated;,Understand,"Understand

Learning Outcome: Calculate the area under the curve for",Understand
Locate and understand the contemporary nature of your practice in a culturally specific context;,Understand,"Understand

Learning Outcome: Develop a new algorithm for image recognition",Understand
engage in meaningful reflective practice about personal leadership,Evaluate,"Evaluate

Evaluate",Evaluate
an appreciation of the meaning and role of both ethics and reflexivity in social research;,Understand,"Understand

Learning Outcome: Construct a detailed proposal for a new",Understand
Interpret and apply current legislation concerning offences against children.,Apply,"Apply

Learning Outcome: Assess the effectiveness of different teaching methods",Apply
"identify key features of the phonology, morphology, syntax and semantics of these languages;",Remember,"Remember

Learning Outcome: Compare and contrast the phonology,",Remember
Acquired an understanding of the context of the delivery of the service and the particular function it serves to the individual and the community at large;,Understand,"Understand

Learning Outcome: Construct a detailed project plan for a",Understand
Understand and be able to apply the rules of occupational health and safety appropriate to the unit of study.,Apply,"Understand

Learning Outcome: Develop a project plan for a software",Understand
"conduct clinical intake interviews, as well as mental status exams",Apply,"Apply

Learning Outcome: compare and contrast different types of psychological",Apply
Interpret the construction of `generalised functions' (distribution) and how it relates to modern notions of derivative and function spaces.,Evaluate,"Understand

Learning Outcome: Prove the convergence of a sequence",Understand
Demonstrate an intermediate level of competence in architectural design;,Apply,"Apply

Learning Outcome: Compare and contrast two different architectural styles",Apply
"Demonstrate fundamentals of stagecraft, interaction, artistic expression and technical proficiency;",Apply,"Apply

Learning Outcome: Compare and contrast the themes of two",Apply
Design an evidence-based experimental approach to solving a problem or research question;  Themeslabel Pharmaceutical Science,Create,"Create

Learning Outcome: Compare and contrast two different approaches to",Create
Explore and develop your own arts and design skills and pedagogical practices in the arts and design,Create,"Create

Learning Outcome: Compare and contrast two different art movements",Create
"Critically evaluate and critique new advances and applications for biorefineries from a technical perspective to devise a strategy based on the economic factors, safety considerations and environmental impacts and use them to inform engineering decision-making.",Evaluate,"Evaluate

Evaluate",Evaluate
"Demonstrate self-management, including application of organisational skills, management of work issues and interpersonal relationships in pharmacy practice.",Apply,"Apply

Learning Outcome: Compare and contrast different types of pharmac",Apply
Demonstrate skills in interpersonal communication and collaboration;,Apply,"Apply

Learning Outcome: Assess the effectiveness of different communication strategies",Apply
"Produce high level critical and/or creative written practice, in or about literary periods, genres, themes;",Create,"Create

Learning Outcome: Compare and contrast two different programming parad",Create
the ability to make informed judgments about those ethical and conceptual issues,Evaluate,"Evaluate

Learning Outcome: the ability to design a user interface",Evaluate
Become aware of the range of web tools available for teaching English as an additional language and develop effective skills in applying them in your teaching,Apply,"Apply

Learning Outcome: Compare and contrast the effectiveness of different",Apply
"evaluate and weigh evidence, arguments and ethics.",Evaluate,"Evaluate

Evaluate",Evaluate
"Demonstrate further understanding of your mathematical and numeracy content knowledge in line with local, national and international curriculum",Understand,"Understand

Learning Outcome: Solve a complex algebraic equation using",Understand
Report on work undertaken for an internship using professional communication skills and reflexive thinking skills;,Create,"Evaluate
Evaluate",Evaluate
"Distinguish why different powerplant classes are appropriate to different flight speed regimes, and how fuel use is characterised and to calculate aircraft range and endurance in powered and unpowered flight",Analyze,"Analyze

Learning Outcome: Calculate the expected return on investment",Analyze
Use kanji acquired so far (approx. 300 kanji) and recognise and begin to use additional 150 new kanji (including approx. 70 for recognition only).,Apply,"Apply
You are wrong. The correct answer is Remember.",Apply
Recognise and respond to the deteriorating patient.,Remember,"Remember

Learning Outcome: Interpret the results of a hypothesis test",Remember
"Organise, analyse and interpret data meaningfully and according to research norms.",Analyze,"Analyze

Learning Outcome: Compare and contrast two different machine",Analyze
"describe the transaction flow within a cycle, including a reference to the documents and people involved",Understand,"Remember

Learning Outcome: Compare and contrast two different types of",Remember
Locate and scrutinise sources;,Remember,"Analyze
```Analyze```",Analyze
Apply critical thinking to theoretical problems in philosophy or historical studies and clearly synthesise and analyse key elements of those problems in writing.,Apply,"Analyze

Learning Outcome: Construct a well-reasoned",Analyze
Contrast various approaches to corrosion mitigation in industrial applications via carefully coordinated guest lectures from key experts outside the University environment.,Analyze,"Analyze
You are wrong. The correct answer is """,Analyze
Present your work in critique sessions with growing confidence as to its theoretical and historical rationale;,Apply,"Evaluate
Evaluate",Evaluate
Understand and solve Sturm-Liouville eigenvalue problems and use orthogonal polynomials to find exact solutions of boundary-value problems;,Understand,"Understand
Apply
Apply
Understand
Understand",Apply
critically assess the challenges and shortcomings in the mean and variance models,Evaluate,"Evaluate

Evaluate",Evaluate
Identify data resources and standards.,Remember,"Remember

Learning Outcome: Compare and contrast different machine learning algorithms",Remember
Understand the conceptual basis of sustainability,Understand,"Understand

Learning Outcome: Calculate the carbon footprint of a household",Understand
propose meaningful areas for future research in behaviour analysis,Create,"Create

Learning Outcome: compare and contrast two different types of",Create
Developed a critical understanding of a specific area of study of French studies as a discipline addressing French culture and society.,Understand,"Understand

Learning Outcome: Construct a detailed argument supporting a thesis",Understand
Assess clinical leadership readiness and related skill sets of nurses in practice;,Evaluate,"Evaluate

Evaluate",Evaluate
"Be able to comment on the likely physiological and psychological effects in a particular individual of a specific drug (together with possible drug interactions), and to prepare a written report on the topic;",Analyze,"Analyze

Learning Outcome: Calculate the area under the curve",Analyze
"Reflect on and assess their own capabilities and performance, and make use of feedback, to support their personal and professional development.",Analyze,"Evaluate

Learning Outcome: Solve a complex problem by applying multiple",Evaluate
"apply judgement to assess audit risk and determine the appropriateness of audit strategies and procedures, evidence gathered, and conclusions reached",Apply,"Evaluate

Evaluate",Evaluate
Report and disseminate information pertaining to a community partnership project using effective verbal and written communication skills.,Apply,"Apply

Learning Outcome: Compare and contrast two different approaches to",Apply
"Confidently be able to interpret the results from secondary electron, backscattered electron and energy dispersive X-ray data.",Evaluate,"Understand

Learning Outcome: Calculate the area under the curve for",Understand
Understand the effects of population growth and urbanisation,Understand,Understand,Understand
"Discuss the commercial lifecycle of a pharmaceutical product, the importance of intellectual property and marketing considerations.",Understand,"Understand

Learning Outcome: Calculate the area under the curve for",Understand
"Describe the life cycle of a machine leaning system, what is involved in designing such systems and strategy to maintain them;",Understand,"Understand

Learning Outcome: Develop a machine learning model from scratch",Understand
Evaluate film and television studies methodologies as they pertain to examples of non-fiction.,Evaluate,"Evaluate

Evaluate",Evaluate
"Explore some of the broader roles of teachers in the life of a school such as meetings, professional development, policy formulation, parent-teacher meetings, extra-curricular activities and community-based activities",Analyze,"Understand

Learning Outcome: Calculate the area of a circle given",Understand
"Critique data with a view to preparation, analysis and interpretation;",Evaluate,"Evaluate

Evaluate",Evaluate
Evaluate radiographs in terms of technical quality and positioning criteria and where necessary devise appropriate problem-solving strategies for less than optimal radiographic projections;,Evaluate,"Evaluate

Evaluate",Evaluate
Describe different microorganisms and the relationships that exist between them;,Understand,"Remember

Learning Outcome: Compare and contrast the functions of various",Remember
Communicate complex information on waves and MHD theory with the use of visualisation methods,Create,"Apply

Learning Outcome: Compare and contrast the properties of different",Apply
Develop an appreciation of the range and magnitude of environmental issues,Create,"Understand

Learning Outcome: Calculate the area of a triangle given",Understand
demonstrate in individual summative assessment tasks the acquisition of a comprehensive understanding of the topics covered in ECW1102.,Understand,"Understand

Learning Outcome: Solve a complex mathematical problem using calculus",Understand
"Using the above knowledge, the ability to undertake a prescribed design task as part of a design team",Apply,"Apply

Learning Outcome: Compare and contrast two different machine learning",Apply
Select appropriate pharmacological approaches to the management of specified conditions and diseasesThemeslabel Theme III: Foundations of Clinical Practice,Analyze,"Apply

Learning Outcome: Compare and contrast the mechanisms of action",Apply
Describe the diverse work roles for nutrition practice and the professional attitudes and behaviours required to meet workplace expectations.,Understand,"Remember

Learning Outcome: Compare and contrast the nutritional needs of",Remember
"Use negotiation, teamwork and conflict resolution skills to promote best practice.",Apply,"Apply

Apply",Apply
Become able to participate confidently in case discussions;,Apply,"Understand

Learning Outcome: Solve a complex mathematical problem using calculus",Understand
Evaluate and assess the key technological issues confronting developers when building applications of this type;,Create,"Evaluate
Evaluate",Evaluate
Explain the central problem faced by any perceptual system and be able to use this as a framework to think about the evolution of perceptual principles and current theories of perception,Understand,Understand,Understand
Apply the basic concepts of graph theory.,Apply,"Apply

Learning Outcome: Compare and contrast two different sorting algorithms",Apply
"Explain and apply the concepts of the ""object-oriented"" style of programming.",Understand,"Understand

Learning Outcome: Compare and contrast the performance of different",Understand
Develop skills in theoretical and computational physics that are integral to the study of contemporary physics.,Apply,"Create

Learning Outcome: Compare and contrast the principles of quantum",Create
Identify and explain key concepts of globalisation;,Remember,"Understand

Learning Outcome: Develop a plan to mitigate the negative",Understand
"locate and recognise, contextualise, analyse, critique and formulate hypotheses about, a range of long eighteenth-century texts;",Evaluate,"Analyze

Learning Outcome: create a detailed project plan for",Create
Analyse relevant case studies on topics provided or chosen for assessment;,Analyze,"Analyze
```Analyze```",Analyze
"Identify, evaluate and describe the relative contributions of natural and human processes to changes in the Earth's lithosphere, pedosphere, biosphere, cryosphere, atmosphere, and hydrosphere and describe the implications for ecosystem productivity.",Remember,"Analyze

Evaluate the effectiveness of different types of renewable energy",Evaluate
"Understand the major concepts of international relations, including: the international system, balance of power, hegemony, conflict, human rights, cooperation, interdependence, global economy, dependence, regimes, equality, and justice;",Understand,Understand,Understand
Develop reflective practices in order to identify strength and weaknesses in practice.,Analyze,"Evaluate

Learning Outcome: Compare and contrast two different types of",Evaluate
Perform numerical calculations based on experimental or theoretical data,Apply,Apply,Apply
Implement sound clinical decisions that are cognisant of the impact of social and cultural factors on the health of individuals and communities,Apply,"Apply

Learning Outcome: Compare and contrast the effectiveness of different",Apply
Develop effective lesson plans and teaching strategies tailored to students of various ages and learning characteristics;,Create,"Create
```Create
```",Create
Conduct independent research into relevant domestic and international materials on contemporary torts law issues,Apply,"Analyze

Learning Outcome: Compare and contrast the legal systems",Analyze
Describe and evaluate the role of the forensic anthropology in the analysis and interpretation of skeletal pathology and trauma.,Evaluate,"Evaluate

Evaluate",Evaluate
"Critically evaluate environmental health research evidence and explain the limitations, relevance and application of the evidence to specific situations.",Evaluate,"Evaluate

Evaluate",Evaluate
"discuss, apply, calculate and explain the detailed requirements relating to various IFRS topics, including recognition, measurement, disclosure and presentation of these topics: provisions, contingent liabilities and contingent assets; revenue recognition; income taxes (including deferred tax); leases, non-current assets held for sale and discontinued operations; the effects of changes in foreign exchange rates and hedging; employee benefits; share-based payments; financial instruments; and earnings per share",Apply,"Apply

Learning Outcome: evaluate the effectiveness of different accounting methods",Evaluate
"Analyse different narrative genres, devices and techniques;",Analyze,"Analyze

Learning Outcome: Compare and contrast two different programming",Analyze
formulate and implement strategies for SMEs and multinational organisations in a global setting,Apply,"Apply

Learning Outcome: assess the impact of different marketing strategies",Apply
Knowledge of the fundamental limits of communication in noisy band limited channels,Remember,"Remember

Learning Outcome: Compare and contrast different channel coding techniques",Remember
"Predict solution behaviour, including vapour pressure, conductivity, and colligative properties;",Evaluate,"Apply

Learning Outcome: Compare and contrast the principles of quantum",Apply
"Comprehensively understand, explain and demonstrate competence in administering and applying a range of positive psychological tools and techniques.",Apply,"Understand

Learning Outcome: Solve a complex mathematical problem using advanced",Understand
demonstrate analytical skills through written and oral communication.,Apply,"Analyze

Learning Outcome: compare and contrast two different programming",Analyze
"Identity the significance of the workplace of your choice in terms of its organisational structure, goals and philosophy in relation to your field(s) of study;",Remember,"Understand

Learning Outcome: Calculate the probability of an event occurring",Understand
Critically analyse the principles of forensic science generally and its scope.,Analyze,"Analyze

Learning Outcome: Summarize the key points",Analyze
"Identify the role of psychological science in shaping  the understanding of human behaviour, cognition, and emotion in work organizations.",Remember,"Understand

Learning Outcome: Develop a research proposal that investigates the",Understand
Describe the necessary conditions for life and how species evolve,Understand,"Understand

Learning Outcome: Calculate the probability of a specific event",Understand
"Discuss recent trends within your health profession with particular reference to simulation, interprofessional and co-designing education with health care consumers.",Understand,"Understand

Learning Outcome: Calculate the area under the curve for",Understand
"Develop professional competence in written, verbal and graphic communication skills;",Create,"Create
Create

Learning Outcome: Compare and contrast two different",Create
"Describe the normal function, regulation and anatomy of the immune system and how it provides defence against microorganisms;",Understand,"Remember

Learning Outcome: Compare and contrast the adaptive and innate",Remember
develop evidence-based arguments that engage with and evaluate relevant research.,Create,"Evaluate

Evaluate",Evaluate
"Critique works of design, and articulate these analyses in both spoken and written form;",Evaluate,"Evaluate

Evaluate",Evaluate
Understand and apply the rules of occupational health and safety appropriate to the unit.,Apply,"Understand

Learning Outcome: Develop a plan to improve workplace safety",Understand
Construct basic computer codes for data analysis and scientific modelling;,Create,"Apply

Learning Outcome: Compare and contrast the advantages and disadvantages",Apply
"Strategically respond to complex problems and develop appropriate planning responses, processes and outcomes;",Create,"Analyze

Learning Outcome: Compare and contrast two different machine",Analyze
"Describe the principles behind the common experimental designs and be able to implement, analyse and interpret data from a variety of randomised designs.",Understand,"Apply

Learning Outcome: Compare and contrast the strengths and weaknesses",Apply
Gain an advanced knowledge of local human services systems,Understand,"Understand

Learning Outcome: Calculate the area of a circle using",Understand
critically analyse how market failures contribute to environmental problems,Analyze,"Analyze

Learning Outcome: compare and contrast the economic theories",Analyze
Define the term Nuclear Overhauser Enhancement (NOE) and account for the observation of NOEs in one-dimensional and two-dimensional NMR spectra of both small and large molecules.Themeslabel Pharmaceutical Science,Understand,"Remember

Now classify this:

Learning Outcome: Compare and contrast",Remember
Elicit and record an accurate clinical history appropriate for the patient and the clinical contextThemeslabel Theme IV,Apply,"Apply

Learning Outcome: Compare and contrast the effectiveness of different",Apply
"Critically evaluate the standard paramedic clinical approach to the assessment and care of patients in the community, hospital or other related health setting;",Evaluate,"Evaluate

Evaluate",Evaluate
Interpret complex mathematical results and communicate them in written form.,Evaluate,"Analyze

Learning Outcome: Assess the effectiveness of different machine",Analyze
Present a mathematical argument in written form;,Create,"Apply

Learning Outcome: Compare and contrast two different algorithms for",Apply
Communicate and explain the key concepts and conclusions from translational bioinformatics research literature.,Create,"Understand

Learning Outcome: Develop a new algorithm for predicting gene",Understand
"Apply best-practice industry knowledge relating to developing and accessing resources, applying for and maximising vocational opportunities, and maintaining professional standards",Apply,"Apply

Learning Outcome: Evaluate the effectiveness of different project management",Evaluate
use a range of conventions for writing down sounds and words;,Apply,"Apply

Learning Outcome: compare and contrast the features of two",Apply
Work effectively in groups to carry out lab experiment.,Apply,"Apply

Learning Outcome: Compare and contrast two different algorithms for",Apply
Analyse experimental data using curve-fitting methods and appropriate statistical analysis. Themeslabel Pharmaceutical Science,Analyze,"Analyze

Learning Outcome: Develop a new drug delivery system",Analyze
Review risk assessment tools and prevention strategies for use in the development of a pressure injury prevention plan.,Analyze,"Analyze

Learning Outcome: Compare and contrast two different types",Analyze
Solve a complex and outstanding problem or problems in the chosen area for original research.,Apply,Create,Create
conduct a planned study and manage any practical problems that might arise in the course of data collection,Apply,"Apply

Learning Outcome: Compare and contrast two different machine learning",Apply
"Discuss professional responsibility, occupational health & safety and ethical conduct.",Understand,"Understand

Learning Outcome: Calculate the area of a circle given",Understand
Reflect critically on a specific aspect of their personal practice in performance using a chosen framework.,Analyze,"Evaluate

Evaluate",Evaluate
Critically review the scientific literature in their discipline;,Analyze,"Evaluate
Evaluate",Evaluate
"Determine the need for a critical understanding of the gender, sex and crime in historical and current social perspectives;",Apply,"Analyze

Learning Outcome: Calculate the area of a circle",Analyze
"Design solutions to real-life problems in finance and related areas based on financial thinking, modelling techniques and mathematical and statistical skills acquired throughout the programme.",Create,"Create

Learning Outcome: Compare and contrast different types of financial",Create
Synthesize and critique new discoveries from the scientific literature in genomics.,Evaluate,"Evaluate

Learning Outcome: Calculate the area under the curve for",Evaluate
Evaluate the key debates regarding the origins and impacts of social movements,Evaluate,"Evaluate

Evaluate",Evaluate
"Distinguish between the law, legislation and legal processes which shape the delivery of contemporary social work practice.",Analyze,"Analyze

Learning Outcome: Summarize the key principles",Analyze
Record live audio to a digital audio workstation and analogue tape;,Create,"Apply
```Apply```",Apply
Critically analyse risks and adverse events associated with client assessments and interventions.,Analyze,"Analyze

Learning Outcome: Summarize the key points",Analyze
Locate and evaluate evidence that informs paramedic management used to care for patients with respiratory conditions.,Evaluate,"Evaluate

Evaluate",Evaluate
Communicate mathematical ideas and work in teams as appropriate for the discipline of mathematics.,Create,"Apply

Learning Outcome: Solve a complex mathematical problem using multiple",Apply
Demonstrate communication skills including the execution of detailed-scaled models or prototypes for presentation purposes;,Apply,"Apply

Learning Outcome: Assess the effectiveness of different machine learning",Apply
Identify and evaluate relevant programs and community resources available to patients and their families,Understand,"Evaluate

Learning Outcome: Calculate the area of a circle given",Evaluate
"To explore how language, history, tradition, material culture, spirituality, kinship, emotion and politics are all ways in which people negotiate a relationship with the environment",Analyze,"Analyze

Learning Outcome: To understand the principles of quantum",Analyze
Use the knowledge and ideas developed in applications to other areas of mathematics and the sciences.,Apply,"Apply

Learning Outcome: Compare and contrast the effectiveness of different",Apply
"identify and analyse the form and nature of documents used in international trade including contracts of sale, shipping documentation, invoices, insurance policies, bills of exchange, documentary collections and letter of credits.",Analyze,"Analyze

Learning Outcome: compare and contrast different types of",Analyze
relate the concepts of finance to other commercial disciplines.,Apply,"Understand

Learning Outcome: Calculate the future value of an investment",Understand
"Describe, analyse and apply basic knowledge representation and reasoning mechanisms;",Apply,"Apply

Learning Outcome: Compare and contrast different machine learning algorithms",Apply
"An understanding of, and respect for, safety requirements.",Understand,"Understand

Learning Outcome: Calculate the area of a circle given",Understand
Recognise and evaluate the role of cultural and social contexts in the formulation of political ideas.,Evaluate,"Evaluate

Evaluate",Evaluate
write a scholarly or professional industry report.,Create,"Create

Learning Outcome: compare and contrast two different machine learning",Create
show a deep and critical understanding of the relationship between theory and practice,Apply,"Understand

Learning Outcome: Construct a detailed project plan for implementing",Understand
Identify and apply the principles of educational assessment in professional healthcare teaching;,Apply,"Apply

Learning Outcome: Compare and contrast the effectiveness of different",Apply
synthesise and apply knowledge to your own professional practice and research scholarship in mathematics education and leadership,Apply,"Create

Learning Outcome: compare and contrast different mathematical models used",Create
understand and recognise the various processes involved in investment decision making,Understand,"Understand

Learning Outcome: Calculate the future value of an investment",Understand
"interpret business data using descriptive statistics techniques, including the use of spreadsheet functions",Evaluate,"Apply

Learning Outcome: Compare and contrast different types of machine",Apply
Critically analyse the benefits and drawbacks of health system responses to family violence and consider pathways for improvement.,Analyze,"Analyze

Learning Outcome: Summarize the key points",Analyze
"Describe and explain what magic, ritual and spiritual beliefs mean to people in the modern world;",Understand,"Understand

Learning Outcome: Calculate the area of a triangle using",Understand
"Demonstrate an understanding of sound, performance and video practices in relation to your creative intervention;",Understand,"Understand

Learning Outcome: Construct a detailed plan for implementing a",Understand
"Explain the chemistry and pharmacological mechanism of action of drugs used in treatment of respiratory and gastrointestinal conditions, upper respiratory conditions, asthma, chronic obstructive pulmonary disease, gastro-oesophageal reflux disease and irritable bowel syndrome and predict how this leads to the treatment of disease and possible side effects.",Understand,"Understand

Learning Outcome: Develop a new drug that targets a",Understand
Do indexing for different media;,Apply,"Apply

Learning Outcome: Compare and contrast two different types of",Apply
"Describe a range of clinical indications, patient presentations, patient preparation and positioning methods for MRI studies of the extremities",Understand,"Remember

Learning Outcome: Compare and contrast the advantages and disadvantages",Remember
Give a basic overview of research methodology and statistical analysis.,Create,"Remember

Learning Outcome: Compare and contrast two different machine learning",Remember
Familiarity with the conceptual frameworks and practical tools to apply sustainability in an organisational setting. Students will share in a participative and collaborative learning environment. Corporate case studies and business speakers will enhance the 'real-world' relevance of the subject material.,Apply,"Understand
Apply
Understand
Apply
Understand",Apply
"Discuss and critique the role of occupational therapists in population-level service planning, delivery, and evaluation;",Understand,"Evaluate
Evaluate",Evaluate
Identify and discuss the diverse forms of human mobility in the contemporary world;,Understand,"Understand

Learning Outcome: Calculate the area of a triangle using",Understand
"Identify, describe and justify the selection of protocols, imaging parameters, equipment and transducers for sonographic examinations of the upper abdomen;",Remember,"Analyze
You are wrong. The correct classification should be",Analyze
Demonstrate a basic ability to use the command-line programming platform R to display phylogenetic trees and the use of phylogenetic information to analyse the evolution of traits and the formation of plant communities;,Apply,"Apply
Apply",Apply
"Defend their chosen direction in the project against informed criticism, through the synthesis of complex theories, concepts, and design strategies;",Evaluate,"Evaluate
Evaluate",Evaluate
Identify the common situations when the soil becomes a factor in an engineering problem,Remember,"Remember

Learning Outcome: Compare and contrast the properties of different",Remember
Generate appropriate evidence of ability to use the advancing practice competencies embedded in the National Competency Standards Framework for Pharmacists in Australia to successfully complete the full cycle of Continuing Professional Development (CPD).,Create,"Apply

Learning Outcome: Compare and contrast the effectiveness of different",Apply
"identify and critically examine concrete and digital resources that support mathematics learning and teaching in the early years of schooling, with reference to the mathematics research literature and contemporary policy advice.",Understand,"Analyze

Learning Outcome: compare and contrast different methods of",Analyze
identify and map the relationships between a business and its stakeholders,Understand,"Remember

Learning Outcome: compare and contrast the impact of different",Remember
Generate an asset management system that covers both mobile and fixed plant that reduces maintenance requirements and optimises lifecycle performance.,Create,"Create

Learning Outcome: Calculate the depreciation of an asset using",Create
Review and critically evaluate the literature of development studies in education and education for sustainable development,Analyze,"Evaluate

Evaluate",Evaluate
Critically appraise a range of youth-focused AOD treatment services and key elements of youth-focused service delivery,Evaluate,"Evaluate

Learning Outcome: Calculate the mean, median, and",Evaluate
understand the relevant quantitative techniques used in marketing research,Understand,Understand,Understand
Communicate results in a written report;,Create,"Apply
Apply",Apply
develop and demonstrate an entrepreneurial mindset,Apply,"Create

Learning Outcome: compare and contrast two different business models",Create
"Apply knowledge of the digestive tract, genetics, and dietary factors to explain the nature and occurrence of colorectal cancer;",Apply,"Apply
```Apply```",Apply
apply economic analysis appropriate to achieving an understanding of the working of the macroeconomy,Apply,"Apply

Now classify this:

Learning Outcome: assess the impact",Apply
"Analyse the biological effects of ultrasound and ionising radiation, radio-sensitivity of specific organ systems and describe the relevant theories of radiation damage and repair mechanisms.",Analyze,"Analyze

Learning Outcome: Compare and contrast the effectiveness of",Analyze
understand the main economic drivers for a variety of non-renewable and renewable energy sources.,Understand,Understand,Understand
Use 3D imaging software to create environments and objects;,Apply,"Apply
```Apply```",Apply
"Synthesise strategies of observation, analysis, experimentation and critique within a developmental process where deemed appropriate to respond to various assigned presentation contexts;",Evaluate,"Create

Learning Outcome: Compare and contrast two different types of",Create
Design concrete mixes for various applications.,Create,"Create

Learning Outcome: Calculate the strength of concrete based on",Create
"Critique, reflect and respond to aesthetic, functional, sustainable and programmatic aspects in the development of a design proposal;",Evaluate,"Evaluate
Evaluate",Evaluate
"Develop and demonstrate an explicit understanding of and competence in the theory, research methodology, practices and written and oral discourses of an area of French studies;",Understand,"Understand

Learning Outcome: Solve a complex mathematical problem using calculus",Understand
They should have also developed an acute awareness of the formative historical forces which contributed to the development of psychoanalysis in the late 19th and 20th century,Understand,"Understand

Learning Outcome: They should be able to apply the",Apply
Analyse a 3 phase AC network.,Analyze,"Analyze

Learning Outcome: Compare and contrast two different types",Analyze
understand basic microeconomic concepts and their application to the health sector,Understand,Understand,Understand
Outline how to manage regulatory documents.,Apply,"Remember

Learning Outcome: Compare and contrast two different machine learning",Remember
Critically evaluate evidence-based practice to assess and manage patients in a shock state in specialist nursing practice.,Evaluate,"Evaluate

Evaluate",Evaluate
Understand the central philosophical tenets of traditional Indian systems;,Understand,"Understand

Learning Outcome: Calculate the area of a circle using",Understand
"identify and explore macro contexts encountered in global business, including the political-legal, economic, socio-cultural, technological and environmental",Remember,"Remember

Learning Outcome: Compare and contrast the impact of different",Remember
Demonstrate an understanding of the purpose of providing timely and appropriate feedback and reporting to students and parents using accurate and reliable records of student achievement.,Understand,"Understand

Learning Outcome: Calculate the mean, median, and",Understand
understand asset and liability management of a financial institution,Understand,Understand,Understand
"enhance your ability to report, interpret and communicate accounting advice and ideas through written and oral presentation",Evaluate,"Apply

Learning Outcome: Compare and contrast the principles of Generally",Apply
Perform general radiographic examinations of adult patients at the level of competent student radiographer.,Analyze,"Apply

Perform general radiographic examinations of adult patients at the",Apply
provide meaningful feedback and assess learning through a range of authentic assessment opportunities,Evaluate,"Evaluate

Evaluate",Evaluate
critically analyse evidence of the impact of your teaching practice on the learning outcomes of the learners you teach,Analyze,"Analyze

Learning Outcome: Summarize the key points",Analyze
"Communicate research findings, orally and in writing, in research settings;",Create,"Apply
Apply",Apply
"Integrate knowledge and skills to effectively assess patient needs, including selection of relevant measures of health indicators and outcomes;",Create,"Apply

Learning Outcome: Compare and contrast various statistical methods for",Apply
"Demonstrate your capacity to incorporate Aboriginal and Torres Strait Islander/First People's histories, cultures and languages into sport and games delivery",Apply,"Apply

Learning Outcome: Compare and contrast the cultural significance of",Apply
"Produce a thesis that displays competence in understanding and carrying out research in the field of psychology, but with less emphasis on comprehensive knowledge and originality as required in a PhD",Create,"Create

Learning Outcome: Compare and contrast two different psychological theories",Create
"Identify, describe and critically reflect upon legal and ethical issues and dilemmas;",Remember,"Evaluate
Evaluate",Evaluate
Create and organise multimedia resources;,Create,"Create
Create",Create
Apply evidence-based practice in patient care.,Apply,"Apply

Learning Outcome: Compare and contrast two different statistical methods",Apply
Critically analyse and evaluate the experiential implications of design solutions;,Analyze,"Analyze

Learning Outcome: Construct a detailed project plan for",Analyze
Effectively communicate (orally and written) aspects of how medicines work,Understand,"Understand

Learning Outcome: Solve a complex mathematical problem using calculus",Understand
"apply critical thinking, problem solving and presentation skills to individual and/or group activities dealing with financial technology for financial institutions or business enterprises and demonstrate in an individual summative assessment task the acquisition of a comprehensive understanding of the topics covered in BFF5370.",Apply,"Apply
Apply
Evaluate
Create

Create

Choose one",Create
Demonstrate the ability to acquire information using Korean for other disciplines they are studying,Apply,"Apply

Learning Outcome: Compare and contrast the effectiveness of different",Apply
Analyse and evaluate urban and metropolitan economies,Analyze,"Analyze

Learning Outcome: Summarize the key points",Analyze
"Identify socio-cultural concepts and issues in curatorial studies, including the ethical responsibilities of the profession.",Understand,"Remember

Learning Outcome: Compare and contrast different curatorial approaches",Remember
"understand career concepts and theories and their application to individuals, focusing on self-assessment, exploring opportunities, decision making and managing transitions;",Understand,Understand,Understand
Apply community shadowing technique to understand stakeholder roles and challenges in local conservation project,Apply,"Apply

Learning Outcome: Assess the effectiveness of different conservation strategies",Apply
Describe the impact of public health policy and the essential roles of systems on the delivery of health care to the individual across a range of contextsThemeslabel Theme II,Understand,"Remember

Learning Outcome: Compare and contrast the effectiveness of different",Remember
"Define and calculate thermodynamic properties, explain laws of thermodynamics and concepts of state functions, and relate thermodynamic concepts to the design and function of pharmaceutical products.",Apply,"Remember

Learning Outcome: Compare and contrast different thermodynamic models",Remember
Critically analyse evidence of the impact of your teaching practice on the learning outcomes of the students you teach,Analyze,"Analyze

Learning Outcome: Develop a lesson plan that incorporates",Analyze
develop a conceptual hydrological model,Create,"Create

Learning Outcome: compare and contrast two different types of",Create
"Accept responsibility for and manage, implement and evaluate their personal and professional development and show a commitment to life-long learning.",Evaluate,"Evaluate

Learning Outcome: Solve a complex problem by applying mathematical",Evaluate
Apply the coordinate transformation method for matrix structural analysis.,Apply,"Apply

Apply",Apply
Discuss and critically evaluate the relevance of these concepts to core issues in contemporary biomedical practice;,Understand,"Evaluate
Evaluate",Evaluate
Apply the operational principles of aviation medicine.,Apply,"Apply

Learning Outcome: Compare and contrast the effects of altitude",Apply
Identify and distinguish between different disease mechanisms that cause tissue damage in major organ systems and examine how drugs may interrupt these pathological pathways;,Understand,"Analyze

Learning Outcome: Compare and contrast the effectiveness of",Analyze
"Develop a brief; analyse client and user requirements; research and resolve technical requirements; specify materials, finishes; and construction concepts;",Create,"Create
```Create
```",Create
develop capabilities to work effectively in a group to produce professional quality research reports; effective individual technical skills to construct consolidated financial statements; and demonstrate in individual summative assessment tasks the acquisition of a comprehensive understanding of the topics covered by the unit.,Create,"Create

Learning Outcome: analyze the impact of different economic policies",Create
conduct statistical inference in statistical models with a binary dependent variable (LOGIT and PROBIT models),Analyze,"Apply

Learning Outcome: Compare and contrast the assumptions of LOG",Apply
"Apply knowledge in basic neurosciences in psychiatry (neuroanatomy, neurophysiology, neurochemistry, genetics and inheritance) to understand psychiatric disorders in clinical practice.",Apply,"Apply

Learning Outcome: Compare and contrast the effectiveness of different",Apply
use real-life business scenarios to critically appraise compliance expectations and evaluate emerging regulatory risks and trends.,Evaluate,"Evaluate

Evaluate",Evaluate
Describe and assess the role of advanced technology in addressing transport problems.,Understand,"Evaluate

Evaluate",Evaluate
Explore possible ways of working with parents as relevant to their particular needs and those of their child/children,Analyze,"Analyze

Explore possible ways of working with parents as relevant",Analyze
"Apply, analyse and critique a professional approach towards the development of web-database applications.",Apply,"Apply

Now classify this:

Learning Outcome: Develop a new",Apply
"Investigate, identify and synthesise information relevant to the principles, processes andchallenges of administering human rights law in a range of judicial contexts and generateappropriate and persuasive responses to the problems derived from these investigations.",Remember,"Analyze

Learning Outcome: Assess the effectiveness of different legal",Analyze
Produce the life cycle block diagram of a product and determine the main environmental impacts of the life cycle,Create,"Create

Learning Outcome: Compare and contrast the advantages and disadvantages",Create
compare the philosophical basis and therapeutic effectiveness of CBT with an alternative evidence-based therapy,Analyze,Analyze,Analyze
Describe the diverse structures of eukaryotic cells;,Understand,"Remember
You are wrong. The correct classification is Understand.",Understand
Analyse 3D flow over a wing using a vortex-lattice method.,Analyze,"Analyze

Learning Outcome: Develop a new algorithm for image",Analyze
Synthesise and critique new discoveries from the scientific literature in genomics;,Evaluate,"Evaluate

Learning Outcome: Calculate the area under the curve for",Evaluate
"Identify, observe key ethical and legal obligations associated with radio and video journalism, and reflect critically on their own and others' performance in this regard;",Remember,"Analyze

Evaluate

Evaluate

Evaluate

Evaluate

Evaluate",Evaluate
"Review and articulate the ethical framework that governs the conduct of science, in particular in regards to academic and research integrity.",Analyze,"Understand

Learning Outcome: Develop a novel algorithm for data compression",Understand
Judge the need to manage the road system and critique the role of advanced technology in addressing broader transportation issues and challenges,Evaluate,"Evaluate

Evaluate",Evaluate
"Research and integrate advanced interactive system design concepts, approaches, theories and principles to your own design practice;",Create,"Apply

Learning Outcome: Assess the effectiveness of different machine learning",Apply
"Use cognitive, technical and creative skills to apply legal principles to specific problems arising from our understanding of the principles of judgment and decision-making.",Apply,"Apply

Learning Outcome: Compare and contrast different types of legal",Apply
A broad appreciation of the psychological and socio-cultural mechanisms underpinning understandings of the self and interactions with others.,Understand,"Understand

Learning Outcome: Calculate the probability of an event using",Understand
Report to and advise management on business process design and re-engineering issues.,Evaluate,"Apply

Learning Outcome: Compare and contrast various business process modeling",Apply
"Evaluate issues relating to sexual assault medical service provision, considering theory, models and practice;",Evaluate,"Evaluate

Evaluate",Evaluate
"Undertake a research analysis of an important aspect of European integration or a major policy area, utilising primary and secondary-source materials with written feedback.",Apply,"Analyze

Learning Outcome: Assess the effectiveness of different economic",Analyze
"Develop an intermediate level of understanding of various forms of political, social and religious thought and activism;",Understand,"Understand

Learning Outcome: Solve a complex mathematical problem using calculus",Understand
"critically evaluate the opportunities and challenges of the integration of China with the global economy on trade, investment, and international cooperation",Evaluate,"Evaluate

Evaluate",Evaluate
formally analyse trade-offs in decision-making for policy challenges;,Analyze,"Analyze

Learning Outcome: compare and contrast two different approaches",Analyze
"Debate and/or defend your outcomes in an informed critical appraisal; demonstrating a high level understanding and analysis of complex theories, concepts, and design strategies;",Evaluate,"Evaluate
Evaluate",Evaluate
Demonstrate an understanding of the ways in which science responds to technological and social change,Understand,"Understand

Learning Outcome: Solve a complex mathematical problem using calculus",Understand
Evaluate facial trauma giving consideration to the bio-mechanics of the bones of the facial skeleton.,Evaluate,"Evaluate

Evaluate",Evaluate
Apply sophisticated combinatorial optimisation and integer programming methods to a variety of practical optimisation problems.,Apply,"Apply

Learning Outcome: Compare and contrast different types of neural",Apply
"Understand web page construction and principles, file and site management, and web design for accessibility and usability;",Understand,Understand,Understand
"Describe the underlying physical principles of optical subsystems, and apply thisunderstanding to predict and quantify the effect on optical fibre communication systemperformance.",Understand,"Apply

Learning Outcome: Compare and contrast the performance of different",Apply
Appreciate the occurrence of gases and particulate matter in confined spaces and select appropriate control strategies.,Understand,"Understand

Learning Outcome: Calculate the concentration of a solution using",Understand
"Describe the signs and symptoms, and diagnostic methods relevant to endocrine and renal conditions",Apply,"Remember

Learning Outcome: Compare and contrast the effects of different",Remember
Design and manage a focused research project;,Evaluate,"Create

Learning Outcome: Compare and contrast two different machine learning",Create
"discuss the new ways of thinking about literature, the rational and the irrational, history and philosophy, civilisation and nature, that are articulated by authors on the syllabus;",Understand,"Understand

Learning Outcome: Solve a complex mathematical problem using calculus",Understand
understand the role of government and the market as allocators of resources and engines of development,Understand,Understand,Understand
"Formulate, review and defend a business case",Create,"Evaluate

Evaluate",Evaluate
Use sophisticated mathematical techniques in the analysis of mathematical models in biology.,Apply,"Apply

Learning Outcome: Compare and contrast the effectiveness of different",Apply
Demonstrate proficiency in oral advocacy practical skills associated with international court of justice;,Apply,"Apply

Learning Outcome: Compare and contrast the legal systems of",Apply
"Understand and evaluate contemporary theoretical concepts of exceptionality and inclusion in light of related research, and the context of legal, ethical, and systemic factors across a range of systems",Understand,"Understand

Learning Outcome: Critique the effectiveness of different teaching",Understand
Compare and contrast various models and frameworks of health and describe the value of these.,Evaluate,"Analyze

Evaluate the following statement: ""The effectiveness of",Evaluate
Appreciate the historical interplay between mathematics and attempts to understand the physical world;,Understand,"Understand
```Understand```",Understand
"synthesize and apply knowledge of theory, models and strategies applicable to the field of educational technology",Apply,"Create

Learning Outcome: assess the effectiveness of different teaching methods",Create
Identify the behavioural consequences of brain dysfunction resulting from neurodegenerative disease and neurodevelopmental disorders.,Remember,"Understand

Learning Outcome: Calculate the probability of a patient having",Understand
To understand the importance of instrumentation in modern manufacturing systems and industrial processes.,Understand,"Understand

Learning Outcome: To apply the principles of thermodynamics",Apply
"Use peripheral devices (ie. scanners, printers) to acquire, compose and output images;",Apply,"Apply
Apply",Apply
Understand language and literacy development in and beyond formal education institutions and workplaces,Understand,Understand,Understand
"demonstrate accounting knowledge in areas such as company operations, taxation, property, plant and equipment (acquisition and impairment), and group accounting",Understand,"Remember

Learning Outcome: Compare and contrast different inventory costing methods",Remember
Recognise the patient with acute pain and correlate their condition to the underlying pathophysiology.,Remember,"Remember

Learning Outcome: Interpret the results of a clinical trial",Remember
"Critique the various constructions of masculinity with their attendant (de)valorisations in Asia, Africa and the United States;",Evaluate,"Evaluate

Learning Outcome: Compare and contrast the economic policies of",Evaluate
List and describe requirements for growth and replication of these microorganisms as well as methods for controlling bacterial and viral growth.,Understand,"Remember

Learning Outcome: Compare and contrast the growth patterns of",Remember
"demonstrate an understanding of the content and structure of the Australian/Victorian Curriculum: HPE, and use it to plan for learning and assessment",Understand,"Understand

Learning Outcome: Evaluate the effectiveness of different teaching strategies",Evaluate
"Identify a range of theoretical perspectives on classroom practice, and critically examine these in light of your own developing practice",Analyze,"Analyze

Learning Outcome: Summarize the key points",Analyze
Distinguish and classify different cloud types;,Analyze,"Analyze

Learning Outcome: Calculate the area under the curve",Analyze
Determine the transfer of energy in ideal engineering devices using the First Law of Thermodynamics.,Apply,"Apply

Learning Outcome: Compare and contrast the efficiency of different",Apply
Describe the current platform and ecosystem landscape in the mobile application space.,Understand,"Remember

Learning Outcome: Compare and contrast two different mobile app",Remember
"compare and contrast discrimination, generalisation, and maintenance",Evaluate,"Analyze

Learning Outcome: Calculate the mean squared error of",Analyze
Write and present scientific work in a potentially publishable way;,Create,"Create
Create",Create
"Perform operations with two and three-dimensional vectors, interpret them geometrically, calculate dot products, find vector resolutes, and apply them to motion of a particle.",Apply,"Apply

Perform operations with two and three-dimensional vectors, interpret",Apply
Demonstrate the ability to think creatively and communicate effectively in professional formats that are appropriate for trial practice;,Create,"Create

Learning Outcome: Compare and contrast the effectiveness of different",Create
"Conduct critical enquiry relevant to an identified issue, and analyse and evaluate findings;",Apply,"Analyze

Learning Outcome: Summarize the key points",Analyze
conduct meaningful statistical inferences on multiple linear regression models,Analyze,Analyze,Analyze
"Design and justify implementations of cutting-edge sensing technology considering technical, user and commercial requirements and limitations.",Evaluate,"Create

Learning Outcome: Compare and contrast the performance of different",Create
explain in detail the elements of integrated supply chain management,Understand,Understand,Understand
Conduct research and present original work in relation to legal language and communication based on knowledge of appropriate research principles,Apply,"Create

Learning Outcome: Compare and contrast two different legal theories",Create
"Apply knowledge of pathophysiology associated with conditions of the cardiac, respiratory, respiratory, musculoskeletal, renal and endocrine system to the safe delivery of patient-centred nursing care.",Apply,"Apply

Learning Outcome: Compare and contrast the pathophysiology",Apply
"Communicate scientific findings and their implications, via presentations and written reports.",Create,"Apply

Learning Outcome: Compare and contrast the strengths and weaknesses",Apply
"Demonstrate achievement of the advanced knowledge, skills and attitudes required of a Nurse Practitioner",Understand,"Apply

Learning Outcome: Compare and contrast the effectiveness of different",Apply
"Discuss the role of different microorganisms in air, water environments, and soils, predicting the effects of changes in environmental parameters;",Understand,"Understand

Learning Outcome: Develop a hypothesis about the impact of",Understand
"demonstrate a critical understanding of contemporary trends in, and approaches to, social education teaching in Australia and internationally",Understand,"Understand

Learning Outcome: Develop a lesson plan that incorporates technology",Understand
"Relate the principles and applications of material science in food product design, development and packaging.",Apply,"Understand

Learning Outcome: Develop a new material for sustainable food",Understand
effectively design social education lessons that integrate information and communication technologies (ICT),Create,"Create

Learning Outcome: compare and contrast the benefits and drawbacks",Create
understand the theoretical basis of creativity and arts-rich practice in primary educationalcontexts,Understand,Understand,Understand
An understanding of leading-edge thinking and practice in the highly dynamic field of corporate sustainability management.,Understand,"Understand

Learning Outcome: Develop a comprehensive report on the environmental",Understand
Employ tools to assist in making robust management decisions and assess their strengths and weaknesses;,Apply,"Apply

Learning Outcome: Compare and contrast the effectiveness of different",Apply
demonstrate in an individual summative assessment task the acquisition of a comprehensive understanding of the topics covered by BFC5914.,Understand,"Understand

Learning Outcome: Solve a complex optimization problem using linear",Understand
"Perform the design, characterization and preparation of materials for sustainable energy generation and storage system.",Create,"Apply

Learning Outcome: Compare and contrast the efficiency of different",Apply
"develop and present strategic responses to specific issues affecting businesses with due consideration to sustainable, responsible and ethical business practices",Create,"Create

Learning Outcome: compare and contrast the principles of supply",Create
understand the seminal classic and recent articles in marketing,Understand,"Understand

Learning Outcome: apply the principles of marketing to develop",Apply
Analyse some causes of intellectual disability.,Analyze,"Analyze

Learning Outcome: Compare and contrast two different types",Analyze
Demonstrate awareness of the wide diversity of furniture types;,Apply,"Remember

Learning Outcome: Compare and contrast the features of different",Remember
"critically evaluate the capacities, limitations and socio-professional implications of journalistic practices in audiovisual media.",Evaluate,"Evaluate

Evaluate",Evaluate
Be able to describe the keyaspects of each of thecognition domains from the development and/or ageingperspectives.,Understand,"Understand

Learning Outcome: Construct a detailed plan for implementing a",Understand
"Create a rigorous and feasible research proposal, including a protocol that includes data collection methods and participant recruitment procedures. ",Create,"Create

Learning Outcome: Compare and contrast two different machine learning",Create
Identify and describe common pericyclic reactions;,Understand,"Remember

Learning Outcome: Compare and contrast the mechanisms of different",Remember
"Explain in depth the normal maternal anatomical and physiological adaptations relevant to pregnancy, labour, birth and the puerperium;",Understand,"Understand

Learning Outcome: Calculate the expected due date based on",Understand
understand and implement relevant curriculum and pedagogy for learners in the post-compulsory Australian (Years 11 and 12) context and apply your knowledge of curriculum and pedagogy in the development of units of work appropriate for digital technology classes,Understand,"Apply

Learning Outcome: evaluate the effectiveness of different teaching strategies",Evaluate
Design a biopolymer product to achieve a required performance standard and formulate the most effective composition and process to achieve the required properties.,Create,Create,Create
"identify, evaluate and use different resources for teaching media studies across different year levels",Remember,"Evaluate

Learning Outcome: compare and contrast the themes of two",Evaluate
undertake sound research in health economics,Apply,"Apply

Learning Outcome: compare and contrast different economic theories",Apply
Conduct research in Indigenous rights based on knowledge of appropriate international law research principles and methods.,Apply,"Apply

Learning Outcome: Compare and contrast the legal systems of",Apply
"demonstrate your capacity to incorporate Aboriginal and Torres Strait Islander/First People's histories, cultures and languages into sport and games delivery",Apply,"Apply

Learning Outcome: assess the impact of climate change on",Apply
"Demonstrate an advanced level of competence and consolidation of all presentation skills: verbal, graphic and 3-dimensional;",Apply,"Apply

Learning Outcome: Compare and contrast the effectiveness of different",Apply
Evaluate methods to measure the health impact of chronic diseases,Evaluate,"Evaluate

Evaluate",Evaluate
Demonstrate a basic knowledge of some aspects of Japanese society and culture.,Understand,"Remember

Learning Outcome: Compare and contrast the economic systems of",Remember
Identify implications for public policy.,Remember,"Apply

Learning Outcome: Compare and contrast two different economic theories",Apply
Analyse and interpret NOE data to determine the conformation of small molecules,Analyze,Analyze,Analyze
Describe the role human factors have in unmanned aircraft systems.,Understand,"Remember

Learning Outcome: Compare and contrast the advantages and disadvantages",Remember
"Determine potential applications for genomic techniques in the areas of medical research, agriculture, biotechnology and environmental management;",Analyze,"Analyze

Learning Outcome: Compare and contrast the ethical considerations",Analyze
critically evaluate current theoretical and empirical research in corporate finance and governance,Evaluate,"Evaluate

Evaluate",Evaluate
explain the purpose of financial management and corporate finance,Understand,Understand,Understand
Determine how minimum standards for workers are set and enforced;,Apply,"Analyze
You are wrong. The correct classification is """,Analyze
Use published literature and formative research to identify determinants of population health needs that can be changed by health promotion action;,Apply,"Apply

Learning Outcome: Compare and contrast the effectiveness of different",Apply
Examine and compare feminist debates in Asian and global contexts;,Analyze,"Analyze
```Analyze```",Analyze
"Discuss and critique screening tests, technologies and interventions during pregnancy, labour, birth and after childbirth",Understand,"Evaluate

Learning Outcome: Calculate the area under the curve for",Evaluate
Find a Regular Grammar for a Regular Language;,Understand,"Apply

Learning Outcome: Compare and contrast two different sorting algorithms",Apply
"Research, reason and think critically.",Analyze,"Analyze

Evaluate the quality of a research paper. Label",Evaluate
Demonstrate technical skills appropriate to their area of study.,Apply,"Apply

Learning Outcome: Compare and contrast two different programming languages",Apply
Explain key ethical principles and identify potential ethical dilemmas and their possible solutions.,Remember,"Understand

Learning Outcome: Develop a plan to mitigate the identified",Understand
Apply principles of sustainable development to develop sustainable designs of products or processes,Apply,"Apply

Learning Outcome: Assess the impact of different types of",Apply
"critically reflect upon and evaluate a variety of health education pedagogies, disciplinary perspectives, programs, and models that seek to influence young people's health",Evaluate,"Evaluate

Evaluate",Evaluate
Critically review the literature relevant to the project.,Analyze,"Evaluate

Evaluate",Evaluate
Describe the role of assessment in influencing student learning behaviour and the learning process;,Understand,"Understand

Learning Outcome: Calculate the mean squared error of a",Understand
"use your developing curriculum, assessment and reporting knowledge to design learning sequences and lesson plans in science",Apply,"Create

Learning Outcome: compare and contrast the effects of different",Create
Design pile foundations for complex loads and ground conditions based on limit state andserviceability requirements.,Create,"Create

Learning Outcome: Calculate the moment of inertia for a",Create
research and source radio and television content for broadcast purposes;,Create,"Apply
You are wrong. The task of researching and sourcing",Apply
Understand key principles underlying neuropsychological assessment and formulation,Understand,Understand,Understand
"Analyse the role of mutual aid and peer empowerment in the recovery movement and offer a critical analysis of the evidence for mutual aid groups, in particular 12-step groups.",Analyze,"Analyze

Learning Outcome: Compare and contrast the effectiveness of",Analyze
Appreciation of the relationship of transport/traffic engineering to the profession of civil engineering,Understand,"Understand

Learning Outcome: Calculate the expected value of a discrete",Understand
"Undertake research, investigate, analyse and synthesise complex issues of climate change from a range of primary and secondary materials;",Apply,"Analyze

Learning Outcome: Compose a persuasive essay on",Analyze
Create a project plan for a distinctive work incorporating instrumental/vocal strategies;,Create,"Create
Create",Create
Formulate and present a research plan;,Create,"Create
Create",Create
Apply technical solutions in a number of elements of performance through theoretical analysis and practical realisation;,Apply,"Apply

Learning Outcome: Assess the effectiveness of different machine learning",Apply
Understand current theories that explore the emergence of complex society in the Near East and how the Egyptian evidence might be interpreted in light of these theories.,Understand,"Understand

Learning Outcome: Calculate the probability of a specific event",Understand
apply relevant theories and methodologies to research problems in business law.,Apply,"Apply

Learning Outcome: assess the effectiveness of different legal strategies",Apply
To formulate an original project suitable for investigation within an undergraduate research essay (third years).,Create,"Create

Learning Outcome: To compare and contrast two different machine",Create
apply techniques such as fog computing with supervised and unsupervised machine learning to analyse IoT data,Apply,"Apply

Learning Outcome: assess the effectiveness of different clustering algorithms",Apply
"describe key chemical engineering principles, such as heat and material transfer, thermodynamics, fluid dynamics, (bio)chemical reactions engineering and process design/control",Understand,"Remember

Learning Outcome: Compare and contrast different methods of heat",Remember
Appraise advanced radiographic techniques and radiation protection strategies in professional practice.,Evaluate,"Evaluate

Learning Outcome: Calculate the area under the curve for",Evaluate
Construct in writing an evidence-based historical argument;,Create,"Create
Create",Create
"Apply good work habits with regard to your own ""art writing"" practice;",Apply,"Apply

Learning Outcome: Compare and contrast two different approaches to",Apply
"Distinguish between the range of data collection and analytic methods, so as to be able to select approaches relevant to the practice issue",Analyze,Analyze,Analyze
"Explain the three major functions of an operating system (OS), namely, process management, memory management, and file management;",Understand,"Understand
```Understand```",Understand
Apply accounting principles to analyse basic financial statements that enhance business decision making.,Apply,"Apply

Learning Outcome: Compare and contrast the advantages and disadvantages",Apply
Apply and extend knowledge obtained through your degree in a professional setting;,Apply,"Apply
```Apply```",Apply
"Undertake independent research in literary studies, using print and electronic sources;",Apply,"Apply
Apply (Note: This is a more fitting label",Apply
research a successful PR campaign and develop an oral presentation;,Create,"Apply

Learning Outcome: assess the effectiveness of different PR strategies",Apply
"Apply the themes associated with the sociological imagination to examine the social production, construction and organisation of health locally and globally.",Apply,"Apply

Learning Outcome: Compare and contrast the effects of different",Apply
Carry out laboratory experiments dealing with key hydrological processes.,Apply,"Apply

Learning Outcome: Compare and contrast the efficiency of different",Apply
Analyse factors relating to managing small to medium sized projects for in-house development or software outsourcing;,Analyze,"Analyze

Learning Outcome: Compare and contrast two different project",Analyze
Effectively and appropriately contribute to case discussions regarding formulation and diagnoses and reflect on and evaluate assessment and clinical interviewing skills;,Understand,"Evaluate
Evaluate",Evaluate
Present an innovative approach to nutrition education for groups;,Create,"Create
Create",Create
Engage with fundamental programming concepts and apply their techniques to create interactive content;,Apply,"Apply

Learning Outcome: Assess the effectiveness of different sorting algorithms",Apply
Reflect critically upon the solutions to an engineering design problem and on the processes involved in successful teamwork.,Analyze,"Evaluate

Evaluate",Evaluate
"Design the normal project timeline using a GANNT chart, including the hurdles required for financing a new project.",Create,"Create
You are wrong. The task involves planning and organizing",Create
Identify and utilise skills in intercultural competency.,Remember,"Apply

Learning Outcome: Compare and contrast the cultural practices of",Apply
Describe what machine learning is;,Understand,"Remember

Learning Outcome: Compare and contrast different types of machine",Remember
"In the context of interdisciplinary patient-centred care:  Outline how pharmacists provide screening tests and point of care testing in the primary care setting, including an understanding of sensitivity and specificity in this context, health promotion and epidemiology Evaluate the processes and skills involved in extemporaneous dispensing and manufacturing Demonstrate skills in performing relevant pharmaceutical calculations Demonstrate cultural capability and professionalism at workplaces and when interacting with Indigenous and culturally and linguistically diverse (CALD) populations Apply clinical reasoning and collaborative decision making to document and communicate a clinical management plan Themeslabel Professional practice (what pharmacists do) ",Apply,"Apply
Apply
Evaluate
Apply
Apply
Apply",Evaluate
Critically analyse image fusion and registration techniques and equipment reflecting on their application to clinical practice.,Analyze,"Analyze

Learning Outcome: Develop a new algorithm for image",Analyze
Further developed oral communication skills;,Create,"Apply

Learning Outcome: Compare and contrast two different programming languages",Apply
define components of competitive intelligence and practice competitor analysis,Understand,"Remember

Learning Outcome: Compare and contrast different types of competitive",Remember
Explain and justify the optimal physical design features that enhance operational requirements of a typical clinical MRI system,Understand,"Understand

Learning Outcome: Develop a new algorithm for improving image",Understand
Identify and apply key concepts in primary mathematics and numeracy pedagogy,Apply,"Apply

Learning Outcome: Compare and contrast different algorithms for solving",Apply
Design and critique demand and operational analyses in public transportation.,Evaluate,"Create

Now classify this:

Learning Outcome: Compare and contrast",Create
Respond creatively to design briefs of high intermediate complexity;,Create,"Create
Create",Create
"Systematically build and validate arguments and opinions by sourcing and critically deconstructing relevant material and information, working both independently and as part of a team;",Evaluate,"Analyze

Evaluate",Evaluate
"Communicate research findings orally and in writing, online and using video, in research and industry settings;",Create,"Apply
Apply",Apply
"Determine the global structural behaviour of building frames, identifying the role of eachcomponent.",Remember,"Analyze

Learning Outcome: Compare and contrast the performance of",Analyze
analyse the impact of major contextual issues on a variety of product and service industries,Analyze,"Analyze

Learning Outcome: compare and contrast the features of",Analyze
"Research a story, conduct interviews and gather appropriate actuality material in the sound medium to produce an audio broadcast;",Create,"Apply
Apply",Apply
Identify and evaluate the contribution of national and international social justice movements;,Understand,"Evaluate
Evaluate",Evaluate
Identify safe and ethical practices in scientific research,Remember,"Remember

Learning Outcome: Compare and contrast different machine learning algorithms",Remember
"Apply knowledge and understanding of recent developments in relation to recognition, protection and enforcement of Indigenous rights in context of international law and international fora, with creativity and initiative to new situations in professional practice and/or for further learning",Apply,"Apply

Now classify this:

Learning Outcome: Assess the effectiveness",Apply
"understand, discuss and apply key theoretical concepts underpinning contemporary childhood",Understand,"Understand

Learning Outcome: evaluate the effectiveness of different teaching methods",Evaluate
"Critically analyse concepts, theories and practice in the highly dynamic field of corporate sustainability management;",Analyze,"Analyze

Learning Outcome: Develop a comprehensive report on the",Analyze
critically assess prominent economic policies that address at least one major environmental externality facing the plant,Evaluate,"Evaluate

Evaluate",Evaluate
"Design and select sound methodological approaches and frameworks to explaining conceptual challenges in food-related applications, including lab-based testing;",Create,"Create
```Create
```",Create
To acquire proficiency in the use of the pinyin Romanisation system.,Understand,"Apply

Learning Outcome: To comprehend the principles of quantum mechanics",Apply
"understand the ethical aspects of the legal issues that are relevant to entrepreneurial activities and startups especially in frontier technologies like robotics, AI, cyber security and blockchain",Understand,Understand,Understand
"Select, analyse and apply constitutional law interpretive principles to generate appropriate jurisprudential and practical responses to complex legal issues;",Apply,"Apply

Learning Outcome: Assess the effectiveness of different legal theories",Apply
An opportunity to develop team work skills.,Create,"Apply

Learning Outcome: Compare and contrast two different programming languages",Apply
develop knowledge of effective pedagogies for early literacy learning,Understand,"Understand

Learning Outcome: Construct a lesson plan that integrates technology",Understand
identify a research problem/question through inquiry into your own professional practice/context,Analyze,Analyze,Analyze
Explore and communicate design schemes through appropriate modes of representation;,Create,"Apply
Apply",Apply
implement and extend existing computer vision algorithms,Apply,"Apply

Learning Outcome: Compare and contrast different clustering techniques.",Apply
Apply regression methods to epidemiological data.,Apply,"Apply

Apply",Apply
"provide a solid understanding of regression analysis including relationships with dependent variables that can be binary, in unordered categories, in ordered categories and duration variables",Apply,Understand,Understand
Critically analyse a practice issue;,Analyze,"Analyze

Learning Outcome: Summarize the key points",Analyze
"Evaluate the basic concepts of computer programming, CPU organization, assemblers and compilers, and algorithm design for engineering problems by using software engineering and operating systems concepts",Evaluate,"Evaluate

Learning Outcome: Construct a detailed project plan for a",Evaluate
demonstrate critical thinking and professional judgement by developing a report plan for the academic component of the unit;,Apply,"Analyze

Learning Outcome: compare and contrast two different machine",Analyze
"Understand the basic concepts of analysis including limits of sequences and series (of real numbers or functions), properties of functions over the reals;",Understand,Understand,Understand
"Understand, use and explain the basic concepts and principles of the research literature which underpin the chosen area of research in theoretical, computational or experimental physics.",Understand,"Understand

Learning Outcome: Develop a novel algorithm for solving a",Understand
Analyse the strengths and weaknesses of different epidemiological study designs;,Analyze,"Analyze

Learning Outcome: Compare and contrast the principles of",Analyze
"Explain the roles of likelihood models, missing data, and Bayesian inference and formalise parameter estimation problems in complex applications using these concepts.",Understand,"Understand

Learning Outcome: Develop a new algorithm for predicting stock",Understand
understand the steps and the logic of the sequence,Understand,"Understand

Learning Outcome: apply the principles of object-oriented programming",Apply
document and provide evidence of your professional practice against achievement of the Australian Professional Standards for Teachers at the Graduate level,Analyze,"Evaluate

Learning Outcome: compare and contrast two different teaching methodologies",Evaluate
"Demonstrate effective communication by oral, visual and written means.",Apply,"Apply

Learning Outcome: Compare and contrast two different programming languages",Apply
"Establish experimental studio processes that generate ongoing creative enquiry in jewellery, body related objects and object based sculpture;",Analyze,"Create

Learning Outcome: Compare and contrast two different types of",Create
"Read and understand Japanese literary works, Japanese captions and related materials with the assistance of dictionaries;",Understand,"Understand

Learning Outcome: Solve a real-world problem by applying",Understand
"use data to demonstrate the social impact of media, using appropriate data analysis software.",Apply,"Apply

Learning Outcome: assess the credibility of a source based",Apply
Skills to design and simulate modern communication systems using industry standard simulation tools.,Create,"Apply

Learning Outcome: Ability to compare and contrast various encryption",Apply
interpret and explain models written by others;,Evaluate,"Understand

Learning Outcome: Develop a new algorithm for image recognition",Understand
provide a historical overview of the evolution of the international business phenomenon,Apply,"Remember

Learning Outcome: Compare and contrast the economic policies of",Remember
Design and simulate controllers and observers using computer-aided tools.,Create,"Create

Learning Outcome: Compare and contrast the performance of different",Create
"compare different building codes and rating systems, and use one of them to appraise thebuilding performance",Analyze,"Apply

Learning Outcome: Develop a new algorithm for image recognition",Apply
demonstrate the capacity to organise classroom activities where learner's time is spent on learning tasks,Apply,"Apply

Learning Outcome: assess the effectiveness of different teaching methods",Apply
select and review relevant theory and literature,Apply,"Analyze

Evaluate the quality of a research paper based on",Evaluate
Describe the principles of designing and deploying specific VR environments and AR applications,Understand,"Remember

Learning Outcome: Compare and contrast different VR and AR",Remember
"Examine long term consequences of burn injury for the individual, carer/family members and health care professionals.",Analyze,"Analyze

Learning Outcome: Compare and contrast two different types",Analyze
"Explain the physical principles underpinning digital fluoroscopic imaging systems and the physics of fluid flow, image intensifiers and planar conventional tomography and apply them in clinical situations to produce and evaluate images of the vascular, gastrointestinal, genito-urinary and hepatobiliary systems;",Understand,"Understand
Apply
Understand
Apply
Understand",Apply
"acquire and demonstrate team skills including planning, collaboration, problem-solving, decision-making, communication and presentation skills.",Apply,"Understand

Learning Outcome: Solve a complex mathematical problem using calculus",Understand
developan understanding of the key academic literature in a particular area of econometrics or statistical research,Understand,"Understand

Learning Outcome: Construct a predictive model using time series",Understand
gain knowledge and understanding of the South African and African economies and their operation in an international environment,Understand,"Understand

Learning Outcome: Calculate the break-even point for a",Understand
Describe and apply the principles of occupational analysis and grading and adaptation of occupations to a therapy situation,Apply,"Apply

Learning Outcome: Compare and contrast various types of cognitive",Apply
"apply a range of skills within a team context, including team leadership, collaboration, problem-solving, decision-making and communication",Apply,"Apply

Learning Outcome: assess the effectiveness of different leadership styles",Apply
"Explain  the relationships between stellar evolution, galactic evolution, and the creation of the elements;",Understand,Understand,Understand
"Describe the normal structure and function of the urinary system and fluid balance, electrolyte balance and the nursing/midwifery practice considerations involving urinary tract conditions;",Understand,"Remember

Learning Outcome: Compare and contrast the different types of",Remember
"Describe and contrast the structures and spatial relationships of the tissues, organs, systems, and regions that make up the human body.",Understand,"Understand

Learning Outcome: Calculate the area of a triangle using",Understand
Predict mechanical and corrosion failure modes and explain likely causes.,Evaluate,"Apply

Learning Outcome: Assess the effectiveness of different materials in",Apply
"Develop a plan including the essential elements of leadership and management for nursing in disaster prevention, preparedness, response and recovery;",Create,"Create
Create",Create
"Design, construct and publish web-database applications;",Create,"Create
Create",Create
exercise advanced and integrated professional judgment to evaluate practical considerations arising under the taxation law,Evaluate,Evaluate,Evaluate
Critically review scientific literature in community-based emergency health.,Analyze,"Evaluate

Evaluate",Evaluate
apply analysis techniques to financial information and interpret the results,Apply,"Apply

Learning Outcome: evaluate the effectiveness of different investment strategies",Evaluate
Construct an informed theoretical critique of issues related to global crime and justice,Create,"Evaluate

Learning Outcome: Calculate the area of a circle given",Evaluate
Articulate and communicate complex knowledge and ideas;,Understand,"Understand

Learning Outcome: Solve a real-world problem using statistical",Understand
apply CBA to real world problems.,Apply,"Apply

Learning Outcome: compare and contrast two different clustering algorithms",Apply
"Apply the principles of thermodynamics to advanced chemical engineering processes,process safety, biological sciences, energy, and environmental sciences.",Apply,"Apply

Learning Outcome: Evaluate the effectiveness of different cooling systems",Evaluate
Explain youth substance abuse in terms of family and social contexts such as trauma and youth disadvantage,Understand,Understand,Understand
"Describe the fundamental principles underlying infection by all major groups of viruses, and apply this knowledge to understand infection and disease caused by specific pathogenic viruses;",Understand,"Understand

Learning Outcome: Develop a novel algorithm for predicting viral",Understand
Understand major developments in social ontology,Understand,"Understand

Learning Outcome: Calculate the area of a circle using",Understand
De-construct existing objects and products with intent of re-purposing them by understanding their making;,Analyze,"Analyze

Learning Outcome: Compare and contrast two different programming",Analyze
propose behavioural economics interventions to reduce inefficiencies resulting from cognitive biases.,Create,"Create

Learning Outcome: compare and contrast the impact of different",Create
Describe Evidence Based Practice in physiotherapy in the context of integrating the best research evidence with clinical expertise and the client's unique values and circumstances;,Understand,"Understand
```Understand```",Understand
apply modern fatigue crack growth theories to ensure the continued airworthiness of aircraftstructural components,Apply,"Apply

Now classify this:

Learning Outcome: assess the impact",Apply
Describe the scientific concepts and analyse the clinical applications of Intensity-Modulated Radiotherapy;,Understand,"Analyze

Learning Outcome: Compare and contrast the effectiveness of",Analyze
analyse and predict the key economic variables when the economy is faced with internal and external market shocks,Analyze,Analyze,Analyze
"Explain the importance of psychosocial factors in patient adjustments to illness and dysfunction, treatment and rehabilitation;",Understand,"Understand

Learning Outcome: Calculate the area under the curve for",Understand
"Describe market and social drivers that determine the development, growth and expansion opportunities of functional foods in a global environment;",Understand,"Understand

Learning Outcome: Calculate the probability of a specific event",Understand
demonstrate an understanding of the role of entry mode choice and other strategic issues in order to succeed in international business.,Understand,"Understand

Learning Outcome: Calculate the break-even point for a",Understand
Appraise and reflect on issues associated with the implementation multi-modality imaging in planning and treatment in your clinical centre.,Analyze,"Evaluate

Learning Outcome: Calculate the area under the curve for",Evaluate
"demonstrate ability to recognise and evaluate technological advances and changes in the economic, political, social and environmental context to the contemporary practice of operations and logistics",Apply,"Evaluate

Learning Outcome: apply the principles of supply chain management",Evaluate
"develop a critical understanding of the relationship between tradition, innovation and sustainability",Understand,"Analyze

Evaluate the following statement: ""The impact of",Evaluate
Compare and contrast different communication and concurrency schemes;,Evaluate,"Analyze

Learning Outcome: Calculate the probability of an event",Analyze
"Analyse the range of different biomedical science techniques used at the level of tissues, organs and systems, to create models pertinent to human health and disease",Analyze,"Analyze

Learning Outcome: Evaluate the effectiveness of various statistical",Evaluate
Understand properties of linear transformations and identify their kernel and range;,Understand,Understand,Understand
"Investigate, analyse and synthesise complex information, problems, concepts and theories in relation to European Union law and policy;",Analyze,"Analyze

Learning Outcome: Construct a legal argument based on",Analyze
Demonstrate knowledge of the development of furniture design concepts and details to meet selected design requirements;,Apply,"Apply

Learning Outcome: Assess the impact of different materials on",Apply
"Analyse and utilise solution strategies for a variety of problems in incompressible flow,inviscid flow, ideal fluid flow, boundary layer flow, irrotational flow, and potential flow.",Apply,"Analyze

Learning Outcome: Compare and contrast the properties of",Analyze
develop skills in identifying talent and evaluating the talent renewal needs of professionals,Analyze,"Evaluate

Learning Outcome: compare and contrast different types of machine",Evaluate
"Understand the dynamics and diversity of individual, couple and group counselling and apply your skills accordingly",Understand,"Understand

Learning Outcome: Develop a new algorithm for optimizing network",Understand
Demonstrate an understanding of the contemporary practices of STEM and how such practices help you to respond to changing technological and social change,Understand,"Understand

Learning Outcome: Solve a complex mathematical problem using a",Understand
develop a broad understanding of pedagogical tools and methods to assess children's learning through play,Understand,"Understand

Learning Outcome: Construct a lesson plan that integrates technology",Understand
"develop your learners' study, career, leisure and life skills through the knowledge, skills, values, attitudes and behaviours associated specifically with the study of history",Create,"Create

Learning Outcome: compare and contrast the economic policies of",Create
Appraise the impact of cultural and other demographic factors on cancer control and radiation therapy utilisation,Evaluate,"Evaluate

Learning Outcome: Calculate the area under the curve (",Evaluate
Critically analyse social and political factors that influence use of medications.,Analyze,"Analyze

Learning Outcome: Summarize the key points",Analyze
"Explain why conflicts occur among states, firms, international organizations, NGOs and other groups over how the global economy is governed;",Understand,"Understand
```Understand```",Understand
critically analyse some of the competing demands on business when scrutinising the ethics of business activity in a global context,Analyze,"Analyze

Learning Outcome: Summarize the key points",Analyze
Critically analyse the concept of need and competently do a need assessment and develop community intervention models;,Create,"Analyze

Learning Outcome: Construct a detailed project plan for",Analyze
recognise regulatory and political environments and how they impact on business.,Remember,"Remember

Learning Outcome: interpret financial statements to assess a company",Remember
Explain the molecular and cellular basis of selected diseases and how they can be modulated by drugs.,Understand,"Understand

Learning Outcome: Predict the outcome of a clinical trial",Understand
"Critically analyse personal values, experiences and assumptions that align with or diverge from the Australian Association of Social Workers Code of Ethics.",Analyze,"Analyze
Evaluate",Evaluate
"Critically assess the variety of domestic legal forms by which human rights are expressed - constitutional, statutory, interpretive, common law and codes of practice and evaluate their role and effectiveness in implementing Australia's international human rights obligations",Evaluate,"Evaluate

Evaluate",Evaluate
"Investigate, analyse and synthesise complex information, problems, concepts and theories in relation to concepts, theories and problems in international litigation and arbitration;",Analyze,"Analyze

Learning Outcome: Develop a new algorithm for solving",Analyze
"demonstrate in an individual summative assessment task the acquisition of a comprehensive understanding of global financial markets, their products and appropriateness for the investor.",Understand,"Understand

Learning Outcome: Construct a detailed report analyzing the impact",Understand
"understand how to investigate the role of voting, interest groups, political competition, and distributional conflicts in affecting public policies",Understand,Understand,Understand
Demonstrate advanced skills in the written and oral presentation of theoretical and applied computational linear algebra problems.,Understand,"Apply

Learning Outcome: Compare and contrast the efficiency of different",Apply
"Apply cryptographic techniques to develop methods to disguise information to ensure its integrity, confidentiality and authenticity;",Apply,"Apply

Apply",Apply
Clearly communicate the implications and applications of the research to the broader society.,Create,"Evaluate

Evaluate",Evaluate
"Identify and evaluate the impact on professionals, of working with adolescents;",Understand,"Evaluate
Evaluate",Evaluate
"Evaluate the role of addictive behaviours in contemporary cultural practices, identities, meanings and values, including among specific groups (such as youth, sexual and gender minorities, Indigenous Australians).",Evaluate,"Evaluate

Evaluate",Evaluate
Interpret results for a variety of models.,Evaluate,"Understand

Evaluate the following statement and classify it according to Bloom",Evaluate
consolidate your understanding of professional knowledge and professional practice in physical education,Evaluate,"Understand

Learning Outcome: Solve a complex optimization problem using linear",Understand
Assess relevant academic literature and apply the results of the research to the specific issues under reflection.,Apply,"Evaluate

Evaluate",Evaluate
"identify, evaluate and use different resources for teaching social education",Remember,"Apply

Learning Outcome: assess the effectiveness of various teaching methods",Apply
"Identify, synthesise and apply advanced knowledge of key concepts relating to Law and Literature and Law and Film;",Remember,"Apply

Learning Outcome: Compare and contrast the legal systems of",Apply
Demonstrate that you are prepared for MDes(Res) confirmation.,Apply,"Apply

Learning Outcome: Compare and contrast two different approaches to",Apply
Discuss the role of environmental factors in the spread on communicable disease;,Understand,"Understand
```Understand```",Understand
The skill to plan a self-directed study and allocate time successfully throughout the duration of the study.,Create,"Apply

Learning Outcome: Compare and contrast two different programming languages",Apply
Develop decision making strategies to assist in the maintenance of ethical conduct.,Create,"Create

Learning Outcome: Compare and contrast two different ethical theories",Create
develop an understanding of the role of creativity and the visual arts in young children's learning,Understand,"Understand

Learning Outcome: Solve a complex mathematical problem using calculus",Understand
"Demonstrate fundamental design technology skills to create, capture, manipulate and edit images, shape and form;",Apply,"Apply

Learning Outcome: Compare and contrast the advantages and disadvantages",Apply
"demonstrate the ability to report, interpret and communicate effectively accounting advice and ideas, through written reports and oral presentations, at a level required for a career in accounting and business",Evaluate,"Apply

Learning Outcome: assess the financial health of a company",Apply
develop an understanding of intellectual property,Understand,"Understand

Learning Outcome: Solve a complex mathematical problem using calculus",Understand
Apply knowledge of bioinformatics data exploration and storage using public and private databases.,Apply,"Apply

Learning Outcome: Compare and contrast different bioinformatics tools",Apply
"Identify and describe the radiographic appearances of pathologies affecting the cardiovascular, respiratory, gastrointestinal, urinary, endocrine and reproductive systems;",Understand,"Remember

Learning Outcome: Compare and contrast the pathophysiology",Remember
Communicate findings verbally and in writing,Create,"Apply

Learning Outcome: Compare and contrast two different machine learning",Apply
Recognise the benefits and drawbacks of different metal additive manufacturing technologies.,Remember,"Remember

Learning Outcome: Compare and contrast the properties of various",Remember
Discuss and apply ethical theories relevant to nursing practice,Apply,"Apply

Learning Outcome: Compare and contrast two different statistical methods",Apply
Describe the epidemiology and clinical aspects of management to acute care illnesses,Understand,"Remember

Learning Outcome: Compare and contrast the effectiveness of different",Remember
Demonstrate key communication and assessment skills necessary for effective practice with a range of clients in diverse health settings;,Apply,"Apply

Learning Outcome: Compare and contrast different types of psychological",Apply
Demonstrate a capability to research and explore the full range of issues to be considered in an industrial design project;,Apply,"Analyze
```Analyze```",Analyze
analyse health and physical education curriculum and practice,Analyze,"Analyze

Learning Outcome: evaluate the effectiveness of different teaching",Evaluate
develop an understanding in a specific subject area of advanced finance of the main theories or methods used in the current academic literature,Understand,"Understand

Learning Outcome: Solve a complex financial problem using appropriate",Understand
"Demonstrate the ability to strategically respond to complex problems and develop appropriate planning responses, processes and outcomes;",Apply,"Apply

Learning Outcome: Assess the effectiveness of different machine learning",Apply
"Communicate effectively with a project supervisor, colleagues and technical staff.",Create,"Apply

Learning Outcome: Compare and contrast two different machine learning",Apply
Describe various models for real world signals,Understand,"Remember

Learning Outcome: Compare and contrast different types of neural",Remember
"Search the scientific literature to obtain related information, and critically review and communicate this literature;",Analyze,"Evaluate
Evaluate",Evaluate
understand the main elements behind the concept of opportunity cost and quantifying the cost of proposals for economic decision making purposes,Understand,Understand,Understand
Articulate the relevance of psychology to practice including the role of biopsychosocial forces in shaping more approaches to daily life,Understand,"Understand

Learning Outcome: Calculate the mean, median, and",Understand
Locate and critically evaluate literature relevant to the chosen research project and generate a written literature review in the style of an academic publicationThemeslabel Inquiry and Innovation,Evaluate,"Evaluate
Evaluate",Evaluate
Analyse primary works of modern Korean literature in Korean;,Analyze,"Analyze

Learning Outcome: Summarize the key points",Analyze
Evaluate theoretical perspectives on the leadership of educational change,Evaluate,"Evaluate

Evaluate",Evaluate
Synthesise and articulate your design process;,Create,"Create

Learning Outcome: Compare and contrast two different algorithms for",Create
"Under supervision, safely conduct radiographic examinations of the respiratory system, pelvis, shoulder girdle, vertebral column, the bony thorax and plain abdomen of an adult patient.",Analyze,"Apply

Learning Outcome: Compare and contrast the anatomical structures",Apply
Review and summarize key research directions in the field of intercultural communication;,Understand,"Analyze

Learning Outcome: Compare and contrast two different theories",Analyze
Understand basic moral frameworks and identify moral issues,Understand,Understand,Understand
Explain how peripheral and central mechanisms sense food intake and match this to body mass and energy stores;,Understand,"Understand

Learning Outcome: Calculate the area under the curve for",Understand
Describe key elements of motor development during infancy. + Postural control + Transitions between postures + Acquisition of upper limb dexterity,Understand,"Remember

Learning Outcome: Compare and contrast different theories of motor",Remember
Review evidence and evaluate contentious theories.,Analyze,"Evaluate

Evaluate",Evaluate
"Understand and demonstrate understanding of written, audio and video documents;",Understand,Understand,Understand
"evaluate and communicate the critical roles that human intellect, knowledge, values, emotion, learning, and organisational culture and climate, play in maintaining and sustaining capable organisations",Evaluate,"Evaluate

Evaluate",Evaluate
Define the principles of developmental care and apply these to clinical practice with the neonatal population.,Apply,"Apply

Learning Outcome: Compare and contrast the effectiveness of different",Apply
An appreciation of the theoretical understandings of the shift from government to governance in respect of the environment and sustainability.,Understand,"Understand

Learning Outcome: Calculate the area under the curve for",Understand
"Articulate the role of validation and verification methods in the system development life cycle; key issues in software testing, testing levels and testing techniques;",Understand,"Understand
```Understand```",Understand
"An understanding of the strengths, limitations and appropriate application of quantitative and qualitative approaches to research;",Understand,"Understand

Learning Outcome: Construct a detailed project plan for a",Understand
critically assess evidence supporting various theories and thereby evaluate thesetheories.,Evaluate,"Evaluate

Evaluate",Evaluate
"Demonstrate the intellectual and practical skills needed to justify and interpret theoretical propositions, legal methodologies, conclusions and professional decisions, as well as to identify, research, evaluate and synthesise relevant factual, legal and policy issues, including a demonstrated ability to locate, isolate and thoroughly understand appropriate materials such as cases, scholarship, uniform texts and other instruments for use in an international arbitral setting.",Apply,"Evaluate

Learning Outcome: Construct a detailed business plan for a",Evaluate
Critically analyse and evaluate philosophical texts;,Analyze,"Analyze

Learning Outcome: Summarize the key points",Analyze
Critically engage with the research ethics literature;,Analyze,"Evaluate

Evaluate",Evaluate
Select various fuel delivery system and gas exchange processes based on justification from in depth technical analysis,Analyze,"Apply

Learning Outcome: Compare and contrast the effectiveness of different",Apply
"Use basic laboratory skills to study polymeric materials, be able to work effectively within a team in carrying out laboratory work, be able to keep appropriate laboratory records and develop skills to communicate the results and conclusions of practical work.",Apply,"Apply

Learning Outcome: Compare and contrast the properties of different",Apply
"Critically evaluate the socio-cultural, legal and ethical issues related to the nursing management of medical and surgical patients.",Evaluate,"Evaluate

Evaluate",Evaluate
Apply estimation and calibration solving skills within the finance context.,Apply,"Apply

Apply",Apply
"Demonstrate knowledge of the professional ethical, cultural and psychometric issues that arise when assessing for psychopathology across the lifespan",Apply,"Understand

Learning Outcome: Solve a complex optimization problem using linear",Understand
"Interpret sexual violence research, key issues, data and sources.",Evaluate,"Understand

Learning Outcome: Develop a comprehensive plan to prevent sexual",Understand
Construct applications using a graph database system;,Create,"Apply

Learning Outcome: Compare and contrast the performance of different",Apply
Critique and extend extant theories using own thesis research as a reference point.,Evaluate,"Evaluate

Evaluate",Evaluate
Demonstrate competency as a radiography student across the domains of practice and be able to assume an independent role as a radiographer and modelling professionalism within the role.,Apply,"Apply

Learning Outcome: Compare and contrast the different types of",Apply
Employ diverse approaches in the reconstruction of the past,Apply,"Apply

Learning Outcome: Assess the effectiveness of different historical reconstruction",Apply
demonstrate the ability to consume and synthesize the current empirical evidence on specific environmental problems/policies,Apply,"Analyze

Learning Outcome: assess the effectiveness of different environmental",Analyze
Critically examine contemporary factors that influence education program development,Analyze,"Analyze

Learning Outcome: Summarize the key points",Analyze
demonstrate in an individual summative assessment task the acquisition of a comprehensive understanding of the topics covered by BFW1310.,Understand,"Understand

Learning Outcome: Solve a complex mathematical problem using the",Understand
"Demonstrate independent research skills including enquiry techniques, critical thinking, and skills of oral and written communication.",Apply,"Apply

Learning Outcome: Assess the effectiveness of different machine learning",Apply
Exhibit the capacity to adopt a sociological perspective in relation to contemporary social justice related issues in a south African and African context.,Understand,"Understand

Learning Outcome: Construct a detailed argument supporting a position",Understand
Recognise their own and others' negotiating behaviours and their interplay across a range of contexts;,Remember,"Remember

Learning Outcome: Compare and contrast different negotiation strategies in",Remember
demonstrate an understanding of typical challenges faced by children and adolescents,Understand,Understand,Understand
"Critically explain, evaluate and apply appropriate AI theories, models and/or techniques in practice - including logical inference, heuristic search, genetic algorithms, supervised and unsupervised machine learning and Bayesian inference;",Apply,"Evaluate
Apply
Analyze
Evaluate
Create
An",Create
the application of research methods and specialist discipline knowledge to plan and execute a substantial research-based project with a high level of personal autonomy and accountability.,Create,"Apply

Learning Outcome: Compare and contrast two different machine learning",Apply
A knowledge of the use of computers in automating and increasing the precision of manufacturing (CAM).,Remember,"Remember

Learning Outcome: Compare and contrast different types of CAM",Remember
Interpret primary and secondary documents through developing critical reading skills;,Create,"Analyze

Learning Outcome: Summarize the key points",Analyze
Demonstrate cultural sensitivity and professionalism in consumer care,Apply,"Apply

Learning Outcome: Compare and contrast two different approaches to",Apply
"Name and identify the primary anatomical structures of the head, neck and spine as represented on computed tomography images.",Remember,"Remember

Learning Outcome: Compare and contrast the effects of different",Remember
Describe fundamental concepts of microbiology and host defence mechanisms including immunology and microorganism classification and apply these concepts to the treatment and prevention of infectious diseases.,Apply,"Apply

Learning Outcome: Compare and contrast the effectiveness of different",Apply
The ability to work collaboratively to critically evaluate an argument and debate the implications of research findings;,Evaluate,"Evaluate

Evaluate",Evaluate
Develop specialised mathematical knowledge and computational skills within the fields of partial differential equations and probability theory.,Create,"Create

Learning Outcome: Solve a real-world problem using partial",Create
Identify and demonstrate an ability to apply the laws that are covered in each topic in terms of their impact on the media.,Understand,"Apply

Learning Outcome: Compare and contrast the effectiveness of different",Apply
Explain the legislative framework governing industrial relations in South Africa.,Understand,"Understand

Learning Outcome: Calculate the compound interest on a loan",Understand
evaluate investment and financing decisions,Evaluate,"Evaluate

Evaluate

Evaluate

Evaluate

Evaluate

Evaluate",Evaluate
"Demonstrate a critical awareness of the capacities, limitations and socio-professional implications of journalistic practices in in the field of business, industry and economics.",Understand,"Analyze

Learning Outcome: Compare and contrast the ethical considerations",Analyze
"Write/type simple sentences using hiragana, katakana and approximately 60 kanji,.",Apply,"Create

Learning Outcome: Compare and contrast the themes of two",Create
"Identify the biotic and abiotic processes which support the development of Earth's biosphere and lead to the formation of soils and sediments, and how they interact to influence water quality and vegetation;",Remember,"Analyze
You are wrong. The correct classification for """,Analyze
Describe what statistical machine learning and its theoretical concepts are;,Understand,"Remember

Learning Outcome: Compare and contrast different types of machine",Remember
"Manage client presentations of suicidal risk and family violence, and apply culturally appropriate interventions where necessaryThemeslabel Professional Practice",Apply,"Apply

Learning Outcome: Compare and contrast different therapeutic approaches to",Apply
Critique the central problem faced by any perceptual system and be able to use this as a framework to evaluate the evolution of perceptual principles and current theories of perception,Evaluate,"Evaluate

Evaluate",Evaluate
"Assess the appropriate optimisation strategy for linear, non-linear, unconstrained, constrained and mixed integer models from a fundamental understanding of functional and constraint convexity, or determine the appropriate evolutionary solution strategy when convexity is not assured.",Evaluate,"Evaluate

Evaluate",Evaluate
Critically analyze and discuss the nature of air pollutants and its effects on human health and environment.,Understand,"Analyze

Learning Outcome: Develop a plan to reduce carbon",Analyze
Understand the relationship between the Clinical Neuropsychologist and other health professionals;,Understand,"Understand

Learning Outcome: Calculate the area under the curve for",Understand
Read about and discuss issues regarding contemporary features of Korean society,Understand,"Understand

Learning Outcome: Solve a complex mathematical problem using calculus",Understand
Describe how political philosophy relates to other branches of philosophy,Understand,"Understand

Learning Outcome: Solve a complex mathematical problem using calculus",Understand
"identify local, national and international people and events relevant to current issues and media issues.",Remember,"Remember

Learning Outcome: Compare and contrast the impact of social",Remember
Outline the procedures applied in assisted reproductive technologies (ART),Apply,"Remember

Learning Outcome: Compare and contrast different types of artificial",Remember
"Analyse and communicate the relevance of digital visual culture and the social, cultural and political implications it has for contemporary societies.",Analyze,"Analyze

Learning Outcome: Evaluate the effectiveness of different machine",Evaluate
Demonstrate skills in the presentation of scientific data,Apply,"Apply

Learning Outcome: Compare and contrast two different machine learning",Apply
"Summarise the physical, chemical and radiation hazards in the aviation environment",Evaluate,"Remember

Learning Outcome: Compare and contrast the effects of different",Remember
Understand the concept of ground improvement.,Understand,"Understand

Learning Outcome: Calculate the area under the curve for",Understand
identify the components of words and how they interact;,Remember,"Remember

Learning Outcome: compare and contrast the effects of different",Remember
Apply the fundamentals of linear systems theory and basic control design methods to dynamic models described in state-space representations.,Apply,"Apply

Learning Outcome: Compare and contrast the advantages and disadvantages",Apply
Develop specialised financial skills within the fields of statistics and probability theory.,Apply,"Create

Learning Outcome: Compare and contrast two different statistical methods",Create
understand and critically evaluate different approaches to teaching media studies,Understand,"Evaluate

Evaluate",Evaluate
"assess the roles of the intergovernmental, non-governmental and corporate sectors in shaping and influencing global governance",Evaluate,"Evaluate

Learning Outcome: compare and contrast the principles of util",Evaluate
describe how cognitive and cultural factors affect language structures and their interpretation;,Understand,"Understand

Learning Outcome: Solve a complex algebraic equation using",Understand
"understand the measurement of income, prices, money and unemployment",Understand,Understand,Understand
"Select, analyze and apply property law principles to generate appropriate practical and jurisprudential responses to complex legal problems and issues;",Apply,"Apply

Now classify this:

Learning Outcome: Assess the effectiveness",Apply
Have an advanced practical and critical understanding of drawing as a method of externalising thoughts and developing ideas;,Understand,"Understand

Learning Outcome: Solve a complex mathematical problem using numerical",Understand
employ creative thinking to develop innovative concepts and ideas,Create,Create,Create
Combine scientific data to understand the relationship between tectonic settings and deformation;,Understand,"Understand

Learning Outcome: Develop a hypothesis about the impact of",Understand
conduct a review of academic literature in response to a thematic issue or question,Apply,"Analyze

Learning Outcome: Compare and contrast two different machine",Analyze
"Select suitable containment materials, by explaining how chemicals are safely contained in a chemical process and corrosion mitigation.",Analyze,"Understand

Learning Outcome: Develop a plan to mitigate the risk",Understand
Display a deep historical knowledge of the evolution of great power politics throughout the history;,Apply,"Remember

Learning Outcome: Compare and contrast the economic policies of",Remember
Apply S-plane and Routh-Hurwitz techniques to determine the stability of a system.,Apply,"Apply

Learning Outcome: Compare and contrast the advantages and disadvantages",Apply
"Source, interpret and evaluate biostatistical information relevant to health and disease in populations across a range of contexts (e.g. rural, indigenous, vulnerable/'at-risk' populations)",Evaluate,"Analyze

Learning Outcome: Compare and contrast the effectiveness of",Analyze
"gain knowledge from organisational visits in order to develop insights that can be applied as future generators of sustainable economic, social and environmental value for business and society.",Create,"Understand

Learning Outcome: Develop a comprehensive report analyzing the impact",Understand
"Psychological assessment andmeasurementDemonstrate a good knowledge of thetheoretical basis of assessment techniquesand diagnostic classification systems.Demonstrate skills in basic interviewingtechniques such as engagement andcounselling; that your microskills aredeveloping, and competent administrationof standardised tests and measures.",Apply,"Remember
Label: Understand
Label: Apply
Label:",Apply
Utilise close reading skills to develop writing skills;,Apply,"Apply

Learning Outcome: Assess the effectiveness of different writing styles",Apply
"analyse and evaluate the underlying principles and reasons underpinning each aspect of the innovation development process, proposing the need for and then using, a context-driven methodological approach to deliver;",Analyze,"Analyze

Learning Outcome: design a new algorithm for optimizing",Analyze
"Evaluate the role of other mortuary based identification methods, such as molecular biology, fingerprints, the weight given to circumstantial evidence, and cranio-facial superimposition.",Evaluate,"Evaluate

Evaluate",Evaluate
Perform a range of CT scans at the level of Advanced Beginner.,Apply,"Apply

Learning Outcome: Compare and contrast the effectiveness of different",Apply
"Evaluate data quality principles, implications and ethical issues.",Evaluate,"Evaluate

Evaluate",Evaluate
Reflect critically on yourselves as educators and the strategies you will use for engaging diverse learners.,Analyze,"Evaluate

Evaluate",Evaluate
describe the major theories underpinning managerial communication,Understand,"Remember

Learning Outcome: Compare and contrast two different communication models",Remember
"Describe the epidemiology and clinical aspects of disease state management for selected blood and brain conditions, and cancers",Understand,"Understand

Learning Outcome: Calculate the area under the curve for",Understand
Apply knowledge of the biochemical basis of specific metabolic diseases to real life contexts and case studies;,Apply,"Apply

Learning Outcome: Compare and contrast the effectiveness of different",Apply
Discuss the contributions of key South Africans to the international development of psychology.,Understand,"Understand

Learning Outcome: Calculate the mean squared error of a",Understand
Demonstrate skills for producing and communicating explorations of architecture culture;,Apply,"Apply

Learning Outcome: Assess the effectiveness of different architectural designs",Apply
"Write/type 150 kanji, including approximately 90 new kanji.",Create,"Create

Learning Outcome: Compare and contrast the writing styles of",Create
Formulate a wound care management plan incorporating skin and wound assessment to guide selection of appropriate products or technologies.,Create,"Apply

Learning Outcome: Compare and contrast the effectiveness of different",Apply
Appreciate the difference between professional practice in your discipline and studio research in your discipline.,Understand,"Understand

Learning Outcome: Construct a detailed project plan for a",Understand
Assess critically the risks for drug interactions and the safe use of psychotropics in complex medical settings;,Evaluate,"Evaluate

Learning Outcome: Calculate the area under the curve for",Evaluate
critically analyse emerging local employment trends and the legal issues that they pose,Analyze,"Analyze

Learning Outcome: Summarize the key points",Analyze
Use Gibbs energy curves and chemical potentials to describe the driving forces for diffusion and phase transformations.,Apply,"Apply

Learning Outcome: Compare and contrast the Gibbs free energy",Apply
Develop and analytically describe an appropriate model for longitudinal or correlated data based on unit matter considerations.,Create,"Analyze

Learning Outcome: Compare and contrast the effectiveness of",Analyze
Have developed an ability to critically analyse contemporary public discourse on issues of social justice and human rights;,Create,"Analyze

Learning Outcome: Compose a persuasive essay arguing",Analyze
Effectively communicate complex concepts and scientific content in written or oral formats.,Create,"Apply

Learning Outcome: Compare and contrast the strengths and weaknesses",Apply
Demonstrate knowledge of the various tools and techniques used for realtime 3D computer graphic applications;,Apply,"Remember

Learning Outcome: Compare and contrast different 3D",Remember
"Identify strategic constraints in managing the scope, time, cost and quality components.",Create,"Remember

Learning Outcome: Compare and contrast different project management methodologies",Remember
Design and manage an independent research project;,Evaluate,"Create

Learning Outcome: Compare and contrast two different machine learning",Create
Develop and role model the essential elements of leadership and management for emergency nursing.,Create,"Create

Learning Outcome: Compare and contrast the effectiveness of different",Create
define leadership and illustrate how it applies to all levels of management and external stakeholders,Understand,"Remember

Learning Outcome: Compare and contrast different leadership styles and",Remember
"demonstrate ability to recognise, evaluate and lead the adoption of emergent organisational forms that align within an increasingly digital and dynamic competitive environment",Apply,"Evaluate

Evaluate",Evaluate
"Use cognitive, technical and creative skills to generate and evaluate at an abstract level complex ideas and concepts relevant to international environmental law.",Apply,"Create

Learning Outcome: Compare and contrast the legal frameworks of",Create
"Evaluate the challenges associated with managing patients with a range of different needs including the elderly, children, patients with physical disability or mental impairment.",Evaluate,"Evaluate

Evaluate",Evaluate
demonstrate the impact of monetary and government policies on an open economy using the IS-LM model and AD-AS model,Apply,"Apply

Learning Outcome: Compare and contrast the effects of fiscal",Apply
Skills in cross-cultural communication and collaboration;,Evaluate,"Understand

Learning Outcome: Ability to solve complex mathematical problems using",Understand
Explain contemporary research and theories applied to social issues in psychology.,Understand,"Understand

Learning Outcome: Develop a hypothesis and conduct an experiment",Understand
Critically appraise: - the obligations that international treaties and conventions impose on member states; - the challenges that these obligations present for the design of domestic patent and trade secrecy laws; and - the manner in which domestic laws comply with these obligations.,Evaluate,"Evaluate
You are a strict Bloom's Taxonomy classifier.",Evaluate
Demonstrate problem-solving skills relevant to communication consulting,Apply,"Apply

Learning Outcome: Compare and contrast two different communication theories",Apply
Evaluate fundamental principles of pharmacology.,Evaluate,"Evaluate

Evaluate",Evaluate
Utilise booth techniques and team interaction skills in interpretation;,Apply,"Apply

Learning Outcome: Assess the effectiveness of different project management",Apply
articulate the key concepts for young children in each of the mathematics strands and apply these to program planning and evaluation,Understand,"Apply

Learning Outcome: assess the effectiveness of different teaching strategies",Apply
Evaluate methods used to measure the impact of chronic disease,Evaluate,"Evaluate

Evaluate",Evaluate
Apply these theoretical perspectives and concepts to illuminate and examine a new or existing problem in the study of International Relations,Apply,"Apply

Learning Outcome: Evaluate the effectiveness of different international trade",Evaluate
analyse and evaluate risk via Monte Carlo simulation,Analyze,"Analyze

Learning Outcome: create a detailed project plan for",Create
Apply the major research methods used in IT research,Apply,"Apply

Learning Outcome: Compare and contrast the advantages and disadvantages",Apply
"Express their own ideas and viewpoints using video, both individually and in collaboration with others;",Apply,"Create

Learning Outcome: Compare and contrast the features of two",Create
Create C++ programs using pointers to demonstrate an understanding of efficient memory use and management;,Apply,"Create

Learning Outcome: Compare and contrast the performance of different",Create
Design appropriate transmitter and receiver signal processing functionalities for wireless systems and demonstrate its performance on a software defined radio hardware platform.,Apply,"Create

Learning Outcome: Compare and contrast the performance of different",Create
complete a research project utilising Indonesia-specific sources.,Apply,"Apply

Learning Outcome: Compare and contrast two different machine learning",Apply
Examine relevant social work policy and practice issues in longevity and ageing.,Analyze,"Analyze

Learning Outcome: Summarize the key points",Analyze
draw upon experiences of gaming in order to develop new perspectives on the role of media in society and everyday life;,Create,"Apply

Learning Outcome: compare and contrast the themes of two",Apply
Identify and summarise a number of critical positions in contemporary film theory.,Remember,"Remember

Learning Outcome: Compare and contrast two different approaches to",Remember
"Identify data collection methods, collect and analyse data on the occupational performance of self and others that inform understanding about health and wellbeing, key occupational issues and concepts for practice;",Understand,"Apply

Learning Outcome: Identify data collection methods, collect and",Apply
"Identify the main types of hazard which may be encountered in studios and workshops - chemical, physical, and biological;",Remember,"Remember
You are wrong. The correct classification is Understand.",Understand
Carry out appropriate statistical analyses using appropriate software;,Analyze,"Apply
```Apply```",Apply
gain an understanding of creativity and sources of innovation,Understand,"Understand

Learning Outcome: Solve a complex mathematical problem using calculus",Understand
Evaluate and assess techniques used in the 3D creation process;,Evaluate,"Evaluate
Evaluate",Evaluate
"Plan and evaluate evidence-based practice to manage patients with complex disease states including neurological, cardiac, respiratory, gastrointestinal, renal and endocrine body systems in specialist nursing practice.",Evaluate,"Evaluate

Learning Outcome: Calculate the area under the curve for",Evaluate
"explain the factors that create co-existence and conflict between different religious, ethnic and national groups in Europe;",Understand,"Understand

Learning Outcome: Develop a mobile application for tracking personal",Understand
"display advanced curriculum navigation, organisation and planning skills in the design of effective health education learning programs and sequences that synthesise curriculum, pedagogy, and assessment",Apply,"Create

Learning Outcome: compare and contrast different approaches to teaching",Create
"Reflect, develop and critique personal and professional learning using an electronic portfolio in preparation for professional accreditation, including opportunities for supervision and a plan for continual professional development that reflects a self-directed and life-long approach to learning;",Analyze,"Evaluate
Evaluate",Evaluate
"Using clinical assessment as a basis, formulate a holistic management plan for a patient with a diabetes-related foot wound including local wound care, pressure reduction techniques, medical management, psychological and sociological aspects.",Create,"Apply

Learning Outcome: Compare and contrast the effectiveness of different",Apply
Demonstrate an understanding of the mathematical theory behind important numerical methods for solving real-life problems on computers;,Understand,Understand,Understand
Describe how a health technology assessment contributes to decision-making processes,Understand,"Understand

Learning Outcome: Calculate the probability of a patient having",Understand
Use listening skills to understand conversations or monologues on topics covered in class and to identify different genres;,Understand,"Apply
Apply",Apply
Critically evaluate the psychometric properties of psychological tests including reliability and validity.,Evaluate,"Evaluate

Evaluate",Evaluate
"An ability to communicate, orally and in a written form, their understanding of these theories and concepts.",Apply,"Understand

Learning Outcome: Solve a real-world problem by applying",Understand
"Employ image transitions, dialogue, sound effects, music, dissolves, zooms, pans and other production processes used in the construction of animatics;",Apply,"Apply

Learning Outcome: Assess the effectiveness of different editing techniques",Apply
"Employing both academic (secondary) and non-academic (primary) texts, the unit will consider a number of important facets of critical legal scholarship, most importantly the 'law and literature' movement, which tries to both explain and critique law in terms of the various literary techniques of dramatic narrative. This unit largely operates within the 'law and literature' tradition by directly engaging with novels and films, both of which are highly narrative-driven artistic forms. The text's depiction and resolution of the legal issue under its consideration will be discussed in class as a parallel, or secondary, commentary on the centrality of narrative to all forms of legal speech and practice.",Understand,"Apply

Learning Outcome: Compare and contrast the 'law and",Apply
Understand basic concepts related to inner product spaces and apply these to problems such as least-squares data fitting;,Understand,"Understand

Learning Outcome: Prove the properties of inner product",Understand
Identify administrative and management issues that need to be addressed for successful program implementation.,Remember,"Analyze

Learning Outcome: Compare and contrast two different project",Analyze
conduct a critical review of the literature relevant to your field of study,Analyze,"Evaluate

Evaluate",Evaluate
examine evidence-based strategies for effective leadership of primary mathematics teachers,Analyze,"Analyze

Learning Outcome: compare and contrast different approaches to",Analyze
"Identify appropriate competencies for the practice domains that intersect with mental health, including legal and statutory responsibilities;",Remember,"Remember
You are wrong. The correct classification is Understand.",Understand
"Evaluate the concepts underpinning the dominant intellectual capital perspective on IT and IKM strategy, the strengths and limitations of this approach, and how social capital and emotional capital insights can augment this view of strategy;",Evaluate,"Evaluate
Evaluate",Evaluate
Critique the framework within which public transportation planning and management is conducted and the foundations of public transportation policy.,Evaluate,"Evaluate

Learning Outcome: Calculate the compound interest on a savings",Evaluate
Develop solutions to business problems using information technology and other techniques;,Create,"Apply

Learning Outcome: Assess the effectiveness of different marketing strategies",Apply
Plan and conduct written work on how meaning is created in cinema.,Create,"Analyze

Learning Outcome: Compare and contrast two different film",Analyze
"Develop algorithms to extract and analyse features in medical, document, and other images;",Create,"Apply

Learning Outcome: Compare and contrast the effectiveness of different",Apply
Integrate the findings from interviewing expert health management witnesses with the findings from the literature review to identify practical management approaches to dealing with the relevant problem or issue.,Remember,"Apply

Learning Outcome: Compare and contrast the effectiveness of different",Apply
"Design and conduct an analytical campaign - including budgeting, selecting adequate samples and analytical tools, quality control, and reporting the results",Create,"Create

Learning Outcome: Compare and contrast two different types of",Create
Interpret the applicability of health care research findings to health care management practice.,Evaluate,"Understand

Learning Outcome: Develop a new algorithm for predicting patient",Understand
"An understanding of key historical, social, cultural, and economic dimensions of the crime and justice context relevant to the Asia region;",Understand,"Understand

Learning Outcome: Calculate the probability of a criminal case",Understand
"Predict the dynamic response of basic structures under wind loads, including vortex induced vibration, buffeting, galloping and flutter.",Evaluate,"Apply

Learning Outcome: Compare and contrast the effects of different",Apply
Develop an event budget and schedule;,Create,"Apply

Learning Outcome: Compare and contrast two different project management",Apply
Recognise and distinguish between the different classes of polymeric materials used for Additive Manufacturing.,Remember,"Remember

Learning Outcome: Compare and contrast the properties of various",Remember
"Design deep learning solutions to problems in computer vision, natural language processing and signal processing. Examples are image classification, object detection, sequence modelling and filter design.",Create,"Create

Learning Outcome: Compare and contrast different types of neural",Create
Discuss the role of the nurse/midwife in mitigation and adaptation;,Understand,"Understand

Learning Outcome: Calculate the area of a triangle given",Understand
Be able to describe the architecture and mechanism of current wireless networking standards;,Understand,"Understand

Learning Outcome: Write a program that simulates a",Understand
"define the purposes and scope of leadership theories and research outcomes, and identify their applications to real-life situations",Remember,"Remember

Learning Outcome: compare and contrast different leadership theories based",Remember
Understand and apply the fundamental elements and principles of basic typesetting and type design;,Apply,"Understand

Learning Outcome: Evaluate the effectiveness of different typefaces",Evaluate
critically appraise a range of current issues affecting corporate governance and regulation,Evaluate,"Evaluate

Evaluate",Evaluate
debate empirical estimation of 'optimal' capital structure and the treasurer's role in optimising debt-equity mix using both short and long term funding,Evaluate,"Analyze

Evaluate the effectiveness of different teaching methods in improving",Evaluate
"apply critical thinking, problem solving and presentation skills to individual and/or group activities dealing with mergers and acquisitions and demonstrate in an individual summative assessment task the acquisition of a comprehensive understanding of the topics covered in BFF5580.",Apply,"Apply
Apply
Evaluate
Create

Create

The learning",Create
Synthesise and critically analyse the theory and literature associated with the health service management issue or problem.,Analyze,"Analyze

Learning Outcome: Construct a detailed project plan for",Analyze
Discuss the efficiency and sustainability of mineral and energy sources.,Understand,"Understand

Learning Outcome: Solve a complex equation using numerical methods",Understand
hypothesise concepts surrounding finance and apply these to a variety of domestic and international situations,Apply,"Apply

Learning Outcome: Compare and contrast the effectiveness of different",Apply
Compare governments in Africa to the South African government;,Analyze,"Analyze
You are wrong. The correct classification should be",Analyze
Explain the contribution of 'human factors' to the provision of healthcare and the importance of inter-professional collaboration to minimise risk in the provision of healthcare;,Understand,"Understand
Understand",Understand
"calculate and interpret relevant financial ratios concerned with the profitability, financial structure and solvency of listed public companies",Apply,"Apply

Learning Outcome: compare and contrast the impact of different",Apply
Design and conduct a physiotherapy assessment of the cardiorespiratory system including determination of a client's short and long-term goals and medico-legal documentation of findings;,Create,"Create
You are wrong. The correct classification should be """,Create
Demonstrate collaborative skills and leadership potential.,Apply,"Apply

Learning Outcome: Assess the effectiveness of different project management",Apply
"Implement occupationally relevant, client-centred/family-centred intervention strategies for clients with complex contextual factors or issues. ",Apply,"Apply

Learning Outcome: Compare and contrast different types of occupational",Apply
appraise critically the important current macroeconomic issues,Evaluate,"Evaluate

Evaluate",Evaluate
"Articulate clear research aims, methods and rationale.",Understand,"Understand

Learning Outcome: Develop a hypothesis based on existing literature",Understand
Implement and evaluate quality assurance principles in digital imaging systems;,Apply,"Apply

Now classify this:

Learning Outcome: Compare and contrast",Apply
demonstrate an understanding of contemporary approaches and learning theories related to children's development of communication and creativity through performing arts pedagogies,Understand,"Understand

Learning Outcome: Develop a lesson plan that integrates drama",Understand
"Develop a realistic experimental plan, including a timeline, for the research project undertaken in CHM4100;",Create,"Create
Create",Create
Articulate a reflective understanding of their experience and assumptions with respect to health and the practice of care.,Understand,"Understand

Learning Outcome: Calculate the area of a circle given",Understand
"A strong kinaesthetic approach to centering the body, and to centering the voice and breath in the body through practice and theoretical understanding*",Understand,"Apply

Learning Outcome: Compare and contrast different types of yoga",Apply
Understand a range of opportunities for discipline-specific practitioners in interdisciplinary contexts;,Understand,"Understand

Learning Outcome: Calculate the area under the curve for",Understand
Demonstrate the capability to learn new technical skills in the laboratory and/or the field and use these proficiently and safely.,Apply,"Apply

Learning Outcome: Compare and contrast the effectiveness of different",Apply
Analyse the ethical issues associated with data science decisions,Analyze,"Analyze

Learning Outcome: Evaluate the effectiveness of different clustering",Evaluate
"gather, analyse and visualise digital data in the context of communication flows;",Analyze,"Apply

Learning Outcome: assess the impact of different machine learning",Apply
Evaluate the evidence-base from research in the management of the medically ill and their families.,Evaluate,"Evaluate

Evaluate",Evaluate
"Describe the role of factors (such as aetiology, pathophysiology and weight bearing functions) in the development of a diabetes-related foot wound.",Understand,"Understand

Learning Outcome: Calculate the area under the curve for",Understand
develop and present appropriate not-for-profit marketing and engagement strategies.,Create,"Create

Learning Outcome: compare and contrast the effectiveness of different",Create
Prepare a comprehensive written report that is professionally presented and contains all the required components including a bibliography.,Create,"Create

Learning Outcome: Calculate the mean squared error of a",Create
understand and be able to critically examine key debates in political studies;,Understand,"Understand

Learning Outcome: create a detailed plan for a community",Create
Synthesise a range of relevant sources to plan and manage your research.,Create,"Create

Learning Outcome: Compare and contrast two different algorithms for",Create
"describe and analyse the quality of production in an industrial process, using statistical control charts.",Analyze,"Analyze

Learning Outcome: Develop a new algorithm for optimizing",Analyze
relate management theory to various and different cultures,Apply,"Understand

Learning Outcome: Develop a project plan for a software",Understand
Understand how to develop a sustainable design business model;,Understand,"Understand

Learning Outcome: Calculate the break-even point for a",Understand
Apply practical skills including working in interdisciplinary teams and cross-cultural skills;,Apply,"Apply

Learning Outcome: Assess the effectiveness of different machine learning",Apply
"Describe and critique common workplace, clinical supervision and teaching models.",Evaluate,"Analyze

Evaluate the quality of a research paper based on",Evaluate
"Explain the structural and neural mechanisms that underpin the special senses and their ability to perceive vision, hearing, smell, taste and balance.",Understand,"Understand

Learning Outcome: Compare and contrast the effects of different",Understand
"Critically discuss public art practice in a wider context, with consideration of the impact on local and international communities.",Analyze,"Analyze

Evaluate the following statement: ""The effectiveness of",Evaluate
"Discuss the mechanisms by which cells communicate to coordinate metabolism, cell growth, differentiation and cell death.",Understand,"Understand

Learning Outcome: Predict the outcome of a chemical reaction",Understand
"Discuss the local and international food regulations including food additives, safety, storage, halal food standards, food law and sanitation.",Understand,"Understand

Learning Outcome: Calculate the area of a circle using",Understand
design and carry out end-user customer experiments,Create,"Create

Learning Outcome: compare and contrast two different types of",Create
examine the role of organisational behaviour theory in enhancing both individual and organisational effectiveness.,Analyze,"Analyze

Evaluate the effectiveness of a given marketing strategy based",Evaluate
"Relate anatomical structures (tissues, organs, systems) to basic developmental processes and use comparative approaches to identify evolutionary and functional contexts.",Understand,"Understand

Learning Outcome: Construct a detailed phylogenetic tree",Understand
Be able to execute and analyse a set of laboratory-based studies,Analyze,"Apply

Learning Outcome: Compare and contrast two different machine learning",Apply
"explain and apply the basic principles of accounting for group transactions, including business combinations and intracompany transactions, and the preparation of group financial statements",Apply,"Understand

Learning Outcome: evaluate the effectiveness of different accounting methods",Evaluate
Apply patient safety learning to their observations and experiences in simulated or real workplace settings.,Apply,"Apply

Learning Outcome: Compare and contrast the effectiveness of different",Apply
"Identify and discuss the various economic, political and cultural forces which shape the practical work of media production;",Understand,"Analyze
You are wrong. The correct answer is Understand",Analyze
Apply the theory behind the operation of photovoltaic devices to predict and quantify the performance of solar cell materials.,Apply,"Apply

Learning Outcome: Compare and contrast the efficiency of different",Apply
An in-depth knowledge of changes that post-Mao reform has brought to intellectual trends in general and to literature in particular (through critical analysis of a range of literary works by a younger and unorthodox generation of Chinese writers who challenge traditional Chinese literary norms through their exploration of fundamental issues of humanism),Understand,"Analyze

Learning Outcome: Compare and contrast the economic policies",Analyze
Critically assess the epidemiological quality of research in a range of studies outlining the basis of your methodological approach and criteria for determining the quality of the research;,Evaluate,"Evaluate

Evaluate",Evaluate
"Understand different types of financial risks such as market, credit, and operational.",Understand,"Understand

Learning Outcome: Calculate the present value of a future",Understand
Debate and/or defend your practice in an informed critical appraisal;,Evaluate,"Evaluate

Evaluate",Evaluate
Relate the different levels and models of intervention used in community psychology.,Apply,"Understand

Learning Outcome: Calculate the standard deviation of a dataset",Understand
acquire an understanding of holistic learning and teaching including the wide variety of learning and teaching strategies that support the connections between music theory and practice in developing a personal approach to teaching music.,Understand,"Understand

Learning Outcome: apply the principles of music theory to",Apply
"identify the strengths and limitations of different measurement systems, select appropriatemeasurement systems for different dimensions of behaviour, and use continuous anddiscontinuous measurement systems",Remember,"Analyze

Evaluate the following statement: ""The effectiveness of",Evaluate
"Recognize and have a deeper understanding of the areas of conflict, challenges and opportunities between international IP, international environmental and international trade laws",Understand,"Understand

Learning Outcome: Develop a new algorithm for optimizing resource",Understand
"Compare the belief structures behind mainstream and complementary therapies, and their efficacy in therapy;",Analyze,"Analyze
You are a strict Bloom's Taxonomy classifier",Analyze
"demonstrate an ability to research, interpret and critically evaluate research traditions informing the concept of transition and change in early childhood education",Apply,"Evaluate

Evaluate",Evaluate
understand creativity and the creative process and its influence on gifted students and their talent development,Understand,Understand,Understand
Appraise common issues associated with end of life care in a variety of health care contexts.,Evaluate,"Evaluate

Evaluate",Evaluate
Discuss contract development and select an appropriate sourcing strategy for provisioning information systems;,Analyze,"Understand

Learning Outcome: Develop a software application that integrates multiple",Understand
Theorise and analyse approaches to injury policy and legislation,Analyze,"Analyze

Learning Outcome: Assess the effectiveness of different teaching",Analyze
"Apply theoretical knowledge to real-world examples of social entrepreneurship, innovation and design",Apply,"Apply

Learning Outcome: Assess the effectiveness of different marketing strategies",Apply
"Apply theoretical knowledge to real-world examples of social entrepreneurship, innovation and design;",Apply,"Apply

Learning Outcome: Assess the effectiveness of different marketing strategies",Apply
"evaluate how social, cultural and political contexts shape curriculum, with particular attention to Indigenous knowledge and values underpinning design, assessment and reporting",Evaluate,"Evaluate

Learning Outcome: apply the principles of sustainable development to",Evaluate
"Understand and demonstrate the relationship between reactivity, selectivity and structure in main group organometallic complexes;",Understand,"Understand
```Understand
```",Understand
"Use available language tools, such as debuggers and profilers, and good programming practice to debug their implementations systematically and efficiently;",Apply,"Apply
Apply",Apply
develop a broad understanding of the role of technology and innovation in launching and growing viable start-ups,Understand,"Understand

Learning Outcome: Construct a detailed business plan for a",Understand
Describe the morphology and kinematics of the Milky Way;,Understand,"Remember

Learning Outcome: Compare and contrast the effects of different",Remember
discuss the behavioural aspects associated with lending decisions,Understand,"Understand

Learning Outcome: Calculate the interest on a loan using",Understand
understand the operation of labour markets by drawing on basic economic principle,Understand,Understand,Understand
"Demonstrate a high level of competence in communication and presentation skills: written, oral and graphic;",Apply,"Apply

Learning Outcome: Compare and contrast the effectiveness of different",Apply
Critique competing theories of addictive behaviour;,Evaluate,"Evaluate
Evaluate",Evaluate
"Develop and apply an understanding of how debates in relation to tax policy affect the practical administration of tax laws. Develop and refine skills of policy analysis to interpret, synthesise and critically evaluate legislative provisions and case law from a broader policy perspective.",Understand,"Analyze

Evaluate the effectiveness of different tax policies in improving",Evaluate
Analyse time series in time domain as well as frequency domain;,Analyze,"Analyze

Learning Outcome: Compare and contrast two different types",Analyze
Describe the effect of nanoscale grain refinement on magnetic properties.,Understand,"Remember

Learning Outcome: Compare and contrast the magnetic properties of",Remember
"develop written, presentational and group work skills through a series of assessed essays, assignments and tutorial work",Create,"Create

Learning Outcome: compare and contrast different types of machine",Create
Develop specialised mathematical knowledge and skills within the field of stochastic calculus.,Create,"Create

Learning Outcome: Compare and contrast two different methods of",Create
examine theories of organisational behaviour (OB) to develop fundamental knowledge of OB as an area of management,Create,"Understand

Learning Outcome: Construct a project plan for a software",Understand
Critically analyse scientific data;,Analyze,"Analyze

Learning Outcome: Summarize the key points",Analyze
"Compute line, surface and volume integrals in a range of coordinate systems;",Apply,"Apply
```Apply```",Apply
apply research skills to a range of challenges;,Apply,"Apply

Learning Outcome: assess the credibility of sources in a",Apply
Explain how social determinants of health can impact the health of key populations and the provision of socially accountable healthcare in both Australian and global health contexts                                                                                                                Themeslabel Comprehensive care,Understand,"Understand
Themeslabel Social determinants of health
Label:",Understand
"Apply basic physical and mathematical principles, including dimensional analysis, to gain a quantitative and qualitative understanding of astrophysical processes.",Apply,"Apply

Learning Outcome: Compare and contrast the effects of different",Apply
"Recognise hazards associated with chemical and biological materials, instruments and ionising radiation and the risks they impose;",Remember,"Remember

Learning Outcome: Compare and contrast different methods of data",Remember
Develop differential diagnoses and formulate problems,Create,"Analyze

Learning Outcome: Compare and contrast two different types",Analyze
have a basic understanding of the concepts and techniques of macroeconomic forecasting using an applied general equilibrium (AGE) model,Understand,Understand,Understand
Employ sophisticated research and critical thinking skills.,Apply,"Apply

Learning Outcome: Assess the effectiveness of different machine learning",Apply
Calculate and apply a range of secondary pharmacokinetic parameters that determine dosage regimens,Apply,"Apply

Learning Outcome: Compare and contrast the pharmacokinetics",Apply
be able to demonstrate the ability to integrate and evaluate that knowledge to create and implement appropriate business initiatives and responses.,Evaluate,"Evaluate

Learning Outcome: be able to demonstrate the ability to",Evaluate
create graphic displays of behaviour,Create,"Create

Learning Outcome: compare and contrast two different types of",Create
"Articulate an advanced understanding of the roles of literature, film, arts and other media in shaping dominant modes of remembering conflict;",Understand,"Understand

Learning Outcome: Construct a detailed argument on the impact",Understand
Understand how behaviour and lifestyle relates to health.,Understand,"Understand

Learning Outcome: Calculate the area of a circle using",Understand
Explain how both mitigation and adaptation are required to deal adequately with climate change.,Understand,"Understand

Learning Outcome: Calculate the probability of a specific event",Understand
Identify and describe the fundamental theories underlying project and process management in resources projects.,Understand,"Understand

Learning Outcome: Develop a project plan for a small",Understand
Critically analyse global trends in infant and maternal outcomes and how they align with the United Nations sustainable development goals (SDGs) for maternity care;,Analyze,"Analyze

Learning Outcome: Develop a comprehensive report on the",Analyze
Describe the properties and behaviour of structural steel under thermo-mechanical loading.,Understand,"Remember

Learning Outcome: Compare and contrast the properties of different",Remember
"develop a higher self awareness of students' own personality, values, attitudes, and styles as well as strengths and weaknesses pertinent to their leadership aspirations",Create,"Understand

Learning Outcome: Solve a complex mathematical problem using calculus",Understand
apply practical understanding of the organisation of classroom activities and space,Apply,"Apply

Learning Outcome: evaluate the effectiveness of different teaching methods",Evaluate
Identify and critique significant interior architecture projects and their contribution to contemporary interior practice;,Understand,"Evaluate

Evaluate",Evaluate
"Make informed notions of, and debate on the vicissitudes of post-colonialism and its complementary concepts in both their tutorial interactions and their assignments and exams.",Evaluate,"Evaluate

Learning Outcome: Calculate the area of a circle using",Evaluate
"Demonstrate critical thinking to develop new understandings of how young children's lives are historically embedded in socio-economic, cultural and political contexts",Understand,"Analyze

Learning Outcome: Compare and contrast two different theories",Analyze
Communicate research in both oral and written formats.,Create,"Apply

Learning Outcome: Compare and contrast two different machine learning",Apply
Recognise the breadth of statistical tests and their applicability to common research methodologies;,Remember,"Remember

Learning Outcome: Compare and contrast the strengths and weaknesses",Remember
analyse the literature in order to develop subject matter expertise beyond the specific focus of the Honours project,Analyze,Analyze,Analyze
use and creatively integrate information and communication technologies (ICT) to enhance student engagement and conceptual understanding.,Apply,"Apply

Learning Outcome: assess the effectiveness of different teaching methods",Apply
Apply sophisticated computational statistical inference in a wide range of application problems that require the integration of mathematical modelling with observed data to provide credible interpretation of the underlying system.,Apply,"Apply

Apply",Apply
"Research a topic in the area of physiology, and present the findings of such research (written and verbal), at an appropriate scientific level.",Create,"Apply

Learning Outcome: Compare and contrast the functions of the",Apply
Develop a professional experience folder which records your planning of lessons and self-reflections on your developing professional practice and learning,Create,"Create

Learning Outcome: Compare and contrast two different teaching methods",Create
"Apply a theoretical understanding of the concepts of resolution, stability and order of numerical methods for solving partial differential equations relevant to engineering.",Apply,"Apply

Learning Outcome: Compare and contrast the performance of different",Apply
explore approaches for facilitating and leading collaborative school-based professional learning,Analyze,"Analyze

Learning Outcome: assess the effectiveness of different teaching",Analyze
Identify and discuss the principles and application of the stages and methods of international development project planning and management;,Understand,"Understand

Learning Outcome: Develop a project plan for an international",Understand
"Describe the role of enterprise systems in supporting the business strategy, business drivers and business requirements of various organisations;",Understand,"Understand
```Understand```",Understand
" Describe the general characteristics of the modern X-ray system used in clinical practice, including scientific principles, and production of the digital image. ",Understand,"Remember

Learning Outcome: Compare and contrast the advantages and disadvantages",Remember
Devise and implement a plan for the project and identify key outputs,Create,"Create

Learning Outcome: Compare and contrast two different algorithms for",Create
Apply the processes of lead optimization to improve the drug-likeness of designed drug molecules,Apply,"Apply

Learning Outcome: Compare and contrast the mechanisms of action",Apply
demonstrate an appreciation of the notion of cross-cultural literary communication.,Apply,"Understand

Learning Outcome: Solve a complex mathematical problem using calculus",Understand
Communicate the design of interactive systems that enhance the user experience;,Create,"Apply
Apply",Apply
"A thorough knowledge of how contested representations and understandings of disaster have explored issues of responsibility, mitigation, vulnerability and social change;",Understand,"Understand

Learning Outcome: Calculate the probability of a specific event",Understand
"Report on lifestyle journalism stories or events in a clear, concise, factual and meaningful way using a variety of elements in a coherent package;",Create,"Apply
Apply",Apply
a demonstrated ability to apply the methodology of materials and process selection for agiven engineering application,Apply,"Apply

Learning Outcome: a demonstrated ability to evaluate the effectiveness",Evaluate
Explain the principles of pharmacological management of cardiorespiratory disorders;,Understand,"Understand

Learning Outcome: Calculate the dosage of a medication based",Understand
critically reflect on the evolving techniques and practices of writing for social media.,Analyze,"Evaluate

Evaluate",Evaluate
"demonstrate advanced skills in administration and scoring of intelligence tests, psychopathology and personality instruments, behavioural instruments, and tests of academic attainment suitable for use with individuals and groups across the lifespan, and diverse cultural groups, including Aboriginal and Torres Strait Islander peoples, including the administration and scoring of tests for individuals with sensory and neurological deficits",Understand,"Apply

Learning Outcome: evaluate the effectiveness of different psychological interventions",Evaluate
Apply knowledge of child justice to particular contexts,Apply,"Apply

Learning Outcome: Assess the effectiveness of different child protection",Apply
Perform traffic data analysis methodologically,Analyze,"Apply

Performing traffic data analysis methodologically involves applying specific",Apply
"Discuss the ethical, legal and cultural responsibilities of scientific investigation.",Understand,"Understand

Learning Outcome: Develop a hypothesis based on observed data",Understand
Undertake a needs analysis by scoping an organizationally useful and occupationally relevant project or program;,Analyze,"Apply

Learning Outcome: Compare and contrast two different project management",Apply
To implement wavelets on an industry standard DSP development system,Apply,"Apply

Learning Outcome: To compare and contrast the performance of",Apply
demonstrate ability to direct one's learning through self-evaluation and the setting of realistic plans for ongoing development of strategic management skills.,Apply,"Evaluate

Learning Outcome: compare and contrast the principles of agile",Evaluate
identify and address challenges and opportunities for preparing to teach in Primary and/or Secondary educational contexts,Remember,"Analyze

Learning Outcome: Summarize the key points",Analyze
Apply interpersonal and reflective skills to your professional practice,Apply,"Apply

Learning Outcome: Assess the effectiveness of different communication strategies",Apply
Demonstrate explicit competence in French grammar in the areas reviewed;,Apply,"Apply

Learning Outcome: Compare and contrast the syntax of English",Apply
Explain key digital techniques and their relevance to spatial design practice;,Understand,"Understand
```Understand```",Understand
"Demonstrate the knowledge, skills and attitudes of a professional engineer.",Apply,"Apply

Learning Outcome: Compare and contrast two different algorithms for",Apply
"Determine barriers associated with access to, and equity in health care particularly as they relate to Indigenous Australians and people in different vulnerable groups.",Evaluate,"Analyze

Learning Outcome: Summarize the key points",Analyze
identify real situations where network effects matter,Remember,"Apply

Learning Outcome: compare and contrast the features of two",Apply
Critically evaluate the historiographical debates about war and society;,Evaluate,"Evaluate
Evaluate",Evaluate
"Demonstrate an appreciation, understanding and critical reconfiguration of the cultural value of Indigenous creative practices and ways of knowing;",Understand,"Understand

Learning Outcome: Solve a complex mathematical problem using calculus",Understand
critically evaluate financial market information to measure risk and return,Evaluate,"Evaluate

Evaluate",Evaluate
Develop and implement a systematic review protocol for a nutrition related research question;,Create,"Create
Create",Create
"Analyse the potential for interactions and reactions between drug molecules, biomolecules and solvents. ",Analyze,"Analyze

Learning Outcome: Calculate the concentration of a solution",Analyze
"Demonstrate strong self-reliance, and able to construct a program of work with a coherent direction which imaginatively addresses your own concerns;",Apply,"Create
Create",Create
Apply radiation protection and dosimetry principles to the practice of CT;,Apply,"Apply
```Apply```",Apply
Recognise aurally elements of pitch structure and basic rhythm.,Remember,"Remember

Learning Outcome: Interpret the significance of different musical intervals",Remember
"Identify, evaluate and interpret a range of relevant curriculum documents and resources for teaching the arts",Remember,"Analyze

Learning Outcome: Summarize the key points",Analyze
"Manage the process of publishing an issue of a scholarly academic journal under the peer review process in academic publishing; edit academic articles; and man-age the practical aspects of timely, effective publication and distribution of the jour-nal. [TLO1]",Apply,"Apply

Learning Outcome: Compare and contrast the different types of",Apply
"explain the philosophical assumptions underlying the science of behaviour analysis (e.g., selectionism, determinism, empiricism, parsimony, pragmatism)",Understand,Understand,Understand
"Adapt and apply the core principles of intensive care nursing to specialist patient populations (e.g. patient with multiple trauma, burns, paediatrics, pregnancy).",Apply,"Apply

Learning Outcome: Compare and contrast the effectiveness of different",Apply
"have an understanding of the ways in which a variety of poetic and dramatic texts explore the concepts of power (political, social and sexual) and of desire (religious, courtly, neo-Platonic and sexual) in the pre-Romantic period;",Understand,Understand,Understand
demonstrate an understanding of the rationale for continued professional learning and the implications for improved student learning.,Understand,"Understand

Learning Outcome: Solve a real-world problem using statistical",Understand
"Identify drivers for change (e.g. industry and technology reforms; political, business and social agendas) and proactively lead nursing responses to changing and dynamic environments",Remember,"Analyze

Learning Outcome: Compare and contrast different theories of",Analyze
Ability to articulate critical interpretations of dramatic texts and processes in systematic written argument.,Evaluate,"Analyze

Learning Outcome: Construct a detailed project plan for",Analyze
"Critically assess threats, vulnerabilities and risks to an organisation's information assets and propose control technologies and techniques which can be applied to reduce the security risk;",Evaluate,"Evaluate
Evaluate",Evaluate
Explain modern theories of stellar and planetary formation and evolution,Understand,Understand,Understand
"Critically reflect on practice extending self-awareness, insight and cultural competency linking to professionalism.",Analyze,"Evaluate

Evaluate",Evaluate
"demonstrate a sound understanding of children's physical, social, emotional and spiritual well-being and apply this knowledge by designing and implementing effective education and care programs",Understand,"Understand

Learning Outcome: evaluate the effectiveness of different teaching methods",Evaluate
"Relate the theoretical basis of health education and health promotion to planning, implementing and evaluating a creative group education session designed to support behaviour change.",Apply,"Apply

Learning Outcome: Assess the effectiveness of different health interventions",Apply
Recognize the complexity of social developments that characterized the Weimar and Nazi periods;,Remember,"Remember
You are wrong. The correct classification is Understand.",Understand
write and interpret parallel database processing algorithms and methods;,Evaluate,"Apply

Learning Outcome: Compare and contrast different types of database",Apply
familiarity with key philosophical issues and concepts in contemporary applied ethics,Understand,"Remember

Learning Outcome: Compare and contrast utilitarianism and",Remember
"Investigate, analyse and synthesise complex information, problems, concepts and theories in relation to comparative continental European legal systems;",Analyze,"Analyze

Learning Outcome: Construct a detailed business plan for",Analyze
examine the influence and implications of power in understanding and managing conflict,Analyze,"Analyze

Learning Outcome: compare and contrast the effectiveness of",Analyze
Utilise narrative and visualisation techniques appropriate to in-depth journalism.,Apply,"Apply

Learning Outcome: Assess the credibility of sources in a",Apply
"Evaluate how psychological, cultural, personal, economic and social factors influence nutrition and health behaviours",Evaluate,"Evaluate

Evaluate",Evaluate
identify and distinguish between different types of dispute avoidance processes (DAPs) used on construction projects around the world and evaluate the pros and cons of each;,Understand,"Analyze

Evaluate",Evaluate
"Understand the analysis of Tollmien-Schlichting instability and transition in boundary layer flow and recognise factors controlling laminar-turbulent boundary layer transition,",Understand,"Understand
Understand",Understand
Explain different types of research design and how to choose the most appropriate design to answer explanatory and exploratory research questions.,Understand,"Understand

Learning Outcome: Develop a hypothesis based on observed data",Understand
Articulate risks and opportunities involved in entrepreneurship from the initial concept through development to commercialisation.,Understand,"Understand

Learning Outcome: Develop a business plan for a new",Understand
Identify and evaluate the context and foundational doctrines and principles of international environmental law and international intellectual property law,Understand,"Analyze

Learning Outcome: Compare and contrast the legal frameworks",Analyze
"Demonstrate a high level of practical design research, design process and design communication;",Apply,"Apply

Learning Outcome: Compare and contrast the effectiveness of different",Apply
Develop effective media relations,Create,"Create

Learning Outcome: Compare and contrast two different marketing strategies",Create
"Effectively communicate (both orally and in writing) legal advice, information, options for litigious and non-litigious pathway, arguments and strategies with a wide range of audiences involved in the justice system;",Understand,"Apply
Apply",Apply
"Synthesise and interpret their knowledge gained in their study of the underpinning research literature, thence identifying a niche topic or topics within this existing body of literature, which represents a gap in knowledge suitable for original research;",Evaluate,"Create

Learning Outcome: Compare and contrast the effectiveness of different",Create
"develop legal solutions to complex problems by synthesising existing legal knowledge, legal research and technical and practical information.",Create,"Create

Learning Outcome: compare and contrast different types of encryption",Create
Recognise and critically evaluate key ethical and legal requirements associated with investigative journalism in South Africa and Africa and demonstrate their ability to reflect critically on their own and others' performance,Apply,"Evaluate

Learning Outcome: Calculate the mean squared error of a",Evaluate
Appreciate the role of graph theory in other areas of mathematics.,Understand,"Understand

Learning Outcome: Solve a system of linear equations using",Understand
Use procedures to promote maintenance and generalisation of behaviour change,Apply,"Apply

Learning Outcome: Compare and contrast the effectiveness of different",Apply
"Explain the ways in that genres are socio-culturally and historically determined and often ambiguous and tend to encompass divergent, even contradictory;",Understand,"Understand
Understand",Understand
Select the appropriate MRI protocol and post processing techniques for MRI studies of the brain structure and function from within an evidence-based framework.,Analyze,"Apply

Learning Outcome: Compare and contrast the effectiveness of different",Apply
"Organise, analyse and interpret data meaningfully and according to the accepted practices within the research paradigm informing the research process.",Analyze,"Analyze

Learning Outcome: Compare and contrast two different machine",Analyze
"Critically analyse a range of strategies utilised by existing brands, including competitive landscape analysis, central and distinctive mapping, business model canvas and customer journey mapping;",Analyze,Analyze,Analyze
collaborate constructively with fellow students and industry professionals in learning and discussion processes;,Apply,"Understand

Learning Outcome: Develop a project plan for a software",Understand
discuss and apply the basic principles of changes in ownership interests of group entities,Apply,"Apply

Learning Outcome: evaluate the effectiveness of different accounting methods",Evaluate
"Demonstrate a critical understanding of contemporary issues and curriculum in arts, design, health and physical education within Australia and internationally",Understand,"Analyze

Learning Outcome: Compare and contrast two different approaches",Analyze
Describe the chemistry of drug-receptor interactions including structure-activity relationships,Understand,"Remember

Learning Outcome: Compare and contrast the mechanisms of action",Remember
Prepare legal arguments by applying an intellectual and practical synthesis of: a thorough understanding of law relevant to complex cross-border commercial disputes; firm grasp of a complex factual scenario; and an appreciation of policy and principles behind development of the law; an thorough understanding of contemporary developments in international commercial law and its professional practice.,Apply,"Apply

Learning Outcome: Assess the effectiveness of different legal strategies",Apply
Define the molecular structure of biological membranes and their role in cellular metabolism;,Understand,"Remember

Learning Outcome: Compare and contrast the functions of different",Remember
"Relate the importance of law, human rights and ethics in professional practice",Apply,"Understand

Learning Outcome: Calculate the compound interest on a loan",Understand
Recognise the roles of climate change and natural variability in current climate trends.,Remember,"Remember

Learning Outcome: Interpret the results of a climate change",Remember
Develop skills in applying a particular research method to the resolution of a research question;,Apply,"Apply

Learning Outcome: Assess the effectiveness of different machine learning",Apply
"demonstrate a capacity to draw on a range of teaching approaches, including the use of information and communication technologies, in ways that align with pedagogical intentions",Apply,"Apply

Learning Outcome: assess the effectiveness of different teaching strategies",Apply
Integrate their knowledge of policy frameworks and epidemiology with the design of service systems in mental health services,Create,"Apply

Learning Outcome: Compare and contrast the effectiveness of different",Apply
"demonstrate critical understanding of recent trends and curriculum in physical education, health and wellbeing across educational environments both within Australia and internationally",Understand,"Understand

Learning Outcome: Solve a complex optimization problem using linear",Understand
articulate and critically analyse the reasons why global commercial regulation produces different regulatory outcomes across Asia,Understand,Analyze,Analyze
Articulate the depth and complexity of use of self in professional practice,Understand,Understand,Understand
To explore the way in which environmental and biological knowledge is encoded. ,Analyze,"Analyze

Learning Outcome: To compare and contrast two different",Analyze
"Formulate culturally sensitive health professional-patient interactions, including ways of respectfully working with Indigenous healing and spiritual practitioners.",Create,"Create

Learning Outcome: Compare and contrast the effectiveness of different",Create
Use key ethical and legal principles to discuss issues pertinent to patient care and clinical contexts.Themeslabel Theme I: Personal and Professional Development,Understand,"Apply
You are wrong. The correct answer is ""Evaluate",Evaluate
Determine and articulate the functional and non-functional requirements of a software system based on interaction with stakeholders;,Apply,"Analyze

Learning Outcome: Calculate the time complexity of a",Analyze
"Generate clear, concise and high quality documentation and reports for communication of complex integrated ideas.",Create,"Create

Learning Outcome: Compare and contrast two different machine learning",Create
Have an understanding of the relationship between international environmental law and domestic environmental law,Understand,"Understand

Learning Outcome: Calculate the area under the curve for",Understand
recognise the diverse ways in which the moving image fundamentally differs from written texts;,Remember,"Remember

Learning Outcome: compare and contrast the narrative structures of",Remember
"apply critical thinking, problem solving and presentation skills to deal with debt markets and fixed income securities and demonstrate in an individual summative assessment task the acquisition of a comprehensive understanding of the topics covered by BFC3341.",Apply,"Apply
Evaluate
Create
Apply

Apply

The learning",Create
"Critically summarise the broad principles of perception which apply to all modalities including neuropsychological mechanisms at the level of receptors, pathways, and brain structures; top down and bottom up processing, feature detection and the constructive nature of perception",Create,"Analyze

Learning Outcome: Compare and contrast the effectiveness of",Analyze
"critically reflect on your beliefs, ethical practices and experiences in regard to the subject of English and in regard to your teaching of this subject",Analyze,"Evaluate

Learning Outcome: Solve a complex mathematical problem using calculus",Evaluate
"Determine lift and drag forces on bodies (including motor vehicles) subjected to fluid motion, describing the effects of boundary layer modification and flow separation.",Apply,"Analyze

Learning Outcome: Calculate the lift and drag coefficients",Analyze
"Reflect on and assess their own capabilities and performance, and make use of feedback on performance to support personal and professional development.",Analyze,"Evaluate

Evaluate",Evaluate
Demonstrate a cognitive appreciation of the different taxation treatment of various legal entities and their members;,Understand,"Understand

Learning Outcome: Calculate the depreciation expense for a piece",Understand
"Differentiate key psychological theories related to social behaviour, emotion and motivation and memory.",Analyze,"Analyze

Learning Outcome: Summarize the main points",Analyze
Design and justify a useful and usable interface by applying user-centred design principles;,Evaluate,"Create
Create",Create
"understand the geometry and crystallography of common crystal defects, and their effects on material properties",Understand,Understand,Understand
Observe and apply the OHS requirements of the working environment.,Apply,"Apply

Learning Outcome: Assess the effectiveness of different communication strategies",Apply
demonstrate the ability to select appropriate and culturally sensitive means of assessment for individuals of different ages and deficits or strengths,Apply,"Apply

Learning Outcome: compare and contrast the effectiveness of various",Apply
Identify unsustainable urban policies and practices and suggest effective methods of improving sustainability;,Remember,"Analyze

Learning Outcome: Compare and contrast the effects of",Analyze
Communicate complex information on waves and MHD theory with the use of visualisation methods.,Create,"Apply

Learning Outcome: Compare and contrast the properties of different",Apply
provide practical insights/implications derived from forecasts.,Apply,"Apply

Learning Outcome: Compare and contrast two different forecasting methods",Apply
consider and evaluate research papers presented in the research seminar series,Evaluate,"Evaluate

Evaluate",Evaluate
Know and understand behavioural characteristics of gifted individuals and how that can impact students' learning experiences,Understand,"Understand

Learning Outcome: Calculate the area of a triangle using",Understand
Apply academic and research integrity and governance principles in a workplace setting.,Apply,"Apply

Learning Outcome: Compare and contrast two different machine learning",Apply
Identify the wider concerns of contemporary international art as they are played out in a local context;,Understand,"Analyze
You are wrong. The correct classification is Understand",Analyze
Identify and analyse standardised outcome measures appropriate for assessment of the neonatal and infant population.,Analyze,"Analyze

Learning Outcome: Compare and contrast two different statistical",Analyze
understand how economic theory and data are combined to analyse and frame macroeconomic policies,Understand,Understand,Understand
critically analyse human resource challenges to identify the impact/implications for contemporary Asian businesses,Analyze,"Analyze

Learning Outcome: Develop a marketing strategy for a",Analyze
Investigate outdoor education contexts and your portrayal using a range of environmental and cultural lenses,Analyze,"Analyze

Learning Outcome: Compare and contrast two different approaches",Analyze
Demonstrate advanced scientific report writing and oral presentation skills.,Understand,"Apply

Learning Outcome: Assess the effectiveness of different machine learning",Apply
"Use key ethical and legal principles to discuss and evaluate issues relevant to public health, clinical research practice, and professional standards for patient care.",Understand,"Apply

Learning Outcome: Compare and contrast the effectiveness of different",Apply
Determine the performance of C and/or assembly programs when processing data from peripheral devices.,Apply,"Analyze

Learning Outcome: Compare and contrast the features of",Analyze
Identify and evaluate the tools and styles of electronic music from the twentieth century to today,Understand,"Analyze

Learning Outcome: Compare and contrast the effects of",Analyze
"demonstrate specific content knowledge and practical skills in relation to a number of youth health issues, for example: drug use, food and nutrition, body image, and safety",Apply,"Apply

Learning Outcome: Compare and contrast the effectiveness of different",Apply
Critically analyse organisational and systems governance structures and existing policies that improve the culturally competent health care.,Analyze,"Analyze

Learning Outcome: Develop a new algorithm for data",Analyze
Explain how communicable infections are spread.,Understand,"Understand

Learning Outcome: Calculate the area of a circle given",Understand
Describe approaches to examples of Australian and international television;,Understand,"Remember
You are wrong. The correct classification is Understand.",Understand
Have a functional knowledge of multi-disciplinary teamwork and processes and critically appraise the perspective of other stakeholders.,Understand,"Analyze

Learning Outcome: Construct a detailed project plan for",Analyze
Convey to a non-specialist audience the relevance and value of genetics to human society;,Create,"Understand
```Understand```",Understand
Discuss and critically analyse physiology research papers;,Analyze,"Analyze

Learning Outcome: Calculate the area under the curve",Analyze
Describe ecological applications and processes relating to a range of terrestrial environments;,Understand,"Remember

Learning Outcome: Compare and contrast the impact of urban",Remember
"Further develop independent research skills to find relevant information about an essay topic; organise, synthesise and analyse the information and communicate it in written and oral form.",Analyze,"Analyze

Evaluate the quality of the argument presented in the",Evaluate
Identify the principles of motor skill acquisition across the lifespan;,Remember,"Remember
You are wrong. The correct answer is Understand.",Understand
Intervention strategiesDemonstrate knowledge and some ability toapply intervention strategies associatedwith one theoretical approach with simplepresentations of high prevalence disorders.Students should be able to demonstrate theability to formulate and prepare treatmentplans with their supervisor's assistance.,Apply,"Apply

Learning Outcome: Compare and contrast two different psychological theories",Apply
display proficiency in a variety of media analytical skills and practices; ,Apply,"Apply

Learning Outcome: assess the effectiveness of different media production",Apply
"Identify and describe in detail; structural and sectional anatomy, physiology, pathology and oncology related to the integumentary system, lower respiratory, lower digestive, urinary and renal systems",Understand,"Understand

Learning Outcome: Calculate the probability of a patient having",Understand
Describe the musculoskeletal anatomy related to movement and apply anatomical principles to determine function and common pathology,Understand,"Apply

Now classify this:

Learning Outcome: Compare and contrast",Apply
Plan and apply advanced biochemical laboratory methods to solve problems in cell signalling and demonstrate appropriate methods for data analysis and interpretation;,Apply,"Apply

Learning Outcome: Compare and contrast the molecular mechanisms of",Apply
Understand the range of application areas that analytical chemistry and analytical instrumentation are applied to;,Understand,"Understand
```Understand```",Understand
Identify and assess the effectiveness of strategies to address bullying and to de-escalate violence and aggression in the workplace.,Understand,"Analyze

Learning Outcome: Compare and contrast different approaches to",Analyze
"effectively communicate data analysis, using a blog, reports and presentation",Create,"Apply

Learning Outcome: Compare and contrast two different machine learning",Apply
"Demonstrate an awareness of the principles and values that have shaped the Australian system of government, including representative democracy, the rule of law and human rights",Apply,"Understand

Learning Outcome: Calculate the compound interest on a loan",Understand
"Explain the chemical principles of reactivity and stability of food components, applying these principles to describe functional properties of foods and ingredients including colour and sensory properties and attributes that confer benefit and risk to consumers;",Apply,"Understand
Apply
Understand
Apply
Understand",Apply
Demonstrate sound knowledge of current affairs and debates about the future;,Apply,"Understand

Learning Outcome: Solve a complex mathematical problem using calculus",Understand
Synthesise the epidemiology of traumatic injuries and environmental conditions;,Create,"Create

Learning Outcome: Compare and contrast the effectiveness of different",Create
"Identify, interpret and analyse manufacturing options for simple components primarily from an engineering perspective, but also considering the cost of manufacture.",Remember,"Analyze
```Analyze```",Analyze
understand the concepts of conditional expectation and martingales and their relation to pricing of financial derivatives,Understand,Understand,Understand
Produce 3D models with an increased design intention and creative application;,Create,"Create

Learning Outcome: Compare and contrast two different types of",Create
"Identify and select a range of research methodologies and methods for a specific discipline, issue or topic;",Remember,"Remember
You are wrong. The task requires selecting and just",Remember
"Demonstrate a critical awareness of the capacities, limitations and socio - professional implications of journalistic practices in different media.",Understand,"Analyze

Learning Outcome: Compare and contrast two different approaches",Analyze
"define the purpose and scope of traditional and emerging Human Resource Management (HRM) activities drawing from HRM theory, empirical research and practice",Understand,Understand,Understand
adjust and apply personal cross-cultural competence to culturally diverse settings.,Apply,"Apply

Learning Outcome: Compare and contrast the effectiveness of different",Apply
"Recognise the different theoretical approaches or lenses (such as Marxist or Feminist) through which historians make history, and reconcile that with their own approaches to writing history",Remember,Understand,Understand
explain the key concepts and explore debates in relation to corporate accountability and human rights,Understand,Understand,Understand
Reflect on the importance of ethics and legal matters for geotechnical and geoenvironmental projects.,Analyze,"Understand

Learning Outcome: Compare and contrast the principles of sustainable",Understand
Discuss the importance of data and simulations in science;,Understand,"Understand
```Understand```",Understand
"Reflect upon the development of professional skills gained through the unit and by seeking feedback from industry mentors, peers and academics and acting upon it;",Analyze,"Evaluate
Evaluate",Evaluate
Report the results of environmental analyses in a variety of relevant media;,Analyze,"Apply
```Apply```",Apply
develop analytical skills via understanding the intuition and logic behind theoretical and empirical research in corporate finance and governance,Understand,"Analyze

Learning Outcome: compare and contrast different financial theories",Analyze
Evaluate an interface and interaction design.,Evaluate,"Evaluate

Evaluate",Evaluate
Analyse epidemiological data using statistical software on a laptop computer.,Analyze,"Apply

Learning Outcome: Assess the effectiveness of different public health",Apply
Formulate research hypotheses into a statistical context in public health studies.,Create,"Analyze

Learning Outcome: Compare and contrast two different statistical",Analyze
"Design a research proposal demonstrating an understanding of field-based techniques of survey, analysis and presentation of results;",Create,"Create

Learning Outcome: Compare and contrast two different machine learning",Create
Communicate basic information about themselves and family members,Create,Remember,Remember
use appropriate theories of learning to inform understandings of teaching and learning across schooling contexts.,Apply,"Apply

Learning Outcome: compare and contrast different approaches to teaching",Apply
"Communicate ideas and concepts through the interaction design process of observation, analysis, selection, interpretation and expression to produce comprehensive design solutions;",Evaluate,"Create
Create",Create
Reflect on their own recorded and live performance;,Analyze,"Evaluate
Evaluate",Evaluate
Identify and evaluate the theoretical underpinnings and models of best practice for risk management in the workplace;,Understand,"Analyze

Learning Outcome: Compare and contrast different types of",Analyze
"Interpret passages that are delivered in professional settings, and are of moderate to high levels of difficulty;",Evaluate,Understand,Understand
Recognise and apply leadership principles that support collaborative practice;,Understand,"Apply

Learning Outcome: Assess the effectiveness of different leadership styles",Apply
"Demonstrate a critical awareness of the capacities, limitations and socio-professional implications of reporting practices in arts journalism.",Understand,"Analyze

Learning Outcome: Compare and contrast two different approaches",Analyze
"Interpret, analyse, synthesise and apply the law when located, to solve a legal problem",Apply,"Analyze

Now classify this:

Learning Outcome: Assess the",Analyze
Explain the issues covered in making a submission to an ethics committee for approval of research projects,Understand,Understand,Understand
Display an increasingly personalised expression and sophisticated creative 3D design approach which can be pursued at an advanced stage in subsequent 3D imaging studios;,Apply,"Create
You are wrong. The correct answer is Apply.",Create
"Identify, observe key ethical and legal obligations associated with news reporting, and reflect critically on their own and others' performance in this regard",Remember,"Analyze

Evaluate the following statement: ""The moon orbits",Evaluate
develop an awareness of disciplinary skills and concepts in the arts,Create,"Understand

Learning Outcome: Solve a complex mathematical problem using calculus",Understand
Describe the process of HACCP (Hazard Analysis and Critical Control Points) in food production and supply and design a HACCP plan.,Understand,"Apply

Learning Outcome: Compare and contrast different types of H",Apply
Explain how human pathologies differ from normal organ and physiological systems,Understand,Understand,Understand
demonstrate an understanding of case studies of business failure and success in anticipating disruptions and changing scenarios,Understand,"Understand

Learning Outcome: Develop a new algorithm for predicting stock",Understand
"Demonstrate competence in documenting the research and articulating its significance through sustained critical reflections of the intention, method and outcome of the research;",Apply,"Evaluate
Evaluate",Evaluate
Demonstrate independent research skills to interpret and synthesise relevant legal and policy issues and apply them to a set of facts;,Apply,"Apply

Learning Outcome: Assess the effectiveness of different machine learning",Apply
"Employ clinical and critical decision-making skills to identify, analyse and resolve problems in the mental health practice environment.",Analyze,"Apply

Learning Outcome: Compare and contrast different therapeutic approaches to",Apply
"Critically analyse a range of behaviour issues, and assess behavioural interventions and practices that could be utilised.",Analyze,"Analyze

Learning Outcome: Construct a detailed project plan for",Analyze
explain the social harms and experiences of victimisation that flow from crimes of the powerful;,Understand,Understand,Understand
develop in depth understanding of the microstructures and their development for the most common classes of engineering alloys,Understand,"Understand

Learning Outcome: Calculate the stress-strain relationship for",Understand
Research and critically analyse theoretically informed pedagogical strategies to support children through change and transition,Analyze,"Analyze

Learning Outcome: Develop a lesson plan based on",Analyze
demonstrate an ability to conduct research in asset pricing and investments,Apply,"Apply

Learning Outcome: Compare and contrast different investment strategies based",Apply
"Apply knowledge of recent developments in conventional and Islamic international banking and finance law, and regulation in various situations, including in advising clients.",Apply,"Apply

Learning Outcome: Compare and contrast the principles of conventional",Apply
"Demonstrate an applied knowledge of highprevalence disorders and specialisedknowledge of one or two clinicalpresentations. Demonstrate a coherent andevidence based working model ofpsychopathology and therapy ‚Äê either acomprehensive understanding of onetherapeutic model or integrated use of arange of approaches, and associatedintervention strategies.Themeslabel Knowledge of the discipline",Understand,"Apply

Learning Outcome: Compare and contrast different therapeutic models in",Apply
"Interpret the teaching client's brief and formulate a tailored learning project that specifically meets these desired outcomes, within the available scope.",Evaluate,"Apply

Learning Outcome: Assess the effectiveness of different teaching methods",Apply
"Compare and contrast the microbial pathogenesis, transmission, diagnosis, prevention and treatment of different infections;",Evaluate,Analyze,Analyze
conduct statistical inference in linear regression models with random regressors using the method of moments and the instrumental variables estimators,Analyze,"Apply

Learning Outcome: Compare and contrast the assumptions of linear",Apply
Describe the structure of eukaryotic cells and explain the function of key organelles;,Understand,"Understand

Learning Outcome: Calculate the area of a circle with",Understand
interact with the significant action research theories and contemporary debates in the field through the design of an individual project to apply your skill and knowledge,Apply,"Create

Learning Outcome: Compare and contrast two different machine learning",Create
"Explain the modern ideologies of feminism, environmentalism, and religious fundamentalism;",Understand,"Understand

Learning Outcome: Calculate the area of a circle with",Understand
"articulate how you have extended your current knowledge, skills and abilities needed as a science educator",Understand,"Analyze

Learning Outcome: compare and contrast two different scientific",Analyze
"Organise, analyse and interpret data, using appropriate statistical tests where appropriate.",Analyze,"Analyze

Learning Outcome: Compare and contrast two different machine",Analyze
"Demonstrate the position of international law, in particular human rights law, on climate displacement and the rights of those affected;",Apply,"Apply
```Apply```",Apply
"Apply mass, energy and entropy balances to flow processes.",Apply,"Apply

Apply",Apply
"Demonstrate stagecraft, interaction, artistic expression, and technical proficiency at an advanced level;",Apply,"Apply

Learning Outcome: Compare and contrast the themes of two",Apply
Apply the methodology of political philosophy in answering philosophical questions,Apply,"Apply

Learning Outcome: Assess the effectiveness of different economic policies",Apply
Effectively communicate (verbal and written) aspects of how the body works to peers,Understand,"Apply

Learning Outcome: Compare and contrast the effects of different",Apply
"Synthesise and interpret findings from clinical assessment and diagnostic tests to plan and implement appropriate, evidence-based preventive and/or therapeutic interventions",Evaluate,"Create

Learning Outcome: Compare and contrast the effectiveness of different",Create
develop skills in content selection and curriculum design in the arts,Apply,"Create

Learning Outcome: compare and contrast two different artistic movements",Create
Develop and demonstrate high level skill in writing up the research methods section of a research report;,Apply,"Create
Create",Create
identify and apply prescribed grammatical items;,Apply,"Apply

Learning Outcome: compare and contrast two different programming parad",Apply
"critically evaluate, select, adapt and generate materials and activities relevant to student needs",Evaluate,"Evaluate

Learning Outcome: Solve a real-world problem using a",Evaluate
"Demonstrate an understanding of current trends in health care and how they influence the development, implementation and utilisation of information systems;",Understand,"Understand

Learning Outcome: Calculate the probability of a patient having",Understand
Research independently into relevant domestic and international materials on the regulation of science and technology based on knowledge of appropriate research principles and methods;,Analyze,"Analyze

Learning Outcome: Compare and contrast the ethical implications",Analyze
"Identify and critique programs, interventions and community resources for disease prevention and health promotion appropriate for patients and the community.Themeslabel Theme II: Population, Society, Health and Illness",Understand,"Evaluate

Evaluate",Evaluate
a detailed appreciation of the combinations of mechanical properties exhibited by engineering alloys and how these compare with other materials classes,Understand,"Understand

Learning Outcome: Calculate the stress-strain curve for",Understand
Situate both contemporary and historical Australian art within a wider world context.,Apply,"Analyze

Learning Outcome: Compare and contrast two different artistic",Analyze
"Apply knowledge of the research process from the original idea to hypothesis testing, data collection and analysis/interpretation;",Apply,"Apply
```Apply```",Apply
"Demonstrate high-level skills in data collection, analysis, interpretation and presentation, and combine these in written scientific reports and oral presentations;",Apply,"Apply

Learning Outcome: Compare and contrast different machine learning algorithms",Apply
"Solve astrophysical problems, and complete a range of problem solving tasks by drawing on physical principles.",Apply,"Apply

Learning Outcome: Compare and contrast different theories of black",Apply
Design constructs to alter the expression of specific genes;,Create,"Create

Learning Outcome: Compare and contrast the effectiveness of different",Create
"Interpret and extrapolate sectional anatomical images to topographic anatomy using various methods and techniques such as medical imaging, measurement, drawing, and 3D printing",Evaluate,"Analyze

Learning Outcome: Compare and contrast the effectiveness of",Analyze
Contrast and critique contemporary teaching and learning methods for a range of clinical and academic education contexts.,Evaluate,"Analyze

Evaluate the effectiveness of various teaching strategies in improving",Evaluate
Use appropriate statistical tools to analyse data in reproductive sciences,Apply,"Apply

Learning Outcome: Compare and contrast two different statistical methods",Apply
"Awareness of the range of communicative languages used on stage, and of the critical discourses appropriate to their description and analysis",Understand,"Understand

Learning Outcome: Construct a detailed argument supporting the use",Understand
demonstrate an understanding of the role of the Australian Professional Standards for Teachers inidentifying professional learning needs,Understand,"Understand

Learning Outcome: Calculate the area of a triangle using",Understand
"Analyse, apply and reflect on theories of human communication, empathy, occupational health and radiation safety of the working environment, within a professional standards and ethical/legal context",Apply,"Analyze

Learning Outcome: Evaluate the effectiveness of different communication",Evaluate
Analyse the fundamentals of reactive noise attenuation devices;,Analyze,"Analyze

Learning Outcome: Compare and contrast two different types",Analyze
Recognise and discuss the characteristics of Australia's Vietnamese refugee community;,Understand,"Remember
You are wrong. The correct classification is Understand.",Understand
Articulate the various types of drug interactions of relevance to forensic medicine and their relevance to drug actions.,Understand,"Understand

Learning Outcome: Calculate the area under the curve for",Understand
read around 250 Chinese characters and identify important associated radicals;,Remember,"Remember

Learning Outcome: Compare and contrast the philosophies of",Remember
"Compare different receptor families with regards to endogenous and exogenous ligand characteristics, and how the signal is transduced into a response via different signalling pathways;",Analyze,"Analyze
Analyzing",Analyze
Evaluate the environment within which public transport planning and management is conducted and the fundamentals of public transport policy.,Evaluate,"Evaluate

Evaluate",Evaluate
Understand the types of data required to analyse a planning problem and data collection methods,Understand,Understand,Understand
Demonstrate technical skills in basic laboratory techniques used for the separation and identification of biological molecules and for measuring enzymatic behaviour;,Apply,"Apply

Learning Outcome: Compare and contrast the advantages and disadvantages",Apply
"Developed skill and confidence in applying their theoretical knowledge to the neuropsychological assessment and treatment of individuals with a range of neurological, psychiatric, developmental and general medical issues.",Apply,"Apply

Learning Outcome: Compare and contrast the effectiveness of different",Apply
Plan and execute the assessment and management of an adult patient with a complex illness or injury.,Create,"Apply

Learning Outcome: Compare and contrast the effectiveness of different",Apply
explore contemporary research relating to the role of digital technologies in STEM and consider how these shape Early Childhood education,Analyze,"Analyze

Learning Outcome: compare and contrast the effectiveness of",Analyze
Evaluate improper integrals of elementary functions and use integration by parts.,Evaluate,"Evaluate

Evaluate",Evaluate
Demonstrate project management skills;,Apply,"Apply

Learning Outcome: Compare and contrast two different programming languages",Apply
Explain query optimisation and its impact on multi-dimensional design;,Understand,"Understand

Learning Outcome: Develop a program that uses machine learning",Understand
Select and apply appropriate protocols to ensure safety and environmental protection.,Apply,"Apply

Learning Outcome: Compare and contrast the effectiveness of different",Apply
Demonstrate competence in the application of the micro skills common to effective social work practice across a range of diverse service contexts and fields of practice,Apply,"Apply

Learning Outcome: Compare and contrast the strengths and weaknesses",Apply
Apply the stiffness method of matrix structural analysis.,Apply,"Apply

Apply",Apply
Show sensitivity to the latest aesthetic thinking and material technologies in the area of study;,Apply,"Understand

Learning Outcome: Compare and contrast two different approaches to",Understand
Analyse different Micro and Nanotechnologies techniques.,Analyze,"Analyze

Learning Outcome: Compare and contrast the advantages and",Analyze
"Demonstrate the ability to determine the nutritional status of individual, household and population via utilization of nutritional assessment and history taking skills.",Apply,"Apply

Learning Outcome: Compare and contrast the effectiveness of different",Apply
demonstrate an understanding of prevention science and data-based decision-making,Understand,"Understand

Learning Outcome: Solve a real-world problem using statistical",Understand
Apply cost-benefit analysis principles to transport decision-making applications;,Apply,"Apply

Learning Outcome: Compare and contrast the strengths and weaknesses",Apply
Conduct research into the dispute resolution in international commerce to create new understandings of key developments that contribute to professional practice or scholarship based on knowledge of appropriate research principles and methods,Apply,"Analyze

Learning Outcome: Develop a comprehensive report on the",Analyze
"identify, evaluate and critically review aspects broader than only financial aspects (such as environmental, social, economic and governance) in management decision making",Remember,"Evaluate

Evaluate",Evaluate
"Evaluate the principles of Image-Guided Radiotherapy, describing the instrumentation and equipment used;",Evaluate,"Evaluate
Evaluate",Evaluate
Demonstrate the ability to critically analyse literary texts;,Analyze,"Analyze

Learning Outcome: Summarize the main points",Analyze
Evaluate how dominant ideas and assumptions about cultural diversity are created and reinforced;,Evaluate,"Evaluate
Evaluate",Evaluate
operate independently and responsibly in a different cultural context.,Apply,"Apply

Learning Outcome: Compare and contrast two different approaches to",Apply
understand the fundamentals and concepts of social entrepreneurship,Understand,Understand,Understand
Justify the selection and promotion of strategic quality management systems to support continuous improvement practice,Evaluate,"Evaluate

Evaluate",Evaluate
Comprehend and use a wide range of authentic Japanese materials;,Understand,"Understand

Learning Outcome: Solve a complex engineering problem by applying",Understand
Critically review research methods and evidence models most appropriate within a recovery paradigm.,Analyze,"Evaluate

Evaluate",Evaluate
Work autonomously with accountability and professional responsibility.,Apply,"Apply

Learning Outcome: Compare and contrast two different programming languages",Apply
Effectively communicate community planning concepts and strategies,Create,"Apply

Learning Outcome: Assess the impact of different urban planning",Apply
Understanding of processes leading to finalisation of data sets prior to analysis.,Understand,"Understand

Learning Outcome: Calculate the mean, median, and",Understand
Apply and critique various research approaches,Apply,"Apply

Evaluate the performance of different machine learning models on a",Evaluate
"Use cognitive, technical and creative skills to generate and evaluate at an abstract level complex ideas and concepts relevant to cross-border commercial transactions and specialized types of contracts.",Apply,"Create

Learning Outcome: Compare and contrast the legal frameworks governing",Create
Communicate critical arguments pertaining to a neurological/ neuropsychiatric disorder research question to a professional audience.,Create,"Evaluate

Learning Outcome: Calculate the area under the curve for",Evaluate
Design and analyse sampling programs to examine the flora and fauna of aquatic habitats and to assess changes;,Analyze,"Create
Label: Analyze
Label: Create
Label",Create
"develop capabilities to be future generators of sustainable economic, social and environmental value for business.",Apply,"Create

Learning Outcome: assess the impact of different marketing strategies",Create
"Demonstrate skills in the organisation, analysis and interpretation of data according to accepted scientific research standards;",Apply,"Apply

Learning Outcome: Compare and contrast two different machine learning",Apply
Formulate various methods for corrosion protection and mitigation and assess their efficacy in real world applications.,Create,"Analyze

Learning Outcome: Compare and contrast the principles of",Analyze
demonstrate an understanding of appropriate research methodologies in inclusion research and/or research in applied behaviour analysis,Understand,"Understand

Learning Outcome: Construct a detailed proposal for a new",Understand
Comprehend the business practice associated with graphic design and multimedia professions;,Understand,"Understand

Learning Outcome: Construct a website from scratch using HTML",Understand
Critically reflect on the ethical and societal aspects of food processing.,Analyze,"Evaluate

Evaluate",Evaluate
understand the implications of sustainability for organisational survival and the role that operations plays in facilitating sustainability,Understand,Understand,Understand
An enhanced capacity to formulate and research communication issues;,Create,"Analyze

Learning Outcome: Compose a persuasive argument on",Analyze
Use key ethical and legal principles to discuss issues pertinent to health care and clinical contexts.,Understand,"Apply

Learning Outcome: Compare and contrast two different types of",Apply
Design shallow foundations on complex ground profiles using site specific material properties and satisfying limit states requirements.,Create,"Create

Learning Outcome: Calculate the moment of inertia for a",Create
"apply critical thinking, problem solving and presentation skills to individual and/or group activities dealing with financial accounting and demonstrate in an individual summative assessment task the acquisition of a comprehensive understanding of the topics covered by ACS2740.",Apply,"Apply
Apply
Evaluate
Create
Apply
Create",Create
"Demonstrate understanding of a specialist application of interior architecture, with particular reference to relevant contemporary interior, environmental and architectural design and discourse; and the complexity of human needs that this interior architecture application addresses;",Understand,"Understand

Learning Outcome: Solve a complex engineering problem by applying",Understand
Communicate effectively and persuasively their understanding of research findings.,Create,"Evaluate

Evaluate",Evaluate
Knowledge of a range of methodological approaches that have been used to examine this issue;,Remember,"Remember
You are wrong. The correct answer is Understand.",Understand
identify sources of connectedness in a complex economy-society-planet system through an economic lens,Remember,Analyze,Analyze
negotiate effectively in a team setting,Analyze,"Apply

Learning Outcome: compare and contrast two different programming languages",Apply
Conduct research in the empirical and legal bases of issues in economic globalisation and its institutions;,Apply,"Analyze

Learning Outcome: Summarize the key points",Analyze
Synthesise information from a range of sources in order to respond persuasively to a range ofprivacy issues emerging from the use of digital technologies.,Create,"Create

Learning Outcome: Compare and contrast two different approaches to",Create
Identify key issues and demonstrate skills in working effectively with clients in health and mental health settings;,Apply,"Apply

Learning Outcome: Compare and contrast different types of psychological",Apply
"Express complex and independent analytical and critical thinking, and produce clear, original and coherent accounts of theories, knowledge and logical argument",Apply,"Analyze

Learning Outcome: Assess the effectiveness of different machine",Analyze
"critique the question of gender, literary production and literary value;",Evaluate,"Evaluate

Learning Outcome: compare and contrast two different theories of",Evaluate
Recognise the centrality of language and literacy in mediating learning in and out of school and the importance of ties between home and school practices,Remember,"Remember

Learning Outcome: Compare and contrast different theories of language",Remember
"critically analyseand reflexively deploythe principles of 'the public right to know', 'freedom of expression' and 'access to information' in an international and cross-cultural context;",Analyze,"Analyze

Learning Outcome: Construct a detailed proposal for a",Analyze
"Analyse, synthesise and construct arguments from a range of published sources;",Analyze,"Analyze
Evaluate
Create
Apply
Understand",Create
critique a range of texts in contemporary Chinese;,Evaluate,"Evaluate

Evaluate",Evaluate
"critically analyse the impact of contemporary issues on policy, curriculum and pedagogy in relation to health education in schools",Analyze,"Analyze

Learning Outcome: Develop a lesson plan that integrates",Analyze
Critically appraise the evidence available regarding the efficacy of the approaches to psychological interventions;,Evaluate,"Evaluate

Evaluate",Evaluate
Developed an informed critical perspective on modernism as a term of periodisation;,Understand,"Evaluate
Evaluate",Evaluate
"Create engineering drawings used in the detailed design stage including P&I Diagrams, Equipment Datasheets, General Arrangement Drawings and a site Plot Plan.",Create,"Create

Learning Outcome: Calculate the time constant of an RC",Create
"Understand, discuss and analyse the ways in which selected French films reflect on and interpret social and cultural issues in contemporary France",Understand,"Analyze

Learning Outcome: Create a detailed business plan for",Create
"Conduct research in the law relating to the protection of workplace rights, including the right to bargain collectively and the freedom to choose whether or not to join a union, in the comparator jurisdictions",Apply,"Analyze

Learning Outcome: Compare and contrast the legal frameworks",Analyze
Apply knowledge of the history of the interpreting profession in Australia and worldwide to their interpreting practice,Apply,"Apply

Learning Outcome: Assess the effectiveness of different interpreting techniques",Apply
Analyse critically complex problems associated with hospital and nurse leadership responses to local disasters and major incidents.,Analyze,"Analyze

Learning Outcome: Summarize the key points",Analyze
Know features of different equipment and machinery used in geotechnical construction,Understand,"Remember

Learning Outcome: Compare and contrast the advantages and disadvantages",Remember
identify a research project on a significant issue in the field management,Analyze,"Remember

Learning Outcome: compare and contrast two different management theories",Remember
"Demonstrate understanding of fundamental legal challenges created by the intersection ofethical, policy and governance mechanisms in the context of digital technology.",Understand,"Understand

Learning Outcome: Develop a comprehensive report analyzing the impact",Understand
identify suitable qualitative and quantitative indicators of financial institutions' performance,Remember,"Remember

Learning Outcome: compare and contrast different financial models",Remember
Demonstrate a basic knowledge of the history and theory of post 1968 architecture;,Understand,"Remember

Learning Outcome: Compare and contrast the architectural styles of",Remember
Show awareness of a range of environmental problems;,Apply,"Remember

Learning Outcome: Compare and contrast different types of renewable",Remember
Select appropriate statistical analyses for a range of research designs.,Analyze,"Apply

Learning Outcome: Compare and contrast the strengths and weaknesses",Apply
To conduct digital image processing and analysis using a digital image processing system to extract information.,Analyze,"Apply

Learning Outcome: To compare and contrast two different image",Apply
"Recognise and discuss communication as an active production and negotiation of meanings, not just the transmission of information;",Understand,"Understand

Learning Outcome: Solve a real-world problem by applying",Understand
"identify, select and apply frameworks and techniques to analyse specific business cases",Remember,"Apply

Learning Outcome: assess the effectiveness of different marketing strategies",Apply
Demonstrate legal research and reasoning skills and professional judgement to generate appropriate responses to complex legal problems;,Apply,"Apply

Learning Outcome: Compare and contrast different types of legal",Apply
Describe the theories in Sociology of development;,Understand,"Remember

Learning Outcome: Compare and contrast different theories in the",Remember
develop the effective use of basic counselling skills,Create,"Apply

Learning Outcome: assess the effectiveness of different counseling techniques",Apply
To explore in depth the way in which people describe their relationship with country,Analyze,"Analyze

Learning Outcome: To compare and contrast two different",Analyze
acquire proficiency in handling optimisation problems and have a basic understanding of general equilibrium analysis.,Understand,"Apply

Learning Outcome: compare and contrast different types of economic",Apply
"Analyse the historical development of a technological innovation and its role in shaping science, art and culture;",Analyze,"Analyze

Learning Outcome: Compare and contrast two different programming",Analyze
"Demonstrate an ability to report in a clear, concise, factual way using news conventions in at least two media",Apply,"Apply

Learning Outcome: Compare and contrast the effectiveness of different",Apply
Apply experimental and computer-based control techniques.,Apply,"Apply

Apply",Apply
"Use sophisticated tools from measure theory in various areas of Mathematics (e.g. partial differential equations, geometric analysis, dynamical systems, general relativity, probability theory).",Apply,"Apply

Learning Outcome: Compare and contrast different methods for solving",Apply
"The ability to critically analyse and evaluate, from a comparative perspective, national, regional and international responses to specific forms of cybercrime;",Analyze,"Evaluate

Learning Outcome: The ability to critically analyse and evaluate",Evaluate
"report in a clear, concise, accurate and engaging way using a variety of audiovisual elements and narrative conventions in a video environment;",Create,"Create
Create",Create
"Critically reflect on your beliefs, attitudes and experiences of outdoor and environmental studies in shaping your educational philosophy, appropriate to curriculum and context.",Analyze,"Evaluate

Learning Outcome: Calculate the area of a triangle given",Evaluate
Analyse the role of feedback in learning;,Analyze,"Analyze

Learning Outcome: Compare and contrast two different machine",Analyze
demonstrate the intellectual and practical skills needed to interpret legal conclusions and professional decisions,Apply,"Analyze

Learning Outcome: compare and contrast the principles of",Analyze
Critically analyse the challenges and opportunities for integrating health promotion into contemporary practice in occupational therapy.,Analyze,"Analyze

Learning Outcome: Develop a research proposal for investigating",Analyze
Write a research-grade laboratory record of an experiment session.,Create,"Create

Learning Outcome: Compare and contrast two different algorithms for",Create
Contribute to debate about reform of the Victorian Charter,Evaluate,"Create

Learning Outcome: Calculate the area under the curve for",Create
Describe the asymptotic behaviour of time averages for stationary processes,Understand,Understand,Understand
"Convey the basic concepts of climate change, its impacts and possible responses to diverse audiences.",Create,"Understand

Learning Outcome: Develop a predictive model to forecast future",Understand
"Demonstrate a high-level of understanding of the key theoretical and practical aspects of their area of study, including to have gained insight into the breadth and diversity of the specific discipline and its place within the broader scope of science;",Understand,"Understand

Learning Outcome: Solve a complex real-world problem by",Understand
Demonstrate an understanding of film narrative and be capable of analyse its technical features;,Understand,"Understand

Learning Outcome: Construct a detailed budget plan for a",Understand
critically analyse the make-up of different start-ups through case studies and site visits,Analyze,"Analyze

Learning Outcome: Develop a new algorithm for data",Analyze
Appraise peer quality improvement programs using an evidence based evaluation tool,Evaluate,"Evaluate

Evaluate",Evaluate
"Formulate an approximate solution to an engineering problem using a CFD package, with appropriate selection of boundary conditions, grid size and turbulence model.",Create,"Apply

Learning Outcome: Compare and contrast the performance of different",Apply
"Demonstrate an ability to report on business, industrial, economic issues in a clear, concise, factual manner using several elements in a coherent package;",Apply,"Apply
Apply",Apply
critically examine and discuss the role of the adult in child-led play-based learning contexts.,Understand,"Analyze

Evaluate the following statement: ""The effectiveness of",Evaluate
"Critically evaluate information on climate change, climate change impacts and responses from a variety of sources including scientific reports, blogs and the media;",Evaluate,"Evaluate
Evaluate",Evaluate
Critically read and interpret literary texts ;,Understand,"Analyze

Learning Outcome: Summarize the main points",Analyze
be able to effectively and critically explore problem spaces,Analyze,"Analyze

Learning Outcome: compare and contrast two different machine",Analyze
Identify and describe the principles of Patient Safety;,Understand,"Understand

Learning Outcome: Calculate the area under the curve for",Understand
evaluate key elements of modern and contemporary France and its culture;,Evaluate,"Evaluate

Evaluate",Evaluate
Discuss key debates from a gendered perspective within and across disciplines;,Understand,"Analyze

Learning Outcome: Compare and contrast two different approaches",Analyze
Formulate and communicate a statistical analysis plan,Create,"Analyze

Learning Outcome: Compare and contrast two different machine",Analyze
Incorporate human and environmental health considerations in urban design frameworks and practice;,Create,"Apply

Learning Outcome: Compare and contrast the effectiveness of different",Apply
"apply key marketing concepts, tools, and techniques to a range of marketing problems",Apply,"Apply

Learning Outcome: assess the effectiveness of different marketing strategies",Apply
Explain the historical context of modern Korean literature;,Understand,"Understand
```Understand```",Understand
Describe the physical basis of selected spectroscopic techniques (primarily mass spectrometry and nuclear magnetic resonance) and explain their role in the identification of drug molecules.,Understand,"Understand

Learning Outcome: Develop a new algorithm for predicting molecular",Understand
An ability to evaluate theories of crime and their applicability to contemporary society;,Evaluate,"Evaluate
```Evaluate```",Evaluate
identify management strategies for dealing with employee relations in Australian workplaces and those in other countries,Remember,"Remember

Learning Outcome: Compare and contrast the effectiveness of different",Remember
"Apply a range of engagement techniques in diverse communities, including Indigenous communities",Apply,"Apply

Learning Outcome: Assess the effectiveness of different engagement techniques",Apply
"Develop an awareness of preferred approaches to complex tasks, and ways these may be extended through Design Thinking.",Create,"Understand

Learning Outcome: Construct a detailed project plan for implementing",Understand
"describe a range of strategies for involving parents/carers in children's literacy learning and for working with them effectively, sensitively and confidentially.",Understand,"Understand

Learning Outcome: Calculate the area of a circle given",Understand
"Critically reflect on the historical development of the interaction design field from technological, socio-cultural and design practice perspectives;",Analyze,"Analyze

Learning Outcome: Compare and contrast two different machine",Analyze
Prove elementary theorems by induction and by construction.,Analyze,"Analyze

Learning Outcome: Compare and contrast two different sorting",Analyze
"Identify and explain core attitudes, values and practices of academic culture and how academic writing reflects these;",Remember,"Understand

Learning Outcome: Develop a research proposal based on a",Understand
Demonstrate an understanding of professional ethics in relation to architectural practice;,Understand,"Understand

Learning Outcome: Solve a complex engineering problem using appropriate",Understand
"Formulate hypotheses, collect experimental data and demonstrate proficiency in interpreting their results;",Apply,"Apply

Learning Outcome: Compare and contrast the effectiveness of different",Apply
Analyse the principles of ethical research conduct and discuss their application in practice.,Analyze,"Analyze

Learning Outcome: Evaluate the effectiveness of different machine",Evaluate
Have a thorough understanding of the history and development of ancient Greek or Latin language,Understand,"Understand

Learning Outcome: Solve a complex algebraic equation using",Understand
"Demonstrate delivery of non-credentialed activities under direct supervision, by applying the knowledge and skill gathered from units over the duration of the courseThemeslabel Experiential Placements ",Apply,"Apply
You are a strict Bloom's Taxonomy classifier.",Apply
Compare and contrast different developmental model systems;,Evaluate,"Analyze

Learning Outcome: Calculate the mean squared error of",Analyze
Describe soil and land management issues in the context of both longer-term environmental change and current environmental change.,Understand,"Understand

Learning Outcome: Calculate the area of a triangle using",Understand
Identify and evaluate the theoretical and policy concerns underpinning the patent system and its relationship with trade secret protection;,Understand,"Analyze

Learning Outcome: Compare and contrast the features of",Analyze
Systematically Interpret common ECGs and relate waveform morphology to the underlying structure and function of the heart;,Evaluate,"Analyze

Learning Outcome: Compare and contrast the effectiveness of",Analyze
"Describe levels of research evidence, methods of study design and sources of bias in research and design electronic database searches to identify the best evidence.",Understand,"Remember

Learning Outcome: Compare and contrast different types of machine",Remember
"Apply appropriate theories to effectively design solid-state lighting or SSL systems, including the visual and non-visual effects, colour spaces, quality metrics, efficiency, LED characteristics and other aspects such as LED drivers, spectral sensors, smart lighting control and visible light communications of Li-Fi.",Apply,"Apply

Learning Outcome: Evaluate the effectiveness of different lighting designs",Evaluate
Analyse the complex underlying causes of global health challenges;,Analyze,"Analyze

Learning Outcome: Compare and contrast two different approaches",Analyze
"Employ harm minimisation strategies to reduce harm to patients, the public and the community from misuse of legal and illegal drugs.",Apply,"Apply

Learning Outcome: Compare and contrast the effectiveness of different",Apply
apply analytical techniques to a variety of problems in corporate financial management,Apply,"Apply

Learning Outcome: evaluate the effectiveness of different investment strategies",Evaluate
"Plan, implement and evaluate a group education session;",Evaluate,"Apply
Apply",Apply
"communicate (listen, speak, read and write) competently on a range of topics relevant to Italian society;",Create,"Understand

Learning Outcome: Solve a complex mathematical problem using calculus",Understand
Describe recent advances in genetic knowledge gained from genomic analysis of species ranging from unicellular to multicellular organisms.,Understand,"Remember

Learning Outcome: Compare and contrast the structure and function",Remember
the ability to apply the principles and practice of journalism that they have learnt in their undergraduate studies;,Apply,"Apply

Learning Outcome: the ability to evaluate the credibility of",Evaluate
Develop and utilise research skills in the following areas: advanced online searching; documentation management; data collection methods and analysis;,Apply,"Apply

Learning Outcome: Compare and contrast the effectiveness of different",Apply
devise an action research project which synthesizes and applies knowledge to your own professional practice and research scholarship in education,Create,Create,Create
Produce essays and reports that present a critical argument and adhere to the conventions of academic presentation.,Create,"Create

Learning Outcome: Compare and contrast two different programming languages",Create
Describe and evaluate how the relationship between pharmacokinetics and pharmacodynamics determines the time-course of drug response,Evaluate,"Analyze

Evaluate the effectiveness of different teaching methods in improving",Evaluate
"Explain, derive and use earthquake response spectra.",Understand,"Understand

Evaluate the given learning outcome based on Bloom's Tax",Evaluate
Explain the basis of designs or art or craft objects not merely as the outcome of practical constraints but the expression of cultural values.,Understand,"Understand

Learning Outcome: Compare and contrast the use of color",Understand
"Understand the nature, identification, accommodations and interventions associated with learning difficulties and exceptional abilities",Understand,Understand,Understand
Discuss contemporary issues facing governments seeking to regulate human behavior;,Understand,"Understand

Learning Outcome: Calculate the probability of an event using",Understand
"Correlate the appropriate equipment, advanced MRI imaging sequence and post processing techniques with the clinical indications, patient preparation and positioning methods to include a variety of body areas.",Analyze,"Apply

Learning Outcome: Compare and contrast the effectiveness of different",Apply
"Use cognitive, technical and creative skills to evaluate complex ideas, concepts and systems relevant to online dispute resolution",Evaluate,"Evaluate

Learning Outcome: Develop a new algorithm for solving a",Evaluate
identify and use prescribed grammatical items;,Remember,"Apply

Learning Outcome: compare and contrast the themes of two",Apply
Recognise issues of cultural context and ethical principles in data collection and interpretation.,Remember,"Remember

Learning Outcome: Interpret the results of a statistical analysis",Remember
Appreciate the land surface-ocean-atmosphere interactions and how they affect the weather and climate of southern Africa;,Understand,"Understand
```Understand```",Understand
Discuss pharmacological options in the treatment of specific disorders and disease states across the lifespan,Understand,"Understand

Learning Outcome: Calculate the dosage of a medication based",Understand
"Investigate, analyse and synthesise complex information, problems, concepts and theories in relation to the history and policy of the personal property securities legislation and the scope of the Act and the policy and function of registration;",Analyze,"Analyze
Evaluate
Analyze
Understand
Apply",Evaluate
Identify and evaluate methodologies appropriate to philosophy or historical studies;,Understand,"Evaluate
Evaluate",Evaluate
"communicate your understanding of PBS through a presentation, which reveals your awareness and skill in devising PBS programs and supports for schools",Create,"Create

Learning Outcome: compare and contrast two different approaches to",Create
Assess the relevance of current and emerging theories of mental health and recovery to social work practice.,Evaluate,"Evaluate

Evaluate",Evaluate
Analyse the mode of corrosion occurring as a result of various material and environment combinations. Apply practical and relevant engineering solutions to a corrosion remediation scenario.,Apply,"Analyze
Apply",Analyze
Analyse the strength and stiffness of composite laminate structures.,Analyze,"Analyze

Learning Outcome: Calculate the stress and strain in",Analyze
Conceptualise inductive and deductive approaches related to the theory and practice of literary translation studies.,Understand,"Understand

Learning Outcome: Construct a detailed plan for a research",Understand
analyse macroeconomic issues using formal language,Analyze,Analyze,Analyze
Show how ligands can recognize and modify DNA tertiary structure and link this with an ability to cite examples of how compounds acting at oligonucleotides function as therapeutics,Apply,"Apply

Learning Outcome: Compare and contrast the mechanisms of action",Apply
"Studied in depth some cases of cultural production and its local consumption, and critically analysed web-based and mass media material relating to these case studies;",Analyze,"Analyze

Learning Outcome: Created a new algorithm for optimizing",Analyze
"Develop knowledge and understanding of the practical, technical and management issues associated with the design and conduct of a research project;",Understand,"Understand

Learning Outcome: Construct a detailed proposal for a research",Understand
Apply a range of analytical and practical approaches to screen translation;,Apply,"Apply
Apply",Apply
Demonstrate a profound understanding of abstract concepts in group theory;,Understand,"Understand

Learning Outcome: Solve a complex mathematical problem using advanced",Understand
Articulate the concept of stationary time series;,Understand,Understand,Understand
Demonstrate skills in solving engineering problems related to design and operation of separation processes and unit operations.,Apply,"Apply

Learning Outcome: Compare and contrast the advantages and disadvantages",Apply
"Articulate and critically examine the purposes and scope of the fundamental constitutional rules that govern the relationships between Parliament, the executive and the judiciary",Understand,"Analyze

Evaluate the following statement: ""The Supreme Court",Evaluate
Describe and explain the components of a chemical business and show understanding of the economic drivers (including regulatory) for the industry;,Understand,"Understand

Learning Outcome: Calculate the break-even point for a",Understand
Demonstrate an appreciation of the centrality of skills development in academic excellence;,Apply,"Understand

Learning Outcome: Solve a complex mathematical problem using calculus",Understand
"use an appropriate statistical package for analysing research data, such as the Statistical Package for the Social Sciences (SPSS)",Apply,"Apply

Learning Outcome: compare and contrast the results of two",Apply
"Understand and apply essential features of English usage (grammar and structure) in writing and editing documents, and oral communication in class groups;",Apply,"Understand

Learning Outcome: Solve a real-world problem by applying",Understand
Examine the process and approach to evidence-based practice for strategic planning and leadership to improve literacy outcomes.,Analyze,"Analyze

Learning Outcome: Summarize the key components",Analyze
Understand several real-world applications of graph theory.,Understand,"Understand

Learning Outcome: Develop a new algorithm for solving a",Understand
Discuss the molecular basis of a wide range of techniques for gene manipulation and genomic and proteomic analysis;,Understand,"Understand

Learning Outcome: Construct a detailed flowchart representing the",Understand
Apply advanced knowledgefrom functional neuroanatomyof the major cognitive domainsto neuropsychologicalsyndromes and cases.,Apply,"Apply

Learning Outcome: Compare and contrast the effects of different",Apply
Developed their research and presentation skills on tourism related subjects.,Create,"Apply

Learning Outcome: Compare and contrast two different economic theories",Apply
Describe and apply the concept of sustainability to urban form and function;,Apply,"Apply

Learning Outcome: Assess the impact of different urban planning",Apply
Explain their ideas and justify their conclusions in oral and written contexts.,Understand,"Understand

Learning Outcome: Solve a complex mathematical problem using calculus",Understand
"analyse, synthesise and evaluate contemporary performance management systems (PMS) and the role played by PMS in strategy formulation and decision making",Analyze,"Analyze

Learning Outcome: design a new algorithm for optimizing",Analyze
"Perform in a variety of contexts, through individual lessons (singular learning), ensembles (interaction) and performance classes (dissemination) that synthesises technical skills developed in ATS1044;",Create,"Apply

Learning Outcome: Compare and contrast the effectiveness of different",Apply
Research and critically assess the existing context and the opportunities for the development of national and international laws to promote a global green economy,Analyze,"Evaluate

Evaluate",Evaluate
highlight when and why different inferential methods are needed,Evaluate,"Understand

Learning Outcome: Calculate the mean squared error of a",Understand
"Describe the underlying neuropathological consequences of neurodevelopment disorders, such as autism, dyslexia, Tourette's syndrome, attention deficit hyperactivity disorder, and obsessive compulsive disorder.",Understand,Understand,Understand
Analyse and evaluate historical aspects of psychiatry in the context of current day practice.,Analyze,"Analyze

Learning Outcome: Summarize the key points",Analyze
"Implement competent psychiatric assessment, interviewing and diagnostic investigation of infants, children and adolescents, attending to family, school, out-of-home care and systems issues with cultural sensitivity, professionalism and insight into complex ethical dimensions that exist in child and adolescent psychiatry.",Apply,"Apply

Learning Outcome: Compare and contrast different theories of child",Apply
communicate an understanding of factors and processes that influence national systems of employment regulation,Understand,"Understand

Learning Outcome: Solve a complex optimization problem using linear",Understand
"apply theoretical knowledge to real-world examples of social entrepreneurship, innovation and design;",Apply,"Apply

Learning Outcome: assess the effectiveness of different marketing strategies",Apply
"Critically evaluate the law relating to corporations in a broader regulatory, social or economic context;",Evaluate,"Evaluate
Evaluate",Evaluate
Outline the main statistical methods that will be used in their research project and demonstrate competency in using the software programs required for these analyses,Apply,"Apply

Learning Outcome: Compare and contrast the effectiveness of different",Apply
"understand both childhood and adolescence (P-12) as periods of diverse individual development,behaviours and relationships in society",Understand,Understand,Understand
"Investigate and communicate appropriate professional knowledge and practices relevant to a defined problem, by completing individual and group-based tasks.",Analyze,"Analyze

Learning Outcome: Compare and contrast two different machine",Analyze
Demonstrate an advanced understanding of physics and related disciplines;,Understand,"Understand

Learning Outcome: Solve a complex physics problem using multiple",Understand
develop skills for analysing a retail business,Analyze,"Analyze

Learning Outcome: compare and contrast two different marketing",Analyze
Further develop oral skills in legal argumentation in class discussions.,Create,"Apply

Learning Outcome: Compare and contrast the legal systems of",Apply
"Demonstrate a detailed understanding of contemporary, experimental art and performance practice which centres on the body;",Understand,"Understand

Learning Outcome: Solve a complex mathematical problem using calculus",Understand
Use practical skills to computationally model astrophysical systems.,Apply,"Apply

Learning Outcome: Compare and contrast the effectiveness of different",Apply
"Perform intermediate technical work, with growing control of rhythm, articulation, timbre and intonation (where applicable) and dexterity;",Apply,"Apply

Performing intermediate technical work involves applying learned skills in",Apply
formulate and solve simple optimization problems,Apply,"Apply

Learning Outcome: Compare and contrast the performance of different",Apply
Write a report targeted at influencing external stakeholders;,Create,"Create
Create",Create
"Apply visual communication, graphic design and page layout skills to publication projects that emulate advertising industry standards;",Apply,"Apply
```Apply```",Apply
"Evaluate addressing and routing algorithms, and strategies used in the transport of data packets in the Internet.",Evaluate,"Evaluate

Evaluate",Evaluate
"Evaluate relevant quantitative and qualitative research methods for understanding contemporary media audiences, users and consumers;",Evaluate,"Evaluate

Learning Outcome: Construct a detailed project plan for a",Evaluate
Synthesise this knowledge to program simple numerical models relevant to heat transfer and fluid flow.,Create,"Create

Learning Outcome: Compare and contrast the efficiency of different",Create
produce a news package using Adobe products.,Create,"Apply

Learning Outcome: assess the credibility of a news source",Apply
"Demonstrate an awareness of local, national and international people and events relevant to current issues and media issues",Apply,Understand,Understand
critically analyse health and physical education curriculum and practice,Analyze,"Analyze

Learning Outcome: compare and contrast different types of",Analyze
understand the foundations of finance and be able to apply pricing models to the valuation of equity and debt instruments in global markets,Understand,"Understand

Learning Outcome: design a financial strategy for a company",Understand
Investigate methods that are appropriate for the realisation software security;,Analyze,"Analyze
```Analyze```",Analyze
Critically evaluate issues related to professional practice in public health,Evaluate,"Evaluate

Evaluate",Evaluate
"estimate, interpret and utilise models of investments returns, term structure of interest rates, and credit risk models",Evaluate,"Apply

Learning Outcome: Compare and contrast different investment strategies based",Apply
"Outline the investigative and creative steps taken in the design process and have a critical understanding of how the chosen method fits alongside other paradigms of art, design and social inquiry.",Apply,"Analyze

Evaluate the following statement: ""The effectiveness of",Evaluate
Critically appraise research and evidence and examine approaches of research translation in clinical settings.,Analyze,"Evaluate

Evaluate",Evaluate
"Communicate ideas relating to the protection of intellectual property rights to a specified audience in ways that are effective, appropriate and persuasive",Create,"Apply

Learning Outcome: Assess the impact of intellectual property laws",Apply
Communicate resolution of the project with high quality presentations and professional level technical documentation;,Create,"Apply
Apply",Apply
"Work independently, innovatively and collaboratively in learning and production processes, including online forums, to produce sport reports to deadlines and under pressure.",Create,"Apply

Learning Outcome: Compare and contrast the effects of different",Apply
"Apply knowledge and understanding of recent developments in relation to legal principles relevant to the modern workplace which has been affected by changes in information technology and electronic methods of communication, with creativity and initiative to new situations in professional practice and/or for further learning",Apply,"Apply

Learning Outcome: Assess the effectiveness of different conflict resolution",Apply
"Deploy an appropriate combination of knowledge, research, statistical and analytical methods, and creativity to conceive, design and develop solutions to complex engineering problems.",Create,"Create

Learning Outcome: Compare and contrast the performance of different",Create
Demonstrate the ability to communicate nutrition program design in written and oral formats.,Apply,"Apply

Learning Outcome: Compare and contrast the nutritional needs of",Apply
Formulate complex problems using appropriate graph-theoretic terminology.,Create,"Apply

Learning Outcome: Compare and contrast the efficiency of different",Apply
"critically engage with issues and debates surrounding digital technology in education, including health, equity, ethical and legal implications.",Evaluate,"Evaluate

Learning Outcome: Calculate the mean squared error of a",Evaluate
"Review and evaluate the practical applications, experimental procedures and research directions and goals associated with the above social psychology and personality theories.",Analyze,"Evaluate

Evaluate",Evaluate
"Describe the principles of supramolecular self-assembly, polymer synthesis and smart coatings.",Understand,"Remember

Learning Outcome: Compare and contrast the mechanisms of sup",Remember
Analyse and evaluate theory and research underlying risk assessment models;,Analyze,"Analyze
Evaluate",Evaluate
understand the rationale for using a systems of support framework to improve equity and inclusion within a school or a school system,Understand,Understand,Understand
"Understand and apply principles of design constraints, mapping and affordances;",Apply,"Understand

Learning Outcome: Compare and contrast different types of machine",Understand
propose adequate policies that are different when network effects matter and when they do not,Create,"Create

Learning Outcome: compare and contrast the features of two",Create
"Explain and describe the cell structure and function of viruses, prokaryotes and eukaryotes and how they differ from one another.",Understand,"Understand

Learning Outcome: Calculate the pH of a solution given",Understand
Manage the distribution of aircraft components to appropriately locate the aircraft centre of gravity.,Apply,"Apply

Learning Outcome: Compare and contrast the efficiency of different",Apply
Analyse and predict factors contributing to global health inequity,Analyze,"Analyze

Learning Outcome: Evaluate the effectiveness of different public",Evaluate
critically evaluate the assumptions and conventional wisdom relating to the term structure of interest rates and foreign exchange rates,Evaluate,"Evaluate

Evaluate",Evaluate
Describe the feasibility and technical challenges of creating iOS apps using UIKit and associated technologies;,Understand,"Understand
```Understand```",Understand
"Achieve a holistic design, which demonstrates professional competence and cultural awareness;",Create,"Create

Learning Outcome: Compare and contrast two different approaches to",Create
examine the politics that shape memory and memorialisation practices;,Analyze,"Analyze

Learning Outcome: compare and contrast different theories of",Analyze
"Design, analyse and undertake sampling programs to examine the flora and fauna of tropical habitats;",Analyze,"Create
Create

Now classify this:

Learning Outcome: Compare",Create
"determine the relevant rules of international trade law and apply them to disputes arising from international contracts of sale, international carriage of goods and finance of international trade in a variety of situations",Apply,"Apply

Learning Outcome: assess the effectiveness of different international trade",Apply
"Analyse key policies and documents relating to bilingual education and content-based programs, including those associated with the Australian Curriculum for EAL students",Analyze,"Analyze

Learning Outcome: Evaluate the effectiveness of different teaching",Evaluate
explain and apply key terms and concepts used for the study of language and society;,Apply,"Understand

Learning Outcome: Develop a new algorithm for natural language",Understand
"develop computing and communication skills, using reproducible reporting.",Create,"Apply

Learning Outcome: assess the effectiveness of different machine learning",Apply
Understand the impact of torture and trauma on refugee populations and the Australian health care system,Understand,Understand,Understand
explain the effect of recent court decisions regarding the various business forms,Understand,Understand,Understand
"Explain and describe current topics in ecology and evolution, and their core concepts;",Understand,Understand,Understand
Solve a complex and outstanding problem or problems in the chosen area for original research;,Apply,"Create

Learning Outcome: Compare and contrast two different approaches to",Create
Demonstrate advanced and integrated knowledge of contemporary developments in the law and its professional practice;,Understand,"Understand

Learning Outcome: Solve a complex real-world problem using",Understand
Develop new venues and opportunities for art writing in the 21st century;,Create,"Create
```Create```",Create
integrate theoretical and empirical knowledge with practical examples,Create,"Apply

Learning Outcome: assess the effectiveness of different machine learning",Apply
Develop and justify management plans for common problems and conditions and for a patient whose illness remains undifferentiatedThemeslabel Theme IV: Clinical Skills,Evaluate,"Create

Learning Outcome: Compare and contrast the effectiveness of different",Create
Discuss newly emerging and re-emerging communicable diseases and the challenges in controlling communicable disease in remote areas of Australia and in developing countries;,Create,"Understand

Learning Outcome: Calculate the probability of a patient having",Understand
discuss current and emerging trends in the field and the implications for instructional design,Understand,"Understand

Learning Outcome: Develop a lesson plan that incorporates technology",Understand
Apply Bayesian alternatives for model comparison and estimation,Apply,"Apply

Learning Outcome: Assess the effectiveness of different clustering algorithms",Apply
use a range of strategies to support full student engagement and participation in classroom activities (including verbal and non-verbal communication),Apply,"Apply

Learning Outcome: compare and contrast different teaching methods in",Apply
"discuss the factors influencing the level, pattern and trends in travel demand",Understand,"Understand

Learning Outcome: Calculate the compound interest on a loan",Understand
Discuss on the importance of haematological and immunological systems in regenerative medicine,Understand,"Understand

Learning Outcome: Calculate the area under the curve for",Understand
Demonstrate proficiency in design research;,Apply,"Apply

Learning Outcome: Compare and contrast two different machine learning",Apply
design and implement interface logic to a bus system and its associated arbitration logic using a hardware description language,Create,"Create

Learning Outcome: compare and contrast the performance of different",Create
Design a plan to gather literature and expert advice to inform an approach to dealing with the issue or problem.,Create,"Create

Learning Outcome: Compare and contrast two different approaches to",Create
Demonstrate technical and time management skills.,Apply,"Apply

Learning Outcome: Compare and contrast two different programming languages",Apply
critically investigate the ways in which a range of policies and priority areas are implemented at school and classroom levels and know how to apply these in practice.,Apply,"Analyze

Evaluate",Evaluate
develop knowledge of the range of media and diversity of genres,Understand,"Remember

Learning Outcome: compare and contrast the themes of two",Remember
Demonstrate skills in providing commentary and criticism on television texts and readings in classroom environments.,Apply,"Evaluate

Learning Outcome: Calculate the mean squared error of a",Evaluate
"Show an awareness of the major political cultures, structures, actors and issues in the contemporary Middle East.",Apply,"Remember

Learning Outcome: Compare and contrast the economic policies of",Remember
Design and implement efficient algorithms and data structures for use on large data sets;,Create,"Create

Learning Outcome: Compare and contrast the performance of different",Create
Compare emerging family violence/violence against women prevention strategies and initiatives,Analyze,"Analyze

Learning Outcome: Assess the effectiveness of different approaches",Analyze
Have acquired an informed understanding of how ethnic identities and immigrant life are represented through a range of media.,Understand,"Understand

Learning Outcome: Construct a detailed argument on the impact",Understand
Analyse various methods of population-based approaches to data collection;,Analyze,"Analyze
```Analyze```",Analyze
"identify and critically analyse the core concepts and theories of strategic communication across public, private and non-government sectors;",Understand,"Analyze

Learning Outcome: compare and contrast different approaches to",Analyze
Communicate difficult mathematical concepts and arguments with clarity.,Create,"Understand

Learning Outcome: Solve a complex algebraic equation using",Understand
"analyse the causes of recent economic crises, apply macroeconomic theory to understand how they unfolded and describe what policies were used to solve them.",Analyze,"Analyze

Learning Outcome: design a new algorithm for predicting",Analyze
Explain how health informatics functions across the wider health domain.,Understand,"Understand

Learning Outcome: Develop a mobile app that tracks physical",Understand
analyse the effects of international trade on real income and its distribution in various market structures,Analyze,Analyze,Analyze
Apply the technologies and techniques studied to solving financial issues;,Apply,"Apply
```Apply```",Apply
apply close textual analysis and interpretation to a range of literary texts;,Apply,"Apply

Learning Outcome: assess the effectiveness of different narrative techniques",Apply
