sample_id,model,ground_truth,prediction,correct
0,Mistral-7B-Instruct-v0.3,Understand,Understand,1
1,Mistral-7B-Instruct-v0.3,Evaluate,Evaluate,1
2,Mistral-7B-Instruct-v0.3,Understand,Understand,1
3,Mistral-7B-Instruct-v0.3,Understand,Understand,1
4,Mistral-7B-Instruct-v0.3,Evaluate,Evaluate,1
5,Mistral-7B-Instruct-v0.3,Analyze,Analyze,1
6,Mistral-7B-Instruct-v0.3,Evaluate,Evaluate,1
7,Mistral-7B-Instruct-v0.3,Understand,Understand,1
8,Mistral-7B-Instruct-v0.3,Create,Create,1
9,Mistral-7B-Instruct-v0.3,Understand,Understand,1
10,Mistral-7B-Instruct-v0.3,Evaluate,Evaluate,1
11,Mistral-7B-Instruct-v0.3,Analyze,Analyze,1
12,Mistral-7B-Instruct-v0.3,Analyze,Analyze,1
13,Mistral-7B-Instruct-v0.3,Apply,Apply,1
14,Mistral-7B-Instruct-v0.3,Analyze,Create,0
15,Mistral-7B-Instruct-v0.3,Understand,Understand,1
16,Mistral-7B-Instruct-v0.3,Create,Create,1
17,Mistral-7B-Instruct-v0.3,Evaluate,Evaluate,1
18,Mistral-7B-Instruct-v0.3,Analyze,Analyze,1
19,Mistral-7B-Instruct-v0.3,Evaluate,Evaluate,1
20,Mistral-7B-Instruct-v0.3,Apply,Create,0
21,Mistral-7B-Instruct-v0.3,Apply,Apply,1
22,Mistral-7B-Instruct-v0.3,Understand,Understand,1
23,Mistral-7B-Instruct-v0.3,Evaluate,Evaluate,1
24,Mistral-7B-Instruct-v0.3,Analyze,Analyze,1
25,Mistral-7B-Instruct-v0.3,Understand,Understand,1
26,Mistral-7B-Instruct-v0.3,Apply,Apply,1
27,Mistral-7B-Instruct-v0.3,Create,Create,1
28,Mistral-7B-Instruct-v0.3,Create,Create,1
29,Mistral-7B-Instruct-v0.3,Apply,Apply,1
30,Mistral-7B-Instruct-v0.3,Analyze,Analyze,1
31,Mistral-7B-Instruct-v0.3,Understand,Understand,1
32,Mistral-7B-Instruct-v0.3,Analyze,Analyze,1
33,Mistral-7B-Instruct-v0.3,Analyze,Analyze,1
34,Mistral-7B-Instruct-v0.3,Evaluate,Understand,0
35,Mistral-7B-Instruct-v0.3,Create,Create,1
36,Mistral-7B-Instruct-v0.3,Analyze,Analyze,1
37,Mistral-7B-Instruct-v0.3,Apply,Apply,1
38,Mistral-7B-Instruct-v0.3,Apply,Apply,1
39,Mistral-7B-Instruct-v0.3,Understand,Understand,1
40,Mistral-7B-Instruct-v0.3,Apply,Apply,1
41,Mistral-7B-Instruct-v0.3,Evaluate,Evaluate,1
42,Mistral-7B-Instruct-v0.3,Apply,Apply,1
43,Mistral-7B-Instruct-v0.3,Create,Create,1
44,Mistral-7B-Instruct-v0.3,Apply,Apply,1
45,Mistral-7B-Instruct-v0.3,Understand,Apply,0
46,Mistral-7B-Instruct-v0.3,Evaluate,Evaluate,1
47,Mistral-7B-Instruct-v0.3,Apply,Apply,1
48,Mistral-7B-Instruct-v0.3,Understand,Understand,1
49,Mistral-7B-Instruct-v0.3,Apply,Apply,1
50,Mistral-7B-Instruct-v0.3,Create,Create,1
51,Mistral-7B-Instruct-v0.3,Understand,Understand,1
52,Mistral-7B-Instruct-v0.3,Apply,Apply,1
53,Mistral-7B-Instruct-v0.3,Create,Create,1
54,Mistral-7B-Instruct-v0.3,Analyze,Analyze,1
55,Mistral-7B-Instruct-v0.3,Analyze,Analyze,1
56,Mistral-7B-Instruct-v0.3,Create,Create,1
57,Mistral-7B-Instruct-v0.3,Apply,Apply,1
58,Mistral-7B-Instruct-v0.3,Evaluate,Evaluate,1
59,Mistral-7B-Instruct-v0.3,Apply,Apply,1
60,Mistral-7B-Instruct-v0.3,Apply,Apply,1
61,Mistral-7B-Instruct-v0.3,Analyze,Analyze,1
62,Mistral-7B-Instruct-v0.3,Analyze,Analyze,1
63,Mistral-7B-Instruct-v0.3,Apply,Apply,1
64,Mistral-7B-Instruct-v0.3,Analyze,Analyze,1
65,Mistral-7B-Instruct-v0.3,Apply,Apply,1
66,Mistral-7B-Instruct-v0.3,Understand,Understand,1
67,Mistral-7B-Instruct-v0.3,Understand,Understand,1
68,Mistral-7B-Instruct-v0.3,Remember,Understand,0
69,Mistral-7B-Instruct-v0.3,Apply,Apply,1
70,Mistral-7B-Instruct-v0.3,Understand,Understand,1
71,Mistral-7B-Instruct-v0.3,Evaluate,Evaluate,1
72,Mistral-7B-Instruct-v0.3,Understand,Understand,1
73,Mistral-7B-Instruct-v0.3,Apply,Apply,1
74,Mistral-7B-Instruct-v0.3,Understand,Understand,1
75,Mistral-7B-Instruct-v0.3,Evaluate,Evaluate,1
76,Mistral-7B-Instruct-v0.3,Understand,Understand,1
77,Mistral-7B-Instruct-v0.3,Remember,Remember,1
78,Mistral-7B-Instruct-v0.3,Understand,Understand,1
79,Mistral-7B-Instruct-v0.3,Understand,Understand,1
80,Mistral-7B-Instruct-v0.3,Apply,Apply,1
81,Mistral-7B-Instruct-v0.3,Understand,Understand,1
82,Mistral-7B-Instruct-v0.3,Analyze,Analyze,1
83,Mistral-7B-Instruct-v0.3,Apply,Understand,0
84,Mistral-7B-Instruct-v0.3,Apply,Apply,1
85,Mistral-7B-Instruct-v0.3,Analyze,Analyze,1
86,Mistral-7B-Instruct-v0.3,Understand,Understand,1
87,Mistral-7B-Instruct-v0.3,Apply,Apply,1
88,Mistral-7B-Instruct-v0.3,Apply,Apply,1
89,Mistral-7B-Instruct-v0.3,Understand,Understand,1
90,Mistral-7B-Instruct-v0.3,Apply,Apply,1
91,Mistral-7B-Instruct-v0.3,Apply,Apply,1
92,Mistral-7B-Instruct-v0.3,Apply,Apply,1
93,Mistral-7B-Instruct-v0.3,Understand,Understand,1
94,Mistral-7B-Instruct-v0.3,Analyze,Analyze,1
95,Mistral-7B-Instruct-v0.3,Create,Create,1
96,Mistral-7B-Instruct-v0.3,Evaluate,Evaluate,1
97,Mistral-7B-Instruct-v0.3,Remember,Remember,1
98,Mistral-7B-Instruct-v0.3,Apply,Apply,1
99,Mistral-7B-Instruct-v0.3,Understand,Understand,1
100,Mistral-7B-Instruct-v0.3,Create,Create,1
101,Mistral-7B-Instruct-v0.3,Create,Create,1
102,Mistral-7B-Instruct-v0.3,Remember,Remember,1
103,Mistral-7B-Instruct-v0.3,Evaluate,Evaluate,1
104,Mistral-7B-Instruct-v0.3,Create,Create,1
105,Mistral-7B-Instruct-v0.3,Analyze,Create,0
106,Mistral-7B-Instruct-v0.3,Understand,Understand,1
107,Mistral-7B-Instruct-v0.3,Analyze,Analyze,1
108,Mistral-7B-Instruct-v0.3,Understand,Understand,1
109,Mistral-7B-Instruct-v0.3,Create,Create,1
110,Mistral-7B-Instruct-v0.3,Analyze,Analyze,1
111,Mistral-7B-Instruct-v0.3,Apply,Apply,1
112,Mistral-7B-Instruct-v0.3,Understand,Understand,1
113,Mistral-7B-Instruct-v0.3,Apply,Apply,1
114,Mistral-7B-Instruct-v0.3,Understand,Understand,1
115,Mistral-7B-Instruct-v0.3,Understand,Understand,1
116,Mistral-7B-Instruct-v0.3,Create,Analyze,0
117,Mistral-7B-Instruct-v0.3,Apply,Apply,1
118,Mistral-7B-Instruct-v0.3,Remember,Remember,1
119,Mistral-7B-Instruct-v0.3,Create,Create,1
120,Mistral-7B-Instruct-v0.3,Apply,Apply,1
121,Mistral-7B-Instruct-v0.3,Evaluate,Evaluate,1
122,Mistral-7B-Instruct-v0.3,Evaluate,Evaluate,1
123,Mistral-7B-Instruct-v0.3,Understand,Understand,1
124,Mistral-7B-Instruct-v0.3,Analyze,Analyze,1
125,Mistral-7B-Instruct-v0.3,Understand,Understand,1
126,Mistral-7B-Instruct-v0.3,Understand,Understand,1
127,Mistral-7B-Instruct-v0.3,Understand,Understand,1
128,Mistral-7B-Instruct-v0.3,Analyze,Analyze,1
129,Mistral-7B-Instruct-v0.3,Evaluate,Evaluate,1
130,Mistral-7B-Instruct-v0.3,Evaluate,Evaluate,1
131,Mistral-7B-Instruct-v0.3,Evaluate,Analyze,0
132,Mistral-7B-Instruct-v0.3,Apply,Apply,1
133,Mistral-7B-Instruct-v0.3,Create,Create,1
134,Mistral-7B-Instruct-v0.3,Analyze,Analyze,1
135,Mistral-7B-Instruct-v0.3,Remember,Remember,1
136,Mistral-7B-Instruct-v0.3,Create,Create,1
137,Mistral-7B-Instruct-v0.3,Analyze,Analyze,1
138,Mistral-7B-Instruct-v0.3,Apply,Apply,1
139,Mistral-7B-Instruct-v0.3,Understand,Understand,1
140,Mistral-7B-Instruct-v0.3,Create,Create,1
141,Mistral-7B-Instruct-v0.3,Understand,Understand,1
142,Mistral-7B-Instruct-v0.3,Apply,Apply,1
143,Mistral-7B-Instruct-v0.3,Apply,Apply,1
144,Mistral-7B-Instruct-v0.3,Understand,Understand,1
145,Mistral-7B-Instruct-v0.3,Apply,Apply,1
146,Mistral-7B-Instruct-v0.3,Analyze,Analyze,1
147,Mistral-7B-Instruct-v0.3,Analyze,Analyze,1
148,Mistral-7B-Instruct-v0.3,Apply,Apply,1
149,Mistral-7B-Instruct-v0.3,Understand,Understand,1
150,Mistral-7B-Instruct-v0.3,Evaluate,Evaluate,1
151,Mistral-7B-Instruct-v0.3,Understand,Apply,0
152,Mistral-7B-Instruct-v0.3,Apply,Apply,1
153,Mistral-7B-Instruct-v0.3,Understand,Understand,1
154,Mistral-7B-Instruct-v0.3,Create,Create,1
155,Mistral-7B-Instruct-v0.3,Understand,Understand,1
156,Mistral-7B-Instruct-v0.3,Apply,Apply,1
157,Mistral-7B-Instruct-v0.3,Create,Create,1
158,Mistral-7B-Instruct-v0.3,Evaluate,Evaluate,1
159,Mistral-7B-Instruct-v0.3,Apply,Apply,1
160,Mistral-7B-Instruct-v0.3,Create,Create,1
161,Mistral-7B-Instruct-v0.3,Analyze,Analyze,1
162,Mistral-7B-Instruct-v0.3,Apply,Apply,1
163,Mistral-7B-Instruct-v0.3,Understand,Understand,1
164,Mistral-7B-Instruct-v0.3,Evaluate,Create,0
165,Mistral-7B-Instruct-v0.3,Create,Create,1
166,Mistral-7B-Instruct-v0.3,Apply,Apply,1
167,Mistral-7B-Instruct-v0.3,Apply,Apply,1
168,Mistral-7B-Instruct-v0.3,Apply,Apply,1
169,Mistral-7B-Instruct-v0.3,Understand,Understand,1
170,Mistral-7B-Instruct-v0.3,Evaluate,Evaluate,1
171,Mistral-7B-Instruct-v0.3,Apply,Apply,1
172,Mistral-7B-Instruct-v0.3,Evaluate,Create,0
173,Mistral-7B-Instruct-v0.3,Apply,Apply,1
174,Mistral-7B-Instruct-v0.3,Apply,Apply,1
175,Mistral-7B-Instruct-v0.3,Apply,Apply,1
176,Mistral-7B-Instruct-v0.3,Evaluate,Evaluate,1
177,Mistral-7B-Instruct-v0.3,Apply,Apply,1
178,Mistral-7B-Instruct-v0.3,Apply,Apply,1
179,Mistral-7B-Instruct-v0.3,Understand,Understand,1
180,Mistral-7B-Instruct-v0.3,Evaluate,Apply,0
181,Mistral-7B-Instruct-v0.3,Evaluate,Evaluate,1
182,Mistral-7B-Instruct-v0.3,Understand,Understand,1
183,Mistral-7B-Instruct-v0.3,Understand,Understand,1
184,Mistral-7B-Instruct-v0.3,Evaluate,Evaluate,1
185,Mistral-7B-Instruct-v0.3,Create,Create,1
186,Mistral-7B-Instruct-v0.3,Understand,Understand,1
187,Mistral-7B-Instruct-v0.3,Understand,Understand,1
188,Mistral-7B-Instruct-v0.3,Create,Create,1
189,Mistral-7B-Instruct-v0.3,Create,Create,1
190,Mistral-7B-Instruct-v0.3,Understand,Understand,1
191,Mistral-7B-Instruct-v0.3,Understand,Apply,0
192,Mistral-7B-Instruct-v0.3,Understand,Understand,1
193,Mistral-7B-Instruct-v0.3,Create,Create,1
194,Mistral-7B-Instruct-v0.3,Create,Remember,0
195,Mistral-7B-Instruct-v0.3,Understand,Understand,1
196,Mistral-7B-Instruct-v0.3,Apply,Apply,1
197,Mistral-7B-Instruct-v0.3,Understand,Understand,1
198,Mistral-7B-Instruct-v0.3,Evaluate,Evaluate,1
199,Mistral-7B-Instruct-v0.3,Understand,Understand,1
200,Mistral-7B-Instruct-v0.3,Remember,Remember,1
201,Mistral-7B-Instruct-v0.3,Apply,Apply,1
202,Mistral-7B-Instruct-v0.3,Apply,Apply,1
203,Mistral-7B-Instruct-v0.3,Understand,Understand,1
204,Mistral-7B-Instruct-v0.3,Apply,Apply,1
205,Mistral-7B-Instruct-v0.3,Remember,Remember,1
206,Mistral-7B-Instruct-v0.3,Apply,Apply,1
207,Mistral-7B-Instruct-v0.3,Evaluate,Evaluate,1
208,Mistral-7B-Instruct-v0.3,Analyze,Analyze,1
209,Mistral-7B-Instruct-v0.3,Evaluate,Evaluate,1
210,Mistral-7B-Instruct-v0.3,Understand,Understand,1
211,Mistral-7B-Instruct-v0.3,Evaluate,Evaluate,1
212,Mistral-7B-Instruct-v0.3,Evaluate,Evaluate,1
213,Mistral-7B-Instruct-v0.3,Analyze,Analyze,1
214,Mistral-7B-Instruct-v0.3,Evaluate,Evaluate,1
215,Mistral-7B-Instruct-v0.3,Understand,Understand,1
216,Mistral-7B-Instruct-v0.3,Apply,Apply,1
217,Mistral-7B-Instruct-v0.3,Create,Create,1
218,Mistral-7B-Instruct-v0.3,Apply,Apply,1
219,Mistral-7B-Instruct-v0.3,Apply,Apply,1
220,Mistral-7B-Instruct-v0.3,Understand,Understand,1
221,Mistral-7B-Instruct-v0.3,Analyze,Analyze,1
222,Mistral-7B-Instruct-v0.3,Evaluate,Evaluate,1
223,Mistral-7B-Instruct-v0.3,Create,Evaluate,0
224,Mistral-7B-Instruct-v0.3,Apply,Apply,1
225,Mistral-7B-Instruct-v0.3,Understand,Understand,1
226,Mistral-7B-Instruct-v0.3,Apply,Apply,1
227,Mistral-7B-Instruct-v0.3,Understand,Understand,1
228,Mistral-7B-Instruct-v0.3,Understand,Understand,1
229,Mistral-7B-Instruct-v0.3,Remember,Remember,1
230,Mistral-7B-Instruct-v0.3,Create,Create,1
231,Mistral-7B-Instruct-v0.3,Apply,Apply,1
232,Mistral-7B-Instruct-v0.3,Evaluate,Evaluate,1
233,Mistral-7B-Instruct-v0.3,Evaluate,Evaluate,1
234,Mistral-7B-Instruct-v0.3,Understand,Understand,1
235,Mistral-7B-Instruct-v0.3,Understand,Understand,1
236,Mistral-7B-Instruct-v0.3,Evaluate,Evaluate,1
237,Mistral-7B-Instruct-v0.3,Understand,Understand,1
238,Mistral-7B-Instruct-v0.3,Remember,Remember,1
239,Mistral-7B-Instruct-v0.3,Analyze,Analyze,1
240,Mistral-7B-Instruct-v0.3,Remember,Remember,1
241,Mistral-7B-Instruct-v0.3,Understand,Apply,0
242,Mistral-7B-Instruct-v0.3,Create,Create,1
243,Mistral-7B-Instruct-v0.3,Understand,Understand,1
244,Mistral-7B-Instruct-v0.3,Understand,Understand,1
245,Mistral-7B-Instruct-v0.3,Remember,Remember,1
246,Mistral-7B-Instruct-v0.3,Apply,Apply,1
247,Mistral-7B-Instruct-v0.3,Understand,Understand,1
248,Mistral-7B-Instruct-v0.3,Apply,Apply,1
249,Mistral-7B-Instruct-v0.3,Create,Create,1
250,Mistral-7B-Instruct-v0.3,Create,Create,1
251,Mistral-7B-Instruct-v0.3,Apply,Apply,1
252,Mistral-7B-Instruct-v0.3,Analyze,Analyze,1
253,Mistral-7B-Instruct-v0.3,Analyze,Remember,0
254,Mistral-7B-Instruct-v0.3,Understand,Understand,1
255,Mistral-7B-Instruct-v0.3,Analyze,Analyze,1
256,Mistral-7B-Instruct-v0.3,Remember,Understand,0
257,Mistral-7B-Instruct-v0.3,Evaluate,Apply,0
258,Mistral-7B-Instruct-v0.3,Understand,Understand,1
259,Mistral-7B-Instruct-v0.3,Understand,Understand,1
260,Mistral-7B-Instruct-v0.3,Understand,Understand,1
261,Mistral-7B-Instruct-v0.3,Evaluate,Evaluate,1
262,Mistral-7B-Instruct-v0.3,Understand,Understand,1
263,Mistral-7B-Instruct-v0.3,Evaluate,Create,0
264,Mistral-7B-Instruct-v0.3,Understand,Understand,1
265,Mistral-7B-Instruct-v0.3,Evaluate,Evaluate,1
266,Mistral-7B-Instruct-v0.3,Create,Create,1
267,Mistral-7B-Instruct-v0.3,Remember,Remember,1
268,Mistral-7B-Instruct-v0.3,Analyze,Analyze,1
269,Mistral-7B-Instruct-v0.3,Understand,Understand,1
270,Mistral-7B-Instruct-v0.3,Analyze,Analyze,1
271,Mistral-7B-Instruct-v0.3,Create,Create,1
272,Mistral-7B-Instruct-v0.3,Apply,Apply,1
273,Mistral-7B-Instruct-v0.3,Understand,Understand,1
274,Mistral-7B-Instruct-v0.3,Create,Create,1
275,Mistral-7B-Instruct-v0.3,Apply,Apply,1
276,Mistral-7B-Instruct-v0.3,Create,Create,1
277,Mistral-7B-Instruct-v0.3,Understand,Understand,1
278,Mistral-7B-Instruct-v0.3,Apply,Apply,1
279,Mistral-7B-Instruct-v0.3,Analyze,Analyze,1
280,Mistral-7B-Instruct-v0.3,Understand,Understand,1
281,Mistral-7B-Instruct-v0.3,Understand,Understand,1
282,Mistral-7B-Instruct-v0.3,Apply,Apply,1
283,Mistral-7B-Instruct-v0.3,Create,Create,1
284,Mistral-7B-Instruct-v0.3,Apply,Apply,1
285,Mistral-7B-Instruct-v0.3,Analyze,Remember,0
286,Mistral-7B-Instruct-v0.3,Analyze,Analyze,1
287,Mistral-7B-Instruct-v0.3,Create,Create,1
288,Mistral-7B-Instruct-v0.3,Analyze,Analyze,1
289,Mistral-7B-Instruct-v0.3,Analyze,Analyze,1
290,Mistral-7B-Instruct-v0.3,Analyze,Analyze,1
291,Mistral-7B-Instruct-v0.3,Evaluate,Evaluate,1
292,Mistral-7B-Instruct-v0.3,Apply,Apply,1
293,Mistral-7B-Instruct-v0.3,Evaluate,Evaluate,1
294,Mistral-7B-Instruct-v0.3,Understand,Understand,1
295,Mistral-7B-Instruct-v0.3,Analyze,Analyze,1
296,Mistral-7B-Instruct-v0.3,Apply,Apply,1
297,Mistral-7B-Instruct-v0.3,Understand,Understand,1
298,Mistral-7B-Instruct-v0.3,Understand,Understand,1
299,Mistral-7B-Instruct-v0.3,Apply,Apply,1
300,Mistral-7B-Instruct-v0.3,Apply,Apply,1
301,Mistral-7B-Instruct-v0.3,Evaluate,Evaluate,1
302,Mistral-7B-Instruct-v0.3,Apply,Apply,1
303,Mistral-7B-Instruct-v0.3,Analyze,Analyze,1
304,Mistral-7B-Instruct-v0.3,Understand,Understand,1
305,Mistral-7B-Instruct-v0.3,Understand,Understand,1
306,Mistral-7B-Instruct-v0.3,Apply,Apply,1
307,Mistral-7B-Instruct-v0.3,Create,Create,1
308,Mistral-7B-Instruct-v0.3,Understand,Create,0
309,Mistral-7B-Instruct-v0.3,Apply,Apply,1
310,Mistral-7B-Instruct-v0.3,Remember,Remember,1
311,Mistral-7B-Instruct-v0.3,Apply,Apply,1
312,Mistral-7B-Instruct-v0.3,Analyze,Analyze,1
313,Mistral-7B-Instruct-v0.3,Apply,Create,0
314,Mistral-7B-Instruct-v0.3,Apply,Apply,1
315,Mistral-7B-Instruct-v0.3,Analyze,Analyze,1
316,Mistral-7B-Instruct-v0.3,Understand,Understand,1
317,Mistral-7B-Instruct-v0.3,Evaluate,Apply,0
318,Mistral-7B-Instruct-v0.3,Analyze,Analyze,1
319,Mistral-7B-Instruct-v0.3,Understand,Understand,1
320,Mistral-7B-Instruct-v0.3,Create,Create,1
321,Mistral-7B-Instruct-v0.3,Evaluate,Evaluate,1
322,Mistral-7B-Instruct-v0.3,Apply,Apply,1
323,Mistral-7B-Instruct-v0.3,Remember,Remember,1
324,Mistral-7B-Instruct-v0.3,Create,Create,1
325,Mistral-7B-Instruct-v0.3,Apply,Apply,1
326,Mistral-7B-Instruct-v0.3,Apply,Apply,1
327,Mistral-7B-Instruct-v0.3,Remember,Remember,1
328,Mistral-7B-Instruct-v0.3,Analyze,Analyze,1
329,Mistral-7B-Instruct-v0.3,Understand,Understand,1
330,Mistral-7B-Instruct-v0.3,Apply,Apply,1
331,Mistral-7B-Instruct-v0.3,Apply,Apply,1
332,Mistral-7B-Instruct-v0.3,Understand,Understand,1
333,Mistral-7B-Instruct-v0.3,Evaluate,Evaluate,1
334,Mistral-7B-Instruct-v0.3,Create,Create,1
335,Mistral-7B-Instruct-v0.3,Understand,Understand,1
336,Mistral-7B-Instruct-v0.3,Apply,Apply,1
337,Mistral-7B-Instruct-v0.3,Create,Create,1
338,Mistral-7B-Instruct-v0.3,Apply,Apply,1
339,Mistral-7B-Instruct-v0.3,Apply,Apply,1
340,Mistral-7B-Instruct-v0.3,Remember,Remember,1
341,Mistral-7B-Instruct-v0.3,Understand,Understand,1
342,Mistral-7B-Instruct-v0.3,Apply,Apply,1
343,Mistral-7B-Instruct-v0.3,Remember,Remember,1
344,Mistral-7B-Instruct-v0.3,Create,Create,1
345,Mistral-7B-Instruct-v0.3,Remember,Remember,1
346,Mistral-7B-Instruct-v0.3,Analyze,Analyze,1
347,Mistral-7B-Instruct-v0.3,Evaluate,Evaluate,1
348,Mistral-7B-Instruct-v0.3,Understand,Understand,1
349,Mistral-7B-Instruct-v0.3,Create,Create,1
350,Mistral-7B-Instruct-v0.3,Evaluate,Evaluate,1
351,Mistral-7B-Instruct-v0.3,Analyze,Analyze,1
352,Mistral-7B-Instruct-v0.3,Analyze,Analyze,1
353,Mistral-7B-Instruct-v0.3,Create,Create,1
354,Mistral-7B-Instruct-v0.3,Create,Create,1
355,Mistral-7B-Instruct-v0.3,Apply,Apply,1
356,Mistral-7B-Instruct-v0.3,Create,Create,1
357,Mistral-7B-Instruct-v0.3,Apply,Apply,1
358,Mistral-7B-Instruct-v0.3,Evaluate,Evaluate,1
359,Mistral-7B-Instruct-v0.3,Apply,Apply,1
360,Mistral-7B-Instruct-v0.3,Understand,Understand,1
361,Mistral-7B-Instruct-v0.3,Apply,Apply,1
362,Mistral-7B-Instruct-v0.3,Understand,Understand,1
363,Mistral-7B-Instruct-v0.3,Create,Create,1
364,Mistral-7B-Instruct-v0.3,Create,Create,1
365,Mistral-7B-Instruct-v0.3,Apply,Apply,1
366,Mistral-7B-Instruct-v0.3,Understand,Understand,1
367,Mistral-7B-Instruct-v0.3,Analyze,Analyze,1
368,Mistral-7B-Instruct-v0.3,Analyze,Analyze,1
369,Mistral-7B-Instruct-v0.3,Remember,Remember,1
370,Mistral-7B-Instruct-v0.3,Understand,Understand,1
371,Mistral-7B-Instruct-v0.3,Evaluate,Evaluate,1
372,Mistral-7B-Instruct-v0.3,Apply,Apply,1
373,Mistral-7B-Instruct-v0.3,Apply,Apply,1
374,Mistral-7B-Instruct-v0.3,Understand,Understand,1
375,Mistral-7B-Instruct-v0.3,Understand,Understand,1
376,Mistral-7B-Instruct-v0.3,Understand,Understand,1
377,Mistral-7B-Instruct-v0.3,Apply,Apply,1
378,Mistral-7B-Instruct-v0.3,Analyze,Analyze,1
379,Mistral-7B-Instruct-v0.3,Create,Create,1
380,Mistral-7B-Instruct-v0.3,Apply,Apply,1
381,Mistral-7B-Instruct-v0.3,Understand,Understand,1
382,Mistral-7B-Instruct-v0.3,Understand,Understand,1
383,Mistral-7B-Instruct-v0.3,Understand,Understand,1
384,Mistral-7B-Instruct-v0.3,Analyze,Analyze,1
385,Mistral-7B-Instruct-v0.3,Analyze,Analyze,1
386,Mistral-7B-Instruct-v0.3,Understand,Understand,1
387,Mistral-7B-Instruct-v0.3,Analyze,Analyze,1
388,Mistral-7B-Instruct-v0.3,Create,Create,1
389,Mistral-7B-Instruct-v0.3,Create,Create,1
390,Mistral-7B-Instruct-v0.3,Evaluate,Evaluate,1
391,Mistral-7B-Instruct-v0.3,Apply,Apply,1
392,Mistral-7B-Instruct-v0.3,Apply,Analyze,0
393,Mistral-7B-Instruct-v0.3,Analyze,Analyze,1
394,Mistral-7B-Instruct-v0.3,Apply,Apply,1
395,Mistral-7B-Instruct-v0.3,Understand,Understand,1
396,Mistral-7B-Instruct-v0.3,Evaluate,Evaluate,1
397,Mistral-7B-Instruct-v0.3,Understand,Understand,1
398,Mistral-7B-Instruct-v0.3,Evaluate,Evaluate,1
399,Mistral-7B-Instruct-v0.3,Create,Evaluate,0
400,Mistral-7B-Instruct-v0.3,Apply,Apply,1
401,Mistral-7B-Instruct-v0.3,Understand,Understand,1
402,Mistral-7B-Instruct-v0.3,Create,Create,1
403,Mistral-7B-Instruct-v0.3,Evaluate,Evaluate,1
404,Mistral-7B-Instruct-v0.3,Create,Create,1
405,Mistral-7B-Instruct-v0.3,Apply,Apply,1
406,Mistral-7B-Instruct-v0.3,Understand,Understand,1
407,Mistral-7B-Instruct-v0.3,Analyze,Analyze,1
408,Mistral-7B-Instruct-v0.3,Understand,Understand,1
409,Mistral-7B-Instruct-v0.3,Create,Create,1
410,Mistral-7B-Instruct-v0.3,Apply,Create,0
411,Mistral-7B-Instruct-v0.3,Apply,Apply,1
412,Mistral-7B-Instruct-v0.3,Apply,Apply,1
413,Mistral-7B-Instruct-v0.3,Analyze,Analyze,1
414,Mistral-7B-Instruct-v0.3,Create,Create,1
415,Mistral-7B-Instruct-v0.3,Apply,Apply,1
416,Mistral-7B-Instruct-v0.3,Apply,Apply,1
417,Mistral-7B-Instruct-v0.3,Understand,Understand,1
418,Mistral-7B-Instruct-v0.3,Evaluate,Evaluate,1
419,Mistral-7B-Instruct-v0.3,Analyze,Evaluate,0
420,Mistral-7B-Instruct-v0.3,Analyze,Analyze,1
421,Mistral-7B-Instruct-v0.3,Apply,Apply,1
422,Mistral-7B-Instruct-v0.3,Apply,Apply,1
423,Mistral-7B-Instruct-v0.3,Analyze,Analyze,1
424,Mistral-7B-Instruct-v0.3,Create,Create,1
425,Mistral-7B-Instruct-v0.3,Create,Create,1
426,Mistral-7B-Instruct-v0.3,Apply,Apply,1
427,Mistral-7B-Instruct-v0.3,Understand,Understand,1
428,Mistral-7B-Instruct-v0.3,Create,Create,1
429,Mistral-7B-Instruct-v0.3,Create,Remember,0
430,Mistral-7B-Instruct-v0.3,Understand,Understand,1
431,Mistral-7B-Instruct-v0.3,Apply,Apply,1
432,Mistral-7B-Instruct-v0.3,Create,Create,1
433,Mistral-7B-Instruct-v0.3,Create,Create,1
434,Mistral-7B-Instruct-v0.3,Understand,Understand,1
435,Mistral-7B-Instruct-v0.3,Create,Create,1
436,Mistral-7B-Instruct-v0.3,Create,Create,1
437,Mistral-7B-Instruct-v0.3,Create,Create,1
438,Mistral-7B-Instruct-v0.3,Analyze,Analyze,1
439,Mistral-7B-Instruct-v0.3,Understand,Create,0
440,Mistral-7B-Instruct-v0.3,Understand,Understand,1
441,Mistral-7B-Instruct-v0.3,Understand,Understand,1
442,Mistral-7B-Instruct-v0.3,Evaluate,Evaluate,1
443,Mistral-7B-Instruct-v0.3,Analyze,Analyze,1
444,Mistral-7B-Instruct-v0.3,Evaluate,Evaluate,1
445,Mistral-7B-Instruct-v0.3,Understand,Understand,1
446,Mistral-7B-Instruct-v0.3,Analyze,Analyze,1
447,Mistral-7B-Instruct-v0.3,Apply,Apply,1
448,Mistral-7B-Instruct-v0.3,Understand,Understand,1
449,Mistral-7B-Instruct-v0.3,Understand,Understand,1
450,Mistral-7B-Instruct-v0.3,Apply,Evaluate,0
451,Mistral-7B-Instruct-v0.3,Analyze,Analyze,1
452,Mistral-7B-Instruct-v0.3,Understand,Understand,1
453,Mistral-7B-Instruct-v0.3,Apply,Apply,1
454,Mistral-7B-Instruct-v0.3,Analyze,Analyze,1
455,Mistral-7B-Instruct-v0.3,Analyze,Evaluate,0
456,Mistral-7B-Instruct-v0.3,Analyze,Analyze,1
457,Mistral-7B-Instruct-v0.3,Apply,Create,0
458,Mistral-7B-Instruct-v0.3,Understand,Understand,1
459,Mistral-7B-Instruct-v0.3,Understand,Understand,1
460,Mistral-7B-Instruct-v0.3,Create,Create,1
461,Mistral-7B-Instruct-v0.3,Understand,Understand,1
462,Mistral-7B-Instruct-v0.3,Apply,Apply,1
463,Mistral-7B-Instruct-v0.3,Create,Create,1
464,Mistral-7B-Instruct-v0.3,Analyze,Analyze,1
465,Mistral-7B-Instruct-v0.3,Create,Apply,0
466,Mistral-7B-Instruct-v0.3,Apply,Apply,1
467,Mistral-7B-Instruct-v0.3,Apply,Apply,1
468,Mistral-7B-Instruct-v0.3,Create,Create,1
469,Mistral-7B-Instruct-v0.3,Apply,Apply,1
470,Mistral-7B-Instruct-v0.3,Apply,Apply,1
471,Mistral-7B-Instruct-v0.3,Understand,Understand,1
472,Mistral-7B-Instruct-v0.3,Understand,Understand,1
473,Mistral-7B-Instruct-v0.3,Evaluate,Evaluate,1
474,Mistral-7B-Instruct-v0.3,Create,Apply,0
475,Mistral-7B-Instruct-v0.3,Remember,Remember,1
476,Mistral-7B-Instruct-v0.3,Create,Create,1
477,Mistral-7B-Instruct-v0.3,Apply,Apply,1
478,Mistral-7B-Instruct-v0.3,Apply,Apply,1
479,Mistral-7B-Instruct-v0.3,Understand,Understand,1
480,Mistral-7B-Instruct-v0.3,Create,Create,1
481,Mistral-7B-Instruct-v0.3,Create,Remember,0
482,Mistral-7B-Instruct-v0.3,Apply,Apply,1
483,Mistral-7B-Instruct-v0.3,Understand,Understand,1
484,Mistral-7B-Instruct-v0.3,Apply,Apply,1
485,Mistral-7B-Instruct-v0.3,Create,Apply,0
486,Mistral-7B-Instruct-v0.3,Apply,Apply,1
487,Mistral-7B-Instruct-v0.3,Create,Create,1
488,Mistral-7B-Instruct-v0.3,Create,Create,1
489,Mistral-7B-Instruct-v0.3,Analyze,Understand,0
490,Mistral-7B-Instruct-v0.3,Apply,Apply,1
491,Mistral-7B-Instruct-v0.3,Analyze,Analyze,1
492,Mistral-7B-Instruct-v0.3,Understand,Understand,1
493,Mistral-7B-Instruct-v0.3,Understand,Understand,1
494,Mistral-7B-Instruct-v0.3,Create,Create,1
495,Mistral-7B-Instruct-v0.3,Understand,Understand,1
496,Mistral-7B-Instruct-v0.3,Apply,Apply,1
497,Mistral-7B-Instruct-v0.3,Understand,Understand,1
498,Mistral-7B-Instruct-v0.3,Understand,Evaluate,0
499,Mistral-7B-Instruct-v0.3,Analyze,Analyze,1
500,Mistral-7B-Instruct-v0.3,Understand,Understand,1
501,Mistral-7B-Instruct-v0.3,Apply,Apply,1
502,Mistral-7B-Instruct-v0.3,Create,Create,1
503,Mistral-7B-Instruct-v0.3,Understand,Understand,1
504,Mistral-7B-Instruct-v0.3,Apply,Apply,1
505,Mistral-7B-Instruct-v0.3,Evaluate,Evaluate,1
506,Mistral-7B-Instruct-v0.3,Apply,Apply,1
507,Mistral-7B-Instruct-v0.3,Create,Create,1
508,Mistral-7B-Instruct-v0.3,Create,Create,1
509,Mistral-7B-Instruct-v0.3,Analyze,Create,0
510,Mistral-7B-Instruct-v0.3,Analyze,Analyze,1
511,Mistral-7B-Instruct-v0.3,Apply,Apply,1
512,Mistral-7B-Instruct-v0.3,Understand,Understand,1
513,Mistral-7B-Instruct-v0.3,Apply,Evaluate,0
514,Mistral-7B-Instruct-v0.3,Create,Create,1
515,Mistral-7B-Instruct-v0.3,Remember,Create,0
516,Mistral-7B-Instruct-v0.3,Understand,Understand,1
517,Mistral-7B-Instruct-v0.3,Understand,Understand,1
518,Mistral-7B-Instruct-v0.3,Apply,Analyze,0
519,Mistral-7B-Instruct-v0.3,Create,Create,1
520,Mistral-7B-Instruct-v0.3,Apply,Apply,1
521,Mistral-7B-Instruct-v0.3,Create,Create,1
522,Mistral-7B-Instruct-v0.3,Understand,Create,0
523,Mistral-7B-Instruct-v0.3,Create,Create,1
524,Mistral-7B-Instruct-v0.3,Apply,Apply,1
525,Mistral-7B-Instruct-v0.3,Apply,Apply,1
526,Mistral-7B-Instruct-v0.3,Apply,Apply,1
527,Mistral-7B-Instruct-v0.3,Apply,Apply,1
528,Mistral-7B-Instruct-v0.3,Understand,Understand,1
529,Mistral-7B-Instruct-v0.3,Create,Create,1
530,Mistral-7B-Instruct-v0.3,Apply,Apply,1
531,Mistral-7B-Instruct-v0.3,Remember,Remember,1
532,Mistral-7B-Instruct-v0.3,Create,Create,1
533,Mistral-7B-Instruct-v0.3,Understand,Understand,1
534,Mistral-7B-Instruct-v0.3,Understand,Understand,1
535,Mistral-7B-Instruct-v0.3,Evaluate,Evaluate,1
536,Mistral-7B-Instruct-v0.3,Evaluate,Evaluate,1
537,Mistral-7B-Instruct-v0.3,Understand,Understand,1
538,Mistral-7B-Instruct-v0.3,Evaluate,Evaluate,1
539,Mistral-7B-Instruct-v0.3,Apply,Apply,1
540,Mistral-7B-Instruct-v0.3,Create,Create,1
541,Mistral-7B-Instruct-v0.3,Understand,Understand,1
542,Mistral-7B-Instruct-v0.3,Apply,Apply,1
543,Mistral-7B-Instruct-v0.3,Understand,Understand,1
544,Mistral-7B-Instruct-v0.3,Analyze,Analyze,1
545,Mistral-7B-Instruct-v0.3,Apply,Apply,1
546,Mistral-7B-Instruct-v0.3,Apply,Apply,1
547,Mistral-7B-Instruct-v0.3,Understand,Understand,1
548,Mistral-7B-Instruct-v0.3,Evaluate,Evaluate,1
549,Mistral-7B-Instruct-v0.3,Understand,Understand,1
550,Mistral-7B-Instruct-v0.3,Apply,Apply,1
551,Mistral-7B-Instruct-v0.3,Create,Create,1
552,Mistral-7B-Instruct-v0.3,Evaluate,Evaluate,1
553,Mistral-7B-Instruct-v0.3,Create,Create,1
554,Mistral-7B-Instruct-v0.3,Remember,Remember,1
555,Mistral-7B-Instruct-v0.3,Create,Create,1
556,Mistral-7B-Instruct-v0.3,Create,Apply,0
557,Mistral-7B-Instruct-v0.3,Analyze,Analyze,1
558,Mistral-7B-Instruct-v0.3,Understand,Understand,1
559,Mistral-7B-Instruct-v0.3,Remember,Remember,1
560,Mistral-7B-Instruct-v0.3,Analyze,Analyze,1
561,Mistral-7B-Instruct-v0.3,Evaluate,Evaluate,1
562,Mistral-7B-Instruct-v0.3,Understand,Understand,1
563,Mistral-7B-Instruct-v0.3,Understand,Understand,1
564,Mistral-7B-Instruct-v0.3,Analyze,Analyze,1
565,Mistral-7B-Instruct-v0.3,Create,Create,1
566,Mistral-7B-Instruct-v0.3,Evaluate,Evaluate,1
567,Mistral-7B-Instruct-v0.3,Understand,Remember,0
568,Mistral-7B-Instruct-v0.3,Analyze,Analyze,1
569,Mistral-7B-Instruct-v0.3,Analyze,Analyze,1
570,Mistral-7B-Instruct-v0.3,Create,Analyze,0
571,Mistral-7B-Instruct-v0.3,Evaluate,Evaluate,1
572,Mistral-7B-Instruct-v0.3,Remember,Remember,1
573,Mistral-7B-Instruct-v0.3,Understand,Understand,1
574,Mistral-7B-Instruct-v0.3,Understand,Understand,1
575,Mistral-7B-Instruct-v0.3,Understand,Understand,1
576,Mistral-7B-Instruct-v0.3,Understand,Understand,1
577,Mistral-7B-Instruct-v0.3,Analyze,Analyze,1
578,Mistral-7B-Instruct-v0.3,Create,Create,1
579,Mistral-7B-Instruct-v0.3,Apply,Apply,1
580,Mistral-7B-Instruct-v0.3,Evaluate,Evaluate,1
581,Mistral-7B-Instruct-v0.3,Understand,Understand,1
582,Mistral-7B-Instruct-v0.3,Remember,Remember,1
583,Mistral-7B-Instruct-v0.3,Analyze,Analyze,1
584,Mistral-7B-Instruct-v0.3,Evaluate,Evaluate,1
585,Mistral-7B-Instruct-v0.3,Apply,Apply,1
586,Mistral-7B-Instruct-v0.3,Understand,Evaluate,0
587,Mistral-7B-Instruct-v0.3,Understand,Understand,1
588,Mistral-7B-Instruct-v0.3,Evaluate,Apply,0
589,Mistral-7B-Instruct-v0.3,Apply,Apply,1
590,Mistral-7B-Instruct-v0.3,Apply,Apply,1
591,Mistral-7B-Instruct-v0.3,Create,Create,1
592,Mistral-7B-Instruct-v0.3,Remember,Remember,1
593,Mistral-7B-Instruct-v0.3,Create,Create,1
594,Mistral-7B-Instruct-v0.3,Apply,Apply,1
595,Mistral-7B-Instruct-v0.3,Understand,Understand,1
596,Mistral-7B-Instruct-v0.3,Understand,Understand,1
597,Mistral-7B-Instruct-v0.3,Remember,Analyze,0
598,Mistral-7B-Instruct-v0.3,Create,Create,1
599,Mistral-7B-Instruct-v0.3,Apply,Apply,1
600,Mistral-7B-Instruct-v0.3,Understand,Understand,1
601,Mistral-7B-Instruct-v0.3,Apply,Apply,1
602,Mistral-7B-Instruct-v0.3,Apply,Apply,1
603,Mistral-7B-Instruct-v0.3,Understand,Understand,1
604,Mistral-7B-Instruct-v0.3,Understand,Understand,1
605,Mistral-7B-Instruct-v0.3,Apply,Apply,1
606,Mistral-7B-Instruct-v0.3,Apply,Apply,1
607,Mistral-7B-Instruct-v0.3,Analyze,Create,0
608,Mistral-7B-Instruct-v0.3,Understand,Understand,1
609,Mistral-7B-Instruct-v0.3,Apply,Apply,1
610,Mistral-7B-Instruct-v0.3,Apply,Apply,1
611,Mistral-7B-Instruct-v0.3,Apply,Apply,1
612,Mistral-7B-Instruct-v0.3,Understand,Understand,1
613,Mistral-7B-Instruct-v0.3,Understand,Understand,1
614,Mistral-7B-Instruct-v0.3,Create,Create,1
615,Mistral-7B-Instruct-v0.3,Evaluate,Evaluate,1
616,Mistral-7B-Instruct-v0.3,Apply,Create,0
617,Mistral-7B-Instruct-v0.3,Create,Create,1
618,Mistral-7B-Instruct-v0.3,Remember,Remember,1
619,Mistral-7B-Instruct-v0.3,Understand,Understand,1
620,Mistral-7B-Instruct-v0.3,Apply,Apply,1
621,Mistral-7B-Instruct-v0.3,Understand,Understand,1
622,Mistral-7B-Instruct-v0.3,Apply,Understand,0
623,Mistral-7B-Instruct-v0.3,Apply,Apply,1
624,Mistral-7B-Instruct-v0.3,Analyze,Evaluate,0
625,Mistral-7B-Instruct-v0.3,Understand,Apply,0
626,Mistral-7B-Instruct-v0.3,Understand,Understand,1
627,Mistral-7B-Instruct-v0.3,Create,Create,1
628,Mistral-7B-Instruct-v0.3,Understand,Understand,1
629,Mistral-7B-Instruct-v0.3,Apply,Apply,1
630,Mistral-7B-Instruct-v0.3,Apply,Apply,1
631,Mistral-7B-Instruct-v0.3,Apply,Apply,1
632,Mistral-7B-Instruct-v0.3,Remember,Remember,1
633,Mistral-7B-Instruct-v0.3,Understand,Understand,1
634,Mistral-7B-Instruct-v0.3,Create,Create,1
635,Mistral-7B-Instruct-v0.3,Evaluate,Evaluate,1
636,Mistral-7B-Instruct-v0.3,Analyze,Analyze,1
637,Mistral-7B-Instruct-v0.3,Apply,Create,0
638,Mistral-7B-Instruct-v0.3,Apply,Apply,1
639,Mistral-7B-Instruct-v0.3,Create,Create,1
640,Mistral-7B-Instruct-v0.3,Create,Create,1
641,Mistral-7B-Instruct-v0.3,Analyze,Analyze,1
642,Mistral-7B-Instruct-v0.3,Apply,Apply,1
643,Mistral-7B-Instruct-v0.3,Understand,Understand,1
644,Mistral-7B-Instruct-v0.3,Understand,Understand,1
645,Mistral-7B-Instruct-v0.3,Evaluate,Analyze,0
646,Mistral-7B-Instruct-v0.3,Analyze,Analyze,1
647,Mistral-7B-Instruct-v0.3,Apply,Apply,1
648,Mistral-7B-Instruct-v0.3,Evaluate,Evaluate,1
649,Mistral-7B-Instruct-v0.3,Understand,Understand,1
650,Mistral-7B-Instruct-v0.3,Analyze,Analyze,1
651,Mistral-7B-Instruct-v0.3,Analyze,Analyze,1
652,Mistral-7B-Instruct-v0.3,Understand,Understand,1
653,Mistral-7B-Instruct-v0.3,Create,Create,1
654,Mistral-7B-Instruct-v0.3,Understand,Understand,1
655,Mistral-7B-Instruct-v0.3,Analyze,Analyze,1
656,Mistral-7B-Instruct-v0.3,Understand,Understand,1
657,Mistral-7B-Instruct-v0.3,Evaluate,Evaluate,1
658,Mistral-7B-Instruct-v0.3,Understand,Understand,1
659,Mistral-7B-Instruct-v0.3,Understand,Understand,1
660,Mistral-7B-Instruct-v0.3,Evaluate,Evaluate,1
661,Mistral-7B-Instruct-v0.3,Create,Apply,0
662,Mistral-7B-Instruct-v0.3,Analyze,Analyze,1
663,Mistral-7B-Instruct-v0.3,Understand,Understand,1
664,Mistral-7B-Instruct-v0.3,Apply,Apply,1
665,Mistral-7B-Instruct-v0.3,Create,Create,1
666,Mistral-7B-Instruct-v0.3,Understand,Understand,1
667,Mistral-7B-Instruct-v0.3,Apply,Apply,1
668,Mistral-7B-Instruct-v0.3,Understand,Understand,1
669,Mistral-7B-Instruct-v0.3,Understand,Understand,1
670,Mistral-7B-Instruct-v0.3,Understand,Understand,1
671,Mistral-7B-Instruct-v0.3,Analyze,Analyze,1
672,Mistral-7B-Instruct-v0.3,Evaluate,Evaluate,1
673,Mistral-7B-Instruct-v0.3,Create,Create,1
674,Mistral-7B-Instruct-v0.3,Apply,Apply,1
675,Mistral-7B-Instruct-v0.3,Understand,Understand,1
676,Mistral-7B-Instruct-v0.3,Apply,Apply,1
677,Mistral-7B-Instruct-v0.3,Apply,Apply,1
678,Mistral-7B-Instruct-v0.3,Remember,Remember,1
679,Mistral-7B-Instruct-v0.3,Create,Create,1
680,Mistral-7B-Instruct-v0.3,Evaluate,Evaluate,1
681,Mistral-7B-Instruct-v0.3,Apply,Apply,1
682,Mistral-7B-Instruct-v0.3,Understand,Understand,1
683,Mistral-7B-Instruct-v0.3,Evaluate,Evaluate,1
684,Mistral-7B-Instruct-v0.3,Understand,Understand,1
685,Mistral-7B-Instruct-v0.3,Create,Create,1
686,Mistral-7B-Instruct-v0.3,Apply,Apply,1
687,Mistral-7B-Instruct-v0.3,Understand,Understand,1
688,Mistral-7B-Instruct-v0.3,Analyze,Analyze,1
689,Mistral-7B-Instruct-v0.3,Understand,Understand,1
690,Mistral-7B-Instruct-v0.3,Create,Create,1
691,Mistral-7B-Instruct-v0.3,Understand,Understand,1
692,Mistral-7B-Instruct-v0.3,Create,Create,1
693,Mistral-7B-Instruct-v0.3,Apply,Apply,1
694,Mistral-7B-Instruct-v0.3,Understand,Understand,1
695,Mistral-7B-Instruct-v0.3,Analyze,Analyze,1
696,Mistral-7B-Instruct-v0.3,Analyze,Analyze,1
697,Mistral-7B-Instruct-v0.3,Understand,Understand,1
698,Mistral-7B-Instruct-v0.3,Apply,Apply,1
699,Mistral-7B-Instruct-v0.3,Understand,Understand,1
700,Mistral-7B-Instruct-v0.3,Create,Create,1
701,Mistral-7B-Instruct-v0.3,Apply,Apply,1
702,Mistral-7B-Instruct-v0.3,Evaluate,Evaluate,1
703,Mistral-7B-Instruct-v0.3,Apply,Apply,1
704,Mistral-7B-Instruct-v0.3,Evaluate,Evaluate,1
705,Mistral-7B-Instruct-v0.3,Remember,Remember,1
706,Mistral-7B-Instruct-v0.3,Apply,Apply,1
707,Mistral-7B-Instruct-v0.3,Understand,Understand,1
708,Mistral-7B-Instruct-v0.3,Apply,Apply,1
709,Mistral-7B-Instruct-v0.3,Understand,Understand,1
710,Mistral-7B-Instruct-v0.3,Analyze,Analyze,1
711,Mistral-7B-Instruct-v0.3,Analyze,Analyze,1
712,Mistral-7B-Instruct-v0.3,Apply,Apply,1
713,Mistral-7B-Instruct-v0.3,Evaluate,Evaluate,1
714,Mistral-7B-Instruct-v0.3,Understand,Understand,1
715,Mistral-7B-Instruct-v0.3,Understand,Understand,1
716,Mistral-7B-Instruct-v0.3,Understand,Understand,1
717,Mistral-7B-Instruct-v0.3,Analyze,Analyze,1
718,Mistral-7B-Instruct-v0.3,Understand,Understand,1
719,Mistral-7B-Instruct-v0.3,Remember,Remember,1
720,Mistral-7B-Instruct-v0.3,Create,Create,1
721,Mistral-7B-Instruct-v0.3,Understand,Evaluate,0
722,Mistral-7B-Instruct-v0.3,Apply,Apply,1
723,Mistral-7B-Instruct-v0.3,Apply,Apply,1
724,Mistral-7B-Instruct-v0.3,Create,Create,1
725,Mistral-7B-Instruct-v0.3,Apply,Apply,1
726,Mistral-7B-Instruct-v0.3,Understand,Understand,1
727,Mistral-7B-Instruct-v0.3,Understand,Understand,1
728,Mistral-7B-Instruct-v0.3,Understand,Understand,1
729,Mistral-7B-Instruct-v0.3,Understand,Understand,1
730,Mistral-7B-Instruct-v0.3,Analyze,Analyze,1
731,Mistral-7B-Instruct-v0.3,Apply,Apply,1
732,Mistral-7B-Instruct-v0.3,Apply,Apply,1
733,Mistral-7B-Instruct-v0.3,Apply,Apply,1
734,Mistral-7B-Instruct-v0.3,Remember,Remember,1
735,Mistral-7B-Instruct-v0.3,Understand,Understand,1
736,Mistral-7B-Instruct-v0.3,Apply,Apply,1
737,Mistral-7B-Instruct-v0.3,Apply,Apply,1
738,Mistral-7B-Instruct-v0.3,Understand,Understand,1
739,Mistral-7B-Instruct-v0.3,Apply,Apply,1
740,Mistral-7B-Instruct-v0.3,Understand,Understand,1
741,Mistral-7B-Instruct-v0.3,Evaluate,Evaluate,1
742,Mistral-7B-Instruct-v0.3,Understand,Understand,1
743,Mistral-7B-Instruct-v0.3,Apply,Apply,1
744,Mistral-7B-Instruct-v0.3,Create,Create,1
745,Mistral-7B-Instruct-v0.3,Understand,Understand,1
746,Mistral-7B-Instruct-v0.3,Understand,Understand,1
747,Mistral-7B-Instruct-v0.3,Apply,Apply,1
748,Mistral-7B-Instruct-v0.3,Apply,Apply,1
749,Mistral-7B-Instruct-v0.3,Evaluate,Understand,0
750,Mistral-7B-Instruct-v0.3,Understand,Understand,1
751,Mistral-7B-Instruct-v0.3,Understand,Understand,1
752,Mistral-7B-Instruct-v0.3,Create,Create,1
753,Mistral-7B-Instruct-v0.3,Understand,Understand,1
754,Mistral-7B-Instruct-v0.3,Analyze,Remember,0
755,Mistral-7B-Instruct-v0.3,Apply,Apply,1
756,Mistral-7B-Instruct-v0.3,Apply,Apply,1
757,Mistral-7B-Instruct-v0.3,Evaluate,Evaluate,1
758,Mistral-7B-Instruct-v0.3,Understand,Understand,1
759,Mistral-7B-Instruct-v0.3,Create,Create,1
760,Mistral-7B-Instruct-v0.3,Analyze,Analyze,1
761,Mistral-7B-Instruct-v0.3,Apply,Apply,1
762,Mistral-7B-Instruct-v0.3,Remember,Remember,1
763,Mistral-7B-Instruct-v0.3,Create,Create,1
764,Mistral-7B-Instruct-v0.3,Create,Create,1
765,Mistral-7B-Instruct-v0.3,Apply,Apply,1
766,Mistral-7B-Instruct-v0.3,Apply,Apply,1
767,Mistral-7B-Instruct-v0.3,Analyze,Analyze,1
768,Mistral-7B-Instruct-v0.3,Understand,Understand,1
769,Mistral-7B-Instruct-v0.3,Analyze,Analyze,1
770,Mistral-7B-Instruct-v0.3,Analyze,Analyze,1
771,Mistral-7B-Instruct-v0.3,Create,Create,1
772,Mistral-7B-Instruct-v0.3,Analyze,Analyze,1
773,Mistral-7B-Instruct-v0.3,Analyze,Analyze,1
774,Mistral-7B-Instruct-v0.3,Create,Create,1
775,Mistral-7B-Instruct-v0.3,Create,Create,1
776,Mistral-7B-Instruct-v0.3,Understand,Understand,1
777,Mistral-7B-Instruct-v0.3,Create,Create,1
778,Mistral-7B-Instruct-v0.3,Apply,Apply,1
779,Mistral-7B-Instruct-v0.3,Analyze,Evaluate,0
780,Mistral-7B-Instruct-v0.3,Create,Create,1
781,Mistral-7B-Instruct-v0.3,Apply,Analyze,0
782,Mistral-7B-Instruct-v0.3,Create,Create,1
783,Mistral-7B-Instruct-v0.3,Analyze,Analyze,1
784,Mistral-7B-Instruct-v0.3,Apply,Apply,1
785,Mistral-7B-Instruct-v0.3,Analyze,Analyze,1
786,Mistral-7B-Instruct-v0.3,Understand,Understand,1
787,Mistral-7B-Instruct-v0.3,Apply,Apply,1
788,Mistral-7B-Instruct-v0.3,Apply,Apply,1
789,Mistral-7B-Instruct-v0.3,Remember,Remember,1
790,Mistral-7B-Instruct-v0.3,Apply,Apply,1
791,Mistral-7B-Instruct-v0.3,Apply,Apply,1
792,Mistral-7B-Instruct-v0.3,Apply,Create,0
793,Mistral-7B-Instruct-v0.3,Create,Create,1
794,Mistral-7B-Instruct-v0.3,Apply,Apply,1
795,Mistral-7B-Instruct-v0.3,Create,Create,1
796,Mistral-7B-Instruct-v0.3,Apply,Apply,1
797,Mistral-7B-Instruct-v0.3,Create,Create,1
798,Mistral-7B-Instruct-v0.3,Apply,Apply,1
799,Mistral-7B-Instruct-v0.3,Evaluate,Evaluate,1
800,Mistral-7B-Instruct-v0.3,Apply,Apply,1
801,Mistral-7B-Instruct-v0.3,Evaluate,Evaluate,1
802,Mistral-7B-Instruct-v0.3,Create,Create,1
803,Mistral-7B-Instruct-v0.3,Evaluate,Evaluate,1
804,Mistral-7B-Instruct-v0.3,Understand,Remember,0
805,Mistral-7B-Instruct-v0.3,Create,Create,1
806,Mistral-7B-Instruct-v0.3,Remember,Remember,1
807,Mistral-7B-Instruct-v0.3,Understand,Understand,1
808,Mistral-7B-Instruct-v0.3,Analyze,Create,0
809,Mistral-7B-Instruct-v0.3,Create,Create,1
810,Mistral-7B-Instruct-v0.3,Apply,Apply,1
811,Mistral-7B-Instruct-v0.3,Create,Create,1
812,Mistral-7B-Instruct-v0.3,Apply,Apply,1
813,Mistral-7B-Instruct-v0.3,Create,Create,1
814,Mistral-7B-Instruct-v0.3,Understand,Understand,1
815,Mistral-7B-Instruct-v0.3,Apply,Apply,1
816,Mistral-7B-Instruct-v0.3,Remember,Remember,1
817,Mistral-7B-Instruct-v0.3,Evaluate,Evaluate,1
818,Mistral-7B-Instruct-v0.3,Analyze,Analyze,1
819,Mistral-7B-Instruct-v0.3,Understand,Understand,1
820,Mistral-7B-Instruct-v0.3,Apply,Apply,1
821,Mistral-7B-Instruct-v0.3,Remember,Remember,1
822,Mistral-7B-Instruct-v0.3,Apply,Apply,1
823,Mistral-7B-Instruct-v0.3,Understand,Understand,1
824,Mistral-7B-Instruct-v0.3,Remember,Remember,1
825,Mistral-7B-Instruct-v0.3,Apply,Apply,1
826,Mistral-7B-Instruct-v0.3,Understand,Understand,1
827,Mistral-7B-Instruct-v0.3,Apply,Apply,1
828,Mistral-7B-Instruct-v0.3,Apply,Apply,1
829,Mistral-7B-Instruct-v0.3,Understand,Remember,0
830,Mistral-7B-Instruct-v0.3,Create,Create,1
831,Mistral-7B-Instruct-v0.3,Remember,Remember,1
832,Mistral-7B-Instruct-v0.3,Apply,Apply,1
833,Mistral-7B-Instruct-v0.3,Create,Create,1
834,Mistral-7B-Instruct-v0.3,Apply,Apply,1
835,Mistral-7B-Instruct-v0.3,Create,Create,1
836,Mistral-7B-Instruct-v0.3,Remember,Understand,0
837,Mistral-7B-Instruct-v0.3,Remember,Remember,1
838,Mistral-7B-Instruct-v0.3,Understand,Understand,1
839,Mistral-7B-Instruct-v0.3,Apply,Apply,1
840,Mistral-7B-Instruct-v0.3,Apply,Understand,0
841,Mistral-7B-Instruct-v0.3,Analyze,Analyze,1
842,Mistral-7B-Instruct-v0.3,Remember,Remember,1
843,Mistral-7B-Instruct-v0.3,Understand,Understand,1
844,Mistral-7B-Instruct-v0.3,Create,Create,1
845,Mistral-7B-Instruct-v0.3,Evaluate,Evaluate,1
846,Mistral-7B-Instruct-v0.3,Evaluate,Evaluate,1
847,Mistral-7B-Instruct-v0.3,Apply,Apply,1
848,Mistral-7B-Instruct-v0.3,Apply,Apply,1
849,Mistral-7B-Instruct-v0.3,Apply,Apply,1
850,Mistral-7B-Instruct-v0.3,Create,Create,1
851,Mistral-7B-Instruct-v0.3,Apply,Apply,1
852,Mistral-7B-Instruct-v0.3,Apply,Apply,1
853,Mistral-7B-Instruct-v0.3,Evaluate,Evaluate,1
854,Mistral-7B-Instruct-v0.3,Understand,Understand,1
855,Mistral-7B-Instruct-v0.3,Understand,Understand,1
856,Mistral-7B-Instruct-v0.3,Understand,Understand,1
857,Mistral-7B-Instruct-v0.3,Apply,Apply,1
858,Mistral-7B-Instruct-v0.3,Understand,Understand,1
859,Mistral-7B-Instruct-v0.3,Understand,Understand,1
860,Mistral-7B-Instruct-v0.3,Apply,Understand,0
861,Mistral-7B-Instruct-v0.3,Evaluate,Apply,0
862,Mistral-7B-Instruct-v0.3,Apply,Apply,1
863,Mistral-7B-Instruct-v0.3,Apply,Apply,1
864,Mistral-7B-Instruct-v0.3,Create,Create,1
865,Mistral-7B-Instruct-v0.3,Understand,Understand,1
866,Mistral-7B-Instruct-v0.3,Apply,Apply,1
867,Mistral-7B-Instruct-v0.3,Evaluate,Evaluate,1
868,Mistral-7B-Instruct-v0.3,Create,Create,1
869,Mistral-7B-Instruct-v0.3,Create,Create,1
870,Mistral-7B-Instruct-v0.3,Apply,Apply,1
871,Mistral-7B-Instruct-v0.3,Understand,Understand,1
872,Mistral-7B-Instruct-v0.3,Analyze,Analyze,1
873,Mistral-7B-Instruct-v0.3,Apply,Apply,1
874,Mistral-7B-Instruct-v0.3,Remember,Remember,1
875,Mistral-7B-Instruct-v0.3,Understand,Understand,1
876,Mistral-7B-Instruct-v0.3,Understand,Understand,1
877,Mistral-7B-Instruct-v0.3,Understand,Understand,1
878,Mistral-7B-Instruct-v0.3,Apply,Apply,1
879,Mistral-7B-Instruct-v0.3,Understand,Understand,1
880,Mistral-7B-Instruct-v0.3,Evaluate,Evaluate,1
881,Mistral-7B-Instruct-v0.3,Analyze,Analyze,1
882,Mistral-7B-Instruct-v0.3,Apply,Apply,1
883,Mistral-7B-Instruct-v0.3,Understand,Understand,1
884,Mistral-7B-Instruct-v0.3,Understand,Understand,1
885,Mistral-7B-Instruct-v0.3,Understand,Understand,1
886,Mistral-7B-Instruct-v0.3,Evaluate,Evaluate,1
887,Mistral-7B-Instruct-v0.3,Create,Create,1
888,Mistral-7B-Instruct-v0.3,Apply,Apply,1
889,Mistral-7B-Instruct-v0.3,Understand,Understand,1
890,Mistral-7B-Instruct-v0.3,Create,Create,1
891,Mistral-7B-Instruct-v0.3,Analyze,Analyze,1
892,Mistral-7B-Instruct-v0.3,Create,Create,1
893,Mistral-7B-Instruct-v0.3,Apply,Apply,1
894,Mistral-7B-Instruct-v0.3,Evaluate,Evaluate,1
895,Mistral-7B-Instruct-v0.3,Apply,Apply,1
896,Mistral-7B-Instruct-v0.3,Apply,Apply,1
897,Mistral-7B-Instruct-v0.3,Apply,Apply,1
898,Mistral-7B-Instruct-v0.3,Evaluate,Evaluate,1
899,Mistral-7B-Instruct-v0.3,Apply,Apply,1
900,Mistral-7B-Instruct-v0.3,Evaluate,Evaluate,1
901,Mistral-7B-Instruct-v0.3,Understand,Understand,1
902,Mistral-7B-Instruct-v0.3,Understand,Understand,1
903,Mistral-7B-Instruct-v0.3,Apply,Apply,1
904,Mistral-7B-Instruct-v0.3,Apply,Apply,1
905,Mistral-7B-Instruct-v0.3,Understand,Understand,1
906,Mistral-7B-Instruct-v0.3,Analyze,Analyze,1
907,Mistral-7B-Instruct-v0.3,Create,Create,1
908,Mistral-7B-Instruct-v0.3,Apply,Apply,1
909,Mistral-7B-Instruct-v0.3,Apply,Apply,1
910,Mistral-7B-Instruct-v0.3,Evaluate,Evaluate,1
911,Mistral-7B-Instruct-v0.3,Evaluate,Evaluate,1
912,Mistral-7B-Instruct-v0.3,Understand,Understand,1
913,Mistral-7B-Instruct-v0.3,Understand,Understand,1
914,Mistral-7B-Instruct-v0.3,Understand,Understand,1
915,Mistral-7B-Instruct-v0.3,Understand,Understand,1
916,Mistral-7B-Instruct-v0.3,Evaluate,Evaluate,1
917,Mistral-7B-Instruct-v0.3,Understand,Understand,1
918,Mistral-7B-Instruct-v0.3,Apply,Apply,1
919,Mistral-7B-Instruct-v0.3,Analyze,Analyze,1
920,Mistral-7B-Instruct-v0.3,Create,Create,1
921,Mistral-7B-Instruct-v0.3,Create,Remember,0
922,Mistral-7B-Instruct-v0.3,Evaluate,Evaluate,1
923,Mistral-7B-Instruct-v0.3,Evaluate,Evaluate,1
924,Mistral-7B-Instruct-v0.3,Create,Create,1
925,Mistral-7B-Instruct-v0.3,Understand,Understand,1
926,Mistral-7B-Instruct-v0.3,Analyze,Evaluate,0
927,Mistral-7B-Instruct-v0.3,Understand,Understand,1
928,Mistral-7B-Instruct-v0.3,Analyze,Analyze,1
929,Mistral-7B-Instruct-v0.3,Evaluate,Analyze,0
930,Mistral-7B-Instruct-v0.3,Evaluate,Evaluate,1
931,Mistral-7B-Instruct-v0.3,Analyze,Apply,0
932,Mistral-7B-Instruct-v0.3,Remember,Remember,1
933,Mistral-7B-Instruct-v0.3,Apply,Apply,1
934,Mistral-7B-Instruct-v0.3,Understand,Create,0
935,Mistral-7B-Instruct-v0.3,Analyze,Analyze,1
936,Mistral-7B-Instruct-v0.3,Understand,Understand,1
937,Mistral-7B-Instruct-v0.3,Create,Create,1
938,Mistral-7B-Instruct-v0.3,Analyze,Analyze,1
939,Mistral-7B-Instruct-v0.3,Analyze,Analyze,1
940,Mistral-7B-Instruct-v0.3,Apply,Apply,1
941,Mistral-7B-Instruct-v0.3,Apply,Apply,1
942,Mistral-7B-Instruct-v0.3,Create,Create,1
943,Mistral-7B-Instruct-v0.3,Understand,Apply,0
944,Mistral-7B-Instruct-v0.3,Apply,Apply,1
945,Mistral-7B-Instruct-v0.3,Create,Create,1
946,Mistral-7B-Instruct-v0.3,Remember,Remember,1
947,Mistral-7B-Instruct-v0.3,Create,Create,1
948,Mistral-7B-Instruct-v0.3,Create,Create,1
949,Mistral-7B-Instruct-v0.3,Apply,Apply,1
950,Mistral-7B-Instruct-v0.3,Apply,Apply,1
951,Mistral-7B-Instruct-v0.3,Understand,Understand,1
952,Mistral-7B-Instruct-v0.3,Analyze,Analyze,1
953,Mistral-7B-Instruct-v0.3,Apply,Apply,1
954,Mistral-7B-Instruct-v0.3,Apply,Apply,1
955,Mistral-7B-Instruct-v0.3,Understand,Understand,1
956,Mistral-7B-Instruct-v0.3,Evaluate,Evaluate,1
957,Mistral-7B-Instruct-v0.3,Apply,Apply,1
958,Mistral-7B-Instruct-v0.3,Analyze,Apply,0
959,Mistral-7B-Instruct-v0.3,Create,Create,1
960,Mistral-7B-Instruct-v0.3,Apply,Create,0
961,Mistral-7B-Instruct-v0.3,Apply,Apply,1
962,Mistral-7B-Instruct-v0.3,Apply,Apply,1
963,Mistral-7B-Instruct-v0.3,Understand,Understand,1
964,Mistral-7B-Instruct-v0.3,Analyze,Analyze,1
965,Mistral-7B-Instruct-v0.3,Understand,Understand,1
966,Mistral-7B-Instruct-v0.3,Evaluate,Evaluate,1
967,Mistral-7B-Instruct-v0.3,Analyze,Analyze,1
968,Mistral-7B-Instruct-v0.3,Understand,Understand,1
969,Mistral-7B-Instruct-v0.3,Apply,Apply,1
970,Mistral-7B-Instruct-v0.3,Apply,Apply,1
971,Mistral-7B-Instruct-v0.3,Evaluate,Evaluate,1
972,Mistral-7B-Instruct-v0.3,Apply,Apply,1
973,Mistral-7B-Instruct-v0.3,Analyze,Analyze,1
974,Mistral-7B-Instruct-v0.3,Analyze,Analyze,1
975,Mistral-7B-Instruct-v0.3,Apply,Apply,1
976,Mistral-7B-Instruct-v0.3,Analyze,Analyze,1
977,Mistral-7B-Instruct-v0.3,Understand,Understand,1
978,Mistral-7B-Instruct-v0.3,Apply,Apply,1
979,Mistral-7B-Instruct-v0.3,Evaluate,Evaluate,1
980,Mistral-7B-Instruct-v0.3,Apply,Apply,1
981,Mistral-7B-Instruct-v0.3,Understand,Understand,1
982,Mistral-7B-Instruct-v0.3,Understand,Create,0
983,Mistral-7B-Instruct-v0.3,Create,Create,1
984,Mistral-7B-Instruct-v0.3,Understand,Understand,1
985,Mistral-7B-Instruct-v0.3,Understand,Understand,1
986,Mistral-7B-Instruct-v0.3,Apply,Understand,0
987,Mistral-7B-Instruct-v0.3,Apply,Apply,1
988,Mistral-7B-Instruct-v0.3,Understand,Understand,1
989,Mistral-7B-Instruct-v0.3,Create,Create,1
990,Mistral-7B-Instruct-v0.3,Create,Create,1
991,Mistral-7B-Instruct-v0.3,Understand,Understand,1
992,Mistral-7B-Instruct-v0.3,Analyze,Analyze,1
993,Mistral-7B-Instruct-v0.3,Create,Create,1
994,Mistral-7B-Instruct-v0.3,Remember,Remember,1
995,Mistral-7B-Instruct-v0.3,Create,Create,1
996,Mistral-7B-Instruct-v0.3,Analyze,Analyze,1
997,Mistral-7B-Instruct-v0.3,Apply,Apply,1
998,Mistral-7B-Instruct-v0.3,Apply,Apply,1
999,Mistral-7B-Instruct-v0.3,Understand,Create,0
1000,Mistral-7B-Instruct-v0.3,Evaluate,Evaluate,1
1001,Mistral-7B-Instruct-v0.3,Understand,Understand,1
1002,Mistral-7B-Instruct-v0.3,Evaluate,Evaluate,1
1003,Mistral-7B-Instruct-v0.3,Create,Create,1
1004,Mistral-7B-Instruct-v0.3,Apply,Apply,1
1005,Mistral-7B-Instruct-v0.3,Understand,Understand,1
1006,Mistral-7B-Instruct-v0.3,Evaluate,Evaluate,1
1007,Mistral-7B-Instruct-v0.3,Understand,Understand,1
1008,Mistral-7B-Instruct-v0.3,Understand,Understand,1
1009,Mistral-7B-Instruct-v0.3,Create,Create,1
1010,Mistral-7B-Instruct-v0.3,Understand,Understand,1
1011,Mistral-7B-Instruct-v0.3,Apply,Evaluate,0
1012,Mistral-7B-Instruct-v0.3,Understand,Understand,1
1013,Mistral-7B-Instruct-v0.3,Create,Create,1
1014,Mistral-7B-Instruct-v0.3,Apply,Understand,0
1015,Mistral-7B-Instruct-v0.3,Analyze,Analyze,1
1016,Mistral-7B-Instruct-v0.3,Apply,Apply,1
1017,Mistral-7B-Instruct-v0.3,Remember,Remember,1
1018,Mistral-7B-Instruct-v0.3,Analyze,Analyze,1
1019,Mistral-7B-Instruct-v0.3,Understand,Understand,1
1020,Mistral-7B-Instruct-v0.3,Apply,Apply,1
1021,Mistral-7B-Instruct-v0.3,Understand,Create,0
1022,Mistral-7B-Instruct-v0.3,Evaluate,Evaluate,1
1023,Mistral-7B-Instruct-v0.3,Understand,Understand,1
1024,Mistral-7B-Instruct-v0.3,Create,Create,1
1025,Mistral-7B-Instruct-v0.3,Understand,Understand,1
1026,Mistral-7B-Instruct-v0.3,Apply,Create,0
1027,Mistral-7B-Instruct-v0.3,Evaluate,Evaluate,1
1028,Mistral-7B-Instruct-v0.3,Evaluate,Evaluate,1
1029,Mistral-7B-Instruct-v0.3,Create,Create,1
1030,Mistral-7B-Instruct-v0.3,Understand,Understand,1
1031,Mistral-7B-Instruct-v0.3,Create,Create,1
1032,Mistral-7B-Instruct-v0.3,Apply,Apply,1
1033,Mistral-7B-Instruct-v0.3,Create,Create,1
1034,Mistral-7B-Instruct-v0.3,Create,Create,1
1035,Mistral-7B-Instruct-v0.3,Evaluate,Evaluate,1
1036,Mistral-7B-Instruct-v0.3,Understand,Understand,1
1037,Mistral-7B-Instruct-v0.3,Apply,Apply,1
1038,Mistral-7B-Instruct-v0.3,Apply,Apply,1
1039,Mistral-7B-Instruct-v0.3,Create,Create,1
1040,Mistral-7B-Instruct-v0.3,Apply,Apply,1
1041,Mistral-7B-Instruct-v0.3,Evaluate,Evaluate,1
1042,Mistral-7B-Instruct-v0.3,Create,Create,1
1043,Mistral-7B-Instruct-v0.3,Analyze,Analyze,1
1044,Mistral-7B-Instruct-v0.3,Analyze,Analyze,1
1045,Mistral-7B-Instruct-v0.3,Remember,Understand,0
1046,Mistral-7B-Instruct-v0.3,Create,Create,1
1047,Mistral-7B-Instruct-v0.3,Understand,Understand,1
1048,Mistral-7B-Instruct-v0.3,Evaluate,Evaluate,1
1049,Mistral-7B-Instruct-v0.3,Evaluate,Evaluate,1
1050,Mistral-7B-Instruct-v0.3,Understand,Understand,1
1051,Mistral-7B-Instruct-v0.3,Evaluate,Evaluate,1
1052,Mistral-7B-Instruct-v0.3,Understand,Understand,1
1053,Mistral-7B-Instruct-v0.3,Apply,Apply,1
1054,Mistral-7B-Instruct-v0.3,Understand,Understand,1
1055,Mistral-7B-Instruct-v0.3,Evaluate,Evaluate,1
1056,Mistral-7B-Instruct-v0.3,Apply,Apply,1
1057,Mistral-7B-Instruct-v0.3,Create,Create,1
1058,Mistral-7B-Instruct-v0.3,Apply,Apply,1
1059,Mistral-7B-Instruct-v0.3,Apply,Apply,1
1060,Mistral-7B-Instruct-v0.3,Apply,Apply,1
1061,Mistral-7B-Instruct-v0.3,Create,Create,1
1062,Mistral-7B-Instruct-v0.3,Apply,Apply,1
1063,Mistral-7B-Instruct-v0.3,Apply,Apply,1
1064,Mistral-7B-Instruct-v0.3,Analyze,Analyze,1
1065,Mistral-7B-Instruct-v0.3,Evaluate,Evaluate,1
1066,Mistral-7B-Instruct-v0.3,Evaluate,Evaluate,1
1067,Mistral-7B-Instruct-v0.3,Understand,Understand,1
1068,Mistral-7B-Instruct-v0.3,Analyze,Analyze,1
1069,Mistral-7B-Instruct-v0.3,Understand,Understand,1
1070,Mistral-7B-Instruct-v0.3,Understand,Understand,1
1071,Mistral-7B-Instruct-v0.3,Apply,Apply,1
1072,Mistral-7B-Instruct-v0.3,Apply,Apply,1
1073,Mistral-7B-Instruct-v0.3,Understand,Understand,1
1074,Mistral-7B-Instruct-v0.3,Evaluate,Evaluate,1
1075,Mistral-7B-Instruct-v0.3,Apply,Apply,1
1076,Mistral-7B-Instruct-v0.3,Create,Create,1
1077,Mistral-7B-Instruct-v0.3,Analyze,Analyze,1
1078,Mistral-7B-Instruct-v0.3,Understand,Understand,1
1079,Mistral-7B-Instruct-v0.3,Understand,Understand,1
1080,Mistral-7B-Instruct-v0.3,Apply,Apply,1
1081,Mistral-7B-Instruct-v0.3,Remember,Remember,1
1082,Mistral-7B-Instruct-v0.3,Analyze,Analyze,1
1083,Mistral-7B-Instruct-v0.3,Analyze,Analyze,1
1084,Mistral-7B-Instruct-v0.3,Understand,Understand,1
1085,Mistral-7B-Instruct-v0.3,Apply,Apply,1
1086,Mistral-7B-Instruct-v0.3,Understand,Understand,1
1087,Mistral-7B-Instruct-v0.3,Evaluate,Evaluate,1
1088,Mistral-7B-Instruct-v0.3,Apply,Apply,1
1089,Mistral-7B-Instruct-v0.3,Apply,Apply,1
1090,Mistral-7B-Instruct-v0.3,Analyze,Analyze,1
1091,Mistral-7B-Instruct-v0.3,Understand,Understand,1
1092,Mistral-7B-Instruct-v0.3,Analyze,Analyze,1
1093,Mistral-7B-Instruct-v0.3,Apply,Apply,1
1094,Mistral-7B-Instruct-v0.3,Evaluate,Evaluate,1
1095,Mistral-7B-Instruct-v0.3,Understand,Understand,1
1096,Mistral-7B-Instruct-v0.3,Create,Create,1
1097,Mistral-7B-Instruct-v0.3,Apply,Apply,1
1098,Mistral-7B-Instruct-v0.3,Apply,Apply,1
1099,Mistral-7B-Instruct-v0.3,Apply,Apply,1
1100,Mistral-7B-Instruct-v0.3,Understand,Understand,1
1101,Mistral-7B-Instruct-v0.3,Understand,Understand,1
1102,Mistral-7B-Instruct-v0.3,Create,Apply,0
1103,Mistral-7B-Instruct-v0.3,Evaluate,Evaluate,1
1104,Mistral-7B-Instruct-v0.3,Remember,Remember,1
1105,Mistral-7B-Instruct-v0.3,Understand,Understand,1
1106,Mistral-7B-Instruct-v0.3,Apply,Apply,1
1107,Mistral-7B-Instruct-v0.3,Analyze,Analyze,1
1108,Mistral-7B-Instruct-v0.3,Apply,Apply,1
1109,Mistral-7B-Instruct-v0.3,Evaluate,Evaluate,1
1110,Mistral-7B-Instruct-v0.3,Create,Create,1
1111,Mistral-7B-Instruct-v0.3,Understand,Understand,1
1112,Mistral-7B-Instruct-v0.3,Apply,Apply,1
1113,Mistral-7B-Instruct-v0.3,Understand,Understand,1
1114,Mistral-7B-Instruct-v0.3,Understand,Understand,1
1115,Mistral-7B-Instruct-v0.3,Understand,Understand,1
1116,Mistral-7B-Instruct-v0.3,Understand,Understand,1
1117,Mistral-7B-Instruct-v0.3,Apply,Apply,1
1118,Mistral-7B-Instruct-v0.3,Evaluate,Evaluate,1
1119,Mistral-7B-Instruct-v0.3,Apply,Apply,1
1120,Mistral-7B-Instruct-v0.3,Apply,Apply,1
1121,Mistral-7B-Instruct-v0.3,Apply,Apply,1
1122,Mistral-7B-Instruct-v0.3,Apply,Apply,1
1123,Mistral-7B-Instruct-v0.3,Understand,Apply,0
1124,Mistral-7B-Instruct-v0.3,Understand,Understand,1
1125,Mistral-7B-Instruct-v0.3,Remember,Remember,1
1126,Mistral-7B-Instruct-v0.3,Understand,Understand,1
1127,Mistral-7B-Instruct-v0.3,Evaluate,Evaluate,1
1128,Mistral-7B-Instruct-v0.3,Apply,Apply,1
1129,Mistral-7B-Instruct-v0.3,Apply,Apply,1
1130,Mistral-7B-Instruct-v0.3,Understand,Understand,1
1131,Mistral-7B-Instruct-v0.3,Create,Create,1
1132,Mistral-7B-Instruct-v0.3,Remember,Remember,1
1133,Mistral-7B-Instruct-v0.3,Evaluate,Evaluate,1
1134,Mistral-7B-Instruct-v0.3,Understand,Understand,1
1135,Mistral-7B-Instruct-v0.3,Apply,Apply,1
1136,Mistral-7B-Instruct-v0.3,Evaluate,Evaluate,1
1137,Mistral-7B-Instruct-v0.3,Analyze,Analyze,1
1138,Mistral-7B-Instruct-v0.3,Analyze,Analyze,1
1139,Mistral-7B-Instruct-v0.3,Analyze,Analyze,1
1140,Mistral-7B-Instruct-v0.3,Apply,Apply,1
1141,Mistral-7B-Instruct-v0.3,Understand,Understand,1
1142,Mistral-7B-Instruct-v0.3,Understand,Understand,1
1143,Mistral-7B-Instruct-v0.3,Create,Create,1
1144,Mistral-7B-Instruct-v0.3,Apply,Apply,1
1145,Mistral-7B-Instruct-v0.3,Understand,Understand,1
1146,Mistral-7B-Instruct-v0.3,Apply,Apply,1
1147,Mistral-7B-Instruct-v0.3,Apply,Apply,1
1148,Mistral-7B-Instruct-v0.3,Apply,Apply,1
1149,Mistral-7B-Instruct-v0.3,Evaluate,Evaluate,1
1150,Mistral-7B-Instruct-v0.3,Understand,Understand,1
1151,Mistral-7B-Instruct-v0.3,Understand,Understand,1
1152,Mistral-7B-Instruct-v0.3,Understand,Understand,1
1153,Mistral-7B-Instruct-v0.3,Understand,Understand,1
1154,Mistral-7B-Instruct-v0.3,Analyze,Analyze,1
1155,Mistral-7B-Instruct-v0.3,Evaluate,Evaluate,1
1156,Mistral-7B-Instruct-v0.3,Apply,Apply,1
1157,Mistral-7B-Instruct-v0.3,Analyze,Analyze,1
1158,Mistral-7B-Instruct-v0.3,Evaluate,Evaluate,1
1159,Mistral-7B-Instruct-v0.3,Apply,Apply,1
1160,Mistral-7B-Instruct-v0.3,Analyze,Analyze,1
1161,Mistral-7B-Instruct-v0.3,Create,Create,1
1162,Mistral-7B-Instruct-v0.3,Apply,Apply,1
1163,Mistral-7B-Instruct-v0.3,Understand,Understand,1
1164,Mistral-7B-Instruct-v0.3,Create,Create,1
1165,Mistral-7B-Instruct-v0.3,Create,Create,1
1166,Mistral-7B-Instruct-v0.3,Understand,Understand,1
1167,Mistral-7B-Instruct-v0.3,Apply,Apply,1
1168,Mistral-7B-Instruct-v0.3,Apply,Apply,1
1169,Mistral-7B-Instruct-v0.3,Create,Create,1
1170,Mistral-7B-Instruct-v0.3,Apply,Apply,1
1171,Mistral-7B-Instruct-v0.3,Create,Create,1
1172,Mistral-7B-Instruct-v0.3,Remember,Remember,1
1173,Mistral-7B-Instruct-v0.3,Understand,Understand,1
1174,Mistral-7B-Instruct-v0.3,Create,Create,1
1175,Mistral-7B-Instruct-v0.3,Evaluate,Evaluate,1
1176,Mistral-7B-Instruct-v0.3,Understand,Analyze,0
1177,Mistral-7B-Instruct-v0.3,Understand,Remember,0
1178,Mistral-7B-Instruct-v0.3,Understand,Understand,1
1179,Mistral-7B-Instruct-v0.3,Understand,Understand,1
1180,Mistral-7B-Instruct-v0.3,Apply,Apply,1
1181,Mistral-7B-Instruct-v0.3,Apply,Apply,1
1182,Mistral-7B-Instruct-v0.3,Apply,Apply,1
1183,Mistral-7B-Instruct-v0.3,Analyze,Analyze,1
1184,Mistral-7B-Instruct-v0.3,Apply,Apply,1
1185,Mistral-7B-Instruct-v0.3,Apply,Apply,1
1186,Mistral-7B-Instruct-v0.3,Create,Create,1
1187,Mistral-7B-Instruct-v0.3,Apply,Apply,1
1188,Mistral-7B-Instruct-v0.3,Evaluate,Evaluate,1
1189,Mistral-7B-Instruct-v0.3,Apply,Apply,1
1190,Mistral-7B-Instruct-v0.3,Remember,Remember,1
1191,Mistral-7B-Instruct-v0.3,Analyze,Analyze,1
1192,Mistral-7B-Instruct-v0.3,Create,Create,1
1193,Mistral-7B-Instruct-v0.3,Apply,Apply,1
1194,Mistral-7B-Instruct-v0.3,Understand,Understand,1
1195,Mistral-7B-Instruct-v0.3,Apply,Apply,1
1196,Mistral-7B-Instruct-v0.3,Create,Create,1
1197,Mistral-7B-Instruct-v0.3,Create,Create,1
1198,Mistral-7B-Instruct-v0.3,Apply,Apply,1
1199,Mistral-7B-Instruct-v0.3,Remember,Understand,0
1200,Mistral-7B-Instruct-v0.3,Understand,Understand,1
1201,Mistral-7B-Instruct-v0.3,Create,Create,1
1202,Mistral-7B-Instruct-v0.3,Create,Create,1
1203,Mistral-7B-Instruct-v0.3,Analyze,Analyze,1
1204,Mistral-7B-Instruct-v0.3,Understand,Understand,1
1205,Mistral-7B-Instruct-v0.3,Apply,Apply,1
1206,Mistral-7B-Instruct-v0.3,Analyze,Analyze,1
1207,Mistral-7B-Instruct-v0.3,Analyze,Analyze,1
1208,Mistral-7B-Instruct-v0.3,Apply,Apply,1
1209,Mistral-7B-Instruct-v0.3,Analyze,Analyze,1
1210,Mistral-7B-Instruct-v0.3,Apply,Apply,1
1211,Mistral-7B-Instruct-v0.3,Evaluate,Evaluate,1
1212,Mistral-7B-Instruct-v0.3,Create,Create,1
1213,Mistral-7B-Instruct-v0.3,Apply,Apply,1
1214,Mistral-7B-Instruct-v0.3,Analyze,Analyze,1
1215,Mistral-7B-Instruct-v0.3,Apply,Apply,1
1216,Mistral-7B-Instruct-v0.3,Understand,Understand,1
1217,Mistral-7B-Instruct-v0.3,Evaluate,Evaluate,1
1218,Mistral-7B-Instruct-v0.3,Apply,Understand,0
1219,Mistral-7B-Instruct-v0.3,Understand,Understand,1
1220,Mistral-7B-Instruct-v0.3,Analyze,Apply,0
1221,Mistral-7B-Instruct-v0.3,Apply,Remember,0
1222,Mistral-7B-Instruct-v0.3,Apply,Apply,1
1223,Mistral-7B-Instruct-v0.3,Apply,Apply,1
1224,Mistral-7B-Instruct-v0.3,Apply,Apply,1
1225,Mistral-7B-Instruct-v0.3,Apply,Apply,1
1226,Mistral-7B-Instruct-v0.3,Remember,Remember,1
1227,Mistral-7B-Instruct-v0.3,Understand,Understand,1
1228,Mistral-7B-Instruct-v0.3,Understand,Understand,1
1229,Mistral-7B-Instruct-v0.3,Understand,Understand,1
1230,Mistral-7B-Instruct-v0.3,Apply,Apply,1
1231,Mistral-7B-Instruct-v0.3,Analyze,Analyze,1
1232,Mistral-7B-Instruct-v0.3,Understand,Understand,1
1233,Mistral-7B-Instruct-v0.3,Create,Create,1
1234,Mistral-7B-Instruct-v0.3,Apply,Understand,0
1235,Mistral-7B-Instruct-v0.3,Analyze,Analyze,1
1236,Mistral-7B-Instruct-v0.3,Analyze,Analyze,1
1237,Mistral-7B-Instruct-v0.3,Understand,Understand,1
1238,Mistral-7B-Instruct-v0.3,Understand,Understand,1
1239,Mistral-7B-Instruct-v0.3,Analyze,Analyze,1
1240,Mistral-7B-Instruct-v0.3,Apply,Apply,1
1241,Mistral-7B-Instruct-v0.3,Apply,Apply,1
1242,Mistral-7B-Instruct-v0.3,Understand,Understand,1
1243,Mistral-7B-Instruct-v0.3,Apply,Apply,1
1244,Mistral-7B-Instruct-v0.3,Understand,Understand,1
1245,Mistral-7B-Instruct-v0.3,Apply,Apply,1
1246,Mistral-7B-Instruct-v0.3,Analyze,Analyze,1
1247,Mistral-7B-Instruct-v0.3,Create,Create,1
1248,Mistral-7B-Instruct-v0.3,Understand,Understand,1
1249,Mistral-7B-Instruct-v0.3,Analyze,Analyze,1
1250,Mistral-7B-Instruct-v0.3,Evaluate,Evaluate,1
1251,Mistral-7B-Instruct-v0.3,Evaluate,Evaluate,1
1252,Mistral-7B-Instruct-v0.3,Evaluate,Evaluate,1
1253,Mistral-7B-Instruct-v0.3,Understand,Understand,1
1254,Mistral-7B-Instruct-v0.3,Understand,Understand,1
1255,Mistral-7B-Instruct-v0.3,Apply,Apply,1
1256,Mistral-7B-Instruct-v0.3,Create,Create,1
1257,Mistral-7B-Instruct-v0.3,Understand,Understand,1
1258,Mistral-7B-Instruct-v0.3,Understand,Understand,1
1259,Mistral-7B-Instruct-v0.3,Understand,Understand,1
1260,Mistral-7B-Instruct-v0.3,Understand,Understand,1
1261,Mistral-7B-Instruct-v0.3,Understand,Understand,1
1262,Mistral-7B-Instruct-v0.3,Apply,Apply,1
1263,Mistral-7B-Instruct-v0.3,Analyze,Analyze,1
1264,Mistral-7B-Instruct-v0.3,Apply,Apply,1
1265,Mistral-7B-Instruct-v0.3,Apply,Apply,1
1266,Mistral-7B-Instruct-v0.3,Understand,Understand,1
1267,Mistral-7B-Instruct-v0.3,Create,Create,1
1268,Mistral-7B-Instruct-v0.3,Analyze,Analyze,1
1269,Mistral-7B-Instruct-v0.3,Understand,Understand,1
1270,Mistral-7B-Instruct-v0.3,Apply,Apply,1
1271,Mistral-7B-Instruct-v0.3,Evaluate,Evaluate,1
1272,Mistral-7B-Instruct-v0.3,Apply,Apply,1
1273,Mistral-7B-Instruct-v0.3,Understand,Understand,1
1274,Mistral-7B-Instruct-v0.3,Understand,Understand,1
1275,Mistral-7B-Instruct-v0.3,Remember,Remember,1
1276,Mistral-7B-Instruct-v0.3,Apply,Apply,1
1277,Mistral-7B-Instruct-v0.3,Create,Create,1
1278,Mistral-7B-Instruct-v0.3,Analyze,Analyze,1
1279,Mistral-7B-Instruct-v0.3,Evaluate,Evaluate,1
1280,Mistral-7B-Instruct-v0.3,Understand,Understand,1
1281,Mistral-7B-Instruct-v0.3,Apply,Apply,1
1282,Mistral-7B-Instruct-v0.3,Apply,Apply,1
1283,Mistral-7B-Instruct-v0.3,Evaluate,Evaluate,1
1284,Mistral-7B-Instruct-v0.3,Apply,Apply,1
1285,Mistral-7B-Instruct-v0.3,Create,Create,1
1286,Mistral-7B-Instruct-v0.3,Analyze,Analyze,1
1287,Mistral-7B-Instruct-v0.3,Apply,Create,0
1288,Mistral-7B-Instruct-v0.3,Create,Create,1
1289,Mistral-7B-Instruct-v0.3,Evaluate,Apply,0
1290,Mistral-7B-Instruct-v0.3,Understand,Understand,1
1291,Mistral-7B-Instruct-v0.3,Create,Create,1
1292,Mistral-7B-Instruct-v0.3,Create,Create,1
1293,Mistral-7B-Instruct-v0.3,Understand,Understand,1
1294,Mistral-7B-Instruct-v0.3,Create,Create,1
1295,Mistral-7B-Instruct-v0.3,Apply,Apply,1
1296,Mistral-7B-Instruct-v0.3,Apply,Apply,1
1297,Mistral-7B-Instruct-v0.3,Apply,Apply,1
1298,Mistral-7B-Instruct-v0.3,Apply,Apply,1
1299,Mistral-7B-Instruct-v0.3,Remember,Remember,1
1300,Mistral-7B-Instruct-v0.3,Apply,Apply,1
1301,Mistral-7B-Instruct-v0.3,Create,Create,1
1302,Mistral-7B-Instruct-v0.3,Understand,Understand,1
1303,Mistral-7B-Instruct-v0.3,Create,Create,1
1304,Mistral-7B-Instruct-v0.3,Understand,Understand,1
1305,Mistral-7B-Instruct-v0.3,Understand,Understand,1
1306,Mistral-7B-Instruct-v0.3,Create,Create,1
1307,Mistral-7B-Instruct-v0.3,Evaluate,Evaluate,1
1308,Mistral-7B-Instruct-v0.3,Analyze,Analyze,1
1309,Mistral-7B-Instruct-v0.3,Analyze,Analyze,1
1310,Mistral-7B-Instruct-v0.3,Evaluate,Evaluate,1
1311,Mistral-7B-Instruct-v0.3,Understand,Understand,1
1312,Mistral-7B-Instruct-v0.3,Analyze,Understand,0
1313,Mistral-7B-Instruct-v0.3,Apply,Apply,1
1314,Mistral-7B-Instruct-v0.3,Apply,Apply,1
1315,Mistral-7B-Instruct-v0.3,Apply,Apply,1
1316,Mistral-7B-Instruct-v0.3,Evaluate,Evaluate,1
1317,Mistral-7B-Instruct-v0.3,Understand,Understand,1
1318,Mistral-7B-Instruct-v0.3,Analyze,Analyze,1
1319,Mistral-7B-Instruct-v0.3,Analyze,Analyze,1
1320,Mistral-7B-Instruct-v0.3,Analyze,Analyze,1
1321,Mistral-7B-Instruct-v0.3,Understand,Understand,1
1322,Mistral-7B-Instruct-v0.3,Apply,Apply,1
1323,Mistral-7B-Instruct-v0.3,Analyze,Analyze,1
1324,Mistral-7B-Instruct-v0.3,Understand,Understand,1
1325,Mistral-7B-Instruct-v0.3,Understand,Understand,1
1326,Mistral-7B-Instruct-v0.3,Apply,Apply,1
1327,Mistral-7B-Instruct-v0.3,Understand,Understand,1
1328,Mistral-7B-Instruct-v0.3,Analyze,Understand,0
1329,Mistral-7B-Instruct-v0.3,Evaluate,Evaluate,1
1330,Mistral-7B-Instruct-v0.3,Apply,Apply,1
1331,Mistral-7B-Instruct-v0.3,Evaluate,Evaluate,1
1332,Mistral-7B-Instruct-v0.3,Analyze,Analyze,1
1333,Mistral-7B-Instruct-v0.3,Create,Create,1
1334,Mistral-7B-Instruct-v0.3,Evaluate,Evaluate,1
1335,Mistral-7B-Instruct-v0.3,Apply,Apply,1
1336,Mistral-7B-Instruct-v0.3,Evaluate,Evaluate,1
1337,Mistral-7B-Instruct-v0.3,Evaluate,Evaluate,1
1338,Mistral-7B-Instruct-v0.3,Evaluate,Evaluate,1
1339,Mistral-7B-Instruct-v0.3,Create,Create,1
1340,Mistral-7B-Instruct-v0.3,Create,Create,1
1341,Mistral-7B-Instruct-v0.3,Create,Create,1
1342,Mistral-7B-Instruct-v0.3,Apply,Apply,1
1343,Mistral-7B-Instruct-v0.3,Analyze,Analyze,1
1344,Mistral-7B-Instruct-v0.3,Apply,Apply,1
1345,Mistral-7B-Instruct-v0.3,Analyze,Analyze,1
1346,Mistral-7B-Instruct-v0.3,Apply,Understand,0
1347,Mistral-7B-Instruct-v0.3,Understand,Create,0
1348,Mistral-7B-Instruct-v0.3,Evaluate,Evaluate,1
1349,Mistral-7B-Instruct-v0.3,Analyze,Analyze,1
1350,Mistral-7B-Instruct-v0.3,Understand,Understand,1
1351,Mistral-7B-Instruct-v0.3,Remember,Remember,1
1352,Mistral-7B-Instruct-v0.3,Apply,Apply,1
1353,Mistral-7B-Instruct-v0.3,Apply,Apply,1
1354,Mistral-7B-Instruct-v0.3,Evaluate,Evaluate,1
1355,Mistral-7B-Instruct-v0.3,Understand,Understand,1
1356,Mistral-7B-Instruct-v0.3,Understand,Understand,1
1357,Mistral-7B-Instruct-v0.3,Apply,Apply,1
1358,Mistral-7B-Instruct-v0.3,Create,Create,1
1359,Mistral-7B-Instruct-v0.3,Remember,Remember,1
1360,Mistral-7B-Instruct-v0.3,Analyze,Analyze,1
1361,Mistral-7B-Instruct-v0.3,Understand,Understand,1
1362,Mistral-7B-Instruct-v0.3,Apply,Apply,1
1363,Mistral-7B-Instruct-v0.3,Understand,Create,0
1364,Mistral-7B-Instruct-v0.3,Understand,Understand,1
1365,Mistral-7B-Instruct-v0.3,Understand,Understand,1
1366,Mistral-7B-Instruct-v0.3,Understand,Understand,1
1367,Mistral-7B-Instruct-v0.3,Understand,Understand,1
1368,Mistral-7B-Instruct-v0.3,Create,Apply,0
1369,Mistral-7B-Instruct-v0.3,Apply,Apply,1
1370,Mistral-7B-Instruct-v0.3,Apply,Apply,1
1371,Mistral-7B-Instruct-v0.3,Apply,Apply,1
1372,Mistral-7B-Instruct-v0.3,Apply,Apply,1
1373,Mistral-7B-Instruct-v0.3,Apply,Apply,1
1374,Mistral-7B-Instruct-v0.3,Understand,Understand,1
1375,Mistral-7B-Instruct-v0.3,Understand,Understand,1
1376,Mistral-7B-Instruct-v0.3,Understand,Understand,1
1377,Mistral-7B-Instruct-v0.3,Evaluate,Evaluate,1
1378,Mistral-7B-Instruct-v0.3,Create,Create,1
1379,Mistral-7B-Instruct-v0.3,Apply,Apply,1
1380,Mistral-7B-Instruct-v0.3,Understand,Understand,1
1381,Mistral-7B-Instruct-v0.3,Analyze,Analyze,1
1382,Mistral-7B-Instruct-v0.3,Apply,Apply,1
1383,Mistral-7B-Instruct-v0.3,Create,Create,1
1384,Mistral-7B-Instruct-v0.3,Apply,Apply,1
1385,Mistral-7B-Instruct-v0.3,Create,Create,1
1386,Mistral-7B-Instruct-v0.3,Evaluate,Evaluate,1
1387,Mistral-7B-Instruct-v0.3,Apply,Apply,1
1388,Mistral-7B-Instruct-v0.3,Apply,Apply,1
1389,Mistral-7B-Instruct-v0.3,Apply,Apply,1
1390,Mistral-7B-Instruct-v0.3,Create,Create,1
1391,Mistral-7B-Instruct-v0.3,Evaluate,Evaluate,1
1392,Mistral-7B-Instruct-v0.3,Evaluate,Evaluate,1
1393,Mistral-7B-Instruct-v0.3,Analyze,Analyze,1
1394,Mistral-7B-Instruct-v0.3,Apply,Apply,1
1395,Mistral-7B-Instruct-v0.3,Remember,Remember,1
1396,Mistral-7B-Instruct-v0.3,Apply,Apply,1
1397,Mistral-7B-Instruct-v0.3,Apply,Apply,1
1398,Mistral-7B-Instruct-v0.3,Create,Create,1
1399,Mistral-7B-Instruct-v0.3,Evaluate,Evaluate,1
1400,Mistral-7B-Instruct-v0.3,Apply,Apply,1
1401,Mistral-7B-Instruct-v0.3,Evaluate,Evaluate,1
1402,Mistral-7B-Instruct-v0.3,Create,Create,1
1403,Mistral-7B-Instruct-v0.3,Apply,Apply,1
1404,Mistral-7B-Instruct-v0.3,Understand,Understand,1
1405,Mistral-7B-Instruct-v0.3,Apply,Apply,1
1406,Mistral-7B-Instruct-v0.3,Understand,Understand,1
1407,Mistral-7B-Instruct-v0.3,Evaluate,Evaluate,1
1408,Mistral-7B-Instruct-v0.3,Apply,Apply,1
1409,Mistral-7B-Instruct-v0.3,Analyze,Analyze,1
1410,Mistral-7B-Instruct-v0.3,Remember,Create,0
1411,Mistral-7B-Instruct-v0.3,Evaluate,Evaluate,1
1412,Mistral-7B-Instruct-v0.3,Understand,Understand,1
1413,Mistral-7B-Instruct-v0.3,Understand,Understand,1
1414,Mistral-7B-Instruct-v0.3,Apply,Apply,1
1415,Mistral-7B-Instruct-v0.3,Create,Create,1
1416,Mistral-7B-Instruct-v0.3,Remember,Remember,1
1417,Mistral-7B-Instruct-v0.3,Evaluate,Evaluate,1
1418,Mistral-7B-Instruct-v0.3,Evaluate,Evaluate,1
1419,Mistral-7B-Instruct-v0.3,Apply,Apply,1
1420,Mistral-7B-Instruct-v0.3,Remember,Remember,1
1421,Mistral-7B-Instruct-v0.3,Create,Create,1
1422,Mistral-7B-Instruct-v0.3,Evaluate,Evaluate,1
1423,Mistral-7B-Instruct-v0.3,Understand,Understand,1
1424,Mistral-7B-Instruct-v0.3,Analyze,Analyze,1
1425,Mistral-7B-Instruct-v0.3,Apply,Apply,1
1426,Mistral-7B-Instruct-v0.3,Apply,Apply,1
1427,Mistral-7B-Instruct-v0.3,Analyze,Analyze,1
1428,Mistral-7B-Instruct-v0.3,Apply,Apply,1
1429,Mistral-7B-Instruct-v0.3,Apply,Apply,1
1430,Mistral-7B-Instruct-v0.3,Remember,Remember,1
1431,Mistral-7B-Instruct-v0.3,Analyze,Analyze,1
1432,Mistral-7B-Instruct-v0.3,Understand,Understand,1
1433,Mistral-7B-Instruct-v0.3,Evaluate,Evaluate,1
1434,Mistral-7B-Instruct-v0.3,Understand,Understand,1
1435,Mistral-7B-Instruct-v0.3,Evaluate,Evaluate,1
1436,Mistral-7B-Instruct-v0.3,Analyze,Analyze,1
1437,Mistral-7B-Instruct-v0.3,Create,Create,1
1438,Mistral-7B-Instruct-v0.3,Apply,Apply,1
1439,Mistral-7B-Instruct-v0.3,Understand,Understand,1
1440,Mistral-7B-Instruct-v0.3,Understand,Understand,1
1441,Mistral-7B-Instruct-v0.3,Create,Create,1
1442,Mistral-7B-Instruct-v0.3,Apply,Apply,1
1443,Mistral-7B-Instruct-v0.3,Apply,Apply,1
1444,Mistral-7B-Instruct-v0.3,Understand,Understand,1
1445,Mistral-7B-Instruct-v0.3,Remember,Remember,1
1446,Mistral-7B-Instruct-v0.3,Evaluate,Evaluate,1
1447,Mistral-7B-Instruct-v0.3,Evaluate,Evaluate,1
1448,Mistral-7B-Instruct-v0.3,Apply,Apply,1
1449,Mistral-7B-Instruct-v0.3,Analyze,Analyze,1
1450,Mistral-7B-Instruct-v0.3,Apply,Apply,1
1451,Mistral-7B-Instruct-v0.3,Understand,Understand,1
1452,Mistral-7B-Instruct-v0.3,Remember,Remember,1
1453,Mistral-7B-Instruct-v0.3,Apply,Apply,1
1454,Mistral-7B-Instruct-v0.3,Apply,Apply,1
1455,Mistral-7B-Instruct-v0.3,Evaluate,Apply,0
1456,Mistral-7B-Instruct-v0.3,Apply,Apply,1
1457,Mistral-7B-Instruct-v0.3,Understand,Understand,1
1458,Mistral-7B-Instruct-v0.3,Understand,Understand,1
1459,Mistral-7B-Instruct-v0.3,Remember,Remember,1
1460,Mistral-7B-Instruct-v0.3,Apply,Apply,1
1461,Mistral-7B-Instruct-v0.3,Understand,Understand,1
1462,Mistral-7B-Instruct-v0.3,Understand,Understand,1
1463,Mistral-7B-Instruct-v0.3,Analyze,Analyze,1
1464,Mistral-7B-Instruct-v0.3,Evaluate,Understand,0
1465,Mistral-7B-Instruct-v0.3,Create,Create,1
1466,Mistral-7B-Instruct-v0.3,Apply,Apply,1
1467,Mistral-7B-Instruct-v0.3,Apply,Analyze,0
1468,Mistral-7B-Instruct-v0.3,Apply,Apply,1
1469,Mistral-7B-Instruct-v0.3,Understand,Understand,1
1470,Mistral-7B-Instruct-v0.3,Analyze,Analyze,1
1471,Mistral-7B-Instruct-v0.3,Apply,Analyze,0
1472,Mistral-7B-Instruct-v0.3,Apply,Apply,1
1473,Mistral-7B-Instruct-v0.3,Apply,Apply,1
1474,Mistral-7B-Instruct-v0.3,Evaluate,Evaluate,1
1475,Mistral-7B-Instruct-v0.3,Understand,Apply,0
1476,Mistral-7B-Instruct-v0.3,Apply,Apply,1
1477,Mistral-7B-Instruct-v0.3,Create,Create,1
1478,Mistral-7B-Instruct-v0.3,Apply,Apply,1
1479,Mistral-7B-Instruct-v0.3,Apply,Apply,1
1480,Mistral-7B-Instruct-v0.3,Evaluate,Evaluate,1
1481,Mistral-7B-Instruct-v0.3,Analyze,Analyze,1
1482,Mistral-7B-Instruct-v0.3,Understand,Understand,1
1483,Mistral-7B-Instruct-v0.3,Create,Create,1
1484,Mistral-7B-Instruct-v0.3,Create,Create,1
1485,Mistral-7B-Instruct-v0.3,Understand,Understand,1
1486,Mistral-7B-Instruct-v0.3,Understand,Understand,1
1487,Mistral-7B-Instruct-v0.3,Apply,Apply,1
1488,Mistral-7B-Instruct-v0.3,Understand,Understand,1
1489,Mistral-7B-Instruct-v0.3,Understand,Understand,1
1490,Mistral-7B-Instruct-v0.3,Apply,Apply,1
1491,Mistral-7B-Instruct-v0.3,Apply,Apply,1
1492,Mistral-7B-Instruct-v0.3,Analyze,Analyze,1
1493,Mistral-7B-Instruct-v0.3,Evaluate,Evaluate,1
1494,Mistral-7B-Instruct-v0.3,Understand,Understand,1
1495,Mistral-7B-Instruct-v0.3,Apply,Apply,1
1496,Mistral-7B-Instruct-v0.3,Remember,Remember,1
1497,Mistral-7B-Instruct-v0.3,Create,Create,1
1498,Mistral-7B-Instruct-v0.3,Apply,Apply,1
1499,Mistral-7B-Instruct-v0.3,Remember,Remember,1
1500,Mistral-7B-Instruct-v0.3,Create,Create,1
1501,Mistral-7B-Instruct-v0.3,Apply,Apply,1
1502,Mistral-7B-Instruct-v0.3,Create,Create,1
1503,Mistral-7B-Instruct-v0.3,Remember,Remember,1
1504,Mistral-7B-Instruct-v0.3,Understand,Understand,1
1505,Mistral-7B-Instruct-v0.3,Evaluate,Evaluate,1
1506,Mistral-7B-Instruct-v0.3,Apply,Apply,1
1507,Mistral-7B-Instruct-v0.3,Understand,Understand,1
1508,Mistral-7B-Instruct-v0.3,Evaluate,Evaluate,1
1509,Mistral-7B-Instruct-v0.3,Understand,Understand,1
1510,Mistral-7B-Instruct-v0.3,Understand,Understand,1
1511,Mistral-7B-Instruct-v0.3,Understand,Understand,1
1512,Mistral-7B-Instruct-v0.3,Evaluate,Evaluate,1
1513,Mistral-7B-Instruct-v0.3,Evaluate,Evaluate,1
1514,Mistral-7B-Instruct-v0.3,Understand,Understand,1
1515,Mistral-7B-Instruct-v0.3,Analyze,Analyze,1
1516,Mistral-7B-Instruct-v0.3,Analyze,Analyze,1
1517,Mistral-7B-Instruct-v0.3,Evaluate,Evaluate,1
1518,Mistral-7B-Instruct-v0.3,Analyze,Analyze,1
1519,Mistral-7B-Instruct-v0.3,Apply,Apply,1
1520,Mistral-7B-Instruct-v0.3,Understand,Understand,1
1521,Mistral-7B-Instruct-v0.3,Evaluate,Evaluate,1
1522,Mistral-7B-Instruct-v0.3,Evaluate,Evaluate,1
1523,Mistral-7B-Instruct-v0.3,Remember,Remember,1
1524,Mistral-7B-Instruct-v0.3,Evaluate,Evaluate,1
1525,Mistral-7B-Instruct-v0.3,Create,Create,1
1526,Mistral-7B-Instruct-v0.3,Apply,Apply,1
1527,Mistral-7B-Instruct-v0.3,Understand,Understand,1
1528,Mistral-7B-Instruct-v0.3,Remember,Remember,1
1529,Mistral-7B-Instruct-v0.3,Analyze,Analyze,1
1530,Mistral-7B-Instruct-v0.3,Analyze,Evaluate,0
1531,Mistral-7B-Instruct-v0.3,Analyze,Analyze,1
1532,Mistral-7B-Instruct-v0.3,Evaluate,Create,0
1533,Mistral-7B-Instruct-v0.3,Apply,Apply,1
1534,Mistral-7B-Instruct-v0.3,Apply,Apply,1
1535,Mistral-7B-Instruct-v0.3,Understand,Understand,1
1536,Mistral-7B-Instruct-v0.3,Remember,Remember,1
1537,Mistral-7B-Instruct-v0.3,Understand,Understand,1
1538,Mistral-7B-Instruct-v0.3,Apply,Apply,1
1539,Mistral-7B-Instruct-v0.3,Understand,Understand,1
1540,Mistral-7B-Instruct-v0.3,Apply,Apply,1
1541,Mistral-7B-Instruct-v0.3,Evaluate,Evaluate,1
1542,Mistral-7B-Instruct-v0.3,Understand,Understand,1
1543,Mistral-7B-Instruct-v0.3,Apply,Apply,1
1544,Mistral-7B-Instruct-v0.3,Create,Create,1
1545,Mistral-7B-Instruct-v0.3,Create,Create,1
1546,Mistral-7B-Instruct-v0.3,Evaluate,Evaluate,1
1547,Mistral-7B-Instruct-v0.3,Understand,Understand,1
1548,Mistral-7B-Instruct-v0.3,Create,Create,1
1549,Mistral-7B-Instruct-v0.3,Apply,Apply,1
1550,Mistral-7B-Instruct-v0.3,Remember,Remember,1
1551,Mistral-7B-Instruct-v0.3,Create,Create,1
1552,Mistral-7B-Instruct-v0.3,Create,Create,1
1553,Mistral-7B-Instruct-v0.3,Evaluate,Analyze,0
1554,Mistral-7B-Instruct-v0.3,Remember,Remember,1
1555,Mistral-7B-Instruct-v0.3,Analyze,Remember,0
1556,Mistral-7B-Instruct-v0.3,Understand,Understand,1
1557,Mistral-7B-Instruct-v0.3,Understand,Understand,1
1558,Mistral-7B-Instruct-v0.3,Evaluate,Evaluate,1
1559,Mistral-7B-Instruct-v0.3,Create,Create,1
1560,Mistral-7B-Instruct-v0.3,Understand,Understand,1
1561,Mistral-7B-Instruct-v0.3,Evaluate,Analyze,0
1562,Mistral-7B-Instruct-v0.3,Remember,Remember,1
1563,Mistral-7B-Instruct-v0.3,Analyze,Analyze,1
1564,Mistral-7B-Instruct-v0.3,Create,Create,1
1565,Mistral-7B-Instruct-v0.3,Apply,Apply,1
1566,Mistral-7B-Instruct-v0.3,Understand,Understand,1
1567,Mistral-7B-Instruct-v0.3,Understand,Understand,1
1568,Mistral-7B-Instruct-v0.3,Understand,Understand,1
1569,Mistral-7B-Instruct-v0.3,Create,Create,1
1570,Mistral-7B-Instruct-v0.3,Create,Create,1
1571,Mistral-7B-Instruct-v0.3,Apply,Apply,1
1572,Mistral-7B-Instruct-v0.3,Create,Create,1
1573,Mistral-7B-Instruct-v0.3,Apply,Apply,1
1574,Mistral-7B-Instruct-v0.3,Create,Create,1
1575,Mistral-7B-Instruct-v0.3,Analyze,Analyze,1
1576,Mistral-7B-Instruct-v0.3,Create,Create,1
1577,Mistral-7B-Instruct-v0.3,Understand,Understand,1
1578,Mistral-7B-Instruct-v0.3,Create,Create,1
1579,Mistral-7B-Instruct-v0.3,Evaluate,Create,0
1580,Mistral-7B-Instruct-v0.3,Remember,Remember,1
1581,Mistral-7B-Instruct-v0.3,Evaluate,Evaluate,1
1582,Mistral-7B-Instruct-v0.3,Understand,Understand,1
1583,Mistral-7B-Instruct-v0.3,Understand,Understand,1
1584,Mistral-7B-Instruct-v0.3,Understand,Understand,1
1585,Mistral-7B-Instruct-v0.3,Understand,Understand,1
1586,Mistral-7B-Instruct-v0.3,Apply,Apply,1
1587,Mistral-7B-Instruct-v0.3,Apply,Apply,1
1588,Mistral-7B-Instruct-v0.3,Understand,Understand,1
1589,Mistral-7B-Instruct-v0.3,Understand,Understand,1
1590,Mistral-7B-Instruct-v0.3,Apply,Evaluate,0
1591,Mistral-7B-Instruct-v0.3,Evaluate,Evaluate,1
1592,Mistral-7B-Instruct-v0.3,Apply,Apply,1
1593,Mistral-7B-Instruct-v0.3,Understand,Understand,1
1594,Mistral-7B-Instruct-v0.3,Analyze,Analyze,1
1595,Mistral-7B-Instruct-v0.3,Apply,Apply,1
1596,Mistral-7B-Instruct-v0.3,Understand,Understand,1
1597,Mistral-7B-Instruct-v0.3,Create,Create,1
1598,Mistral-7B-Instruct-v0.3,Understand,Understand,1
1599,Mistral-7B-Instruct-v0.3,Create,Create,1
1600,Mistral-7B-Instruct-v0.3,Create,Create,1
1601,Mistral-7B-Instruct-v0.3,Create,Create,1
1602,Mistral-7B-Instruct-v0.3,Apply,Apply,1
1603,Mistral-7B-Instruct-v0.3,Apply,Create,0
1604,Mistral-7B-Instruct-v0.3,Apply,Apply,1
1605,Mistral-7B-Instruct-v0.3,Apply,Apply,1
1606,Mistral-7B-Instruct-v0.3,Create,Create,1
1607,Mistral-7B-Instruct-v0.3,Apply,Apply,1
1608,Mistral-7B-Instruct-v0.3,Apply,Apply,1
1609,Mistral-7B-Instruct-v0.3,Understand,Understand,1
1610,Mistral-7B-Instruct-v0.3,Create,Create,1
1611,Mistral-7B-Instruct-v0.3,Remember,Remember,1
1612,Mistral-7B-Instruct-v0.3,Apply,Apply,1
1613,Mistral-7B-Instruct-v0.3,Apply,Apply,1
1614,Mistral-7B-Instruct-v0.3,Understand,Understand,1
1615,Mistral-7B-Instruct-v0.3,Create,Create,1
1616,Mistral-7B-Instruct-v0.3,Evaluate,Evaluate,1
1617,Mistral-7B-Instruct-v0.3,Apply,Apply,1
1618,Mistral-7B-Instruct-v0.3,Understand,Understand,1
1619,Mistral-7B-Instruct-v0.3,Evaluate,Evaluate,1
1620,Mistral-7B-Instruct-v0.3,Understand,Understand,1
1621,Mistral-7B-Instruct-v0.3,Understand,Understand,1
1622,Mistral-7B-Instruct-v0.3,Create,Create,1
1623,Mistral-7B-Instruct-v0.3,Create,Create,1
1624,Mistral-7B-Instruct-v0.3,Create,Create,1
1625,Mistral-7B-Instruct-v0.3,Understand,Understand,1
1626,Mistral-7B-Instruct-v0.3,Evaluate,Evaluate,1
1627,Mistral-7B-Instruct-v0.3,Evaluate,Evaluate,1
1628,Mistral-7B-Instruct-v0.3,Understand,Understand,1
1629,Mistral-7B-Instruct-v0.3,Analyze,Analyze,1
1630,Mistral-7B-Instruct-v0.3,Apply,Apply,1
1631,Mistral-7B-Instruct-v0.3,Evaluate,Evaluate,1
1632,Mistral-7B-Instruct-v0.3,Evaluate,Analyze,0
1633,Mistral-7B-Instruct-v0.3,Understand,Understand,1
1634,Mistral-7B-Instruct-v0.3,Create,Create,1
1635,Mistral-7B-Instruct-v0.3,Remember,Remember,1
1636,Mistral-7B-Instruct-v0.3,Understand,Understand,1
1637,Mistral-7B-Instruct-v0.3,Evaluate,Evaluate,1
1638,Mistral-7B-Instruct-v0.3,Understand,Understand,1
1639,Mistral-7B-Instruct-v0.3,Create,Create,1
1640,Mistral-7B-Instruct-v0.3,Apply,Apply,1
1641,Mistral-7B-Instruct-v0.3,Analyze,Analyze,1
1642,Mistral-7B-Instruct-v0.3,Analyze,Analyze,1
1643,Mistral-7B-Instruct-v0.3,Analyze,Analyze,1
1644,Mistral-7B-Instruct-v0.3,Evaluate,Evaluate,1
1645,Mistral-7B-Instruct-v0.3,Apply,Apply,1
1646,Mistral-7B-Instruct-v0.3,Understand,Understand,1
1647,Mistral-7B-Instruct-v0.3,Evaluate,Evaluate,1
1648,Mistral-7B-Instruct-v0.3,Understand,Understand,1
1649,Mistral-7B-Instruct-v0.3,Apply,Apply,1
1650,Mistral-7B-Instruct-v0.3,Understand,Understand,1
1651,Mistral-7B-Instruct-v0.3,Apply,Apply,1
1652,Mistral-7B-Instruct-v0.3,Understand,Understand,1
1653,Mistral-7B-Instruct-v0.3,Understand,Understand,1
1654,Mistral-7B-Instruct-v0.3,Understand,Understand,1
1655,Mistral-7B-Instruct-v0.3,Evaluate,Evaluate,1
1656,Mistral-7B-Instruct-v0.3,Remember,Remember,1
1657,Mistral-7B-Instruct-v0.3,Analyze,Analyze,1
1658,Mistral-7B-Instruct-v0.3,Apply,Apply,1
1659,Mistral-7B-Instruct-v0.3,Understand,Understand,1
1660,Mistral-7B-Instruct-v0.3,Understand,Understand,1
1661,Mistral-7B-Instruct-v0.3,Apply,Apply,1
1662,Mistral-7B-Instruct-v0.3,Create,Create,1
1663,Mistral-7B-Instruct-v0.3,Create,Create,1
1664,Mistral-7B-Instruct-v0.3,Evaluate,Evaluate,1
1665,Mistral-7B-Instruct-v0.3,Create,Create,1
1666,Mistral-7B-Instruct-v0.3,Analyze,Analyze,1
1667,Mistral-7B-Instruct-v0.3,Apply,Apply,1
1668,Mistral-7B-Instruct-v0.3,Apply,Apply,1
1669,Mistral-7B-Instruct-v0.3,Apply,Apply,1
1670,Mistral-7B-Instruct-v0.3,Understand,Understand,1
1671,Mistral-7B-Instruct-v0.3,Apply,Apply,1
1672,Mistral-7B-Instruct-v0.3,Apply,Create,0
1673,Mistral-7B-Instruct-v0.3,Understand,Understand,1
1674,Mistral-7B-Instruct-v0.3,Create,Create,1
1675,Mistral-7B-Instruct-v0.3,Create,Apply,0
1676,Mistral-7B-Instruct-v0.3,Apply,Apply,1
1677,Mistral-7B-Instruct-v0.3,Understand,Understand,1
1678,Mistral-7B-Instruct-v0.3,Evaluate,Evaluate,1
1679,Mistral-7B-Instruct-v0.3,Analyze,Analyze,1
1680,Mistral-7B-Instruct-v0.3,Apply,Apply,1
1681,Mistral-7B-Instruct-v0.3,Apply,Apply,1
1682,Mistral-7B-Instruct-v0.3,Create,Create,1
1683,Mistral-7B-Instruct-v0.3,Understand,Understand,1
1684,Mistral-7B-Instruct-v0.3,Understand,Understand,1
1685,Mistral-7B-Instruct-v0.3,Understand,Understand,1
1686,Mistral-7B-Instruct-v0.3,Remember,Remember,1
1687,Mistral-7B-Instruct-v0.3,Understand,Understand,1
1688,Mistral-7B-Instruct-v0.3,Apply,Apply,1
1689,Mistral-7B-Instruct-v0.3,Create,Create,1
1690,Mistral-7B-Instruct-v0.3,Apply,Apply,1
1691,Mistral-7B-Instruct-v0.3,Create,Create,1
1692,Mistral-7B-Instruct-v0.3,Evaluate,Evaluate,1
1693,Mistral-7B-Instruct-v0.3,Understand,Understand,1
1694,Mistral-7B-Instruct-v0.3,Apply,Apply,1
1695,Mistral-7B-Instruct-v0.3,Create,Create,1
1696,Mistral-7B-Instruct-v0.3,Create,Create,1
1697,Mistral-7B-Instruct-v0.3,Analyze,Analyze,1
1698,Mistral-7B-Instruct-v0.3,Apply,Apply,1
1699,Mistral-7B-Instruct-v0.3,Understand,Understand,1
1700,Mistral-7B-Instruct-v0.3,Apply,Apply,1
1701,Mistral-7B-Instruct-v0.3,Create,Create,1
1702,Mistral-7B-Instruct-v0.3,Analyze,Analyze,1
1703,Mistral-7B-Instruct-v0.3,Apply,Apply,1
1704,Mistral-7B-Instruct-v0.3,Apply,Apply,1
1705,Mistral-7B-Instruct-v0.3,Apply,Apply,1
1706,Mistral-7B-Instruct-v0.3,Apply,Apply,1
1707,Mistral-7B-Instruct-v0.3,Analyze,Analyze,1
1708,Mistral-7B-Instruct-v0.3,Apply,Apply,1
1709,Mistral-7B-Instruct-v0.3,Understand,Understand,1
1710,Mistral-7B-Instruct-v0.3,Analyze,Analyze,1
1711,Mistral-7B-Instruct-v0.3,Evaluate,Evaluate,1
1712,Mistral-7B-Instruct-v0.3,Understand,Understand,1
1713,Mistral-7B-Instruct-v0.3,Create,Analyze,0
1714,Mistral-7B-Instruct-v0.3,Evaluate,Evaluate,1
1715,Mistral-7B-Instruct-v0.3,Create,Create,1
1716,Mistral-7B-Instruct-v0.3,Understand,Understand,1
1717,Mistral-7B-Instruct-v0.3,Analyze,Analyze,1
1718,Mistral-7B-Instruct-v0.3,Analyze,Analyze,1
1719,Mistral-7B-Instruct-v0.3,Understand,Understand,1
1720,Mistral-7B-Instruct-v0.3,Create,Create,1
1721,Mistral-7B-Instruct-v0.3,Remember,Remember,1
1722,Mistral-7B-Instruct-v0.3,Apply,Apply,1
1723,Mistral-7B-Instruct-v0.3,Apply,Apply,1
1724,Mistral-7B-Instruct-v0.3,Apply,Apply,1
1725,Mistral-7B-Instruct-v0.3,Apply,Apply,1
1726,Mistral-7B-Instruct-v0.3,Evaluate,Evaluate,1
1727,Mistral-7B-Instruct-v0.3,Understand,Understand,1
1728,Mistral-7B-Instruct-v0.3,Analyze,Analyze,1
1729,Mistral-7B-Instruct-v0.3,Understand,Understand,1
1730,Mistral-7B-Instruct-v0.3,Understand,Understand,1
1731,Mistral-7B-Instruct-v0.3,Create,Create,1
1732,Mistral-7B-Instruct-v0.3,Evaluate,Evaluate,1
1733,Mistral-7B-Instruct-v0.3,Analyze,Analyze,1
1734,Mistral-7B-Instruct-v0.3,Analyze,Analyze,1
1735,Mistral-7B-Instruct-v0.3,Understand,Apply,0
1736,Mistral-7B-Instruct-v0.3,Understand,Understand,1
1737,Mistral-7B-Instruct-v0.3,Understand,Understand,1
1738,Mistral-7B-Instruct-v0.3,Create,Create,1
1739,Mistral-7B-Instruct-v0.3,Apply,Apply,1
1740,Mistral-7B-Instruct-v0.3,Analyze,Analyze,1
1741,Mistral-7B-Instruct-v0.3,Apply,Apply,1
1742,Mistral-7B-Instruct-v0.3,Understand,Understand,1
1743,Mistral-7B-Instruct-v0.3,Understand,Understand,1
1744,Mistral-7B-Instruct-v0.3,Apply,Apply,1
1745,Mistral-7B-Instruct-v0.3,Apply,Apply,1
1746,Mistral-7B-Instruct-v0.3,Analyze,Analyze,1
1747,Mistral-7B-Instruct-v0.3,Apply,Apply,1
1748,Mistral-7B-Instruct-v0.3,Create,Create,1
1749,Mistral-7B-Instruct-v0.3,Create,Create,1
1750,Mistral-7B-Instruct-v0.3,Understand,Understand,1
1751,Mistral-7B-Instruct-v0.3,Apply,Apply,1
1752,Mistral-7B-Instruct-v0.3,Apply,Apply,1
1753,Mistral-7B-Instruct-v0.3,Understand,Remember,0
1754,Mistral-7B-Instruct-v0.3,Understand,Understand,1
1755,Mistral-7B-Instruct-v0.3,Understand,Understand,1
1756,Mistral-7B-Instruct-v0.3,Remember,Remember,1
1757,Mistral-7B-Instruct-v0.3,Apply,Apply,1
1758,Mistral-7B-Instruct-v0.3,Remember,Remember,1
1759,Mistral-7B-Instruct-v0.3,Understand,Understand,1
1760,Mistral-7B-Instruct-v0.3,Understand,Understand,1
1761,Mistral-7B-Instruct-v0.3,Apply,Apply,1
1762,Mistral-7B-Instruct-v0.3,Understand,Understand,1
1763,Mistral-7B-Instruct-v0.3,Create,Create,1
1764,Mistral-7B-Instruct-v0.3,Create,Create,1
1765,Mistral-7B-Instruct-v0.3,Apply,Apply,1
1766,Mistral-7B-Instruct-v0.3,Create,Create,1
1767,Mistral-7B-Instruct-v0.3,Understand,Understand,1
1768,Mistral-7B-Instruct-v0.3,Understand,Remember,0
1769,Mistral-7B-Instruct-v0.3,Understand,Understand,1
1770,Mistral-7B-Instruct-v0.3,Analyze,Analyze,1
1771,Mistral-7B-Instruct-v0.3,Apply,Apply,1
1772,Mistral-7B-Instruct-v0.3,Understand,Understand,1
1773,Mistral-7B-Instruct-v0.3,Understand,Understand,1
1774,Mistral-7B-Instruct-v0.3,Analyze,Analyze,1
1775,Mistral-7B-Instruct-v0.3,Understand,Understand,1
1776,Mistral-7B-Instruct-v0.3,Evaluate,Evaluate,1
1777,Mistral-7B-Instruct-v0.3,Apply,Apply,1
1778,Mistral-7B-Instruct-v0.3,Understand,Understand,1
1779,Mistral-7B-Instruct-v0.3,Apply,Apply,1
1780,Mistral-7B-Instruct-v0.3,Create,Create,1
1781,Mistral-7B-Instruct-v0.3,Understand,Understand,1
1782,Mistral-7B-Instruct-v0.3,Create,Create,1
1783,Mistral-7B-Instruct-v0.3,Understand,Understand,1
1784,Mistral-7B-Instruct-v0.3,Apply,Apply,1
1785,Mistral-7B-Instruct-v0.3,Create,Create,1
1786,Mistral-7B-Instruct-v0.3,Create,Create,1
1787,Mistral-7B-Instruct-v0.3,Evaluate,Evaluate,1
1788,Mistral-7B-Instruct-v0.3,Create,Create,1
1789,Mistral-7B-Instruct-v0.3,Create,Create,1
1790,Mistral-7B-Instruct-v0.3,Create,Create,1
1791,Mistral-7B-Instruct-v0.3,Apply,Apply,1
1792,Mistral-7B-Instruct-v0.3,Understand,Understand,1
1793,Mistral-7B-Instruct-v0.3,Analyze,Analyze,1
1794,Mistral-7B-Instruct-v0.3,Apply,Apply,1
1795,Mistral-7B-Instruct-v0.3,Analyze,Analyze,1
1796,Mistral-7B-Instruct-v0.3,Create,Create,1
1797,Mistral-7B-Instruct-v0.3,Understand,Understand,1
1798,Mistral-7B-Instruct-v0.3,Apply,Apply,1
1799,Mistral-7B-Instruct-v0.3,Apply,Apply,1
1800,Mistral-7B-Instruct-v0.3,Evaluate,Evaluate,1
1801,Mistral-7B-Instruct-v0.3,Evaluate,Evaluate,1
1802,Mistral-7B-Instruct-v0.3,Understand,Understand,1
1803,Mistral-7B-Instruct-v0.3,Create,Create,1
1804,Mistral-7B-Instruct-v0.3,Create,Create,1
1805,Mistral-7B-Instruct-v0.3,Analyze,Analyze,1
1806,Mistral-7B-Instruct-v0.3,Apply,Create,0
1807,Mistral-7B-Instruct-v0.3,Understand,Understand,1
1808,Mistral-7B-Instruct-v0.3,Analyze,Remember,0
1809,Mistral-7B-Instruct-v0.3,Understand,Understand,1
1810,Mistral-7B-Instruct-v0.3,Apply,Apply,1
1811,Mistral-7B-Instruct-v0.3,Evaluate,Evaluate,1
1812,Mistral-7B-Instruct-v0.3,Apply,Apply,1
1813,Mistral-7B-Instruct-v0.3,Understand,Understand,1
1814,Mistral-7B-Instruct-v0.3,Understand,Understand,1
1815,Mistral-7B-Instruct-v0.3,Understand,Understand,1
1816,Mistral-7B-Instruct-v0.3,Analyze,Remember,0
1817,Mistral-7B-Instruct-v0.3,Understand,Understand,1
1818,Mistral-7B-Instruct-v0.3,Analyze,Analyze,1
1819,Mistral-7B-Instruct-v0.3,Understand,Understand,1
1820,Mistral-7B-Instruct-v0.3,Evaluate,Evaluate,1
1821,Mistral-7B-Instruct-v0.3,Apply,Apply,1
1822,Mistral-7B-Instruct-v0.3,Apply,Apply,1
1823,Mistral-7B-Instruct-v0.3,Evaluate,Evaluate,1
1824,Mistral-7B-Instruct-v0.3,Evaluate,Evaluate,1
1825,Mistral-7B-Instruct-v0.3,Apply,Apply,1
1826,Mistral-7B-Instruct-v0.3,Evaluate,Evaluate,1
1827,Mistral-7B-Instruct-v0.3,Understand,Understand,1
1828,Mistral-7B-Instruct-v0.3,Apply,Apply,1
1829,Mistral-7B-Instruct-v0.3,Analyze,Analyze,1
1830,Mistral-7B-Instruct-v0.3,Create,Create,1
1831,Mistral-7B-Instruct-v0.3,Analyze,Analyze,1
1832,Mistral-7B-Instruct-v0.3,Create,Create,1
1833,Mistral-7B-Instruct-v0.3,Evaluate,Evaluate,1
1834,Mistral-7B-Instruct-v0.3,Analyze,Analyze,1
1835,Mistral-7B-Instruct-v0.3,Apply,Apply,1
1836,Mistral-7B-Instruct-v0.3,Apply,Apply,1
1837,Mistral-7B-Instruct-v0.3,Create,Create,1
1838,Mistral-7B-Instruct-v0.3,Evaluate,Evaluate,1
1839,Mistral-7B-Instruct-v0.3,Create,Create,1
1840,Mistral-7B-Instruct-v0.3,Create,Create,1
1841,Mistral-7B-Instruct-v0.3,Create,Create,1
1842,Mistral-7B-Instruct-v0.3,Apply,Apply,1
1843,Mistral-7B-Instruct-v0.3,Apply,Apply,1
1844,Mistral-7B-Instruct-v0.3,Apply,Apply,1
1845,Mistral-7B-Instruct-v0.3,Evaluate,Evaluate,1
1846,Mistral-7B-Instruct-v0.3,Apply,Apply,1
1847,Mistral-7B-Instruct-v0.3,Understand,Understand,1
1848,Mistral-7B-Instruct-v0.3,Apply,Apply,1
1849,Mistral-7B-Instruct-v0.3,Apply,Apply,1
1850,Mistral-7B-Instruct-v0.3,Analyze,Analyze,1
1851,Mistral-7B-Instruct-v0.3,Create,Create,1
1852,Mistral-7B-Instruct-v0.3,Apply,Apply,1
1853,Mistral-7B-Instruct-v0.3,Evaluate,Evaluate,1
1854,Mistral-7B-Instruct-v0.3,Apply,Understand,0
1855,Mistral-7B-Instruct-v0.3,Apply,Apply,1
1856,Mistral-7B-Instruct-v0.3,Understand,Understand,1
1857,Mistral-7B-Instruct-v0.3,Create,Create,1
1858,Mistral-7B-Instruct-v0.3,Analyze,Analyze,1
1859,Mistral-7B-Instruct-v0.3,Remember,Remember,1
1860,Mistral-7B-Instruct-v0.3,Understand,Understand,1
1861,Mistral-7B-Instruct-v0.3,Understand,Understand,1
1862,Mistral-7B-Instruct-v0.3,Understand,Understand,1
1863,Mistral-7B-Instruct-v0.3,Understand,Understand,1
1864,Mistral-7B-Instruct-v0.3,Apply,Apply,1
1865,Mistral-7B-Instruct-v0.3,Create,Create,1
1866,Mistral-7B-Instruct-v0.3,Understand,Understand,1
1867,Mistral-7B-Instruct-v0.3,Understand,Apply,0
1868,Mistral-7B-Instruct-v0.3,Apply,Apply,1
1869,Mistral-7B-Instruct-v0.3,Understand,Understand,1
1870,Mistral-7B-Instruct-v0.3,Apply,Apply,1
1871,Mistral-7B-Instruct-v0.3,Create,Create,1
1872,Mistral-7B-Instruct-v0.3,Apply,Apply,1
1873,Mistral-7B-Instruct-v0.3,Apply,Apply,1
1874,Mistral-7B-Instruct-v0.3,Analyze,Analyze,1
1875,Mistral-7B-Instruct-v0.3,Evaluate,Evaluate,1
1876,Mistral-7B-Instruct-v0.3,Create,Create,1
1877,Mistral-7B-Instruct-v0.3,Understand,Understand,1
1878,Mistral-7B-Instruct-v0.3,Understand,Understand,1
1879,Mistral-7B-Instruct-v0.3,Apply,Create,0
1880,Mistral-7B-Instruct-v0.3,Evaluate,Evaluate,1
1881,Mistral-7B-Instruct-v0.3,Understand,Understand,1
1882,Mistral-7B-Instruct-v0.3,Create,Create,1
1883,Mistral-7B-Instruct-v0.3,Apply,Apply,1
1884,Mistral-7B-Instruct-v0.3,Evaluate,Evaluate,1
1885,Mistral-7B-Instruct-v0.3,Understand,Understand,1
1886,Mistral-7B-Instruct-v0.3,Evaluate,Analyze,0
1887,Mistral-7B-Instruct-v0.3,Evaluate,Evaluate,1
1888,Mistral-7B-Instruct-v0.3,Understand,Understand,1
1889,Mistral-7B-Instruct-v0.3,Create,Create,1
1890,Mistral-7B-Instruct-v0.3,Evaluate,Evaluate,1
1891,Mistral-7B-Instruct-v0.3,Create,Create,1
1892,Mistral-7B-Instruct-v0.3,Evaluate,Evaluate,1
1893,Mistral-7B-Instruct-v0.3,Create,Create,1
1894,Mistral-7B-Instruct-v0.3,Analyze,Analyze,1
1895,Mistral-7B-Instruct-v0.3,Apply,Apply,1
1896,Mistral-7B-Instruct-v0.3,Create,Create,1
1897,Mistral-7B-Instruct-v0.3,Analyze,Analyze,1
1898,Mistral-7B-Instruct-v0.3,Analyze,Analyze,1
1899,Mistral-7B-Instruct-v0.3,Apply,Apply,1
1900,Mistral-7B-Instruct-v0.3,Understand,Understand,1
1901,Mistral-7B-Instruct-v0.3,Understand,Understand,1
1902,Mistral-7B-Instruct-v0.3,Understand,Understand,1
1903,Mistral-7B-Instruct-v0.3,Understand,Understand,1
1904,Mistral-7B-Instruct-v0.3,Create,Create,1
1905,Mistral-7B-Instruct-v0.3,Create,Create,1
1906,Mistral-7B-Instruct-v0.3,Understand,Understand,1
1907,Mistral-7B-Instruct-v0.3,Apply,Apply,1
1908,Mistral-7B-Instruct-v0.3,Understand,Understand,1
1909,Mistral-7B-Instruct-v0.3,Analyze,Analyze,1
1910,Mistral-7B-Instruct-v0.3,Analyze,Analyze,1
1911,Mistral-7B-Instruct-v0.3,Create,Create,1
1912,Mistral-7B-Instruct-v0.3,Understand,Understand,1
1913,Mistral-7B-Instruct-v0.3,Apply,Apply,1
1914,Mistral-7B-Instruct-v0.3,Understand,Understand,1
1915,Mistral-7B-Instruct-v0.3,Understand,Understand,1
1916,Mistral-7B-Instruct-v0.3,Apply,Apply,1
1917,Mistral-7B-Instruct-v0.3,Apply,Apply,1
1918,Mistral-7B-Instruct-v0.3,Remember,Remember,1
1919,Mistral-7B-Instruct-v0.3,Understand,Understand,1
1920,Mistral-7B-Instruct-v0.3,Evaluate,Evaluate,1
1921,Mistral-7B-Instruct-v0.3,Apply,Apply,1
1922,Mistral-7B-Instruct-v0.3,Understand,Understand,1
1923,Mistral-7B-Instruct-v0.3,Create,Remember,0
1924,Mistral-7B-Instruct-v0.3,Evaluate,Evaluate,1
1925,Mistral-7B-Instruct-v0.3,Evaluate,Evaluate,1
1926,Mistral-7B-Instruct-v0.3,Create,Apply,0
1927,Mistral-7B-Instruct-v0.3,Analyze,Analyze,1
1928,Mistral-7B-Instruct-v0.3,Analyze,Analyze,1
1929,Mistral-7B-Instruct-v0.3,Apply,Apply,1
1930,Mistral-7B-Instruct-v0.3,Create,Create,1
1931,Mistral-7B-Instruct-v0.3,Evaluate,Evaluate,1
1932,Mistral-7B-Instruct-v0.3,Remember,Remember,1
1933,Mistral-7B-Instruct-v0.3,Create,Create,1
1934,Mistral-7B-Instruct-v0.3,Understand,Understand,1
1935,Mistral-7B-Instruct-v0.3,Create,Create,1
1936,Mistral-7B-Instruct-v0.3,Apply,Apply,1
1937,Mistral-7B-Instruct-v0.3,Create,Create,1
1938,Mistral-7B-Instruct-v0.3,Remember,Remember,1
1939,Mistral-7B-Instruct-v0.3,Apply,Apply,1
1940,Mistral-7B-Instruct-v0.3,Apply,Apply,1
1941,Mistral-7B-Instruct-v0.3,Remember,Remember,1
1942,Mistral-7B-Instruct-v0.3,Create,Create,1
1943,Mistral-7B-Instruct-v0.3,Create,Create,1
1944,Mistral-7B-Instruct-v0.3,Create,Create,1
1945,Mistral-7B-Instruct-v0.3,Create,Create,1
1946,Mistral-7B-Instruct-v0.3,Remember,Remember,1
1947,Mistral-7B-Instruct-v0.3,Understand,Understand,1
1948,Mistral-7B-Instruct-v0.3,Understand,Understand,1
1949,Mistral-7B-Instruct-v0.3,Analyze,Analyze,1
1950,Mistral-7B-Instruct-v0.3,Create,Create,1
1951,Mistral-7B-Instruct-v0.3,Analyze,Analyze,1
1952,Mistral-7B-Instruct-v0.3,Create,Create,1
1953,Mistral-7B-Instruct-v0.3,Analyze,Analyze,1
1954,Mistral-7B-Instruct-v0.3,Analyze,Analyze,1
1955,Mistral-7B-Instruct-v0.3,Apply,Apply,1
1956,Mistral-7B-Instruct-v0.3,Apply,Apply,1
1957,Mistral-7B-Instruct-v0.3,Understand,Understand,1
1958,Mistral-7B-Instruct-v0.3,Evaluate,Evaluate,1
1959,Mistral-7B-Instruct-v0.3,Understand,Understand,1
1960,Mistral-7B-Instruct-v0.3,Understand,Understand,1
1961,Mistral-7B-Instruct-v0.3,Analyze,Analyze,1
1962,Mistral-7B-Instruct-v0.3,Evaluate,Evaluate,1
1963,Mistral-7B-Instruct-v0.3,Create,Create,1
1964,Mistral-7B-Instruct-v0.3,Evaluate,Evaluate,1
1965,Mistral-7B-Instruct-v0.3,Create,Create,1
1966,Mistral-7B-Instruct-v0.3,Create,Create,1
1967,Mistral-7B-Instruct-v0.3,Apply,Apply,1
1968,Mistral-7B-Instruct-v0.3,Apply,Apply,1
1969,Mistral-7B-Instruct-v0.3,Evaluate,Evaluate,1
1970,Mistral-7B-Instruct-v0.3,Understand,Understand,1
1971,Mistral-7B-Instruct-v0.3,Apply,Apply,1
1972,Mistral-7B-Instruct-v0.3,Apply,Analyze,0
1973,Mistral-7B-Instruct-v0.3,Create,Create,1
1974,Mistral-7B-Instruct-v0.3,Create,Create,1
1975,Mistral-7B-Instruct-v0.3,Understand,Understand,1
1976,Mistral-7B-Instruct-v0.3,Understand,Understand,1
1977,Mistral-7B-Instruct-v0.3,Apply,Apply,1
1978,Mistral-7B-Instruct-v0.3,Understand,Understand,1
1979,Mistral-7B-Instruct-v0.3,Apply,Apply,1
1980,Mistral-7B-Instruct-v0.3,Understand,Understand,1
1981,Mistral-7B-Instruct-v0.3,Evaluate,Evaluate,1
1982,Mistral-7B-Instruct-v0.3,Apply,Apply,1
1983,Mistral-7B-Instruct-v0.3,Understand,Understand,1
1984,Mistral-7B-Instruct-v0.3,Evaluate,Evaluate,1
1985,Mistral-7B-Instruct-v0.3,Create,Create,1
1986,Mistral-7B-Instruct-v0.3,Remember,Remember,1
1987,Mistral-7B-Instruct-v0.3,Understand,Understand,1
1988,Mistral-7B-Instruct-v0.3,Analyze,Analyze,1
1989,Mistral-7B-Instruct-v0.3,Apply,Apply,1
1990,Mistral-7B-Instruct-v0.3,Apply,Apply,1
1991,Mistral-7B-Instruct-v0.3,Apply,Apply,1
1992,Mistral-7B-Instruct-v0.3,Analyze,Analyze,1
1993,Mistral-7B-Instruct-v0.3,Create,Remember,0
1994,Mistral-7B-Instruct-v0.3,Apply,Apply,1
1995,Mistral-7B-Instruct-v0.3,Apply,Apply,1
1996,Mistral-7B-Instruct-v0.3,Apply,Apply,1
1997,Mistral-7B-Instruct-v0.3,Evaluate,Evaluate,1
1998,Mistral-7B-Instruct-v0.3,Apply,Apply,1
1999,Mistral-7B-Instruct-v0.3,Create,Create,1
2000,Mistral-7B-Instruct-v0.3,Analyze,Remember,0
2001,Mistral-7B-Instruct-v0.3,Apply,Create,0
2002,Mistral-7B-Instruct-v0.3,Apply,Apply,1
2003,Mistral-7B-Instruct-v0.3,Understand,Understand,1
2004,Mistral-7B-Instruct-v0.3,Understand,Understand,1
2005,Mistral-7B-Instruct-v0.3,Evaluate,Evaluate,1
2006,Mistral-7B-Instruct-v0.3,Understand,Understand,1
2007,Mistral-7B-Instruct-v0.3,Understand,Understand,1
2008,Mistral-7B-Instruct-v0.3,Apply,Apply,1
2009,Mistral-7B-Instruct-v0.3,Evaluate,Create,0
2010,Mistral-7B-Instruct-v0.3,Apply,Apply,1
2011,Mistral-7B-Instruct-v0.3,Apply,Apply,1
2012,Mistral-7B-Instruct-v0.3,Create,Create,1
2013,Mistral-7B-Instruct-v0.3,Apply,Apply,1
2014,Mistral-7B-Instruct-v0.3,Analyze,Analyze,1
2015,Mistral-7B-Instruct-v0.3,Apply,Apply,1
2016,Mistral-7B-Instruct-v0.3,Understand,Understand,1
2017,Mistral-7B-Instruct-v0.3,Analyze,Apply,0
2018,Mistral-7B-Instruct-v0.3,Evaluate,Evaluate,1
2019,Mistral-7B-Instruct-v0.3,Create,Create,1
2020,Mistral-7B-Instruct-v0.3,Understand,Understand,1
2021,Mistral-7B-Instruct-v0.3,Understand,Understand,1
2022,Mistral-7B-Instruct-v0.3,Analyze,Analyze,1
2023,Mistral-7B-Instruct-v0.3,Remember,Remember,1
2024,Mistral-7B-Instruct-v0.3,Apply,Apply,1
2025,Mistral-7B-Instruct-v0.3,Apply,Apply,1
2026,Mistral-7B-Instruct-v0.3,Understand,Understand,1
2027,Mistral-7B-Instruct-v0.3,Apply,Apply,1
2028,Mistral-7B-Instruct-v0.3,Evaluate,Evaluate,1
2029,Mistral-7B-Instruct-v0.3,Remember,Remember,1
2030,Mistral-7B-Instruct-v0.3,Understand,Understand,1
2031,Mistral-7B-Instruct-v0.3,Understand,Understand,1
2032,Mistral-7B-Instruct-v0.3,Create,Create,1
2033,Mistral-7B-Instruct-v0.3,Understand,Understand,1
2034,Mistral-7B-Instruct-v0.3,Apply,Apply,1
2035,Mistral-7B-Instruct-v0.3,Understand,Understand,1
2036,Mistral-7B-Instruct-v0.3,Evaluate,Evaluate,1
2037,Mistral-7B-Instruct-v0.3,Evaluate,Evaluate,1
2038,Mistral-7B-Instruct-v0.3,Apply,Apply,1
2039,Mistral-7B-Instruct-v0.3,Understand,Understand,1
2040,Mistral-7B-Instruct-v0.3,Create,Create,1
2041,Mistral-7B-Instruct-v0.3,Understand,Understand,1
2042,Mistral-7B-Instruct-v0.3,Remember,Remember,1
2043,Mistral-7B-Instruct-v0.3,Apply,Apply,1
2044,Mistral-7B-Instruct-v0.3,Remember,Remember,1
2045,Mistral-7B-Instruct-v0.3,Create,Create,1
2046,Mistral-7B-Instruct-v0.3,Understand,Understand,1
2047,Mistral-7B-Instruct-v0.3,Analyze,Analyze,1
2048,Mistral-7B-Instruct-v0.3,Understand,Understand,1
2049,Mistral-7B-Instruct-v0.3,Apply,Apply,1
2050,Mistral-7B-Instruct-v0.3,Evaluate,Evaluate,1
2051,Mistral-7B-Instruct-v0.3,Understand,Understand,1
2052,Mistral-7B-Instruct-v0.3,Apply,Apply,1
2053,Mistral-7B-Instruct-v0.3,Create,Create,1
2054,Mistral-7B-Instruct-v0.3,Evaluate,Evaluate,1
2055,Mistral-7B-Instruct-v0.3,Understand,Understand,1
2056,Mistral-7B-Instruct-v0.3,Create,Create,1
2057,Mistral-7B-Instruct-v0.3,Evaluate,Evaluate,1
2058,Mistral-7B-Instruct-v0.3,Remember,Remember,1
2059,Mistral-7B-Instruct-v0.3,Understand,Understand,1
2060,Mistral-7B-Instruct-v0.3,Apply,Apply,1
2061,Mistral-7B-Instruct-v0.3,Apply,Apply,1
2062,Mistral-7B-Instruct-v0.3,Understand,Understand,1
2063,Mistral-7B-Instruct-v0.3,Evaluate,Evaluate,1
2064,Mistral-7B-Instruct-v0.3,Understand,Understand,1
2065,Mistral-7B-Instruct-v0.3,Evaluate,Evaluate,1
2066,Mistral-7B-Instruct-v0.3,Remember,Remember,1
2067,Mistral-7B-Instruct-v0.3,Apply,Apply,1
2068,Mistral-7B-Instruct-v0.3,Create,Create,1
2069,Mistral-7B-Instruct-v0.3,Apply,Create,0
2070,Mistral-7B-Instruct-v0.3,Create,Create,1
2071,Mistral-7B-Instruct-v0.3,Apply,Apply,1
2072,Mistral-7B-Instruct-v0.3,Understand,Understand,1
2073,Mistral-7B-Instruct-v0.3,Apply,Apply,1
2074,Mistral-7B-Instruct-v0.3,Analyze,Analyze,1
2075,Mistral-7B-Instruct-v0.3,Understand,Apply,0
2076,Mistral-7B-Instruct-v0.3,Remember,Remember,1
2077,Mistral-7B-Instruct-v0.3,Understand,Understand,1
2078,Mistral-7B-Instruct-v0.3,Create,Create,1
2079,Mistral-7B-Instruct-v0.3,Understand,Understand,1
2080,Mistral-7B-Instruct-v0.3,Apply,Apply,1
2081,Mistral-7B-Instruct-v0.3,Remember,Understand,0
2082,Mistral-7B-Instruct-v0.3,Apply,Apply,1
2083,Mistral-7B-Instruct-v0.3,Understand,Understand,1
2084,Mistral-7B-Instruct-v0.3,Understand,Understand,1
2085,Mistral-7B-Instruct-v0.3,Apply,Apply,1
2086,Mistral-7B-Instruct-v0.3,Understand,Understand,1
2087,Mistral-7B-Instruct-v0.3,Understand,Understand,1
2088,Mistral-7B-Instruct-v0.3,Understand,Understand,1
2089,Mistral-7B-Instruct-v0.3,Understand,Understand,1
2090,Mistral-7B-Instruct-v0.3,Understand,Understand,1
2091,Mistral-7B-Instruct-v0.3,Analyze,Analyze,1
2092,Mistral-7B-Instruct-v0.3,Understand,Understand,1
2093,Mistral-7B-Instruct-v0.3,Analyze,Analyze,1
2094,Mistral-7B-Instruct-v0.3,Apply,Apply,1
2095,Mistral-7B-Instruct-v0.3,Analyze,Analyze,1
2096,Mistral-7B-Instruct-v0.3,Analyze,Analyze,1
2097,Mistral-7B-Instruct-v0.3,Evaluate,Evaluate,1
2098,Mistral-7B-Instruct-v0.3,Understand,Understand,1
2099,Mistral-7B-Instruct-v0.3,Understand,Understand,1
2100,Mistral-7B-Instruct-v0.3,Apply,Apply,1
2101,Mistral-7B-Instruct-v0.3,Apply,Apply,1
2102,Mistral-7B-Instruct-v0.3,Apply,Apply,1
2103,Mistral-7B-Instruct-v0.3,Create,Create,1
2104,Mistral-7B-Instruct-v0.3,Evaluate,Evaluate,1
2105,Mistral-7B-Instruct-v0.3,Evaluate,Evaluate,1
2106,Mistral-7B-Instruct-v0.3,Evaluate,Evaluate,1
2107,Mistral-7B-Instruct-v0.3,Apply,Apply,1
2108,Mistral-7B-Instruct-v0.3,Analyze,Analyze,1
2109,Mistral-7B-Instruct-v0.3,Apply,Apply,1
2110,Mistral-7B-Instruct-v0.3,Create,Create,1
2111,Mistral-7B-Instruct-v0.3,Understand,Understand,1
2112,Mistral-7B-Instruct-v0.3,Apply,Apply,1
2113,Mistral-7B-Instruct-v0.3,Remember,Apply,0
2114,Mistral-7B-Instruct-v0.3,Understand,Understand,1
2115,Mistral-7B-Instruct-v0.3,Understand,Understand,1
2116,Mistral-7B-Instruct-v0.3,Understand,Understand,1
2117,Mistral-7B-Instruct-v0.3,Understand,Understand,1
2118,Mistral-7B-Instruct-v0.3,Understand,Understand,1
2119,Mistral-7B-Instruct-v0.3,Analyze,Analyze,1
2120,Mistral-7B-Instruct-v0.3,Apply,Apply,1
2121,Mistral-7B-Instruct-v0.3,Understand,Understand,1
2122,Mistral-7B-Instruct-v0.3,Apply,Apply,1
2123,Mistral-7B-Instruct-v0.3,Apply,Apply,1
2124,Mistral-7B-Instruct-v0.3,Create,Create,1
2125,Mistral-7B-Instruct-v0.3,Apply,Apply,1
2126,Mistral-7B-Instruct-v0.3,Analyze,Analyze,1
2127,Mistral-7B-Instruct-v0.3,Analyze,Analyze,1
2128,Mistral-7B-Instruct-v0.3,Analyze,Analyze,1
2129,Mistral-7B-Instruct-v0.3,Evaluate,Evaluate,1
2130,Mistral-7B-Instruct-v0.3,Apply,Apply,1
2131,Mistral-7B-Instruct-v0.3,Understand,Create,0
2132,Mistral-7B-Instruct-v0.3,Create,Create,1
2133,Mistral-7B-Instruct-v0.3,Apply,Apply,1
2134,Mistral-7B-Instruct-v0.3,Create,Create,1
2135,Mistral-7B-Instruct-v0.3,Understand,Understand,1
2136,Mistral-7B-Instruct-v0.3,Evaluate,Evaluate,1
2137,Mistral-7B-Instruct-v0.3,Apply,Apply,1
2138,Mistral-7B-Instruct-v0.3,Apply,Apply,1
2139,Mistral-7B-Instruct-v0.3,Evaluate,Evaluate,1
2140,Mistral-7B-Instruct-v0.3,Remember,Remember,1
2141,Mistral-7B-Instruct-v0.3,Evaluate,Evaluate,1
2142,Mistral-7B-Instruct-v0.3,Apply,Apply,1
2143,Mistral-7B-Instruct-v0.3,Understand,Understand,1
2144,Mistral-7B-Instruct-v0.3,Evaluate,Evaluate,1
2145,Mistral-7B-Instruct-v0.3,Apply,Apply,1
2146,Mistral-7B-Instruct-v0.3,Evaluate,Evaluate,1
2147,Mistral-7B-Instruct-v0.3,Remember,Remember,1
2148,Mistral-7B-Instruct-v0.3,Create,Create,1
2149,Mistral-7B-Instruct-v0.3,Analyze,Analyze,1
2150,Mistral-7B-Instruct-v0.3,Understand,Understand,1
2151,Mistral-7B-Instruct-v0.3,Understand,Understand,1
2152,Mistral-7B-Instruct-v0.3,Evaluate,Evaluate,1
2153,Mistral-7B-Instruct-v0.3,Evaluate,Evaluate,1
2154,Mistral-7B-Instruct-v0.3,Apply,Apply,1
2155,Mistral-7B-Instruct-v0.3,Apply,Apply,1
2156,Mistral-7B-Instruct-v0.3,Create,Create,1
2157,Mistral-7B-Instruct-v0.3,Create,Create,1
2158,Mistral-7B-Instruct-v0.3,Evaluate,Evaluate,1
2159,Mistral-7B-Instruct-v0.3,Understand,Apply,0
2160,Mistral-7B-Instruct-v0.3,Apply,Apply,1
2161,Mistral-7B-Instruct-v0.3,Create,Create,1
2162,Mistral-7B-Instruct-v0.3,Analyze,Create,0
2163,Mistral-7B-Instruct-v0.3,Analyze,Analyze,1
2164,Mistral-7B-Instruct-v0.3,Understand,Understand,1
2165,Mistral-7B-Instruct-v0.3,Evaluate,Analyze,0
2166,Mistral-7B-Instruct-v0.3,Apply,Apply,1
2167,Mistral-7B-Instruct-v0.3,Understand,Understand,1
2168,Mistral-7B-Instruct-v0.3,Remember,Remember,1
2169,Mistral-7B-Instruct-v0.3,Analyze,Analyze,1
2170,Mistral-7B-Instruct-v0.3,Evaluate,Evaluate,1
2171,Mistral-7B-Instruct-v0.3,Apply,Apply,1
2172,Mistral-7B-Instruct-v0.3,Understand,Understand,1
2173,Mistral-7B-Instruct-v0.3,Understand,Understand,1
2174,Mistral-7B-Instruct-v0.3,Apply,Apply,1
2175,Mistral-7B-Instruct-v0.3,Apply,Apply,1
2176,Mistral-7B-Instruct-v0.3,Evaluate,Evaluate,1
2177,Mistral-7B-Instruct-v0.3,Create,Create,1
2178,Mistral-7B-Instruct-v0.3,Create,Create,1
2179,Mistral-7B-Instruct-v0.3,Analyze,Analyze,1
2180,Mistral-7B-Instruct-v0.3,Apply,Apply,1
2181,Mistral-7B-Instruct-v0.3,Apply,Apply,1
2182,Mistral-7B-Instruct-v0.3,Understand,Understand,1
2183,Mistral-7B-Instruct-v0.3,Analyze,Analyze,1
2184,Mistral-7B-Instruct-v0.3,Apply,Apply,1
2185,Mistral-7B-Instruct-v0.3,Apply,Apply,1
2186,Mistral-7B-Instruct-v0.3,Apply,Create,0
2187,Mistral-7B-Instruct-v0.3,Analyze,Analyze,1
2188,Mistral-7B-Instruct-v0.3,Understand,Understand,1
2189,Mistral-7B-Instruct-v0.3,Remember,Analyze,0
2190,Mistral-7B-Instruct-v0.3,Apply,Apply,1
2191,Mistral-7B-Instruct-v0.3,Understand,Understand,1
2192,Mistral-7B-Instruct-v0.3,Apply,Apply,1
2193,Mistral-7B-Instruct-v0.3,Evaluate,Evaluate,1
2194,Mistral-7B-Instruct-v0.3,Analyze,Analyze,1
2195,Mistral-7B-Instruct-v0.3,Create,Create,1
2196,Mistral-7B-Instruct-v0.3,Understand,Understand,1
2197,Mistral-7B-Instruct-v0.3,Remember,Understand,0
2198,Mistral-7B-Instruct-v0.3,Create,Create,1
2199,Mistral-7B-Instruct-v0.3,Understand,Understand,1
2200,Mistral-7B-Instruct-v0.3,Create,Create,1
2201,Mistral-7B-Instruct-v0.3,Understand,Understand,1
2202,Mistral-7B-Instruct-v0.3,Create,Create,1
2203,Mistral-7B-Instruct-v0.3,Apply,Apply,1
2204,Mistral-7B-Instruct-v0.3,Apply,Apply,1
2205,Mistral-7B-Instruct-v0.3,Remember,Remember,1
2206,Mistral-7B-Instruct-v0.3,Understand,Understand,1
2207,Mistral-7B-Instruct-v0.3,Apply,Create,0
2208,Mistral-7B-Instruct-v0.3,Evaluate,Evaluate,1
2209,Mistral-7B-Instruct-v0.3,Apply,Apply,1
2210,Mistral-7B-Instruct-v0.3,Evaluate,Evaluate,1
2211,Mistral-7B-Instruct-v0.3,Apply,Apply,1
2212,Mistral-7B-Instruct-v0.3,Understand,Understand,1
2213,Mistral-7B-Instruct-v0.3,Understand,Understand,1
2214,Mistral-7B-Instruct-v0.3,Apply,Apply,1
2215,Mistral-7B-Instruct-v0.3,Evaluate,Evaluate,1
2216,Mistral-7B-Instruct-v0.3,Evaluate,Evaluate,1
2217,Mistral-7B-Instruct-v0.3,Create,Create,1
2218,Mistral-7B-Instruct-v0.3,Apply,Apply,1
2219,Mistral-7B-Instruct-v0.3,Understand,Understand,1
2220,Mistral-7B-Instruct-v0.3,Understand,Understand,1
2221,Mistral-7B-Instruct-v0.3,Understand,Understand,1
2222,Mistral-7B-Instruct-v0.3,Analyze,Analyze,1
2223,Mistral-7B-Instruct-v0.3,Understand,Understand,1
2224,Mistral-7B-Instruct-v0.3,Apply,Create,0
2225,Mistral-7B-Instruct-v0.3,Understand,Understand,1
2226,Mistral-7B-Instruct-v0.3,Understand,Understand,1
2227,Mistral-7B-Instruct-v0.3,Apply,Apply,1
2228,Mistral-7B-Instruct-v0.3,Create,Create,1
2229,Mistral-7B-Instruct-v0.3,Apply,Apply,1
2230,Mistral-7B-Instruct-v0.3,Evaluate,Evaluate,1
2231,Mistral-7B-Instruct-v0.3,Evaluate,Evaluate,1
2232,Mistral-7B-Instruct-v0.3,Understand,Create,0
2233,Mistral-7B-Instruct-v0.3,Evaluate,Evaluate,1
2234,Mistral-7B-Instruct-v0.3,Understand,Understand,1
2235,Mistral-7B-Instruct-v0.3,Evaluate,Evaluate,1
2236,Mistral-7B-Instruct-v0.3,Evaluate,Apply,0
2237,Mistral-7B-Instruct-v0.3,Analyze,Analyze,1
2238,Mistral-7B-Instruct-v0.3,Apply,Apply,1
2239,Mistral-7B-Instruct-v0.3,Apply,Apply,1
2240,Mistral-7B-Instruct-v0.3,Analyze,Analyze,1
2241,Mistral-7B-Instruct-v0.3,Evaluate,Evaluate,1
2242,Mistral-7B-Instruct-v0.3,Analyze,Analyze,1
2243,Mistral-7B-Instruct-v0.3,Create,Create,1
2244,Mistral-7B-Instruct-v0.3,Create,Create,1
2245,Mistral-7B-Instruct-v0.3,Evaluate,Evaluate,1
2246,Mistral-7B-Instruct-v0.3,Understand,Understand,1
2247,Mistral-7B-Instruct-v0.3,Understand,Understand,1
2248,Mistral-7B-Instruct-v0.3,Apply,Apply,1
2249,Mistral-7B-Instruct-v0.3,Create,Create,1
2250,Mistral-7B-Instruct-v0.3,Apply,Apply,1
2251,Mistral-7B-Instruct-v0.3,Understand,Understand,1
2252,Mistral-7B-Instruct-v0.3,Create,Create,1
2253,Mistral-7B-Instruct-v0.3,Apply,Apply,1
2254,Mistral-7B-Instruct-v0.3,Understand,Understand,1
2255,Mistral-7B-Instruct-v0.3,Evaluate,Evaluate,1
2256,Mistral-7B-Instruct-v0.3,Understand,Understand,1
2257,Mistral-7B-Instruct-v0.3,Apply,Apply,1
2258,Mistral-7B-Instruct-v0.3,Understand,Understand,1
2259,Mistral-7B-Instruct-v0.3,Evaluate,Evaluate,1
2260,Mistral-7B-Instruct-v0.3,Create,Create,1
2261,Mistral-7B-Instruct-v0.3,Apply,Apply,1
2262,Mistral-7B-Instruct-v0.3,Understand,Understand,1
2263,Mistral-7B-Instruct-v0.3,Apply,Apply,1
2264,Mistral-7B-Instruct-v0.3,Understand,Understand,1
2265,Mistral-7B-Instruct-v0.3,Evaluate,Evaluate,1
2266,Mistral-7B-Instruct-v0.3,Analyze,Analyze,1
2267,Mistral-7B-Instruct-v0.3,Analyze,Apply,0
2268,Mistral-7B-Instruct-v0.3,Apply,Create,0
2269,Mistral-7B-Instruct-v0.3,Analyze,Analyze,1
2270,Mistral-7B-Instruct-v0.3,Apply,Apply,1
2271,Mistral-7B-Instruct-v0.3,Evaluate,Evaluate,1
2272,Mistral-7B-Instruct-v0.3,Understand,Understand,1
2273,Mistral-7B-Instruct-v0.3,Understand,Apply,0
2274,Mistral-7B-Instruct-v0.3,Understand,Understand,1
2275,Mistral-7B-Instruct-v0.3,Analyze,Analyze,1
2276,Mistral-7B-Instruct-v0.3,Understand,Understand,1
2277,Mistral-7B-Instruct-v0.3,Understand,Understand,1
2278,Mistral-7B-Instruct-v0.3,Apply,Apply,1
2279,Mistral-7B-Instruct-v0.3,Understand,Understand,1
2280,Mistral-7B-Instruct-v0.3,Analyze,Analyze,1
2281,Mistral-7B-Instruct-v0.3,Understand,Understand,1
2282,Mistral-7B-Instruct-v0.3,Evaluate,Evaluate,1
2283,Mistral-7B-Instruct-v0.3,Understand,Understand,1
2284,Mistral-7B-Instruct-v0.3,Apply,Apply,1
2285,Mistral-7B-Instruct-v0.3,Remember,Remember,1
2286,Mistral-7B-Instruct-v0.3,Understand,Understand,1
2287,Mistral-7B-Instruct-v0.3,Evaluate,Evaluate,1
2288,Mistral-7B-Instruct-v0.3,Apply,Apply,1
2289,Mistral-7B-Instruct-v0.3,Apply,Analyze,0
2290,Mistral-7B-Instruct-v0.3,Analyze,Analyze,1
2291,Mistral-7B-Instruct-v0.3,Apply,Create,0
2292,Mistral-7B-Instruct-v0.3,Understand,Understand,1
2293,Mistral-7B-Instruct-v0.3,Evaluate,Evaluate,1
2294,Mistral-7B-Instruct-v0.3,Understand,Understand,1
2295,Mistral-7B-Instruct-v0.3,Apply,Apply,1
2296,Mistral-7B-Instruct-v0.3,Apply,Apply,1
2297,Mistral-7B-Instruct-v0.3,Apply,Apply,1
2298,Mistral-7B-Instruct-v0.3,Evaluate,Evaluate,1
2299,Mistral-7B-Instruct-v0.3,Analyze,Analyze,1
2300,Mistral-7B-Instruct-v0.3,Create,Create,1
2301,Mistral-7B-Instruct-v0.3,Evaluate,Evaluate,1
2302,Mistral-7B-Instruct-v0.3,Understand,Understand,1
2303,Mistral-7B-Instruct-v0.3,Analyze,Analyze,1
2304,Mistral-7B-Instruct-v0.3,Analyze,Analyze,1
2305,Mistral-7B-Instruct-v0.3,Understand,Understand,1
2306,Mistral-7B-Instruct-v0.3,Analyze,Analyze,1
2307,Mistral-7B-Instruct-v0.3,Understand,Understand,1
2308,Mistral-7B-Instruct-v0.3,Evaluate,Analyze,0
2309,Mistral-7B-Instruct-v0.3,Create,Create,1
2310,Mistral-7B-Instruct-v0.3,Understand,Understand,1
2311,Mistral-7B-Instruct-v0.3,Apply,Apply,1
2312,Mistral-7B-Instruct-v0.3,Evaluate,Evaluate,1
2313,Mistral-7B-Instruct-v0.3,Apply,Apply,1
2314,Mistral-7B-Instruct-v0.3,Apply,Apply,1
2315,Mistral-7B-Instruct-v0.3,Create,Create,1
2316,Mistral-7B-Instruct-v0.3,Remember,Remember,1
2317,Mistral-7B-Instruct-v0.3,Understand,Understand,1
2318,Mistral-7B-Instruct-v0.3,Create,Create,1
2319,Mistral-7B-Instruct-v0.3,Apply,Apply,1
2320,Mistral-7B-Instruct-v0.3,Apply,Apply,1
2321,Mistral-7B-Instruct-v0.3,Understand,Understand,1
2322,Mistral-7B-Instruct-v0.3,Apply,Apply,1
2323,Mistral-7B-Instruct-v0.3,Understand,Understand,1
2324,Mistral-7B-Instruct-v0.3,Remember,Remember,1
2325,Mistral-7B-Instruct-v0.3,Evaluate,Evaluate,1
2326,Mistral-7B-Instruct-v0.3,Apply,Apply,1
2327,Mistral-7B-Instruct-v0.3,Analyze,Analyze,1
2328,Mistral-7B-Instruct-v0.3,Create,Create,1
2329,Mistral-7B-Instruct-v0.3,Understand,Apply,0
2330,Mistral-7B-Instruct-v0.3,Understand,Understand,1
2331,Mistral-7B-Instruct-v0.3,Understand,Understand,1
2332,Mistral-7B-Instruct-v0.3,Analyze,Analyze,1
2333,Mistral-7B-Instruct-v0.3,Create,Create,1
2334,Mistral-7B-Instruct-v0.3,Understand,Understand,1
2335,Mistral-7B-Instruct-v0.3,Apply,Apply,1
2336,Mistral-7B-Instruct-v0.3,Apply,Apply,1
2337,Mistral-7B-Instruct-v0.3,Understand,Understand,1
2338,Mistral-7B-Instruct-v0.3,Create,Create,1
2339,Mistral-7B-Instruct-v0.3,Evaluate,Evaluate,1
2340,Mistral-7B-Instruct-v0.3,Create,Create,1
2341,Mistral-7B-Instruct-v0.3,Apply,Apply,1
2342,Mistral-7B-Instruct-v0.3,Create,Create,1
2343,Mistral-7B-Instruct-v0.3,Apply,Apply,1
2344,Mistral-7B-Instruct-v0.3,Understand,Understand,1
2345,Mistral-7B-Instruct-v0.3,Understand,Understand,1
2346,Mistral-7B-Instruct-v0.3,Create,Create,1
2347,Mistral-7B-Instruct-v0.3,Understand,Understand,1
2348,Mistral-7B-Instruct-v0.3,Understand,Understand,1
2349,Mistral-7B-Instruct-v0.3,Analyze,Analyze,1
2350,Mistral-7B-Instruct-v0.3,Apply,Analyze,0
2351,Mistral-7B-Instruct-v0.3,Create,Create,1
2352,Mistral-7B-Instruct-v0.3,Apply,Apply,1
2353,Mistral-7B-Instruct-v0.3,Evaluate,Evaluate,1
2354,Mistral-7B-Instruct-v0.3,Understand,Understand,1
2355,Mistral-7B-Instruct-v0.3,Evaluate,Evaluate,1
2356,Mistral-7B-Instruct-v0.3,Understand,Understand,1
2357,Mistral-7B-Instruct-v0.3,Analyze,Analyze,1
2358,Mistral-7B-Instruct-v0.3,Remember,Remember,1
2359,Mistral-7B-Instruct-v0.3,Apply,Apply,1
2360,Mistral-7B-Instruct-v0.3,Analyze,Analyze,1
2361,Mistral-7B-Instruct-v0.3,Apply,Apply,1
2362,Mistral-7B-Instruct-v0.3,Apply,Apply,1
2363,Mistral-7B-Instruct-v0.3,Evaluate,Evaluate,1
2364,Mistral-7B-Instruct-v0.3,Understand,Understand,1
2365,Mistral-7B-Instruct-v0.3,Apply,Apply,1
2366,Mistral-7B-Instruct-v0.3,Understand,Understand,1
2367,Mistral-7B-Instruct-v0.3,Understand,Understand,1
2368,Mistral-7B-Instruct-v0.3,Apply,Apply,1
2369,Mistral-7B-Instruct-v0.3,Create,Create,1
2370,Mistral-7B-Instruct-v0.3,Apply,Apply,1
2371,Mistral-7B-Instruct-v0.3,Understand,Understand,1
2372,Mistral-7B-Instruct-v0.3,Apply,Apply,1
2373,Mistral-7B-Instruct-v0.3,Create,Create,1
2374,Mistral-7B-Instruct-v0.3,Apply,Apply,1
2375,Mistral-7B-Instruct-v0.3,Apply,Apply,1
2376,Mistral-7B-Instruct-v0.3,Evaluate,Evaluate,1
2377,Mistral-7B-Instruct-v0.3,Understand,Understand,1
2378,Mistral-7B-Instruct-v0.3,Understand,Apply,0
2379,Mistral-7B-Instruct-v0.3,Apply,Apply,1
2380,Mistral-7B-Instruct-v0.3,Evaluate,Create,0
2381,Mistral-7B-Instruct-v0.3,Understand,Understand,1
2382,Mistral-7B-Instruct-v0.3,Understand,Understand,1
2383,Mistral-7B-Instruct-v0.3,Apply,Apply,1
2384,Mistral-7B-Instruct-v0.3,Understand,Understand,1
2385,Mistral-7B-Instruct-v0.3,Apply,Apply,1
2386,Mistral-7B-Instruct-v0.3,Create,Create,1
2387,Mistral-7B-Instruct-v0.3,Analyze,Analyze,1
2388,Mistral-7B-Instruct-v0.3,Apply,Apply,1
2389,Mistral-7B-Instruct-v0.3,Apply,Apply,1
2390,Mistral-7B-Instruct-v0.3,Evaluate,Evaluate,1
2391,Mistral-7B-Instruct-v0.3,Understand,Understand,1
2392,Mistral-7B-Instruct-v0.3,Apply,Apply,1
2393,Mistral-7B-Instruct-v0.3,Understand,Understand,1
2394,Mistral-7B-Instruct-v0.3,Analyze,Analyze,1
2395,Mistral-7B-Instruct-v0.3,Analyze,Analyze,1
2396,Mistral-7B-Instruct-v0.3,Apply,Apply,1
2397,Mistral-7B-Instruct-v0.3,Apply,Apply,1
2398,Mistral-7B-Instruct-v0.3,Apply,Apply,1
2399,Mistral-7B-Instruct-v0.3,Understand,Understand,1
2400,Mistral-7B-Instruct-v0.3,Apply,Apply,1
2401,Mistral-7B-Instruct-v0.3,Evaluate,Evaluate,1
2402,Mistral-7B-Instruct-v0.3,Create,Create,1
2403,Mistral-7B-Instruct-v0.3,Remember,Remember,1
2404,Mistral-7B-Instruct-v0.3,Apply,Apply,1
2405,Mistral-7B-Instruct-v0.3,Understand,Understand,1
2406,Mistral-7B-Instruct-v0.3,Understand,Understand,1
2407,Mistral-7B-Instruct-v0.3,Analyze,Analyze,1
2408,Mistral-7B-Instruct-v0.3,Create,Create,1
2409,Mistral-7B-Instruct-v0.3,Evaluate,Evaluate,1
2410,Mistral-7B-Instruct-v0.3,Understand,Understand,1
2411,Mistral-7B-Instruct-v0.3,Apply,Apply,1
2412,Mistral-7B-Instruct-v0.3,Apply,Apply,1
2413,Mistral-7B-Instruct-v0.3,Understand,Understand,1
2414,Mistral-7B-Instruct-v0.3,Analyze,Analyze,1
2415,Mistral-7B-Instruct-v0.3,Apply,Apply,1
2416,Mistral-7B-Instruct-v0.3,Understand,Apply,0
2417,Mistral-7B-Instruct-v0.3,Create,Create,1
2418,Mistral-7B-Instruct-v0.3,Create,Create,1
2419,Mistral-7B-Instruct-v0.3,Apply,Apply,1
2420,Mistral-7B-Instruct-v0.3,Remember,Remember,1
2421,Mistral-7B-Instruct-v0.3,Apply,Apply,1
2422,Mistral-7B-Instruct-v0.3,Evaluate,Evaluate,1
2423,Mistral-7B-Instruct-v0.3,Understand,Understand,1
2424,Mistral-7B-Instruct-v0.3,Understand,Understand,1
2425,Mistral-7B-Instruct-v0.3,Remember,Remember,1
2426,Mistral-7B-Instruct-v0.3,Evaluate,Evaluate,1
2427,Mistral-7B-Instruct-v0.3,Understand,Understand,1
2428,Mistral-7B-Instruct-v0.3,Understand,Understand,1
2429,Mistral-7B-Instruct-v0.3,Understand,Create,0
2430,Mistral-7B-Instruct-v0.3,Create,Create,1
2431,Mistral-7B-Instruct-v0.3,Remember,Remember,1
2432,Mistral-7B-Instruct-v0.3,Apply,Apply,1
2433,Mistral-7B-Instruct-v0.3,Apply,Apply,1
2434,Mistral-7B-Instruct-v0.3,Understand,Understand,1
2435,Mistral-7B-Instruct-v0.3,Apply,Apply,1
2436,Mistral-7B-Instruct-v0.3,Apply,Apply,1
2437,Mistral-7B-Instruct-v0.3,Apply,Apply,1
2438,Mistral-7B-Instruct-v0.3,Remember,Create,0
2439,Mistral-7B-Instruct-v0.3,Analyze,Analyze,1
2440,Mistral-7B-Instruct-v0.3,Analyze,Analyze,1
2441,Mistral-7B-Instruct-v0.3,Create,Create,1
2442,Mistral-7B-Instruct-v0.3,Understand,Understand,1
2443,Mistral-7B-Instruct-v0.3,Understand,Understand,1
2444,Mistral-7B-Instruct-v0.3,Evaluate,Evaluate,1
2445,Mistral-7B-Instruct-v0.3,Apply,Apply,1
2446,Mistral-7B-Instruct-v0.3,Create,Create,1
2447,Mistral-7B-Instruct-v0.3,Understand,Understand,1
2448,Mistral-7B-Instruct-v0.3,Understand,Understand,1
2449,Mistral-7B-Instruct-v0.3,Evaluate,Evaluate,1
2450,Mistral-7B-Instruct-v0.3,Evaluate,Evaluate,1
2451,Mistral-7B-Instruct-v0.3,Apply,Apply,1
2452,Mistral-7B-Instruct-v0.3,Apply,Apply,1
2453,Mistral-7B-Instruct-v0.3,Understand,Analyze,0
2454,Mistral-7B-Instruct-v0.3,Create,Create,1
2455,Mistral-7B-Instruct-v0.3,Understand,Remember,0
2456,Mistral-7B-Instruct-v0.3,Analyze,Analyze,1
2457,Mistral-7B-Instruct-v0.3,Create,Create,1
2458,Mistral-7B-Instruct-v0.3,Apply,Apply,1
2459,Mistral-7B-Instruct-v0.3,Create,Create,1
2460,Mistral-7B-Instruct-v0.3,Create,Create,1
2461,Mistral-7B-Instruct-v0.3,Apply,Create,0
2462,Mistral-7B-Instruct-v0.3,Apply,Apply,1
2463,Mistral-7B-Instruct-v0.3,Analyze,Analyze,1
2464,Mistral-7B-Instruct-v0.3,Understand,Understand,1
2465,Mistral-7B-Instruct-v0.3,Analyze,Analyze,1
2466,Mistral-7B-Instruct-v0.3,Apply,Apply,1
2467,Mistral-7B-Instruct-v0.3,Create,Create,1
2468,Mistral-7B-Instruct-v0.3,Understand,Understand,1
2469,Mistral-7B-Instruct-v0.3,Create,Create,1
2470,Mistral-7B-Instruct-v0.3,Understand,Understand,1
2471,Mistral-7B-Instruct-v0.3,Apply,Apply,1
2472,Mistral-7B-Instruct-v0.3,Apply,Apply,1
2473,Mistral-7B-Instruct-v0.3,Understand,Understand,1
2474,Mistral-7B-Instruct-v0.3,Evaluate,Evaluate,1
2475,Mistral-7B-Instruct-v0.3,Evaluate,Evaluate,1
2476,Mistral-7B-Instruct-v0.3,Understand,Understand,1
2477,Mistral-7B-Instruct-v0.3,Apply,Apply,1
2478,Mistral-7B-Instruct-v0.3,Apply,Apply,1
2479,Mistral-7B-Instruct-v0.3,Evaluate,Analyze,0
2480,Mistral-7B-Instruct-v0.3,Analyze,Analyze,1
2481,Mistral-7B-Instruct-v0.3,Evaluate,Evaluate,1
2482,Mistral-7B-Instruct-v0.3,Apply,Create,0
2483,Mistral-7B-Instruct-v0.3,Understand,Understand,1
2484,Mistral-7B-Instruct-v0.3,Apply,Apply,1
2485,Mistral-7B-Instruct-v0.3,Create,Create,1
2486,Mistral-7B-Instruct-v0.3,Apply,Apply,1
2487,Mistral-7B-Instruct-v0.3,Create,Create,1
2488,Mistral-7B-Instruct-v0.3,Create,Create,1
2489,Mistral-7B-Instruct-v0.3,Analyze,Analyze,1
2490,Mistral-7B-Instruct-v0.3,Understand,Understand,1
2491,Mistral-7B-Instruct-v0.3,Apply,Apply,1
2492,Mistral-7B-Instruct-v0.3,Apply,Apply,1
2493,Mistral-7B-Instruct-v0.3,Remember,Remember,1
2494,Mistral-7B-Instruct-v0.3,Analyze,Analyze,1
2495,Mistral-7B-Instruct-v0.3,Understand,Understand,1
2496,Mistral-7B-Instruct-v0.3,Analyze,Analyze,1
2497,Mistral-7B-Instruct-v0.3,Apply,Apply,1
2498,Mistral-7B-Instruct-v0.3,Evaluate,Evaluate,1
2499,Mistral-7B-Instruct-v0.3,Understand,Understand,1
2500,Mistral-7B-Instruct-v0.3,Evaluate,Evaluate,1
2501,Mistral-7B-Instruct-v0.3,Apply,Apply,1
2502,Mistral-7B-Instruct-v0.3,Remember,Remember,1
2503,Mistral-7B-Instruct-v0.3,Apply,Apply,1
2504,Mistral-7B-Instruct-v0.3,Understand,Understand,1
2505,Mistral-7B-Instruct-v0.3,Apply,Apply,1
2506,Mistral-7B-Instruct-v0.3,Apply,Apply,1
2507,Mistral-7B-Instruct-v0.3,Apply,Apply,1
2508,Mistral-7B-Instruct-v0.3,Create,Create,1
2509,Mistral-7B-Instruct-v0.3,Understand,Understand,1
2510,Mistral-7B-Instruct-v0.3,Create,Create,1
2511,Mistral-7B-Instruct-v0.3,Understand,Understand,1
2512,Mistral-7B-Instruct-v0.3,Evaluate,Evaluate,1
2513,Mistral-7B-Instruct-v0.3,Analyze,Analyze,1
2514,Mistral-7B-Instruct-v0.3,Understand,Understand,1
2515,Mistral-7B-Instruct-v0.3,Create,Create,1
2516,Mistral-7B-Instruct-v0.3,Understand,Understand,1
2517,Mistral-7B-Instruct-v0.3,Understand,Understand,1
2518,Mistral-7B-Instruct-v0.3,Understand,Understand,1
2519,Mistral-7B-Instruct-v0.3,Apply,Apply,1
2520,Mistral-7B-Instruct-v0.3,Apply,Apply,1
2521,Mistral-7B-Instruct-v0.3,Remember,Remember,1
2522,Mistral-7B-Instruct-v0.3,Apply,Apply,1
2523,Mistral-7B-Instruct-v0.3,Create,Create,1
2524,Mistral-7B-Instruct-v0.3,Understand,Apply,0
2525,Mistral-7B-Instruct-v0.3,Understand,Understand,1
2526,Mistral-7B-Instruct-v0.3,Apply,Apply,1
2527,Mistral-7B-Instruct-v0.3,Analyze,Analyze,1
2528,Mistral-7B-Instruct-v0.3,Apply,Apply,1
2529,Mistral-7B-Instruct-v0.3,Evaluate,Evaluate,1
2530,Mistral-7B-Instruct-v0.3,Understand,Understand,1
2531,Mistral-7B-Instruct-v0.3,Create,Create,1
2532,Mistral-7B-Instruct-v0.3,Remember,Create,0
2533,Mistral-7B-Instruct-v0.3,Analyze,Analyze,1
2534,Mistral-7B-Instruct-v0.3,Understand,Understand,1
2535,Mistral-7B-Instruct-v0.3,Analyze,Analyze,1
2536,Mistral-7B-Instruct-v0.3,Evaluate,Evaluate,1
2537,Mistral-7B-Instruct-v0.3,Evaluate,Evaluate,1
2538,Mistral-7B-Instruct-v0.3,Understand,Understand,1
2539,Mistral-7B-Instruct-v0.3,Evaluate,Evaluate,1
2540,Mistral-7B-Instruct-v0.3,Remember,Remember,1
2541,Mistral-7B-Instruct-v0.3,Apply,Apply,1
2542,Mistral-7B-Instruct-v0.3,Remember,Create,0
2543,Mistral-7B-Instruct-v0.3,Create,Create,1
2544,Mistral-7B-Instruct-v0.3,Apply,Apply,1
2545,Mistral-7B-Instruct-v0.3,Create,Create,1
2546,Mistral-7B-Instruct-v0.3,Analyze,Analyze,1
2547,Mistral-7B-Instruct-v0.3,Create,Create,1
2548,Mistral-7B-Instruct-v0.3,Analyze,Apply,0
2549,Mistral-7B-Instruct-v0.3,Evaluate,Evaluate,1
2550,Mistral-7B-Instruct-v0.3,Understand,Understand,1
2551,Mistral-7B-Instruct-v0.3,Apply,Apply,1
2552,Mistral-7B-Instruct-v0.3,Understand,Analyze,0
2553,Mistral-7B-Instruct-v0.3,Evaluate,Evaluate,1
2554,Mistral-7B-Instruct-v0.3,Understand,Understand,1
2555,Mistral-7B-Instruct-v0.3,Evaluate,Evaluate,1
2556,Mistral-7B-Instruct-v0.3,Create,Create,1
2557,Mistral-7B-Instruct-v0.3,Create,Create,1
2558,Mistral-7B-Instruct-v0.3,Apply,Apply,1
2559,Mistral-7B-Instruct-v0.3,Understand,Understand,1
2560,Mistral-7B-Instruct-v0.3,Understand,Understand,1
2561,Mistral-7B-Instruct-v0.3,Apply,Apply,1
2562,Mistral-7B-Instruct-v0.3,Understand,Understand,1
2563,Mistral-7B-Instruct-v0.3,Understand,Understand,1
2564,Mistral-7B-Instruct-v0.3,Create,Create,1
2565,Mistral-7B-Instruct-v0.3,Apply,Apply,1
2566,Mistral-7B-Instruct-v0.3,Understand,Understand,1
2567,Mistral-7B-Instruct-v0.3,Understand,Understand,1
2568,Mistral-7B-Instruct-v0.3,Understand,Understand,1
2569,Mistral-7B-Instruct-v0.3,Create,Create,1
2570,Mistral-7B-Instruct-v0.3,Understand,Understand,1
2571,Mistral-7B-Instruct-v0.3,Understand,Understand,1
2572,Mistral-7B-Instruct-v0.3,Analyze,Analyze,1
2573,Mistral-7B-Instruct-v0.3,Create,Apply,0
2574,Mistral-7B-Instruct-v0.3,Analyze,Analyze,1
2575,Mistral-7B-Instruct-v0.3,Apply,Apply,1
2576,Mistral-7B-Instruct-v0.3,Apply,Apply,1
2577,Mistral-7B-Instruct-v0.3,Understand,Understand,1
2578,Mistral-7B-Instruct-v0.3,Evaluate,Apply,0
2579,Mistral-7B-Instruct-v0.3,Apply,Apply,1
2580,Mistral-7B-Instruct-v0.3,Remember,Remember,1
2581,Mistral-7B-Instruct-v0.3,Evaluate,Create,0
2582,Mistral-7B-Instruct-v0.3,Understand,Understand,1
2583,Mistral-7B-Instruct-v0.3,Evaluate,Evaluate,1
2584,Mistral-7B-Instruct-v0.3,Create,Create,1
2585,Mistral-7B-Instruct-v0.3,Analyze,Analyze,1
2586,Mistral-7B-Instruct-v0.3,Apply,Apply,1
2587,Mistral-7B-Instruct-v0.3,Understand,Understand,1
2588,Mistral-7B-Instruct-v0.3,Apply,Apply,1
2589,Mistral-7B-Instruct-v0.3,Understand,Understand,1
2590,Mistral-7B-Instruct-v0.3,Apply,Apply,1
2591,Mistral-7B-Instruct-v0.3,Evaluate,Evaluate,1
2592,Mistral-7B-Instruct-v0.3,Understand,Understand,1
2593,Mistral-7B-Instruct-v0.3,Understand,Understand,1
2594,Mistral-7B-Instruct-v0.3,Understand,Understand,1
2595,Mistral-7B-Instruct-v0.3,Evaluate,Evaluate,1
2596,Mistral-7B-Instruct-v0.3,Analyze,Analyze,1
2597,Mistral-7B-Instruct-v0.3,Create,Create,1
2598,Mistral-7B-Instruct-v0.3,Create,Understand,0
2599,Mistral-7B-Instruct-v0.3,Understand,Understand,1
2600,Mistral-7B-Instruct-v0.3,Create,Create,1
2601,Mistral-7B-Instruct-v0.3,Understand,Understand,1
2602,Mistral-7B-Instruct-v0.3,Evaluate,Evaluate,1
2603,Mistral-7B-Instruct-v0.3,Evaluate,Evaluate,1
2604,Mistral-7B-Instruct-v0.3,Create,Create,1
2605,Mistral-7B-Instruct-v0.3,Create,Create,1
2606,Mistral-7B-Instruct-v0.3,Understand,Understand,1
2607,Mistral-7B-Instruct-v0.3,Understand,Understand,1
2608,Mistral-7B-Instruct-v0.3,Apply,Apply,1
2609,Mistral-7B-Instruct-v0.3,Create,Create,1
2610,Mistral-7B-Instruct-v0.3,Apply,Apply,1
2611,Mistral-7B-Instruct-v0.3,Understand,Understand,1
2612,Mistral-7B-Instruct-v0.3,Understand,Understand,1
2613,Mistral-7B-Instruct-v0.3,Understand,Understand,1
2614,Mistral-7B-Instruct-v0.3,Understand,Understand,1
2615,Mistral-7B-Instruct-v0.3,Evaluate,Evaluate,1
2616,Mistral-7B-Instruct-v0.3,Evaluate,Evaluate,1
2617,Mistral-7B-Instruct-v0.3,Apply,Apply,1
2618,Mistral-7B-Instruct-v0.3,Apply,Apply,1
2619,Mistral-7B-Instruct-v0.3,Create,Create,1
2620,Mistral-7B-Instruct-v0.3,Create,Create,1
2621,Mistral-7B-Instruct-v0.3,Understand,Understand,1
2622,Mistral-7B-Instruct-v0.3,Analyze,Analyze,1
2623,Mistral-7B-Instruct-v0.3,Apply,Apply,1
2624,Mistral-7B-Instruct-v0.3,Evaluate,Evaluate,1
2625,Mistral-7B-Instruct-v0.3,Apply,Apply,1
2626,Mistral-7B-Instruct-v0.3,Evaluate,Evaluate,1
2627,Mistral-7B-Instruct-v0.3,Understand,Understand,1
2628,Mistral-7B-Instruct-v0.3,Analyze,Analyze,1
2629,Mistral-7B-Instruct-v0.3,Understand,Understand,1
2630,Mistral-7B-Instruct-v0.3,Analyze,Analyze,1
2631,Mistral-7B-Instruct-v0.3,Create,Create,1
2632,Mistral-7B-Instruct-v0.3,Apply,Apply,1
2633,Mistral-7B-Instruct-v0.3,Understand,Understand,1
2634,Mistral-7B-Instruct-v0.3,Create,Create,1
2635,Mistral-7B-Instruct-v0.3,Understand,Understand,1
2636,Mistral-7B-Instruct-v0.3,Understand,Understand,1
2637,Mistral-7B-Instruct-v0.3,Understand,Understand,1
2638,Mistral-7B-Instruct-v0.3,Apply,Apply,1
2639,Mistral-7B-Instruct-v0.3,Understand,Understand,1
2640,Mistral-7B-Instruct-v0.3,Analyze,Analyze,1
2641,Mistral-7B-Instruct-v0.3,Understand,Understand,1
2642,Mistral-7B-Instruct-v0.3,Understand,Understand,1
2643,Mistral-7B-Instruct-v0.3,Understand,Understand,1
2644,Mistral-7B-Instruct-v0.3,Create,Create,1
2645,Mistral-7B-Instruct-v0.3,Create,Create,1
2646,Mistral-7B-Instruct-v0.3,Analyze,Analyze,1
2647,Mistral-7B-Instruct-v0.3,Remember,Remember,1
2648,Mistral-7B-Instruct-v0.3,Evaluate,Evaluate,1
2649,Mistral-7B-Instruct-v0.3,Evaluate,Evaluate,1
2650,Mistral-7B-Instruct-v0.3,Create,Create,1
2651,Mistral-7B-Instruct-v0.3,Analyze,Analyze,1
2652,Mistral-7B-Instruct-v0.3,Understand,Understand,1
2653,Mistral-7B-Instruct-v0.3,Analyze,Analyze,1
2654,Mistral-7B-Instruct-v0.3,Understand,Understand,1
2655,Mistral-7B-Instruct-v0.3,Understand,Understand,1
2656,Mistral-7B-Instruct-v0.3,Evaluate,Evaluate,1
2657,Mistral-7B-Instruct-v0.3,Remember,Remember,1
2658,Mistral-7B-Instruct-v0.3,Understand,Understand,1
2659,Mistral-7B-Instruct-v0.3,Understand,Understand,1
2660,Mistral-7B-Instruct-v0.3,Apply,Apply,1
2661,Mistral-7B-Instruct-v0.3,Understand,Understand,1
2662,Mistral-7B-Instruct-v0.3,Understand,Understand,1
2663,Mistral-7B-Instruct-v0.3,Understand,Understand,1
2664,Mistral-7B-Instruct-v0.3,Create,Create,1
2665,Mistral-7B-Instruct-v0.3,Understand,Understand,1
2666,Mistral-7B-Instruct-v0.3,Understand,Understand,1
2667,Mistral-7B-Instruct-v0.3,Understand,Understand,1
2668,Mistral-7B-Instruct-v0.3,Evaluate,Evaluate,1
2669,Mistral-7B-Instruct-v0.3,Understand,Understand,1
2670,Mistral-7B-Instruct-v0.3,Apply,Apply,1
2671,Mistral-7B-Instruct-v0.3,Evaluate,Evaluate,1
2672,Mistral-7B-Instruct-v0.3,Create,Create,1
2673,Mistral-7B-Instruct-v0.3,Create,Create,1
2674,Mistral-7B-Instruct-v0.3,Understand,Understand,1
2675,Mistral-7B-Instruct-v0.3,Analyze,Analyze,1
2676,Mistral-7B-Instruct-v0.3,Create,Create,1
2677,Mistral-7B-Instruct-v0.3,Apply,Apply,1
2678,Mistral-7B-Instruct-v0.3,Apply,Apply,1
2679,Mistral-7B-Instruct-v0.3,Create,Create,1
2680,Mistral-7B-Instruct-v0.3,Analyze,Analyze,1
2681,Mistral-7B-Instruct-v0.3,Evaluate,Evaluate,1
2682,Mistral-7B-Instruct-v0.3,Apply,Apply,1
2683,Mistral-7B-Instruct-v0.3,Apply,Apply,1
2684,Mistral-7B-Instruct-v0.3,Create,Create,1
2685,Mistral-7B-Instruct-v0.3,Evaluate,Evaluate,1
2686,Mistral-7B-Instruct-v0.3,Understand,Understand,1
2687,Mistral-7B-Instruct-v0.3,Evaluate,Evaluate,1
2688,Mistral-7B-Instruct-v0.3,Apply,Apply,1
2689,Mistral-7B-Instruct-v0.3,Apply,Apply,1
2690,Mistral-7B-Instruct-v0.3,Understand,Understand,1
2691,Mistral-7B-Instruct-v0.3,Analyze,Analyze,1
2692,Mistral-7B-Instruct-v0.3,Understand,Understand,1
2693,Mistral-7B-Instruct-v0.3,Apply,Apply,1
2694,Mistral-7B-Instruct-v0.3,Understand,Understand,1
2695,Mistral-7B-Instruct-v0.3,Understand,Understand,1
2696,Mistral-7B-Instruct-v0.3,Evaluate,Evaluate,1
2697,Mistral-7B-Instruct-v0.3,Understand,Understand,1
2698,Mistral-7B-Instruct-v0.3,Create,Create,1
2699,Mistral-7B-Instruct-v0.3,Analyze,Analyze,1
2700,Mistral-7B-Instruct-v0.3,Understand,Understand,1
2701,Mistral-7B-Instruct-v0.3,Remember,Remember,1
2702,Mistral-7B-Instruct-v0.3,Apply,Apply,1
2703,Mistral-7B-Instruct-v0.3,Evaluate,Evaluate,1
2704,Mistral-7B-Instruct-v0.3,Evaluate,Evaluate,1
2705,Mistral-7B-Instruct-v0.3,Apply,Understand,0
2706,Mistral-7B-Instruct-v0.3,Apply,Apply,1
2707,Mistral-7B-Instruct-v0.3,Understand,Understand,1
2708,Mistral-7B-Instruct-v0.3,Create,Create,1
2709,Mistral-7B-Instruct-v0.3,Analyze,Analyze,1
2710,Mistral-7B-Instruct-v0.3,Apply,Apply,1
2711,Mistral-7B-Instruct-v0.3,Apply,Apply,1
2712,Mistral-7B-Instruct-v0.3,Evaluate,Evaluate,1
2713,Mistral-7B-Instruct-v0.3,Understand,Understand,1
2714,Mistral-7B-Instruct-v0.3,Evaluate,Evaluate,1
2715,Mistral-7B-Instruct-v0.3,Analyze,Analyze,1
2716,Mistral-7B-Instruct-v0.3,Evaluate,Evaluate,1
2717,Mistral-7B-Instruct-v0.3,Create,Create,1
2718,Mistral-7B-Instruct-v0.3,Understand,Understand,1
2719,Mistral-7B-Instruct-v0.3,Analyze,Create,0
2720,Mistral-7B-Instruct-v0.3,Understand,Understand,1
2721,Mistral-7B-Instruct-v0.3,Remember,Understand,0
2722,Mistral-7B-Instruct-v0.3,Evaluate,Evaluate,1
2723,Mistral-7B-Instruct-v0.3,Evaluate,Evaluate,1
2724,Mistral-7B-Instruct-v0.3,Create,Create,1
2725,Mistral-7B-Instruct-v0.3,Apply,Apply,1
2726,Mistral-7B-Instruct-v0.3,Evaluate,Evaluate,1
2727,Mistral-7B-Instruct-v0.3,Understand,Understand,1
2728,Mistral-7B-Instruct-v0.3,Analyze,Analyze,1
2729,Mistral-7B-Instruct-v0.3,Evaluate,Evaluate,1
2730,Mistral-7B-Instruct-v0.3,Understand,Understand,1
2731,Mistral-7B-Instruct-v0.3,Evaluate,Evaluate,1
2732,Mistral-7B-Instruct-v0.3,Evaluate,Evaluate,1
2733,Mistral-7B-Instruct-v0.3,Analyze,Analyze,1
2734,Mistral-7B-Instruct-v0.3,Evaluate,Evaluate,1
2735,Mistral-7B-Instruct-v0.3,Create,Create,1
2736,Mistral-7B-Instruct-v0.3,Analyze,Analyze,1
2737,Mistral-7B-Instruct-v0.3,Create,Create,1
2738,Mistral-7B-Instruct-v0.3,Evaluate,Evaluate,1
2739,Mistral-7B-Instruct-v0.3,Understand,Understand,1
2740,Mistral-7B-Instruct-v0.3,Create,Create,1
2741,Mistral-7B-Instruct-v0.3,Analyze,Analyze,1
2742,Mistral-7B-Instruct-v0.3,Understand,Understand,1
2743,Mistral-7B-Instruct-v0.3,Analyze,Analyze,1
2744,Mistral-7B-Instruct-v0.3,Understand,Understand,1
2745,Mistral-7B-Instruct-v0.3,Understand,Understand,1
2746,Mistral-7B-Instruct-v0.3,Evaluate,Create,0
2747,Mistral-7B-Instruct-v0.3,Analyze,Analyze,1
2748,Mistral-7B-Instruct-v0.3,Analyze,Analyze,1
2749,Mistral-7B-Instruct-v0.3,Evaluate,Apply,0
2750,Mistral-7B-Instruct-v0.3,Understand,Understand,1
2751,Mistral-7B-Instruct-v0.3,Create,Create,1
2752,Mistral-7B-Instruct-v0.3,Evaluate,Evaluate,1
2753,Mistral-7B-Instruct-v0.3,Create,Create,1
2754,Mistral-7B-Instruct-v0.3,Apply,Apply,1
2755,Mistral-7B-Instruct-v0.3,Analyze,Analyze,1
2756,Mistral-7B-Instruct-v0.3,Apply,Apply,1
2757,Mistral-7B-Instruct-v0.3,Understand,Understand,1
2758,Mistral-7B-Instruct-v0.3,Create,Create,1
2759,Mistral-7B-Instruct-v0.3,Evaluate,Evaluate,1
2760,Mistral-7B-Instruct-v0.3,Apply,Apply,1
2761,Mistral-7B-Instruct-v0.3,Create,Create,1
2762,Mistral-7B-Instruct-v0.3,Apply,Apply,1
2763,Mistral-7B-Instruct-v0.3,Evaluate,Evaluate,1
2764,Mistral-7B-Instruct-v0.3,Understand,Understand,1
2765,Mistral-7B-Instruct-v0.3,Create,Create,1
2766,Mistral-7B-Instruct-v0.3,Apply,Apply,1
2767,Mistral-7B-Instruct-v0.3,Apply,Apply,1
2768,Mistral-7B-Instruct-v0.3,Analyze,Analyze,1
2769,Mistral-7B-Instruct-v0.3,Analyze,Analyze,1
2770,Mistral-7B-Instruct-v0.3,Evaluate,Evaluate,1
2771,Mistral-7B-Instruct-v0.3,Apply,Apply,1
2772,Mistral-7B-Instruct-v0.3,Evaluate,Evaluate,1
2773,Mistral-7B-Instruct-v0.3,Create,Create,1
2774,Mistral-7B-Instruct-v0.3,Apply,Analyze,0
2775,Mistral-7B-Instruct-v0.3,Analyze,Analyze,1
2776,Mistral-7B-Instruct-v0.3,Analyze,Analyze,1
2777,Mistral-7B-Instruct-v0.3,Create,Create,1
2778,Mistral-7B-Instruct-v0.3,Understand,Understand,1
2779,Mistral-7B-Instruct-v0.3,Create,Create,1
2780,Mistral-7B-Instruct-v0.3,Understand,Understand,1
2781,Mistral-7B-Instruct-v0.3,Apply,Apply,1
2782,Mistral-7B-Instruct-v0.3,Apply,Apply,1
2783,Mistral-7B-Instruct-v0.3,Create,Create,1
2784,Mistral-7B-Instruct-v0.3,Create,Create,1
2785,Mistral-7B-Instruct-v0.3,Apply,Understand,0
2786,Mistral-7B-Instruct-v0.3,Evaluate,Evaluate,1
2787,Mistral-7B-Instruct-v0.3,Remember,Remember,1
2788,Mistral-7B-Instruct-v0.3,Apply,Apply,1
2789,Mistral-7B-Instruct-v0.3,Remember,Remember,1
2790,Mistral-7B-Instruct-v0.3,Analyze,Analyze,1
2791,Mistral-7B-Instruct-v0.3,Apply,Apply,1
2792,Mistral-7B-Instruct-v0.3,Apply,Apply,1
2793,Mistral-7B-Instruct-v0.3,Understand,Understand,1
2794,Mistral-7B-Instruct-v0.3,Create,Create,1
2795,Mistral-7B-Instruct-v0.3,Create,Create,1
2796,Mistral-7B-Instruct-v0.3,Understand,Understand,1
2797,Mistral-7B-Instruct-v0.3,Create,Create,1
2798,Mistral-7B-Instruct-v0.3,Analyze,Analyze,1
2799,Mistral-7B-Instruct-v0.3,Apply,Apply,1
2800,Mistral-7B-Instruct-v0.3,Understand,Understand,1
2801,Mistral-7B-Instruct-v0.3,Analyze,Analyze,1
2802,Mistral-7B-Instruct-v0.3,Apply,Apply,1
2803,Mistral-7B-Instruct-v0.3,Apply,Apply,1
2804,Mistral-7B-Instruct-v0.3,Evaluate,Evaluate,1
2805,Mistral-7B-Instruct-v0.3,Evaluate,Evaluate,1
2806,Mistral-7B-Instruct-v0.3,Evaluate,Evaluate,1
2807,Mistral-7B-Instruct-v0.3,Understand,Understand,1
2808,Mistral-7B-Instruct-v0.3,Understand,Understand,1
2809,Mistral-7B-Instruct-v0.3,Create,Create,1
2810,Mistral-7B-Instruct-v0.3,Evaluate,Evaluate,1
2811,Mistral-7B-Instruct-v0.3,Apply,Apply,1
2812,Mistral-7B-Instruct-v0.3,Apply,Apply,1
2813,Mistral-7B-Instruct-v0.3,Understand,Understand,1
2814,Mistral-7B-Instruct-v0.3,Apply,Apply,1
2815,Mistral-7B-Instruct-v0.3,Apply,Evaluate,0
0,Qwen2-7B-Instruct,Understand,Understand,1
1,Qwen2-7B-Instruct,Evaluate,Evaluate,1
2,Qwen2-7B-Instruct,Understand,Understand,1
3,Qwen2-7B-Instruct,Understand,Understand,1
4,Qwen2-7B-Instruct,Evaluate,Evaluate,1
5,Qwen2-7B-Instruct,Analyze,Analyze,1
6,Qwen2-7B-Instruct,Evaluate,Evaluate,1
7,Qwen2-7B-Instruct,Understand,Understand,1
8,Qwen2-7B-Instruct,Create,Create,1
9,Qwen2-7B-Instruct,Understand,Understand,1
10,Qwen2-7B-Instruct,Evaluate,Evaluate,1
11,Qwen2-7B-Instruct,Analyze,Analyze,1
12,Qwen2-7B-Instruct,Analyze,Analyze,1
13,Qwen2-7B-Instruct,Apply,Apply,1
14,Qwen2-7B-Instruct,Analyze,Create,0
15,Qwen2-7B-Instruct,Understand,Understand,1
16,Qwen2-7B-Instruct,Create,Create,1
17,Qwen2-7B-Instruct,Evaluate,Evaluate,1
18,Qwen2-7B-Instruct,Analyze,Analyze,1
19,Qwen2-7B-Instruct,Evaluate,Evaluate,1
20,Qwen2-7B-Instruct,Apply,Create,0
21,Qwen2-7B-Instruct,Apply,Apply,1
22,Qwen2-7B-Instruct,Understand,Understand,1
23,Qwen2-7B-Instruct,Evaluate,Evaluate,1
24,Qwen2-7B-Instruct,Analyze,Analyze,1
25,Qwen2-7B-Instruct,Understand,Understand,1
26,Qwen2-7B-Instruct,Apply,Apply,1
27,Qwen2-7B-Instruct,Create,Create,1
28,Qwen2-7B-Instruct,Create,Create,1
29,Qwen2-7B-Instruct,Apply,Apply,1
30,Qwen2-7B-Instruct,Analyze,Analyze,1
31,Qwen2-7B-Instruct,Understand,Understand,1
32,Qwen2-7B-Instruct,Analyze,Analyze,1
33,Qwen2-7B-Instruct,Analyze,Analyze,1
34,Qwen2-7B-Instruct,Evaluate,Understand,0
35,Qwen2-7B-Instruct,Create,Create,1
36,Qwen2-7B-Instruct,Analyze,Analyze,1
37,Qwen2-7B-Instruct,Apply,Apply,1
38,Qwen2-7B-Instruct,Apply,Apply,1
39,Qwen2-7B-Instruct,Understand,Understand,1
40,Qwen2-7B-Instruct,Apply,Apply,1
41,Qwen2-7B-Instruct,Evaluate,Evaluate,1
42,Qwen2-7B-Instruct,Apply,Apply,1
43,Qwen2-7B-Instruct,Create,Create,1
44,Qwen2-7B-Instruct,Apply,Apply,1
45,Qwen2-7B-Instruct,Understand,Apply,0
46,Qwen2-7B-Instruct,Evaluate,Evaluate,1
47,Qwen2-7B-Instruct,Apply,Apply,1
48,Qwen2-7B-Instruct,Understand,Understand,1
49,Qwen2-7B-Instruct,Apply,Apply,1
50,Qwen2-7B-Instruct,Create,Create,1
51,Qwen2-7B-Instruct,Understand,Understand,1
52,Qwen2-7B-Instruct,Apply,Apply,1
53,Qwen2-7B-Instruct,Create,Create,1
54,Qwen2-7B-Instruct,Analyze,Analyze,1
55,Qwen2-7B-Instruct,Analyze,Analyze,1
56,Qwen2-7B-Instruct,Create,Create,1
57,Qwen2-7B-Instruct,Apply,Apply,1
58,Qwen2-7B-Instruct,Evaluate,Evaluate,1
59,Qwen2-7B-Instruct,Apply,Apply,1
60,Qwen2-7B-Instruct,Apply,Apply,1
61,Qwen2-7B-Instruct,Analyze,Analyze,1
62,Qwen2-7B-Instruct,Analyze,Analyze,1
63,Qwen2-7B-Instruct,Apply,Apply,1
64,Qwen2-7B-Instruct,Analyze,Analyze,1
65,Qwen2-7B-Instruct,Apply,Apply,1
66,Qwen2-7B-Instruct,Understand,Understand,1
67,Qwen2-7B-Instruct,Understand,Understand,1
68,Qwen2-7B-Instruct,Remember,Understand,0
69,Qwen2-7B-Instruct,Apply,Apply,1
70,Qwen2-7B-Instruct,Understand,Understand,1
71,Qwen2-7B-Instruct,Evaluate,Evaluate,1
72,Qwen2-7B-Instruct,Understand,Understand,1
73,Qwen2-7B-Instruct,Apply,Apply,1
74,Qwen2-7B-Instruct,Understand,Understand,1
75,Qwen2-7B-Instruct,Evaluate,Evaluate,1
76,Qwen2-7B-Instruct,Understand,Understand,1
77,Qwen2-7B-Instruct,Remember,Remember,1
78,Qwen2-7B-Instruct,Understand,Understand,1
79,Qwen2-7B-Instruct,Understand,Apply,0
80,Qwen2-7B-Instruct,Apply,Apply,1
81,Qwen2-7B-Instruct,Understand,Understand,1
82,Qwen2-7B-Instruct,Analyze,Analyze,1
83,Qwen2-7B-Instruct,Apply,Apply,1
84,Qwen2-7B-Instruct,Apply,Apply,1
85,Qwen2-7B-Instruct,Analyze,Analyze,1
86,Qwen2-7B-Instruct,Understand,Understand,1
87,Qwen2-7B-Instruct,Apply,Apply,1
88,Qwen2-7B-Instruct,Apply,Apply,1
89,Qwen2-7B-Instruct,Understand,Understand,1
90,Qwen2-7B-Instruct,Apply,Apply,1
91,Qwen2-7B-Instruct,Apply,Apply,1
92,Qwen2-7B-Instruct,Apply,Apply,1
93,Qwen2-7B-Instruct,Understand,Understand,1
94,Qwen2-7B-Instruct,Analyze,Analyze,1
95,Qwen2-7B-Instruct,Create,Create,1
96,Qwen2-7B-Instruct,Evaluate,Evaluate,1
97,Qwen2-7B-Instruct,Remember,Remember,1
98,Qwen2-7B-Instruct,Apply,Apply,1
99,Qwen2-7B-Instruct,Understand,Understand,1
100,Qwen2-7B-Instruct,Create,Create,1
101,Qwen2-7B-Instruct,Create,Create,1
102,Qwen2-7B-Instruct,Remember,Remember,1
103,Qwen2-7B-Instruct,Evaluate,Evaluate,1
104,Qwen2-7B-Instruct,Create,Create,1
105,Qwen2-7B-Instruct,Analyze,Apply,0
106,Qwen2-7B-Instruct,Understand,Understand,1
107,Qwen2-7B-Instruct,Analyze,Analyze,1
108,Qwen2-7B-Instruct,Understand,Understand,1
109,Qwen2-7B-Instruct,Create,Create,1
110,Qwen2-7B-Instruct,Analyze,Analyze,1
111,Qwen2-7B-Instruct,Apply,Apply,1
112,Qwen2-7B-Instruct,Understand,Understand,1
113,Qwen2-7B-Instruct,Apply,Apply,1
114,Qwen2-7B-Instruct,Understand,Understand,1
115,Qwen2-7B-Instruct,Understand,Understand,1
116,Qwen2-7B-Instruct,Create,Create,1
117,Qwen2-7B-Instruct,Apply,Apply,1
118,Qwen2-7B-Instruct,Remember,Remember,1
119,Qwen2-7B-Instruct,Create,Create,1
120,Qwen2-7B-Instruct,Apply,Apply,1
121,Qwen2-7B-Instruct,Evaluate,Evaluate,1
122,Qwen2-7B-Instruct,Evaluate,Evaluate,1
123,Qwen2-7B-Instruct,Understand,Understand,1
124,Qwen2-7B-Instruct,Analyze,Analyze,1
125,Qwen2-7B-Instruct,Understand,Understand,1
126,Qwen2-7B-Instruct,Understand,Understand,1
127,Qwen2-7B-Instruct,Understand,Understand,1
128,Qwen2-7B-Instruct,Analyze,Analyze,1
129,Qwen2-7B-Instruct,Evaluate,Evaluate,1
130,Qwen2-7B-Instruct,Evaluate,Evaluate,1
131,Qwen2-7B-Instruct,Evaluate,Analyze,0
132,Qwen2-7B-Instruct,Apply,Apply,1
133,Qwen2-7B-Instruct,Create,Create,1
134,Qwen2-7B-Instruct,Analyze,Analyze,1
135,Qwen2-7B-Instruct,Remember,Remember,1
136,Qwen2-7B-Instruct,Create,Create,1
137,Qwen2-7B-Instruct,Analyze,Analyze,1
138,Qwen2-7B-Instruct,Apply,Apply,1
139,Qwen2-7B-Instruct,Understand,Understand,1
140,Qwen2-7B-Instruct,Create,Create,1
141,Qwen2-7B-Instruct,Understand,Understand,1
142,Qwen2-7B-Instruct,Apply,Apply,1
143,Qwen2-7B-Instruct,Apply,Apply,1
144,Qwen2-7B-Instruct,Understand,Understand,1
145,Qwen2-7B-Instruct,Apply,Apply,1
146,Qwen2-7B-Instruct,Analyze,Analyze,1
147,Qwen2-7B-Instruct,Analyze,Analyze,1
148,Qwen2-7B-Instruct,Apply,Create,0
149,Qwen2-7B-Instruct,Understand,Understand,1
150,Qwen2-7B-Instruct,Evaluate,Evaluate,1
151,Qwen2-7B-Instruct,Understand,Apply,0
152,Qwen2-7B-Instruct,Apply,Apply,1
153,Qwen2-7B-Instruct,Understand,Understand,1
154,Qwen2-7B-Instruct,Create,Create,1
155,Qwen2-7B-Instruct,Understand,Understand,1
156,Qwen2-7B-Instruct,Apply,Apply,1
157,Qwen2-7B-Instruct,Create,Create,1
158,Qwen2-7B-Instruct,Evaluate,Evaluate,1
159,Qwen2-7B-Instruct,Apply,Apply,1
160,Qwen2-7B-Instruct,Create,Create,1
161,Qwen2-7B-Instruct,Analyze,Analyze,1
162,Qwen2-7B-Instruct,Apply,Apply,1
163,Qwen2-7B-Instruct,Understand,Understand,1
164,Qwen2-7B-Instruct,Evaluate,Evaluate,1
165,Qwen2-7B-Instruct,Create,Create,1
166,Qwen2-7B-Instruct,Apply,Apply,1
167,Qwen2-7B-Instruct,Apply,Apply,1
168,Qwen2-7B-Instruct,Apply,Apply,1
169,Qwen2-7B-Instruct,Understand,Understand,1
170,Qwen2-7B-Instruct,Evaluate,Evaluate,1
171,Qwen2-7B-Instruct,Apply,Apply,1
172,Qwen2-7B-Instruct,Evaluate,Create,0
173,Qwen2-7B-Instruct,Apply,Create,0
174,Qwen2-7B-Instruct,Apply,Apply,1
175,Qwen2-7B-Instruct,Apply,Apply,1
176,Qwen2-7B-Instruct,Evaluate,Evaluate,1
177,Qwen2-7B-Instruct,Apply,Apply,1
178,Qwen2-7B-Instruct,Apply,Apply,1
179,Qwen2-7B-Instruct,Understand,Understand,1
180,Qwen2-7B-Instruct,Evaluate,Apply,0
181,Qwen2-7B-Instruct,Evaluate,Evaluate,1
182,Qwen2-7B-Instruct,Understand,Understand,1
183,Qwen2-7B-Instruct,Understand,Understand,1
184,Qwen2-7B-Instruct,Evaluate,Evaluate,1
185,Qwen2-7B-Instruct,Create,Create,1
186,Qwen2-7B-Instruct,Understand,Understand,1
187,Qwen2-7B-Instruct,Understand,Understand,1
188,Qwen2-7B-Instruct,Create,Create,1
189,Qwen2-7B-Instruct,Create,Create,1
190,Qwen2-7B-Instruct,Understand,Remember,0
191,Qwen2-7B-Instruct,Understand,Apply,0
192,Qwen2-7B-Instruct,Understand,Understand,1
193,Qwen2-7B-Instruct,Create,Create,1
194,Qwen2-7B-Instruct,Create,Remember,0
195,Qwen2-7B-Instruct,Understand,Understand,1
196,Qwen2-7B-Instruct,Apply,Apply,1
197,Qwen2-7B-Instruct,Understand,Understand,1
198,Qwen2-7B-Instruct,Evaluate,Evaluate,1
199,Qwen2-7B-Instruct,Understand,Understand,1
200,Qwen2-7B-Instruct,Remember,Remember,1
201,Qwen2-7B-Instruct,Apply,Apply,1
202,Qwen2-7B-Instruct,Apply,Apply,1
203,Qwen2-7B-Instruct,Understand,Understand,1
204,Qwen2-7B-Instruct,Apply,Apply,1
205,Qwen2-7B-Instruct,Remember,Remember,1
206,Qwen2-7B-Instruct,Apply,Apply,1
207,Qwen2-7B-Instruct,Evaluate,Evaluate,1
208,Qwen2-7B-Instruct,Analyze,Analyze,1
209,Qwen2-7B-Instruct,Evaluate,Evaluate,1
210,Qwen2-7B-Instruct,Understand,Understand,1
211,Qwen2-7B-Instruct,Evaluate,Evaluate,1
212,Qwen2-7B-Instruct,Evaluate,Evaluate,1
213,Qwen2-7B-Instruct,Analyze,Evaluate,0
214,Qwen2-7B-Instruct,Evaluate,Evaluate,1
215,Qwen2-7B-Instruct,Understand,Understand,1
216,Qwen2-7B-Instruct,Apply,Apply,1
217,Qwen2-7B-Instruct,Create,Create,1
218,Qwen2-7B-Instruct,Apply,Apply,1
219,Qwen2-7B-Instruct,Apply,Apply,1
220,Qwen2-7B-Instruct,Understand,Understand,1
221,Qwen2-7B-Instruct,Analyze,Analyze,1
222,Qwen2-7B-Instruct,Evaluate,Evaluate,1
223,Qwen2-7B-Instruct,Create,Evaluate,0
224,Qwen2-7B-Instruct,Apply,Apply,1
225,Qwen2-7B-Instruct,Understand,Understand,1
226,Qwen2-7B-Instruct,Apply,Apply,1
227,Qwen2-7B-Instruct,Understand,Understand,1
228,Qwen2-7B-Instruct,Understand,Understand,1
229,Qwen2-7B-Instruct,Remember,Remember,1
230,Qwen2-7B-Instruct,Create,Create,1
231,Qwen2-7B-Instruct,Apply,Understand,0
232,Qwen2-7B-Instruct,Evaluate,Evaluate,1
233,Qwen2-7B-Instruct,Evaluate,Evaluate,1
234,Qwen2-7B-Instruct,Understand,Understand,1
235,Qwen2-7B-Instruct,Understand,Understand,1
236,Qwen2-7B-Instruct,Evaluate,Evaluate,1
237,Qwen2-7B-Instruct,Understand,Understand,1
238,Qwen2-7B-Instruct,Remember,Remember,1
239,Qwen2-7B-Instruct,Analyze,Analyze,1
240,Qwen2-7B-Instruct,Remember,Remember,1
241,Qwen2-7B-Instruct,Understand,Apply,0
242,Qwen2-7B-Instruct,Create,Create,1
243,Qwen2-7B-Instruct,Understand,Understand,1
244,Qwen2-7B-Instruct,Understand,Understand,1
245,Qwen2-7B-Instruct,Remember,Remember,1
246,Qwen2-7B-Instruct,Apply,Apply,1
247,Qwen2-7B-Instruct,Understand,Understand,1
248,Qwen2-7B-Instruct,Apply,Apply,1
249,Qwen2-7B-Instruct,Create,Create,1
250,Qwen2-7B-Instruct,Create,Create,1
251,Qwen2-7B-Instruct,Apply,Apply,1
252,Qwen2-7B-Instruct,Analyze,Analyze,1
253,Qwen2-7B-Instruct,Analyze,Remember,0
254,Qwen2-7B-Instruct,Understand,Understand,1
255,Qwen2-7B-Instruct,Analyze,Analyze,1
256,Qwen2-7B-Instruct,Remember,Understand,0
257,Qwen2-7B-Instruct,Evaluate,Apply,0
258,Qwen2-7B-Instruct,Understand,Understand,1
259,Qwen2-7B-Instruct,Understand,Understand,1
260,Qwen2-7B-Instruct,Understand,Understand,1
261,Qwen2-7B-Instruct,Evaluate,Evaluate,1
262,Qwen2-7B-Instruct,Understand,Understand,1
263,Qwen2-7B-Instruct,Evaluate,Apply,0
264,Qwen2-7B-Instruct,Understand,Understand,1
265,Qwen2-7B-Instruct,Evaluate,Evaluate,1
266,Qwen2-7B-Instruct,Create,Create,1
267,Qwen2-7B-Instruct,Remember,Remember,1
268,Qwen2-7B-Instruct,Analyze,Analyze,1
269,Qwen2-7B-Instruct,Understand,Understand,1
270,Qwen2-7B-Instruct,Analyze,Analyze,1
271,Qwen2-7B-Instruct,Create,Create,1
272,Qwen2-7B-Instruct,Apply,Apply,1
273,Qwen2-7B-Instruct,Understand,Understand,1
274,Qwen2-7B-Instruct,Create,Create,1
275,Qwen2-7B-Instruct,Apply,Apply,1
276,Qwen2-7B-Instruct,Create,Create,1
277,Qwen2-7B-Instruct,Understand,Understand,1
278,Qwen2-7B-Instruct,Apply,Apply,1
279,Qwen2-7B-Instruct,Analyze,Analyze,1
280,Qwen2-7B-Instruct,Understand,Understand,1
281,Qwen2-7B-Instruct,Understand,Understand,1
282,Qwen2-7B-Instruct,Apply,Apply,1
283,Qwen2-7B-Instruct,Create,Create,1
284,Qwen2-7B-Instruct,Apply,Apply,1
285,Qwen2-7B-Instruct,Analyze,Remember,0
286,Qwen2-7B-Instruct,Analyze,Analyze,1
287,Qwen2-7B-Instruct,Create,Create,1
288,Qwen2-7B-Instruct,Analyze,Analyze,1
289,Qwen2-7B-Instruct,Analyze,Analyze,1
290,Qwen2-7B-Instruct,Analyze,Analyze,1
291,Qwen2-7B-Instruct,Evaluate,Evaluate,1
292,Qwen2-7B-Instruct,Apply,Apply,1
293,Qwen2-7B-Instruct,Evaluate,Evaluate,1
294,Qwen2-7B-Instruct,Understand,Understand,1
295,Qwen2-7B-Instruct,Analyze,Analyze,1
296,Qwen2-7B-Instruct,Apply,Apply,1
297,Qwen2-7B-Instruct,Understand,Understand,1
298,Qwen2-7B-Instruct,Understand,Understand,1
299,Qwen2-7B-Instruct,Apply,Apply,1
300,Qwen2-7B-Instruct,Apply,Apply,1
301,Qwen2-7B-Instruct,Evaluate,Evaluate,1
302,Qwen2-7B-Instruct,Apply,Apply,1
303,Qwen2-7B-Instruct,Analyze,Analyze,1
304,Qwen2-7B-Instruct,Understand,Understand,1
305,Qwen2-7B-Instruct,Understand,Understand,1
306,Qwen2-7B-Instruct,Apply,Apply,1
307,Qwen2-7B-Instruct,Create,Create,1
308,Qwen2-7B-Instruct,Understand,Create,0
309,Qwen2-7B-Instruct,Apply,Apply,1
310,Qwen2-7B-Instruct,Remember,Remember,1
311,Qwen2-7B-Instruct,Apply,Apply,1
312,Qwen2-7B-Instruct,Analyze,Analyze,1
313,Qwen2-7B-Instruct,Apply,Create,0
314,Qwen2-7B-Instruct,Apply,Apply,1
315,Qwen2-7B-Instruct,Analyze,Analyze,1
316,Qwen2-7B-Instruct,Understand,Understand,1
317,Qwen2-7B-Instruct,Evaluate,Evaluate,1
318,Qwen2-7B-Instruct,Analyze,Analyze,1
319,Qwen2-7B-Instruct,Understand,Understand,1
320,Qwen2-7B-Instruct,Create,Create,1
321,Qwen2-7B-Instruct,Evaluate,Evaluate,1
322,Qwen2-7B-Instruct,Apply,Apply,1
323,Qwen2-7B-Instruct,Remember,Remember,1
324,Qwen2-7B-Instruct,Create,Create,1
325,Qwen2-7B-Instruct,Apply,Apply,1
326,Qwen2-7B-Instruct,Apply,Apply,1
327,Qwen2-7B-Instruct,Remember,Remember,1
328,Qwen2-7B-Instruct,Analyze,Analyze,1
329,Qwen2-7B-Instruct,Understand,Understand,1
330,Qwen2-7B-Instruct,Apply,Apply,1
331,Qwen2-7B-Instruct,Apply,Apply,1
332,Qwen2-7B-Instruct,Understand,Understand,1
333,Qwen2-7B-Instruct,Evaluate,Evaluate,1
334,Qwen2-7B-Instruct,Create,Create,1
335,Qwen2-7B-Instruct,Understand,Understand,1
336,Qwen2-7B-Instruct,Apply,Understand,0
337,Qwen2-7B-Instruct,Create,Create,1
338,Qwen2-7B-Instruct,Apply,Apply,1
339,Qwen2-7B-Instruct,Apply,Apply,1
340,Qwen2-7B-Instruct,Remember,Remember,1
341,Qwen2-7B-Instruct,Understand,Understand,1
342,Qwen2-7B-Instruct,Apply,Apply,1
343,Qwen2-7B-Instruct,Remember,Remember,1
344,Qwen2-7B-Instruct,Create,Create,1
345,Qwen2-7B-Instruct,Remember,Remember,1
346,Qwen2-7B-Instruct,Analyze,Analyze,1
347,Qwen2-7B-Instruct,Evaluate,Evaluate,1
348,Qwen2-7B-Instruct,Understand,Understand,1
349,Qwen2-7B-Instruct,Create,Create,1
350,Qwen2-7B-Instruct,Evaluate,Evaluate,1
351,Qwen2-7B-Instruct,Analyze,Analyze,1
352,Qwen2-7B-Instruct,Analyze,Analyze,1
353,Qwen2-7B-Instruct,Create,Create,1
354,Qwen2-7B-Instruct,Create,Create,1
355,Qwen2-7B-Instruct,Apply,Apply,1
356,Qwen2-7B-Instruct,Create,Create,1
357,Qwen2-7B-Instruct,Apply,Apply,1
358,Qwen2-7B-Instruct,Evaluate,Evaluate,1
359,Qwen2-7B-Instruct,Apply,Apply,1
360,Qwen2-7B-Instruct,Understand,Understand,1
361,Qwen2-7B-Instruct,Apply,Apply,1
362,Qwen2-7B-Instruct,Understand,Understand,1
363,Qwen2-7B-Instruct,Create,Create,1
364,Qwen2-7B-Instruct,Create,Create,1
365,Qwen2-7B-Instruct,Apply,Apply,1
366,Qwen2-7B-Instruct,Understand,Understand,1
367,Qwen2-7B-Instruct,Analyze,Analyze,1
368,Qwen2-7B-Instruct,Analyze,Analyze,1
369,Qwen2-7B-Instruct,Remember,Remember,1
370,Qwen2-7B-Instruct,Understand,Understand,1
371,Qwen2-7B-Instruct,Evaluate,Evaluate,1
372,Qwen2-7B-Instruct,Apply,Apply,1
373,Qwen2-7B-Instruct,Apply,Apply,1
374,Qwen2-7B-Instruct,Understand,Understand,1
375,Qwen2-7B-Instruct,Understand,Understand,1
376,Qwen2-7B-Instruct,Understand,Apply,0
377,Qwen2-7B-Instruct,Apply,Apply,1
378,Qwen2-7B-Instruct,Analyze,Analyze,1
379,Qwen2-7B-Instruct,Create,Create,1
380,Qwen2-7B-Instruct,Apply,Apply,1
381,Qwen2-7B-Instruct,Understand,Understand,1
382,Qwen2-7B-Instruct,Understand,Understand,1
383,Qwen2-7B-Instruct,Understand,Understand,1
384,Qwen2-7B-Instruct,Analyze,Analyze,1
385,Qwen2-7B-Instruct,Analyze,Analyze,1
386,Qwen2-7B-Instruct,Understand,Understand,1
387,Qwen2-7B-Instruct,Analyze,Analyze,1
388,Qwen2-7B-Instruct,Create,Create,1
389,Qwen2-7B-Instruct,Create,Create,1
390,Qwen2-7B-Instruct,Evaluate,Evaluate,1
391,Qwen2-7B-Instruct,Apply,Apply,1
392,Qwen2-7B-Instruct,Apply,Analyze,0
393,Qwen2-7B-Instruct,Analyze,Analyze,1
394,Qwen2-7B-Instruct,Apply,Apply,1
395,Qwen2-7B-Instruct,Understand,Understand,1
396,Qwen2-7B-Instruct,Evaluate,Evaluate,1
397,Qwen2-7B-Instruct,Understand,Understand,1
398,Qwen2-7B-Instruct,Evaluate,Evaluate,1
399,Qwen2-7B-Instruct,Create,Create,1
400,Qwen2-7B-Instruct,Apply,Apply,1
401,Qwen2-7B-Instruct,Understand,Understand,1
402,Qwen2-7B-Instruct,Create,Create,1
403,Qwen2-7B-Instruct,Evaluate,Evaluate,1
404,Qwen2-7B-Instruct,Create,Analyze,0
405,Qwen2-7B-Instruct,Apply,Apply,1
406,Qwen2-7B-Instruct,Understand,Understand,1
407,Qwen2-7B-Instruct,Analyze,Analyze,1
408,Qwen2-7B-Instruct,Understand,Understand,1
409,Qwen2-7B-Instruct,Create,Create,1
410,Qwen2-7B-Instruct,Apply,Analyze,0
411,Qwen2-7B-Instruct,Apply,Apply,1
412,Qwen2-7B-Instruct,Apply,Apply,1
413,Qwen2-7B-Instruct,Analyze,Analyze,1
414,Qwen2-7B-Instruct,Create,Create,1
415,Qwen2-7B-Instruct,Apply,Apply,1
416,Qwen2-7B-Instruct,Apply,Apply,1
417,Qwen2-7B-Instruct,Understand,Understand,1
418,Qwen2-7B-Instruct,Evaluate,Evaluate,1
419,Qwen2-7B-Instruct,Analyze,Evaluate,0
420,Qwen2-7B-Instruct,Analyze,Analyze,1
421,Qwen2-7B-Instruct,Apply,Apply,1
422,Qwen2-7B-Instruct,Apply,Apply,1
423,Qwen2-7B-Instruct,Analyze,Analyze,1
424,Qwen2-7B-Instruct,Create,Create,1
425,Qwen2-7B-Instruct,Create,Create,1
426,Qwen2-7B-Instruct,Apply,Apply,1
427,Qwen2-7B-Instruct,Understand,Understand,1
428,Qwen2-7B-Instruct,Create,Create,1
429,Qwen2-7B-Instruct,Create,Create,1
430,Qwen2-7B-Instruct,Understand,Understand,1
431,Qwen2-7B-Instruct,Apply,Apply,1
432,Qwen2-7B-Instruct,Create,Create,1
433,Qwen2-7B-Instruct,Create,Create,1
434,Qwen2-7B-Instruct,Understand,Understand,1
435,Qwen2-7B-Instruct,Create,Create,1
436,Qwen2-7B-Instruct,Create,Create,1
437,Qwen2-7B-Instruct,Create,Create,1
438,Qwen2-7B-Instruct,Analyze,Analyze,1
439,Qwen2-7B-Instruct,Understand,Create,0
440,Qwen2-7B-Instruct,Understand,Understand,1
441,Qwen2-7B-Instruct,Understand,Understand,1
442,Qwen2-7B-Instruct,Evaluate,Evaluate,1
443,Qwen2-7B-Instruct,Analyze,Analyze,1
444,Qwen2-7B-Instruct,Evaluate,Evaluate,1
445,Qwen2-7B-Instruct,Understand,Understand,1
446,Qwen2-7B-Instruct,Analyze,Analyze,1
447,Qwen2-7B-Instruct,Apply,Apply,1
448,Qwen2-7B-Instruct,Understand,Understand,1
449,Qwen2-7B-Instruct,Understand,Understand,1
450,Qwen2-7B-Instruct,Apply,Evaluate,0
451,Qwen2-7B-Instruct,Analyze,Analyze,1
452,Qwen2-7B-Instruct,Understand,Understand,1
453,Qwen2-7B-Instruct,Apply,Apply,1
454,Qwen2-7B-Instruct,Analyze,Analyze,1
455,Qwen2-7B-Instruct,Analyze,Analyze,1
456,Qwen2-7B-Instruct,Analyze,Analyze,1
457,Qwen2-7B-Instruct,Apply,Create,0
458,Qwen2-7B-Instruct,Understand,Understand,1
459,Qwen2-7B-Instruct,Understand,Understand,1
460,Qwen2-7B-Instruct,Create,Create,1
461,Qwen2-7B-Instruct,Understand,Understand,1
462,Qwen2-7B-Instruct,Apply,Apply,1
463,Qwen2-7B-Instruct,Create,Create,1
464,Qwen2-7B-Instruct,Analyze,Analyze,1
465,Qwen2-7B-Instruct,Create,Create,1
466,Qwen2-7B-Instruct,Apply,Apply,1
467,Qwen2-7B-Instruct,Apply,Apply,1
468,Qwen2-7B-Instruct,Create,Create,1
469,Qwen2-7B-Instruct,Apply,Apply,1
470,Qwen2-7B-Instruct,Apply,Apply,1
471,Qwen2-7B-Instruct,Understand,Understand,1
472,Qwen2-7B-Instruct,Understand,Understand,1
473,Qwen2-7B-Instruct,Evaluate,Evaluate,1
474,Qwen2-7B-Instruct,Create,Apply,0
475,Qwen2-7B-Instruct,Remember,Remember,1
476,Qwen2-7B-Instruct,Create,Create,1
477,Qwen2-7B-Instruct,Apply,Apply,1
478,Qwen2-7B-Instruct,Apply,Apply,1
479,Qwen2-7B-Instruct,Understand,Understand,1
480,Qwen2-7B-Instruct,Create,Create,1
481,Qwen2-7B-Instruct,Create,Remember,0
482,Qwen2-7B-Instruct,Apply,Apply,1
483,Qwen2-7B-Instruct,Understand,Understand,1
484,Qwen2-7B-Instruct,Apply,Apply,1
485,Qwen2-7B-Instruct,Create,Apply,0
486,Qwen2-7B-Instruct,Apply,Apply,1
487,Qwen2-7B-Instruct,Create,Create,1
488,Qwen2-7B-Instruct,Create,Create,1
489,Qwen2-7B-Instruct,Analyze,Understand,0
490,Qwen2-7B-Instruct,Apply,Apply,1
491,Qwen2-7B-Instruct,Analyze,Analyze,1
492,Qwen2-7B-Instruct,Understand,Apply,0
493,Qwen2-7B-Instruct,Understand,Understand,1
494,Qwen2-7B-Instruct,Create,Create,1
495,Qwen2-7B-Instruct,Understand,Understand,1
496,Qwen2-7B-Instruct,Apply,Apply,1
497,Qwen2-7B-Instruct,Understand,Understand,1
498,Qwen2-7B-Instruct,Understand,Evaluate,0
499,Qwen2-7B-Instruct,Analyze,Analyze,1
500,Qwen2-7B-Instruct,Understand,Understand,1
501,Qwen2-7B-Instruct,Apply,Apply,1
502,Qwen2-7B-Instruct,Create,Create,1
503,Qwen2-7B-Instruct,Understand,Understand,1
504,Qwen2-7B-Instruct,Apply,Apply,1
505,Qwen2-7B-Instruct,Evaluate,Evaluate,1
506,Qwen2-7B-Instruct,Apply,Apply,1
507,Qwen2-7B-Instruct,Create,Create,1
508,Qwen2-7B-Instruct,Create,Create,1
509,Qwen2-7B-Instruct,Analyze,Create,0
510,Qwen2-7B-Instruct,Analyze,Analyze,1
511,Qwen2-7B-Instruct,Apply,Apply,1
512,Qwen2-7B-Instruct,Understand,Understand,1
513,Qwen2-7B-Instruct,Apply,Apply,1
514,Qwen2-7B-Instruct,Create,Create,1
515,Qwen2-7B-Instruct,Remember,Create,0
516,Qwen2-7B-Instruct,Understand,Understand,1
517,Qwen2-7B-Instruct,Understand,Understand,1
518,Qwen2-7B-Instruct,Apply,Analyze,0
519,Qwen2-7B-Instruct,Create,Create,1
520,Qwen2-7B-Instruct,Apply,Apply,1
521,Qwen2-7B-Instruct,Create,Create,1
522,Qwen2-7B-Instruct,Understand,Understand,1
523,Qwen2-7B-Instruct,Create,Create,1
524,Qwen2-7B-Instruct,Apply,Apply,1
525,Qwen2-7B-Instruct,Apply,Apply,1
526,Qwen2-7B-Instruct,Apply,Apply,1
527,Qwen2-7B-Instruct,Apply,Apply,1
528,Qwen2-7B-Instruct,Understand,Understand,1
529,Qwen2-7B-Instruct,Create,Create,1
530,Qwen2-7B-Instruct,Apply,Apply,1
531,Qwen2-7B-Instruct,Remember,Remember,1
532,Qwen2-7B-Instruct,Create,Create,1
533,Qwen2-7B-Instruct,Understand,Understand,1
534,Qwen2-7B-Instruct,Understand,Understand,1
535,Qwen2-7B-Instruct,Evaluate,Evaluate,1
536,Qwen2-7B-Instruct,Evaluate,Evaluate,1
537,Qwen2-7B-Instruct,Understand,Understand,1
538,Qwen2-7B-Instruct,Evaluate,Evaluate,1
539,Qwen2-7B-Instruct,Apply,Apply,1
540,Qwen2-7B-Instruct,Create,Create,1
541,Qwen2-7B-Instruct,Understand,Create,0
542,Qwen2-7B-Instruct,Apply,Apply,1
543,Qwen2-7B-Instruct,Understand,Understand,1
544,Qwen2-7B-Instruct,Analyze,Analyze,1
545,Qwen2-7B-Instruct,Apply,Apply,1
546,Qwen2-7B-Instruct,Apply,Apply,1
547,Qwen2-7B-Instruct,Understand,Apply,0
548,Qwen2-7B-Instruct,Evaluate,Evaluate,1
549,Qwen2-7B-Instruct,Understand,Understand,1
550,Qwen2-7B-Instruct,Apply,Apply,1
551,Qwen2-7B-Instruct,Create,Create,1
552,Qwen2-7B-Instruct,Evaluate,Evaluate,1
553,Qwen2-7B-Instruct,Create,Create,1
554,Qwen2-7B-Instruct,Remember,Remember,1
555,Qwen2-7B-Instruct,Create,Create,1
556,Qwen2-7B-Instruct,Create,Apply,0
557,Qwen2-7B-Instruct,Analyze,Analyze,1
558,Qwen2-7B-Instruct,Understand,Understand,1
559,Qwen2-7B-Instruct,Remember,Remember,1
560,Qwen2-7B-Instruct,Analyze,Analyze,1
561,Qwen2-7B-Instruct,Evaluate,Evaluate,1
562,Qwen2-7B-Instruct,Understand,Understand,1
563,Qwen2-7B-Instruct,Understand,Understand,1
564,Qwen2-7B-Instruct,Analyze,Analyze,1
565,Qwen2-7B-Instruct,Create,Create,1
566,Qwen2-7B-Instruct,Evaluate,Evaluate,1
567,Qwen2-7B-Instruct,Understand,Remember,0
568,Qwen2-7B-Instruct,Analyze,Analyze,1
569,Qwen2-7B-Instruct,Analyze,Analyze,1
570,Qwen2-7B-Instruct,Create,Analyze,0
571,Qwen2-7B-Instruct,Evaluate,Evaluate,1
572,Qwen2-7B-Instruct,Remember,Remember,1
573,Qwen2-7B-Instruct,Understand,Understand,1
574,Qwen2-7B-Instruct,Understand,Understand,1
575,Qwen2-7B-Instruct,Understand,Understand,1
576,Qwen2-7B-Instruct,Understand,Understand,1
577,Qwen2-7B-Instruct,Analyze,Analyze,1
578,Qwen2-7B-Instruct,Create,Create,1
579,Qwen2-7B-Instruct,Apply,Apply,1
580,Qwen2-7B-Instruct,Evaluate,Evaluate,1
581,Qwen2-7B-Instruct,Understand,Understand,1
582,Qwen2-7B-Instruct,Remember,Remember,1
583,Qwen2-7B-Instruct,Analyze,Analyze,1
584,Qwen2-7B-Instruct,Evaluate,Evaluate,1
585,Qwen2-7B-Instruct,Apply,Apply,1
586,Qwen2-7B-Instruct,Understand,Evaluate,0
587,Qwen2-7B-Instruct,Understand,Understand,1
588,Qwen2-7B-Instruct,Evaluate,Apply,0
589,Qwen2-7B-Instruct,Apply,Apply,1
590,Qwen2-7B-Instruct,Apply,Apply,1
591,Qwen2-7B-Instruct,Create,Create,1
592,Qwen2-7B-Instruct,Remember,Remember,1
593,Qwen2-7B-Instruct,Create,Create,1
594,Qwen2-7B-Instruct,Apply,Apply,1
595,Qwen2-7B-Instruct,Understand,Understand,1
596,Qwen2-7B-Instruct,Understand,Understand,1
597,Qwen2-7B-Instruct,Remember,Analyze,0
598,Qwen2-7B-Instruct,Create,Create,1
599,Qwen2-7B-Instruct,Apply,Apply,1
600,Qwen2-7B-Instruct,Understand,Understand,1
601,Qwen2-7B-Instruct,Apply,Apply,1
602,Qwen2-7B-Instruct,Apply,Apply,1
603,Qwen2-7B-Instruct,Understand,Understand,1
604,Qwen2-7B-Instruct,Understand,Understand,1
605,Qwen2-7B-Instruct,Apply,Apply,1
606,Qwen2-7B-Instruct,Apply,Apply,1
607,Qwen2-7B-Instruct,Analyze,Create,0
608,Qwen2-7B-Instruct,Understand,Understand,1
609,Qwen2-7B-Instruct,Apply,Apply,1
610,Qwen2-7B-Instruct,Apply,Apply,1
611,Qwen2-7B-Instruct,Apply,Apply,1
612,Qwen2-7B-Instruct,Understand,Understand,1
613,Qwen2-7B-Instruct,Understand,Understand,1
614,Qwen2-7B-Instruct,Create,Create,1
615,Qwen2-7B-Instruct,Evaluate,Evaluate,1
616,Qwen2-7B-Instruct,Apply,Create,0
617,Qwen2-7B-Instruct,Create,Create,1
618,Qwen2-7B-Instruct,Remember,Remember,1
619,Qwen2-7B-Instruct,Understand,Understand,1
620,Qwen2-7B-Instruct,Apply,Apply,1
621,Qwen2-7B-Instruct,Understand,Understand,1
622,Qwen2-7B-Instruct,Apply,Apply,1
623,Qwen2-7B-Instruct,Apply,Apply,1
624,Qwen2-7B-Instruct,Analyze,Evaluate,0
625,Qwen2-7B-Instruct,Understand,Apply,0
626,Qwen2-7B-Instruct,Understand,Understand,1
627,Qwen2-7B-Instruct,Create,Create,1
628,Qwen2-7B-Instruct,Understand,Understand,1
629,Qwen2-7B-Instruct,Apply,Apply,1
630,Qwen2-7B-Instruct,Apply,Apply,1
631,Qwen2-7B-Instruct,Apply,Apply,1
632,Qwen2-7B-Instruct,Remember,Remember,1
633,Qwen2-7B-Instruct,Understand,Understand,1
634,Qwen2-7B-Instruct,Create,Create,1
635,Qwen2-7B-Instruct,Evaluate,Evaluate,1
636,Qwen2-7B-Instruct,Analyze,Analyze,1
637,Qwen2-7B-Instruct,Apply,Create,0
638,Qwen2-7B-Instruct,Apply,Apply,1
639,Qwen2-7B-Instruct,Create,Create,1
640,Qwen2-7B-Instruct,Create,Create,1
641,Qwen2-7B-Instruct,Analyze,Analyze,1
642,Qwen2-7B-Instruct,Apply,Apply,1
643,Qwen2-7B-Instruct,Understand,Understand,1
644,Qwen2-7B-Instruct,Understand,Understand,1
645,Qwen2-7B-Instruct,Evaluate,Analyze,0
646,Qwen2-7B-Instruct,Analyze,Analyze,1
647,Qwen2-7B-Instruct,Apply,Apply,1
648,Qwen2-7B-Instruct,Evaluate,Evaluate,1
649,Qwen2-7B-Instruct,Understand,Understand,1
650,Qwen2-7B-Instruct,Analyze,Analyze,1
651,Qwen2-7B-Instruct,Analyze,Create,0
652,Qwen2-7B-Instruct,Understand,Understand,1
653,Qwen2-7B-Instruct,Create,Create,1
654,Qwen2-7B-Instruct,Understand,Understand,1
655,Qwen2-7B-Instruct,Analyze,Analyze,1
656,Qwen2-7B-Instruct,Understand,Understand,1
657,Qwen2-7B-Instruct,Evaluate,Evaluate,1
658,Qwen2-7B-Instruct,Understand,Understand,1
659,Qwen2-7B-Instruct,Understand,Understand,1
660,Qwen2-7B-Instruct,Evaluate,Evaluate,1
661,Qwen2-7B-Instruct,Create,Apply,0
662,Qwen2-7B-Instruct,Analyze,Analyze,1
663,Qwen2-7B-Instruct,Understand,Understand,1
664,Qwen2-7B-Instruct,Apply,Apply,1
665,Qwen2-7B-Instruct,Create,Create,1
666,Qwen2-7B-Instruct,Understand,Understand,1
667,Qwen2-7B-Instruct,Apply,Apply,1
668,Qwen2-7B-Instruct,Understand,Understand,1
669,Qwen2-7B-Instruct,Understand,Understand,1
670,Qwen2-7B-Instruct,Understand,Understand,1
671,Qwen2-7B-Instruct,Analyze,Analyze,1
672,Qwen2-7B-Instruct,Evaluate,Evaluate,1
673,Qwen2-7B-Instruct,Create,Create,1
674,Qwen2-7B-Instruct,Apply,Apply,1
675,Qwen2-7B-Instruct,Understand,Understand,1
676,Qwen2-7B-Instruct,Apply,Apply,1
677,Qwen2-7B-Instruct,Apply,Apply,1
678,Qwen2-7B-Instruct,Remember,Remember,1
679,Qwen2-7B-Instruct,Create,Create,1
680,Qwen2-7B-Instruct,Evaluate,Evaluate,1
681,Qwen2-7B-Instruct,Apply,Apply,1
682,Qwen2-7B-Instruct,Understand,Understand,1
683,Qwen2-7B-Instruct,Evaluate,Analyze,0
684,Qwen2-7B-Instruct,Understand,Understand,1
685,Qwen2-7B-Instruct,Create,Create,1
686,Qwen2-7B-Instruct,Apply,Apply,1
687,Qwen2-7B-Instruct,Understand,Understand,1
688,Qwen2-7B-Instruct,Analyze,Analyze,1
689,Qwen2-7B-Instruct,Understand,Understand,1
690,Qwen2-7B-Instruct,Create,Create,1
691,Qwen2-7B-Instruct,Understand,Understand,1
692,Qwen2-7B-Instruct,Create,Create,1
693,Qwen2-7B-Instruct,Apply,Apply,1
694,Qwen2-7B-Instruct,Understand,Understand,1
695,Qwen2-7B-Instruct,Analyze,Analyze,1
696,Qwen2-7B-Instruct,Analyze,Analyze,1
697,Qwen2-7B-Instruct,Understand,Understand,1
698,Qwen2-7B-Instruct,Apply,Apply,1
699,Qwen2-7B-Instruct,Understand,Apply,0
700,Qwen2-7B-Instruct,Create,Create,1
701,Qwen2-7B-Instruct,Apply,Apply,1
702,Qwen2-7B-Instruct,Evaluate,Evaluate,1
703,Qwen2-7B-Instruct,Apply,Apply,1
704,Qwen2-7B-Instruct,Evaluate,Analyze,0
705,Qwen2-7B-Instruct,Remember,Remember,1
706,Qwen2-7B-Instruct,Apply,Apply,1
707,Qwen2-7B-Instruct,Understand,Understand,1
708,Qwen2-7B-Instruct,Apply,Apply,1
709,Qwen2-7B-Instruct,Understand,Understand,1
710,Qwen2-7B-Instruct,Analyze,Understand,0
711,Qwen2-7B-Instruct,Analyze,Analyze,1
712,Qwen2-7B-Instruct,Apply,Apply,1
713,Qwen2-7B-Instruct,Evaluate,Evaluate,1
714,Qwen2-7B-Instruct,Understand,Understand,1
715,Qwen2-7B-Instruct,Understand,Understand,1
716,Qwen2-7B-Instruct,Understand,Understand,1
717,Qwen2-7B-Instruct,Analyze,Analyze,1
718,Qwen2-7B-Instruct,Understand,Understand,1
719,Qwen2-7B-Instruct,Remember,Remember,1
720,Qwen2-7B-Instruct,Create,Create,1
721,Qwen2-7B-Instruct,Understand,Understand,1
722,Qwen2-7B-Instruct,Apply,Apply,1
723,Qwen2-7B-Instruct,Apply,Apply,1
724,Qwen2-7B-Instruct,Create,Create,1
725,Qwen2-7B-Instruct,Apply,Apply,1
726,Qwen2-7B-Instruct,Understand,Understand,1
727,Qwen2-7B-Instruct,Understand,Understand,1
728,Qwen2-7B-Instruct,Understand,Understand,1
729,Qwen2-7B-Instruct,Understand,Understand,1
730,Qwen2-7B-Instruct,Analyze,Analyze,1
731,Qwen2-7B-Instruct,Apply,Apply,1
732,Qwen2-7B-Instruct,Apply,Apply,1
733,Qwen2-7B-Instruct,Apply,Apply,1
734,Qwen2-7B-Instruct,Remember,Remember,1
735,Qwen2-7B-Instruct,Understand,Understand,1
736,Qwen2-7B-Instruct,Apply,Apply,1
737,Qwen2-7B-Instruct,Apply,Apply,1
738,Qwen2-7B-Instruct,Understand,Understand,1
739,Qwen2-7B-Instruct,Apply,Apply,1
740,Qwen2-7B-Instruct,Understand,Understand,1
741,Qwen2-7B-Instruct,Evaluate,Evaluate,1
742,Qwen2-7B-Instruct,Understand,Understand,1
743,Qwen2-7B-Instruct,Apply,Apply,1
744,Qwen2-7B-Instruct,Create,Create,1
745,Qwen2-7B-Instruct,Understand,Understand,1
746,Qwen2-7B-Instruct,Understand,Understand,1
747,Qwen2-7B-Instruct,Apply,Apply,1
748,Qwen2-7B-Instruct,Apply,Apply,1
749,Qwen2-7B-Instruct,Evaluate,Understand,0
750,Qwen2-7B-Instruct,Understand,Understand,1
751,Qwen2-7B-Instruct,Understand,Understand,1
752,Qwen2-7B-Instruct,Create,Create,1
753,Qwen2-7B-Instruct,Understand,Understand,1
754,Qwen2-7B-Instruct,Analyze,Remember,0
755,Qwen2-7B-Instruct,Apply,Apply,1
756,Qwen2-7B-Instruct,Apply,Apply,1
757,Qwen2-7B-Instruct,Evaluate,Evaluate,1
758,Qwen2-7B-Instruct,Understand,Understand,1
759,Qwen2-7B-Instruct,Create,Create,1
760,Qwen2-7B-Instruct,Analyze,Analyze,1
761,Qwen2-7B-Instruct,Apply,Apply,1
762,Qwen2-7B-Instruct,Remember,Remember,1
763,Qwen2-7B-Instruct,Create,Create,1
764,Qwen2-7B-Instruct,Create,Create,1
765,Qwen2-7B-Instruct,Apply,Apply,1
766,Qwen2-7B-Instruct,Apply,Apply,1
767,Qwen2-7B-Instruct,Analyze,Analyze,1
768,Qwen2-7B-Instruct,Understand,Understand,1
769,Qwen2-7B-Instruct,Analyze,Analyze,1
770,Qwen2-7B-Instruct,Analyze,Analyze,1
771,Qwen2-7B-Instruct,Create,Analyze,0
772,Qwen2-7B-Instruct,Analyze,Analyze,1
773,Qwen2-7B-Instruct,Analyze,Analyze,1
774,Qwen2-7B-Instruct,Create,Create,1
775,Qwen2-7B-Instruct,Create,Create,1
776,Qwen2-7B-Instruct,Understand,Understand,1
777,Qwen2-7B-Instruct,Create,Create,1
778,Qwen2-7B-Instruct,Apply,Apply,1
779,Qwen2-7B-Instruct,Analyze,Create,0
780,Qwen2-7B-Instruct,Create,Create,1
781,Qwen2-7B-Instruct,Apply,Analyze,0
782,Qwen2-7B-Instruct,Create,Create,1
783,Qwen2-7B-Instruct,Analyze,Analyze,1
784,Qwen2-7B-Instruct,Apply,Apply,1
785,Qwen2-7B-Instruct,Analyze,Analyze,1
786,Qwen2-7B-Instruct,Understand,Understand,1
787,Qwen2-7B-Instruct,Apply,Apply,1
788,Qwen2-7B-Instruct,Apply,Apply,1
789,Qwen2-7B-Instruct,Remember,Remember,1
790,Qwen2-7B-Instruct,Apply,Apply,1
791,Qwen2-7B-Instruct,Apply,Apply,1
792,Qwen2-7B-Instruct,Apply,Create,0
793,Qwen2-7B-Instruct,Create,Create,1
794,Qwen2-7B-Instruct,Apply,Apply,1
795,Qwen2-7B-Instruct,Create,Create,1
796,Qwen2-7B-Instruct,Apply,Apply,1
797,Qwen2-7B-Instruct,Create,Create,1
798,Qwen2-7B-Instruct,Apply,Apply,1
799,Qwen2-7B-Instruct,Evaluate,Evaluate,1
800,Qwen2-7B-Instruct,Apply,Apply,1
801,Qwen2-7B-Instruct,Evaluate,Evaluate,1
802,Qwen2-7B-Instruct,Create,Create,1
803,Qwen2-7B-Instruct,Evaluate,Evaluate,1
804,Qwen2-7B-Instruct,Understand,Remember,0
805,Qwen2-7B-Instruct,Create,Create,1
806,Qwen2-7B-Instruct,Remember,Remember,1
807,Qwen2-7B-Instruct,Understand,Apply,0
808,Qwen2-7B-Instruct,Analyze,Create,0
809,Qwen2-7B-Instruct,Create,Create,1
810,Qwen2-7B-Instruct,Apply,Apply,1
811,Qwen2-7B-Instruct,Create,Create,1
812,Qwen2-7B-Instruct,Apply,Apply,1
813,Qwen2-7B-Instruct,Create,Create,1
814,Qwen2-7B-Instruct,Understand,Understand,1
815,Qwen2-7B-Instruct,Apply,Apply,1
816,Qwen2-7B-Instruct,Remember,Remember,1
817,Qwen2-7B-Instruct,Evaluate,Evaluate,1
818,Qwen2-7B-Instruct,Analyze,Analyze,1
819,Qwen2-7B-Instruct,Understand,Understand,1
820,Qwen2-7B-Instruct,Apply,Apply,1
821,Qwen2-7B-Instruct,Remember,Remember,1
822,Qwen2-7B-Instruct,Apply,Apply,1
823,Qwen2-7B-Instruct,Understand,Understand,1
824,Qwen2-7B-Instruct,Remember,Remember,1
825,Qwen2-7B-Instruct,Apply,Apply,1
826,Qwen2-7B-Instruct,Understand,Understand,1
827,Qwen2-7B-Instruct,Apply,Apply,1
828,Qwen2-7B-Instruct,Apply,Apply,1
829,Qwen2-7B-Instruct,Understand,Remember,0
830,Qwen2-7B-Instruct,Create,Create,1
831,Qwen2-7B-Instruct,Remember,Remember,1
832,Qwen2-7B-Instruct,Apply,Apply,1
833,Qwen2-7B-Instruct,Create,Create,1
834,Qwen2-7B-Instruct,Apply,Apply,1
835,Qwen2-7B-Instruct,Create,Create,1
836,Qwen2-7B-Instruct,Remember,Remember,1
837,Qwen2-7B-Instruct,Remember,Remember,1
838,Qwen2-7B-Instruct,Understand,Understand,1
839,Qwen2-7B-Instruct,Apply,Apply,1
840,Qwen2-7B-Instruct,Apply,Understand,0
841,Qwen2-7B-Instruct,Analyze,Analyze,1
842,Qwen2-7B-Instruct,Remember,Remember,1
843,Qwen2-7B-Instruct,Understand,Analyze,0
844,Qwen2-7B-Instruct,Create,Create,1
845,Qwen2-7B-Instruct,Evaluate,Evaluate,1
846,Qwen2-7B-Instruct,Evaluate,Evaluate,1
847,Qwen2-7B-Instruct,Apply,Apply,1
848,Qwen2-7B-Instruct,Apply,Apply,1
849,Qwen2-7B-Instruct,Apply,Apply,1
850,Qwen2-7B-Instruct,Create,Create,1
851,Qwen2-7B-Instruct,Apply,Apply,1
852,Qwen2-7B-Instruct,Apply,Apply,1
853,Qwen2-7B-Instruct,Evaluate,Evaluate,1
854,Qwen2-7B-Instruct,Understand,Understand,1
855,Qwen2-7B-Instruct,Understand,Apply,0
856,Qwen2-7B-Instruct,Understand,Understand,1
857,Qwen2-7B-Instruct,Apply,Apply,1
858,Qwen2-7B-Instruct,Understand,Understand,1
859,Qwen2-7B-Instruct,Understand,Understand,1
860,Qwen2-7B-Instruct,Apply,Understand,0
861,Qwen2-7B-Instruct,Evaluate,Apply,0
862,Qwen2-7B-Instruct,Apply,Apply,1
863,Qwen2-7B-Instruct,Apply,Apply,1
864,Qwen2-7B-Instruct,Create,Create,1
865,Qwen2-7B-Instruct,Understand,Understand,1
866,Qwen2-7B-Instruct,Apply,Apply,1
867,Qwen2-7B-Instruct,Evaluate,Evaluate,1
868,Qwen2-7B-Instruct,Create,Create,1
869,Qwen2-7B-Instruct,Create,Create,1
870,Qwen2-7B-Instruct,Apply,Apply,1
871,Qwen2-7B-Instruct,Understand,Understand,1
872,Qwen2-7B-Instruct,Analyze,Analyze,1
873,Qwen2-7B-Instruct,Apply,Apply,1
874,Qwen2-7B-Instruct,Remember,Remember,1
875,Qwen2-7B-Instruct,Understand,Understand,1
876,Qwen2-7B-Instruct,Understand,Understand,1
877,Qwen2-7B-Instruct,Understand,Understand,1
878,Qwen2-7B-Instruct,Apply,Apply,1
879,Qwen2-7B-Instruct,Understand,Understand,1
880,Qwen2-7B-Instruct,Evaluate,Evaluate,1
881,Qwen2-7B-Instruct,Analyze,Analyze,1
882,Qwen2-7B-Instruct,Apply,Apply,1
883,Qwen2-7B-Instruct,Understand,Understand,1
884,Qwen2-7B-Instruct,Understand,Understand,1
885,Qwen2-7B-Instruct,Understand,Understand,1
886,Qwen2-7B-Instruct,Evaluate,Evaluate,1
887,Qwen2-7B-Instruct,Create,Create,1
888,Qwen2-7B-Instruct,Apply,Apply,1
889,Qwen2-7B-Instruct,Understand,Understand,1
890,Qwen2-7B-Instruct,Create,Create,1
891,Qwen2-7B-Instruct,Analyze,Analyze,1
892,Qwen2-7B-Instruct,Create,Create,1
893,Qwen2-7B-Instruct,Apply,Apply,1
894,Qwen2-7B-Instruct,Evaluate,Evaluate,1
895,Qwen2-7B-Instruct,Apply,Apply,1
896,Qwen2-7B-Instruct,Apply,Apply,1
897,Qwen2-7B-Instruct,Apply,Apply,1
898,Qwen2-7B-Instruct,Evaluate,Evaluate,1
899,Qwen2-7B-Instruct,Apply,Apply,1
900,Qwen2-7B-Instruct,Evaluate,Evaluate,1
901,Qwen2-7B-Instruct,Understand,Understand,1
902,Qwen2-7B-Instruct,Understand,Understand,1
903,Qwen2-7B-Instruct,Apply,Apply,1
904,Qwen2-7B-Instruct,Apply,Apply,1
905,Qwen2-7B-Instruct,Understand,Understand,1
906,Qwen2-7B-Instruct,Analyze,Analyze,1
907,Qwen2-7B-Instruct,Create,Create,1
908,Qwen2-7B-Instruct,Apply,Apply,1
909,Qwen2-7B-Instruct,Apply,Apply,1
910,Qwen2-7B-Instruct,Evaluate,Evaluate,1
911,Qwen2-7B-Instruct,Evaluate,Evaluate,1
912,Qwen2-7B-Instruct,Understand,Understand,1
913,Qwen2-7B-Instruct,Understand,Understand,1
914,Qwen2-7B-Instruct,Understand,Understand,1
915,Qwen2-7B-Instruct,Understand,Understand,1
916,Qwen2-7B-Instruct,Evaluate,Evaluate,1
917,Qwen2-7B-Instruct,Understand,Understand,1
918,Qwen2-7B-Instruct,Apply,Apply,1
919,Qwen2-7B-Instruct,Analyze,Analyze,1
920,Qwen2-7B-Instruct,Create,Create,1
921,Qwen2-7B-Instruct,Create,Remember,0
922,Qwen2-7B-Instruct,Evaluate,Evaluate,1
923,Qwen2-7B-Instruct,Evaluate,Evaluate,1
924,Qwen2-7B-Instruct,Create,Create,1
925,Qwen2-7B-Instruct,Understand,Understand,1
926,Qwen2-7B-Instruct,Analyze,Evaluate,0
927,Qwen2-7B-Instruct,Understand,Understand,1
928,Qwen2-7B-Instruct,Analyze,Analyze,1
929,Qwen2-7B-Instruct,Evaluate,Analyze,0
930,Qwen2-7B-Instruct,Evaluate,Evaluate,1
931,Qwen2-7B-Instruct,Analyze,Analyze,1
932,Qwen2-7B-Instruct,Remember,Remember,1
933,Qwen2-7B-Instruct,Apply,Apply,1
934,Qwen2-7B-Instruct,Understand,Create,0
935,Qwen2-7B-Instruct,Analyze,Analyze,1
936,Qwen2-7B-Instruct,Understand,Understand,1
937,Qwen2-7B-Instruct,Create,Create,1
938,Qwen2-7B-Instruct,Analyze,Analyze,1
939,Qwen2-7B-Instruct,Analyze,Analyze,1
940,Qwen2-7B-Instruct,Apply,Apply,1
941,Qwen2-7B-Instruct,Apply,Apply,1
942,Qwen2-7B-Instruct,Create,Create,1
943,Qwen2-7B-Instruct,Understand,Apply,0
944,Qwen2-7B-Instruct,Apply,Apply,1
945,Qwen2-7B-Instruct,Create,Create,1
946,Qwen2-7B-Instruct,Remember,Remember,1
947,Qwen2-7B-Instruct,Create,Create,1
948,Qwen2-7B-Instruct,Create,Create,1
949,Qwen2-7B-Instruct,Apply,Apply,1
950,Qwen2-7B-Instruct,Apply,Apply,1
951,Qwen2-7B-Instruct,Understand,Understand,1
952,Qwen2-7B-Instruct,Analyze,Analyze,1
953,Qwen2-7B-Instruct,Apply,Apply,1
954,Qwen2-7B-Instruct,Apply,Apply,1
955,Qwen2-7B-Instruct,Understand,Understand,1
956,Qwen2-7B-Instruct,Evaluate,Evaluate,1
957,Qwen2-7B-Instruct,Apply,Apply,1
958,Qwen2-7B-Instruct,Analyze,Analyze,1
959,Qwen2-7B-Instruct,Create,Create,1
960,Qwen2-7B-Instruct,Apply,Create,0
961,Qwen2-7B-Instruct,Apply,Apply,1
962,Qwen2-7B-Instruct,Apply,Apply,1
963,Qwen2-7B-Instruct,Understand,Understand,1
964,Qwen2-7B-Instruct,Analyze,Analyze,1
965,Qwen2-7B-Instruct,Understand,Understand,1
966,Qwen2-7B-Instruct,Evaluate,Evaluate,1
967,Qwen2-7B-Instruct,Analyze,Analyze,1
968,Qwen2-7B-Instruct,Understand,Understand,1
969,Qwen2-7B-Instruct,Apply,Apply,1
970,Qwen2-7B-Instruct,Apply,Apply,1
971,Qwen2-7B-Instruct,Evaluate,Evaluate,1
972,Qwen2-7B-Instruct,Apply,Apply,1
973,Qwen2-7B-Instruct,Analyze,Analyze,1
974,Qwen2-7B-Instruct,Analyze,Analyze,1
975,Qwen2-7B-Instruct,Apply,Apply,1
976,Qwen2-7B-Instruct,Analyze,Analyze,1
977,Qwen2-7B-Instruct,Understand,Understand,1
978,Qwen2-7B-Instruct,Apply,Apply,1
979,Qwen2-7B-Instruct,Evaluate,Evaluate,1
980,Qwen2-7B-Instruct,Apply,Apply,1
981,Qwen2-7B-Instruct,Understand,Understand,1
982,Qwen2-7B-Instruct,Understand,Create,0
983,Qwen2-7B-Instruct,Create,Create,1
984,Qwen2-7B-Instruct,Understand,Understand,1
985,Qwen2-7B-Instruct,Understand,Understand,1
986,Qwen2-7B-Instruct,Apply,Understand,0
987,Qwen2-7B-Instruct,Apply,Apply,1
988,Qwen2-7B-Instruct,Understand,Understand,1
989,Qwen2-7B-Instruct,Create,Create,1
990,Qwen2-7B-Instruct,Create,Create,1
991,Qwen2-7B-Instruct,Understand,Understand,1
992,Qwen2-7B-Instruct,Analyze,Analyze,1
993,Qwen2-7B-Instruct,Create,Create,1
994,Qwen2-7B-Instruct,Remember,Remember,1
995,Qwen2-7B-Instruct,Create,Create,1
996,Qwen2-7B-Instruct,Analyze,Analyze,1
997,Qwen2-7B-Instruct,Apply,Apply,1
998,Qwen2-7B-Instruct,Apply,Apply,1
999,Qwen2-7B-Instruct,Understand,Create,0
1000,Qwen2-7B-Instruct,Evaluate,Evaluate,1
1001,Qwen2-7B-Instruct,Understand,Understand,1
1002,Qwen2-7B-Instruct,Evaluate,Evaluate,1
1003,Qwen2-7B-Instruct,Create,Create,1
1004,Qwen2-7B-Instruct,Apply,Apply,1
1005,Qwen2-7B-Instruct,Understand,Understand,1
1006,Qwen2-7B-Instruct,Evaluate,Evaluate,1
1007,Qwen2-7B-Instruct,Understand,Understand,1
1008,Qwen2-7B-Instruct,Understand,Understand,1
1009,Qwen2-7B-Instruct,Create,Create,1
1010,Qwen2-7B-Instruct,Understand,Understand,1
1011,Qwen2-7B-Instruct,Apply,Create,0
1012,Qwen2-7B-Instruct,Understand,Apply,0
1013,Qwen2-7B-Instruct,Create,Create,1
1014,Qwen2-7B-Instruct,Apply,Understand,0
1015,Qwen2-7B-Instruct,Analyze,Analyze,1
1016,Qwen2-7B-Instruct,Apply,Apply,1
1017,Qwen2-7B-Instruct,Remember,Remember,1
1018,Qwen2-7B-Instruct,Analyze,Analyze,1
1019,Qwen2-7B-Instruct,Understand,Understand,1
1020,Qwen2-7B-Instruct,Apply,Apply,1
1021,Qwen2-7B-Instruct,Understand,Create,0
1022,Qwen2-7B-Instruct,Evaluate,Evaluate,1
1023,Qwen2-7B-Instruct,Understand,Understand,1
1024,Qwen2-7B-Instruct,Create,Create,1
1025,Qwen2-7B-Instruct,Understand,Understand,1
1026,Qwen2-7B-Instruct,Apply,Create,0
1027,Qwen2-7B-Instruct,Evaluate,Evaluate,1
1028,Qwen2-7B-Instruct,Evaluate,Evaluate,1
1029,Qwen2-7B-Instruct,Create,Create,1
1030,Qwen2-7B-Instruct,Understand,Understand,1
1031,Qwen2-7B-Instruct,Create,Create,1
1032,Qwen2-7B-Instruct,Apply,Apply,1
1033,Qwen2-7B-Instruct,Create,Create,1
1034,Qwen2-7B-Instruct,Create,Create,1
1035,Qwen2-7B-Instruct,Evaluate,Evaluate,1
1036,Qwen2-7B-Instruct,Understand,Apply,0
1037,Qwen2-7B-Instruct,Apply,Apply,1
1038,Qwen2-7B-Instruct,Apply,Apply,1
1039,Qwen2-7B-Instruct,Create,Create,1
1040,Qwen2-7B-Instruct,Apply,Apply,1
1041,Qwen2-7B-Instruct,Evaluate,Evaluate,1
1042,Qwen2-7B-Instruct,Create,Create,1
1043,Qwen2-7B-Instruct,Analyze,Analyze,1
1044,Qwen2-7B-Instruct,Analyze,Analyze,1
1045,Qwen2-7B-Instruct,Remember,Remember,1
1046,Qwen2-7B-Instruct,Create,Create,1
1047,Qwen2-7B-Instruct,Understand,Understand,1
1048,Qwen2-7B-Instruct,Evaluate,Evaluate,1
1049,Qwen2-7B-Instruct,Evaluate,Evaluate,1
1050,Qwen2-7B-Instruct,Understand,Apply,0
1051,Qwen2-7B-Instruct,Evaluate,Analyze,0
1052,Qwen2-7B-Instruct,Understand,Understand,1
1053,Qwen2-7B-Instruct,Apply,Apply,1
1054,Qwen2-7B-Instruct,Understand,Understand,1
1055,Qwen2-7B-Instruct,Evaluate,Evaluate,1
1056,Qwen2-7B-Instruct,Apply,Apply,1
1057,Qwen2-7B-Instruct,Create,Create,1
1058,Qwen2-7B-Instruct,Apply,Apply,1
1059,Qwen2-7B-Instruct,Apply,Apply,1
1060,Qwen2-7B-Instruct,Apply,Apply,1
1061,Qwen2-7B-Instruct,Create,Create,1
1062,Qwen2-7B-Instruct,Apply,Apply,1
1063,Qwen2-7B-Instruct,Apply,Apply,1
1064,Qwen2-7B-Instruct,Analyze,Analyze,1
1065,Qwen2-7B-Instruct,Evaluate,Evaluate,1
1066,Qwen2-7B-Instruct,Evaluate,Evaluate,1
1067,Qwen2-7B-Instruct,Understand,Understand,1
1068,Qwen2-7B-Instruct,Analyze,Analyze,1
1069,Qwen2-7B-Instruct,Understand,Understand,1
1070,Qwen2-7B-Instruct,Understand,Understand,1
1071,Qwen2-7B-Instruct,Apply,Apply,1
1072,Qwen2-7B-Instruct,Apply,Apply,1
1073,Qwen2-7B-Instruct,Understand,Understand,1
1074,Qwen2-7B-Instruct,Evaluate,Evaluate,1
1075,Qwen2-7B-Instruct,Apply,Apply,1
1076,Qwen2-7B-Instruct,Create,Create,1
1077,Qwen2-7B-Instruct,Analyze,Analyze,1
1078,Qwen2-7B-Instruct,Understand,Understand,1
1079,Qwen2-7B-Instruct,Understand,Understand,1
1080,Qwen2-7B-Instruct,Apply,Apply,1
1081,Qwen2-7B-Instruct,Remember,Remember,1
1082,Qwen2-7B-Instruct,Analyze,Analyze,1
1083,Qwen2-7B-Instruct,Analyze,Analyze,1
1084,Qwen2-7B-Instruct,Understand,Understand,1
1085,Qwen2-7B-Instruct,Apply,Apply,1
1086,Qwen2-7B-Instruct,Understand,Understand,1
1087,Qwen2-7B-Instruct,Evaluate,Evaluate,1
1088,Qwen2-7B-Instruct,Apply,Apply,1
1089,Qwen2-7B-Instruct,Apply,Apply,1
1090,Qwen2-7B-Instruct,Analyze,Analyze,1
1091,Qwen2-7B-Instruct,Understand,Understand,1
1092,Qwen2-7B-Instruct,Analyze,Analyze,1
1093,Qwen2-7B-Instruct,Apply,Apply,1
1094,Qwen2-7B-Instruct,Evaluate,Evaluate,1
1095,Qwen2-7B-Instruct,Understand,Understand,1
1096,Qwen2-7B-Instruct,Create,Create,1
1097,Qwen2-7B-Instruct,Apply,Apply,1
1098,Qwen2-7B-Instruct,Apply,Apply,1
1099,Qwen2-7B-Instruct,Apply,Apply,1
1100,Qwen2-7B-Instruct,Understand,Understand,1
1101,Qwen2-7B-Instruct,Understand,Understand,1
1102,Qwen2-7B-Instruct,Create,Apply,0
1103,Qwen2-7B-Instruct,Evaluate,Evaluate,1
1104,Qwen2-7B-Instruct,Remember,Remember,1
1105,Qwen2-7B-Instruct,Understand,Understand,1
1106,Qwen2-7B-Instruct,Apply,Apply,1
1107,Qwen2-7B-Instruct,Analyze,Analyze,1
1108,Qwen2-7B-Instruct,Apply,Apply,1
1109,Qwen2-7B-Instruct,Evaluate,Evaluate,1
1110,Qwen2-7B-Instruct,Create,Create,1
1111,Qwen2-7B-Instruct,Understand,Apply,0
1112,Qwen2-7B-Instruct,Apply,Apply,1
1113,Qwen2-7B-Instruct,Understand,Understand,1
1114,Qwen2-7B-Instruct,Understand,Understand,1
1115,Qwen2-7B-Instruct,Understand,Understand,1
1116,Qwen2-7B-Instruct,Understand,Understand,1
1117,Qwen2-7B-Instruct,Apply,Apply,1
1118,Qwen2-7B-Instruct,Evaluate,Evaluate,1
1119,Qwen2-7B-Instruct,Apply,Apply,1
1120,Qwen2-7B-Instruct,Apply,Apply,1
1121,Qwen2-7B-Instruct,Apply,Apply,1
1122,Qwen2-7B-Instruct,Apply,Apply,1
1123,Qwen2-7B-Instruct,Understand,Apply,0
1124,Qwen2-7B-Instruct,Understand,Understand,1
1125,Qwen2-7B-Instruct,Remember,Remember,1
1126,Qwen2-7B-Instruct,Understand,Understand,1
1127,Qwen2-7B-Instruct,Evaluate,Evaluate,1
1128,Qwen2-7B-Instruct,Apply,Apply,1
1129,Qwen2-7B-Instruct,Apply,Apply,1
1130,Qwen2-7B-Instruct,Understand,Understand,1
1131,Qwen2-7B-Instruct,Create,Create,1
1132,Qwen2-7B-Instruct,Remember,Remember,1
1133,Qwen2-7B-Instruct,Evaluate,Evaluate,1
1134,Qwen2-7B-Instruct,Understand,Understand,1
1135,Qwen2-7B-Instruct,Apply,Apply,1
1136,Qwen2-7B-Instruct,Evaluate,Evaluate,1
1137,Qwen2-7B-Instruct,Analyze,Analyze,1
1138,Qwen2-7B-Instruct,Analyze,Analyze,1
1139,Qwen2-7B-Instruct,Analyze,Analyze,1
1140,Qwen2-7B-Instruct,Apply,Apply,1
1141,Qwen2-7B-Instruct,Understand,Understand,1
1142,Qwen2-7B-Instruct,Understand,Understand,1
1143,Qwen2-7B-Instruct,Create,Create,1
1144,Qwen2-7B-Instruct,Apply,Apply,1
1145,Qwen2-7B-Instruct,Understand,Understand,1
1146,Qwen2-7B-Instruct,Apply,Apply,1
1147,Qwen2-7B-Instruct,Apply,Apply,1
1148,Qwen2-7B-Instruct,Apply,Remember,0
1149,Qwen2-7B-Instruct,Evaluate,Evaluate,1
1150,Qwen2-7B-Instruct,Understand,Understand,1
1151,Qwen2-7B-Instruct,Understand,Understand,1
1152,Qwen2-7B-Instruct,Understand,Understand,1
1153,Qwen2-7B-Instruct,Understand,Understand,1
1154,Qwen2-7B-Instruct,Analyze,Analyze,1
1155,Qwen2-7B-Instruct,Evaluate,Evaluate,1
1156,Qwen2-7B-Instruct,Apply,Apply,1
1157,Qwen2-7B-Instruct,Analyze,Analyze,1
1158,Qwen2-7B-Instruct,Evaluate,Evaluate,1
1159,Qwen2-7B-Instruct,Apply,Apply,1
1160,Qwen2-7B-Instruct,Analyze,Analyze,1
1161,Qwen2-7B-Instruct,Create,Create,1
1162,Qwen2-7B-Instruct,Apply,Apply,1
1163,Qwen2-7B-Instruct,Understand,Understand,1
1164,Qwen2-7B-Instruct,Create,Create,1
1165,Qwen2-7B-Instruct,Create,Create,1
1166,Qwen2-7B-Instruct,Understand,Understand,1
1167,Qwen2-7B-Instruct,Apply,Apply,1
1168,Qwen2-7B-Instruct,Apply,Apply,1
1169,Qwen2-7B-Instruct,Create,Create,1
1170,Qwen2-7B-Instruct,Apply,Apply,1
1171,Qwen2-7B-Instruct,Create,Create,1
1172,Qwen2-7B-Instruct,Remember,Remember,1
1173,Qwen2-7B-Instruct,Understand,Understand,1
1174,Qwen2-7B-Instruct,Create,Create,1
1175,Qwen2-7B-Instruct,Evaluate,Evaluate,1
1176,Qwen2-7B-Instruct,Understand,Analyze,0
1177,Qwen2-7B-Instruct,Understand,Remember,0
1178,Qwen2-7B-Instruct,Understand,Understand,1
1179,Qwen2-7B-Instruct,Understand,Understand,1
1180,Qwen2-7B-Instruct,Apply,Apply,1
1181,Qwen2-7B-Instruct,Apply,Apply,1
1182,Qwen2-7B-Instruct,Apply,Apply,1
1183,Qwen2-7B-Instruct,Analyze,Analyze,1
1184,Qwen2-7B-Instruct,Apply,Apply,1
1185,Qwen2-7B-Instruct,Apply,Apply,1
1186,Qwen2-7B-Instruct,Create,Create,1
1187,Qwen2-7B-Instruct,Apply,Apply,1
1188,Qwen2-7B-Instruct,Evaluate,Evaluate,1
1189,Qwen2-7B-Instruct,Apply,Apply,1
1190,Qwen2-7B-Instruct,Remember,Understand,0
1191,Qwen2-7B-Instruct,Analyze,Analyze,1
1192,Qwen2-7B-Instruct,Create,Create,1
1193,Qwen2-7B-Instruct,Apply,Apply,1
1194,Qwen2-7B-Instruct,Understand,Understand,1
1195,Qwen2-7B-Instruct,Apply,Apply,1
1196,Qwen2-7B-Instruct,Create,Create,1
1197,Qwen2-7B-Instruct,Create,Create,1
1198,Qwen2-7B-Instruct,Apply,Apply,1
1199,Qwen2-7B-Instruct,Remember,Understand,0
1200,Qwen2-7B-Instruct,Understand,Understand,1
1201,Qwen2-7B-Instruct,Create,Create,1
1202,Qwen2-7B-Instruct,Create,Create,1
1203,Qwen2-7B-Instruct,Analyze,Analyze,1
1204,Qwen2-7B-Instruct,Understand,Understand,1
1205,Qwen2-7B-Instruct,Apply,Apply,1
1206,Qwen2-7B-Instruct,Analyze,Analyze,1
1207,Qwen2-7B-Instruct,Analyze,Analyze,1
1208,Qwen2-7B-Instruct,Apply,Apply,1
1209,Qwen2-7B-Instruct,Analyze,Analyze,1
1210,Qwen2-7B-Instruct,Apply,Apply,1
1211,Qwen2-7B-Instruct,Evaluate,Evaluate,1
1212,Qwen2-7B-Instruct,Create,Create,1
1213,Qwen2-7B-Instruct,Apply,Apply,1
1214,Qwen2-7B-Instruct,Analyze,Analyze,1
1215,Qwen2-7B-Instruct,Apply,Apply,1
1216,Qwen2-7B-Instruct,Understand,Understand,1
1217,Qwen2-7B-Instruct,Evaluate,Evaluate,1
1218,Qwen2-7B-Instruct,Apply,Understand,0
1219,Qwen2-7B-Instruct,Understand,Understand,1
1220,Qwen2-7B-Instruct,Analyze,Apply,0
1221,Qwen2-7B-Instruct,Apply,Remember,0
1222,Qwen2-7B-Instruct,Apply,Apply,1
1223,Qwen2-7B-Instruct,Apply,Apply,1
1224,Qwen2-7B-Instruct,Apply,Apply,1
1225,Qwen2-7B-Instruct,Apply,Apply,1
1226,Qwen2-7B-Instruct,Remember,Remember,1
1227,Qwen2-7B-Instruct,Understand,Apply,0
1228,Qwen2-7B-Instruct,Understand,Understand,1
1229,Qwen2-7B-Instruct,Understand,Understand,1
1230,Qwen2-7B-Instruct,Apply,Apply,1
1231,Qwen2-7B-Instruct,Analyze,Analyze,1
1232,Qwen2-7B-Instruct,Understand,Understand,1
1233,Qwen2-7B-Instruct,Create,Create,1
1234,Qwen2-7B-Instruct,Apply,Understand,0
1235,Qwen2-7B-Instruct,Analyze,Analyze,1
1236,Qwen2-7B-Instruct,Analyze,Analyze,1
1237,Qwen2-7B-Instruct,Understand,Understand,1
1238,Qwen2-7B-Instruct,Understand,Understand,1
1239,Qwen2-7B-Instruct,Analyze,Analyze,1
1240,Qwen2-7B-Instruct,Apply,Apply,1
1241,Qwen2-7B-Instruct,Apply,Apply,1
1242,Qwen2-7B-Instruct,Understand,Understand,1
1243,Qwen2-7B-Instruct,Apply,Apply,1
1244,Qwen2-7B-Instruct,Understand,Understand,1
1245,Qwen2-7B-Instruct,Apply,Apply,1
1246,Qwen2-7B-Instruct,Analyze,Analyze,1
1247,Qwen2-7B-Instruct,Create,Create,1
1248,Qwen2-7B-Instruct,Understand,Understand,1
1249,Qwen2-7B-Instruct,Analyze,Analyze,1
1250,Qwen2-7B-Instruct,Evaluate,Evaluate,1
1251,Qwen2-7B-Instruct,Evaluate,Evaluate,1
1252,Qwen2-7B-Instruct,Evaluate,Evaluate,1
1253,Qwen2-7B-Instruct,Understand,Understand,1
1254,Qwen2-7B-Instruct,Understand,Understand,1
1255,Qwen2-7B-Instruct,Apply,Apply,1
1256,Qwen2-7B-Instruct,Create,Create,1
1257,Qwen2-7B-Instruct,Understand,Understand,1
1258,Qwen2-7B-Instruct,Understand,Understand,1
1259,Qwen2-7B-Instruct,Understand,Understand,1
1260,Qwen2-7B-Instruct,Understand,Understand,1
1261,Qwen2-7B-Instruct,Understand,Understand,1
1262,Qwen2-7B-Instruct,Apply,Apply,1
1263,Qwen2-7B-Instruct,Analyze,Analyze,1
1264,Qwen2-7B-Instruct,Apply,Apply,1
1265,Qwen2-7B-Instruct,Apply,Apply,1
1266,Qwen2-7B-Instruct,Understand,Understand,1
1267,Qwen2-7B-Instruct,Create,Create,1
1268,Qwen2-7B-Instruct,Analyze,Analyze,1
1269,Qwen2-7B-Instruct,Understand,Understand,1
1270,Qwen2-7B-Instruct,Apply,Apply,1
1271,Qwen2-7B-Instruct,Evaluate,Evaluate,1
1272,Qwen2-7B-Instruct,Apply,Apply,1
1273,Qwen2-7B-Instruct,Understand,Understand,1
1274,Qwen2-7B-Instruct,Understand,Understand,1
1275,Qwen2-7B-Instruct,Remember,Remember,1
1276,Qwen2-7B-Instruct,Apply,Apply,1
1277,Qwen2-7B-Instruct,Create,Create,1
1278,Qwen2-7B-Instruct,Analyze,Analyze,1
1279,Qwen2-7B-Instruct,Evaluate,Evaluate,1
1280,Qwen2-7B-Instruct,Understand,Understand,1
1281,Qwen2-7B-Instruct,Apply,Apply,1
1282,Qwen2-7B-Instruct,Apply,Apply,1
1283,Qwen2-7B-Instruct,Evaluate,Evaluate,1
1284,Qwen2-7B-Instruct,Apply,Apply,1
1285,Qwen2-7B-Instruct,Create,Create,1
1286,Qwen2-7B-Instruct,Analyze,Analyze,1
1287,Qwen2-7B-Instruct,Apply,Apply,1
1288,Qwen2-7B-Instruct,Create,Create,1
1289,Qwen2-7B-Instruct,Evaluate,Apply,0
1290,Qwen2-7B-Instruct,Understand,Understand,1
1291,Qwen2-7B-Instruct,Create,Create,1
1292,Qwen2-7B-Instruct,Create,Create,1
1293,Qwen2-7B-Instruct,Understand,Understand,1
1294,Qwen2-7B-Instruct,Create,Create,1
1295,Qwen2-7B-Instruct,Apply,Apply,1
1296,Qwen2-7B-Instruct,Apply,Understand,0
1297,Qwen2-7B-Instruct,Apply,Apply,1
1298,Qwen2-7B-Instruct,Apply,Apply,1
1299,Qwen2-7B-Instruct,Remember,Remember,1
1300,Qwen2-7B-Instruct,Apply,Apply,1
1301,Qwen2-7B-Instruct,Create,Create,1
1302,Qwen2-7B-Instruct,Understand,Apply,0
1303,Qwen2-7B-Instruct,Create,Create,1
1304,Qwen2-7B-Instruct,Understand,Understand,1
1305,Qwen2-7B-Instruct,Understand,Understand,1
1306,Qwen2-7B-Instruct,Create,Create,1
1307,Qwen2-7B-Instruct,Evaluate,Evaluate,1
1308,Qwen2-7B-Instruct,Analyze,Analyze,1
1309,Qwen2-7B-Instruct,Analyze,Analyze,1
1310,Qwen2-7B-Instruct,Evaluate,Create,0
1311,Qwen2-7B-Instruct,Understand,Understand,1
1312,Qwen2-7B-Instruct,Analyze,Evaluate,0
1313,Qwen2-7B-Instruct,Apply,Apply,1
1314,Qwen2-7B-Instruct,Apply,Apply,1
1315,Qwen2-7B-Instruct,Apply,Apply,1
1316,Qwen2-7B-Instruct,Evaluate,Evaluate,1
1317,Qwen2-7B-Instruct,Understand,Understand,1
1318,Qwen2-7B-Instruct,Analyze,Analyze,1
1319,Qwen2-7B-Instruct,Analyze,Analyze,1
1320,Qwen2-7B-Instruct,Analyze,Analyze,1
1321,Qwen2-7B-Instruct,Understand,Understand,1
1322,Qwen2-7B-Instruct,Apply,Apply,1
1323,Qwen2-7B-Instruct,Analyze,Analyze,1
1324,Qwen2-7B-Instruct,Understand,Understand,1
1325,Qwen2-7B-Instruct,Understand,Understand,1
1326,Qwen2-7B-Instruct,Apply,Apply,1
1327,Qwen2-7B-Instruct,Understand,Understand,1
1328,Qwen2-7B-Instruct,Analyze,Analyze,1
1329,Qwen2-7B-Instruct,Evaluate,Analyze,0
1330,Qwen2-7B-Instruct,Apply,Apply,1
1331,Qwen2-7B-Instruct,Evaluate,Evaluate,1
1332,Qwen2-7B-Instruct,Analyze,Analyze,1
1333,Qwen2-7B-Instruct,Create,Create,1
1334,Qwen2-7B-Instruct,Evaluate,Evaluate,1
1335,Qwen2-7B-Instruct,Apply,Apply,1
1336,Qwen2-7B-Instruct,Evaluate,Apply,0
1337,Qwen2-7B-Instruct,Evaluate,Evaluate,1
1338,Qwen2-7B-Instruct,Evaluate,Evaluate,1
1339,Qwen2-7B-Instruct,Create,Create,1
1340,Qwen2-7B-Instruct,Create,Create,1
1341,Qwen2-7B-Instruct,Create,Create,1
1342,Qwen2-7B-Instruct,Apply,Apply,1
1343,Qwen2-7B-Instruct,Analyze,Analyze,1
1344,Qwen2-7B-Instruct,Apply,Apply,1
1345,Qwen2-7B-Instruct,Analyze,Analyze,1
1346,Qwen2-7B-Instruct,Apply,Understand,0
1347,Qwen2-7B-Instruct,Understand,Create,0
1348,Qwen2-7B-Instruct,Evaluate,Evaluate,1
1349,Qwen2-7B-Instruct,Analyze,Analyze,1
1350,Qwen2-7B-Instruct,Understand,Understand,1
1351,Qwen2-7B-Instruct,Remember,Remember,1
1352,Qwen2-7B-Instruct,Apply,Apply,1
1353,Qwen2-7B-Instruct,Apply,Apply,1
1354,Qwen2-7B-Instruct,Evaluate,Evaluate,1
1355,Qwen2-7B-Instruct,Understand,Understand,1
1356,Qwen2-7B-Instruct,Understand,Understand,1
1357,Qwen2-7B-Instruct,Apply,Apply,1
1358,Qwen2-7B-Instruct,Create,Create,1
1359,Qwen2-7B-Instruct,Remember,Remember,1
1360,Qwen2-7B-Instruct,Analyze,Analyze,1
1361,Qwen2-7B-Instruct,Understand,Understand,1
1362,Qwen2-7B-Instruct,Apply,Apply,1
1363,Qwen2-7B-Instruct,Understand,Create,0
1364,Qwen2-7B-Instruct,Understand,Understand,1
1365,Qwen2-7B-Instruct,Understand,Understand,1
1366,Qwen2-7B-Instruct,Understand,Understand,1
1367,Qwen2-7B-Instruct,Understand,Understand,1
1368,Qwen2-7B-Instruct,Create,Apply,0
1369,Qwen2-7B-Instruct,Apply,Apply,1
1370,Qwen2-7B-Instruct,Apply,Apply,1
1371,Qwen2-7B-Instruct,Apply,Apply,1
1372,Qwen2-7B-Instruct,Apply,Apply,1
1373,Qwen2-7B-Instruct,Apply,Apply,1
1374,Qwen2-7B-Instruct,Understand,Understand,1
1375,Qwen2-7B-Instruct,Understand,Understand,1
1376,Qwen2-7B-Instruct,Understand,Understand,1
1377,Qwen2-7B-Instruct,Evaluate,Evaluate,1
1378,Qwen2-7B-Instruct,Create,Create,1
1379,Qwen2-7B-Instruct,Apply,Apply,1
1380,Qwen2-7B-Instruct,Understand,Understand,1
1381,Qwen2-7B-Instruct,Analyze,Analyze,1
1382,Qwen2-7B-Instruct,Apply,Apply,1
1383,Qwen2-7B-Instruct,Create,Create,1
1384,Qwen2-7B-Instruct,Apply,Apply,1
1385,Qwen2-7B-Instruct,Create,Create,1
1386,Qwen2-7B-Instruct,Evaluate,Evaluate,1
1387,Qwen2-7B-Instruct,Apply,Apply,1
1388,Qwen2-7B-Instruct,Apply,Apply,1
1389,Qwen2-7B-Instruct,Apply,Apply,1
1390,Qwen2-7B-Instruct,Create,Create,1
1391,Qwen2-7B-Instruct,Evaluate,Evaluate,1
1392,Qwen2-7B-Instruct,Evaluate,Evaluate,1
1393,Qwen2-7B-Instruct,Analyze,Analyze,1
1394,Qwen2-7B-Instruct,Apply,Apply,1
1395,Qwen2-7B-Instruct,Remember,Remember,1
1396,Qwen2-7B-Instruct,Apply,Apply,1
1397,Qwen2-7B-Instruct,Apply,Apply,1
1398,Qwen2-7B-Instruct,Create,Create,1
1399,Qwen2-7B-Instruct,Evaluate,Evaluate,1
1400,Qwen2-7B-Instruct,Apply,Apply,1
1401,Qwen2-7B-Instruct,Evaluate,Evaluate,1
1402,Qwen2-7B-Instruct,Create,Create,1
1403,Qwen2-7B-Instruct,Apply,Apply,1
1404,Qwen2-7B-Instruct,Understand,Understand,1
1405,Qwen2-7B-Instruct,Apply,Apply,1
1406,Qwen2-7B-Instruct,Understand,Understand,1
1407,Qwen2-7B-Instruct,Evaluate,Evaluate,1
1408,Qwen2-7B-Instruct,Apply,Apply,1
1409,Qwen2-7B-Instruct,Analyze,Analyze,1
1410,Qwen2-7B-Instruct,Remember,Create,0
1411,Qwen2-7B-Instruct,Evaluate,Evaluate,1
1412,Qwen2-7B-Instruct,Understand,Understand,1
1413,Qwen2-7B-Instruct,Understand,Understand,1
1414,Qwen2-7B-Instruct,Apply,Apply,1
1415,Qwen2-7B-Instruct,Create,Create,1
1416,Qwen2-7B-Instruct,Remember,Remember,1
1417,Qwen2-7B-Instruct,Evaluate,Evaluate,1
1418,Qwen2-7B-Instruct,Evaluate,Evaluate,1
1419,Qwen2-7B-Instruct,Apply,Apply,1
1420,Qwen2-7B-Instruct,Remember,Remember,1
1421,Qwen2-7B-Instruct,Create,Apply,0
1422,Qwen2-7B-Instruct,Evaluate,Evaluate,1
1423,Qwen2-7B-Instruct,Understand,Understand,1
1424,Qwen2-7B-Instruct,Analyze,Analyze,1
1425,Qwen2-7B-Instruct,Apply,Apply,1
1426,Qwen2-7B-Instruct,Apply,Apply,1
1427,Qwen2-7B-Instruct,Analyze,Analyze,1
1428,Qwen2-7B-Instruct,Apply,Apply,1
1429,Qwen2-7B-Instruct,Apply,Apply,1
1430,Qwen2-7B-Instruct,Remember,Remember,1
1431,Qwen2-7B-Instruct,Analyze,Analyze,1
1432,Qwen2-7B-Instruct,Understand,Understand,1
1433,Qwen2-7B-Instruct,Evaluate,Evaluate,1
1434,Qwen2-7B-Instruct,Understand,Understand,1
1435,Qwen2-7B-Instruct,Evaluate,Evaluate,1
1436,Qwen2-7B-Instruct,Analyze,Analyze,1
1437,Qwen2-7B-Instruct,Create,Create,1
1438,Qwen2-7B-Instruct,Apply,Apply,1
1439,Qwen2-7B-Instruct,Understand,Understand,1
1440,Qwen2-7B-Instruct,Understand,Understand,1
1441,Qwen2-7B-Instruct,Create,Create,1
1442,Qwen2-7B-Instruct,Apply,Apply,1
1443,Qwen2-7B-Instruct,Apply,Apply,1
1444,Qwen2-7B-Instruct,Understand,Understand,1
1445,Qwen2-7B-Instruct,Remember,Remember,1
1446,Qwen2-7B-Instruct,Evaluate,Evaluate,1
1447,Qwen2-7B-Instruct,Evaluate,Evaluate,1
1448,Qwen2-7B-Instruct,Apply,Apply,1
1449,Qwen2-7B-Instruct,Analyze,Analyze,1
1450,Qwen2-7B-Instruct,Apply,Apply,1
1451,Qwen2-7B-Instruct,Understand,Understand,1
1452,Qwen2-7B-Instruct,Remember,Remember,1
1453,Qwen2-7B-Instruct,Apply,Apply,1
1454,Qwen2-7B-Instruct,Apply,Apply,1
1455,Qwen2-7B-Instruct,Evaluate,Apply,0
1456,Qwen2-7B-Instruct,Apply,Apply,1
1457,Qwen2-7B-Instruct,Understand,Understand,1
1458,Qwen2-7B-Instruct,Understand,Understand,1
1459,Qwen2-7B-Instruct,Remember,Remember,1
1460,Qwen2-7B-Instruct,Apply,Apply,1
1461,Qwen2-7B-Instruct,Understand,Understand,1
1462,Qwen2-7B-Instruct,Understand,Understand,1
1463,Qwen2-7B-Instruct,Analyze,Analyze,1
1464,Qwen2-7B-Instruct,Evaluate,Understand,0
1465,Qwen2-7B-Instruct,Create,Create,1
1466,Qwen2-7B-Instruct,Apply,Apply,1
1467,Qwen2-7B-Instruct,Apply,Apply,1
1468,Qwen2-7B-Instruct,Apply,Apply,1
1469,Qwen2-7B-Instruct,Understand,Understand,1
1470,Qwen2-7B-Instruct,Analyze,Analyze,1
1471,Qwen2-7B-Instruct,Apply,Apply,1
1472,Qwen2-7B-Instruct,Apply,Apply,1
1473,Qwen2-7B-Instruct,Apply,Apply,1
1474,Qwen2-7B-Instruct,Evaluate,Evaluate,1
1475,Qwen2-7B-Instruct,Understand,Apply,0
1476,Qwen2-7B-Instruct,Apply,Apply,1
1477,Qwen2-7B-Instruct,Create,Create,1
1478,Qwen2-7B-Instruct,Apply,Apply,1
1479,Qwen2-7B-Instruct,Apply,Apply,1
1480,Qwen2-7B-Instruct,Evaluate,Evaluate,1
1481,Qwen2-7B-Instruct,Analyze,Analyze,1
1482,Qwen2-7B-Instruct,Understand,Understand,1
1483,Qwen2-7B-Instruct,Create,Create,1
1484,Qwen2-7B-Instruct,Create,Create,1
1485,Qwen2-7B-Instruct,Understand,Understand,1
1486,Qwen2-7B-Instruct,Understand,Understand,1
1487,Qwen2-7B-Instruct,Apply,Apply,1
1488,Qwen2-7B-Instruct,Understand,Understand,1
1489,Qwen2-7B-Instruct,Understand,Apply,0
1490,Qwen2-7B-Instruct,Apply,Apply,1
1491,Qwen2-7B-Instruct,Apply,Apply,1
1492,Qwen2-7B-Instruct,Analyze,Analyze,1
1493,Qwen2-7B-Instruct,Evaluate,Evaluate,1
1494,Qwen2-7B-Instruct,Understand,Understand,1
1495,Qwen2-7B-Instruct,Apply,Apply,1
1496,Qwen2-7B-Instruct,Remember,Remember,1
1497,Qwen2-7B-Instruct,Create,Create,1
1498,Qwen2-7B-Instruct,Apply,Apply,1
1499,Qwen2-7B-Instruct,Remember,Remember,1
1500,Qwen2-7B-Instruct,Create,Create,1
1501,Qwen2-7B-Instruct,Apply,Apply,1
1502,Qwen2-7B-Instruct,Create,Create,1
1503,Qwen2-7B-Instruct,Remember,Remember,1
1504,Qwen2-7B-Instruct,Understand,Understand,1
1505,Qwen2-7B-Instruct,Evaluate,Evaluate,1
1506,Qwen2-7B-Instruct,Apply,Apply,1
1507,Qwen2-7B-Instruct,Understand,Understand,1
1508,Qwen2-7B-Instruct,Evaluate,Evaluate,1
1509,Qwen2-7B-Instruct,Understand,Understand,1
1510,Qwen2-7B-Instruct,Understand,Understand,1
1511,Qwen2-7B-Instruct,Understand,Understand,1
1512,Qwen2-7B-Instruct,Evaluate,Evaluate,1
1513,Qwen2-7B-Instruct,Evaluate,Evaluate,1
1514,Qwen2-7B-Instruct,Understand,Understand,1
1515,Qwen2-7B-Instruct,Analyze,Analyze,1
1516,Qwen2-7B-Instruct,Analyze,Analyze,1
1517,Qwen2-7B-Instruct,Evaluate,Evaluate,1
1518,Qwen2-7B-Instruct,Analyze,Analyze,1
1519,Qwen2-7B-Instruct,Apply,Apply,1
1520,Qwen2-7B-Instruct,Understand,Understand,1
1521,Qwen2-7B-Instruct,Evaluate,Evaluate,1
1522,Qwen2-7B-Instruct,Evaluate,Evaluate,1
1523,Qwen2-7B-Instruct,Remember,Remember,1
1524,Qwen2-7B-Instruct,Evaluate,Evaluate,1
1525,Qwen2-7B-Instruct,Create,Create,1
1526,Qwen2-7B-Instruct,Apply,Apply,1
1527,Qwen2-7B-Instruct,Understand,Understand,1
1528,Qwen2-7B-Instruct,Remember,Remember,1
1529,Qwen2-7B-Instruct,Analyze,Analyze,1
1530,Qwen2-7B-Instruct,Analyze,Evaluate,0
1531,Qwen2-7B-Instruct,Analyze,Analyze,1
1532,Qwen2-7B-Instruct,Evaluate,Create,0
1533,Qwen2-7B-Instruct,Apply,Apply,1
1534,Qwen2-7B-Instruct,Apply,Apply,1
1535,Qwen2-7B-Instruct,Understand,Understand,1
1536,Qwen2-7B-Instruct,Remember,Remember,1
1537,Qwen2-7B-Instruct,Understand,Understand,1
1538,Qwen2-7B-Instruct,Apply,Apply,1
1539,Qwen2-7B-Instruct,Understand,Understand,1
1540,Qwen2-7B-Instruct,Apply,Apply,1
1541,Qwen2-7B-Instruct,Evaluate,Evaluate,1
1542,Qwen2-7B-Instruct,Understand,Understand,1
1543,Qwen2-7B-Instruct,Apply,Apply,1
1544,Qwen2-7B-Instruct,Create,Create,1
1545,Qwen2-7B-Instruct,Create,Create,1
1546,Qwen2-7B-Instruct,Evaluate,Evaluate,1
1547,Qwen2-7B-Instruct,Understand,Understand,1
1548,Qwen2-7B-Instruct,Create,Create,1
1549,Qwen2-7B-Instruct,Apply,Apply,1
1550,Qwen2-7B-Instruct,Remember,Remember,1
1551,Qwen2-7B-Instruct,Create,Create,1
1552,Qwen2-7B-Instruct,Create,Create,1
1553,Qwen2-7B-Instruct,Evaluate,Analyze,0
1554,Qwen2-7B-Instruct,Remember,Remember,1
1555,Qwen2-7B-Instruct,Analyze,Remember,0
1556,Qwen2-7B-Instruct,Understand,Understand,1
1557,Qwen2-7B-Instruct,Understand,Understand,1
1558,Qwen2-7B-Instruct,Evaluate,Evaluate,1
1559,Qwen2-7B-Instruct,Create,Create,1
1560,Qwen2-7B-Instruct,Understand,Understand,1
1561,Qwen2-7B-Instruct,Evaluate,Analyze,0
1562,Qwen2-7B-Instruct,Remember,Remember,1
1563,Qwen2-7B-Instruct,Analyze,Analyze,1
1564,Qwen2-7B-Instruct,Create,Create,1
1565,Qwen2-7B-Instruct,Apply,Apply,1
1566,Qwen2-7B-Instruct,Understand,Understand,1
1567,Qwen2-7B-Instruct,Understand,Understand,1
1568,Qwen2-7B-Instruct,Understand,Understand,1
1569,Qwen2-7B-Instruct,Create,Create,1
1570,Qwen2-7B-Instruct,Create,Create,1
1571,Qwen2-7B-Instruct,Apply,Apply,1
1572,Qwen2-7B-Instruct,Create,Create,1
1573,Qwen2-7B-Instruct,Apply,Apply,1
1574,Qwen2-7B-Instruct,Create,Create,1
1575,Qwen2-7B-Instruct,Analyze,Analyze,1
1576,Qwen2-7B-Instruct,Create,Create,1
1577,Qwen2-7B-Instruct,Understand,Understand,1
1578,Qwen2-7B-Instruct,Create,Create,1
1579,Qwen2-7B-Instruct,Evaluate,Evaluate,1
1580,Qwen2-7B-Instruct,Remember,Remember,1
1581,Qwen2-7B-Instruct,Evaluate,Evaluate,1
1582,Qwen2-7B-Instruct,Understand,Understand,1
1583,Qwen2-7B-Instruct,Understand,Understand,1
1584,Qwen2-7B-Instruct,Understand,Understand,1
1585,Qwen2-7B-Instruct,Understand,Understand,1
1586,Qwen2-7B-Instruct,Apply,Apply,1
1587,Qwen2-7B-Instruct,Apply,Apply,1
1588,Qwen2-7B-Instruct,Understand,Understand,1
1589,Qwen2-7B-Instruct,Understand,Understand,1
1590,Qwen2-7B-Instruct,Apply,Evaluate,0
1591,Qwen2-7B-Instruct,Evaluate,Evaluate,1
1592,Qwen2-7B-Instruct,Apply,Apply,1
1593,Qwen2-7B-Instruct,Understand,Understand,1
1594,Qwen2-7B-Instruct,Analyze,Analyze,1
1595,Qwen2-7B-Instruct,Apply,Apply,1
1596,Qwen2-7B-Instruct,Understand,Understand,1
1597,Qwen2-7B-Instruct,Create,Create,1
1598,Qwen2-7B-Instruct,Understand,Understand,1
1599,Qwen2-7B-Instruct,Create,Create,1
1600,Qwen2-7B-Instruct,Create,Create,1
1601,Qwen2-7B-Instruct,Create,Create,1
1602,Qwen2-7B-Instruct,Apply,Apply,1
1603,Qwen2-7B-Instruct,Apply,Create,0
1604,Qwen2-7B-Instruct,Apply,Apply,1
1605,Qwen2-7B-Instruct,Apply,Apply,1
1606,Qwen2-7B-Instruct,Create,Create,1
1607,Qwen2-7B-Instruct,Apply,Apply,1
1608,Qwen2-7B-Instruct,Apply,Apply,1
1609,Qwen2-7B-Instruct,Understand,Understand,1
1610,Qwen2-7B-Instruct,Create,Create,1
1611,Qwen2-7B-Instruct,Remember,Remember,1
1612,Qwen2-7B-Instruct,Apply,Apply,1
1613,Qwen2-7B-Instruct,Apply,Apply,1
1614,Qwen2-7B-Instruct,Understand,Understand,1
1615,Qwen2-7B-Instruct,Create,Create,1
1616,Qwen2-7B-Instruct,Evaluate,Evaluate,1
1617,Qwen2-7B-Instruct,Apply,Apply,1
1618,Qwen2-7B-Instruct,Understand,Understand,1
1619,Qwen2-7B-Instruct,Evaluate,Evaluate,1
1620,Qwen2-7B-Instruct,Understand,Understand,1
1621,Qwen2-7B-Instruct,Understand,Understand,1
1622,Qwen2-7B-Instruct,Create,Create,1
1623,Qwen2-7B-Instruct,Create,Create,1
1624,Qwen2-7B-Instruct,Create,Create,1
1625,Qwen2-7B-Instruct,Understand,Understand,1
1626,Qwen2-7B-Instruct,Evaluate,Evaluate,1
1627,Qwen2-7B-Instruct,Evaluate,Evaluate,1
1628,Qwen2-7B-Instruct,Understand,Understand,1
1629,Qwen2-7B-Instruct,Analyze,Analyze,1
1630,Qwen2-7B-Instruct,Apply,Apply,1
1631,Qwen2-7B-Instruct,Evaluate,Evaluate,1
1632,Qwen2-7B-Instruct,Evaluate,Analyze,0
1633,Qwen2-7B-Instruct,Understand,Understand,1
1634,Qwen2-7B-Instruct,Create,Create,1
1635,Qwen2-7B-Instruct,Remember,Remember,1
1636,Qwen2-7B-Instruct,Understand,Understand,1
1637,Qwen2-7B-Instruct,Evaluate,Evaluate,1
1638,Qwen2-7B-Instruct,Understand,Understand,1
1639,Qwen2-7B-Instruct,Create,Create,1
1640,Qwen2-7B-Instruct,Apply,Apply,1
1641,Qwen2-7B-Instruct,Analyze,Analyze,1
1642,Qwen2-7B-Instruct,Analyze,Analyze,1
1643,Qwen2-7B-Instruct,Analyze,Analyze,1
1644,Qwen2-7B-Instruct,Evaluate,Understand,0
1645,Qwen2-7B-Instruct,Apply,Apply,1
1646,Qwen2-7B-Instruct,Understand,Understand,1
1647,Qwen2-7B-Instruct,Evaluate,Evaluate,1
1648,Qwen2-7B-Instruct,Understand,Understand,1
1649,Qwen2-7B-Instruct,Apply,Apply,1
1650,Qwen2-7B-Instruct,Understand,Understand,1
1651,Qwen2-7B-Instruct,Apply,Apply,1
1652,Qwen2-7B-Instruct,Understand,Understand,1
1653,Qwen2-7B-Instruct,Understand,Understand,1
1654,Qwen2-7B-Instruct,Understand,Understand,1
1655,Qwen2-7B-Instruct,Evaluate,Evaluate,1
1656,Qwen2-7B-Instruct,Remember,Remember,1
1657,Qwen2-7B-Instruct,Analyze,Analyze,1
1658,Qwen2-7B-Instruct,Apply,Apply,1
1659,Qwen2-7B-Instruct,Understand,Understand,1
1660,Qwen2-7B-Instruct,Understand,Understand,1
1661,Qwen2-7B-Instruct,Apply,Apply,1
1662,Qwen2-7B-Instruct,Create,Create,1
1663,Qwen2-7B-Instruct,Create,Create,1
1664,Qwen2-7B-Instruct,Evaluate,Evaluate,1
1665,Qwen2-7B-Instruct,Create,Create,1
1666,Qwen2-7B-Instruct,Analyze,Analyze,1
1667,Qwen2-7B-Instruct,Apply,Apply,1
1668,Qwen2-7B-Instruct,Apply,Apply,1
1669,Qwen2-7B-Instruct,Apply,Apply,1
1670,Qwen2-7B-Instruct,Understand,Understand,1
1671,Qwen2-7B-Instruct,Apply,Apply,1
1672,Qwen2-7B-Instruct,Apply,Create,0
1673,Qwen2-7B-Instruct,Understand,Create,0
1674,Qwen2-7B-Instruct,Create,Create,1
1675,Qwen2-7B-Instruct,Create,Apply,0
1676,Qwen2-7B-Instruct,Apply,Apply,1
1677,Qwen2-7B-Instruct,Understand,Understand,1
1678,Qwen2-7B-Instruct,Evaluate,Evaluate,1
1679,Qwen2-7B-Instruct,Analyze,Analyze,1
1680,Qwen2-7B-Instruct,Apply,Apply,1
1681,Qwen2-7B-Instruct,Apply,Apply,1
1682,Qwen2-7B-Instruct,Create,Create,1
1683,Qwen2-7B-Instruct,Understand,Understand,1
1684,Qwen2-7B-Instruct,Understand,Understand,1
1685,Qwen2-7B-Instruct,Understand,Understand,1
1686,Qwen2-7B-Instruct,Remember,Remember,1
1687,Qwen2-7B-Instruct,Understand,Understand,1
1688,Qwen2-7B-Instruct,Apply,Apply,1
1689,Qwen2-7B-Instruct,Create,Create,1
1690,Qwen2-7B-Instruct,Apply,Apply,1
1691,Qwen2-7B-Instruct,Create,Create,1
1692,Qwen2-7B-Instruct,Evaluate,Evaluate,1
1693,Qwen2-7B-Instruct,Understand,Understand,1
1694,Qwen2-7B-Instruct,Apply,Apply,1
1695,Qwen2-7B-Instruct,Create,Create,1
1696,Qwen2-7B-Instruct,Create,Create,1
1697,Qwen2-7B-Instruct,Analyze,Analyze,1
1698,Qwen2-7B-Instruct,Apply,Apply,1
1699,Qwen2-7B-Instruct,Understand,Understand,1
1700,Qwen2-7B-Instruct,Apply,Apply,1
1701,Qwen2-7B-Instruct,Create,Create,1
1702,Qwen2-7B-Instruct,Analyze,Analyze,1
1703,Qwen2-7B-Instruct,Apply,Apply,1
1704,Qwen2-7B-Instruct,Apply,Apply,1
1705,Qwen2-7B-Instruct,Apply,Apply,1
1706,Qwen2-7B-Instruct,Apply,Apply,1
1707,Qwen2-7B-Instruct,Analyze,Analyze,1
1708,Qwen2-7B-Instruct,Apply,Apply,1
1709,Qwen2-7B-Instruct,Understand,Understand,1
1710,Qwen2-7B-Instruct,Analyze,Analyze,1
1711,Qwen2-7B-Instruct,Evaluate,Evaluate,1
1712,Qwen2-7B-Instruct,Understand,Understand,1
1713,Qwen2-7B-Instruct,Create,Analyze,0
1714,Qwen2-7B-Instruct,Evaluate,Evaluate,1
1715,Qwen2-7B-Instruct,Create,Create,1
1716,Qwen2-7B-Instruct,Understand,Understand,1
1717,Qwen2-7B-Instruct,Analyze,Analyze,1
1718,Qwen2-7B-Instruct,Analyze,Analyze,1
1719,Qwen2-7B-Instruct,Understand,Understand,1
1720,Qwen2-7B-Instruct,Create,Create,1
1721,Qwen2-7B-Instruct,Remember,Remember,1
1722,Qwen2-7B-Instruct,Apply,Apply,1
1723,Qwen2-7B-Instruct,Apply,Apply,1
1724,Qwen2-7B-Instruct,Apply,Apply,1
1725,Qwen2-7B-Instruct,Apply,Apply,1
1726,Qwen2-7B-Instruct,Evaluate,Evaluate,1
1727,Qwen2-7B-Instruct,Understand,Understand,1
1728,Qwen2-7B-Instruct,Analyze,Analyze,1
1729,Qwen2-7B-Instruct,Understand,Understand,1
1730,Qwen2-7B-Instruct,Understand,Understand,1
1731,Qwen2-7B-Instruct,Create,Create,1
1732,Qwen2-7B-Instruct,Evaluate,Create,0
1733,Qwen2-7B-Instruct,Analyze,Analyze,1
1734,Qwen2-7B-Instruct,Analyze,Analyze,1
1735,Qwen2-7B-Instruct,Understand,Apply,0
1736,Qwen2-7B-Instruct,Understand,Understand,1
1737,Qwen2-7B-Instruct,Understand,Understand,1
1738,Qwen2-7B-Instruct,Create,Create,1
1739,Qwen2-7B-Instruct,Apply,Apply,1
1740,Qwen2-7B-Instruct,Analyze,Analyze,1
1741,Qwen2-7B-Instruct,Apply,Apply,1
1742,Qwen2-7B-Instruct,Understand,Understand,1
1743,Qwen2-7B-Instruct,Understand,Understand,1
1744,Qwen2-7B-Instruct,Apply,Apply,1
1745,Qwen2-7B-Instruct,Apply,Apply,1
1746,Qwen2-7B-Instruct,Analyze,Analyze,1
1747,Qwen2-7B-Instruct,Apply,Apply,1
1748,Qwen2-7B-Instruct,Create,Create,1
1749,Qwen2-7B-Instruct,Create,Create,1
1750,Qwen2-7B-Instruct,Understand,Understand,1
1751,Qwen2-7B-Instruct,Apply,Apply,1
1752,Qwen2-7B-Instruct,Apply,Apply,1
1753,Qwen2-7B-Instruct,Understand,Remember,0
1754,Qwen2-7B-Instruct,Understand,Understand,1
1755,Qwen2-7B-Instruct,Understand,Understand,1
1756,Qwen2-7B-Instruct,Remember,Remember,1
1757,Qwen2-7B-Instruct,Apply,Apply,1
1758,Qwen2-7B-Instruct,Remember,Remember,1
1759,Qwen2-7B-Instruct,Understand,Understand,1
1760,Qwen2-7B-Instruct,Understand,Understand,1
1761,Qwen2-7B-Instruct,Apply,Apply,1
1762,Qwen2-7B-Instruct,Understand,Understand,1
1763,Qwen2-7B-Instruct,Create,Create,1
1764,Qwen2-7B-Instruct,Create,Create,1
1765,Qwen2-7B-Instruct,Apply,Create,0
1766,Qwen2-7B-Instruct,Create,Create,1
1767,Qwen2-7B-Instruct,Understand,Understand,1
1768,Qwen2-7B-Instruct,Understand,Remember,0
1769,Qwen2-7B-Instruct,Understand,Understand,1
1770,Qwen2-7B-Instruct,Analyze,Analyze,1
1771,Qwen2-7B-Instruct,Apply,Apply,1
1772,Qwen2-7B-Instruct,Understand,Understand,1
1773,Qwen2-7B-Instruct,Understand,Understand,1
1774,Qwen2-7B-Instruct,Analyze,Analyze,1
1775,Qwen2-7B-Instruct,Understand,Understand,1
1776,Qwen2-7B-Instruct,Evaluate,Evaluate,1
1777,Qwen2-7B-Instruct,Apply,Apply,1
1778,Qwen2-7B-Instruct,Understand,Understand,1
1779,Qwen2-7B-Instruct,Apply,Apply,1
1780,Qwen2-7B-Instruct,Create,Create,1
1781,Qwen2-7B-Instruct,Understand,Understand,1
1782,Qwen2-7B-Instruct,Create,Create,1
1783,Qwen2-7B-Instruct,Understand,Understand,1
1784,Qwen2-7B-Instruct,Apply,Apply,1
1785,Qwen2-7B-Instruct,Create,Create,1
1786,Qwen2-7B-Instruct,Create,Create,1
1787,Qwen2-7B-Instruct,Evaluate,Evaluate,1
1788,Qwen2-7B-Instruct,Create,Apply,0
1789,Qwen2-7B-Instruct,Create,Create,1
1790,Qwen2-7B-Instruct,Create,Create,1
1791,Qwen2-7B-Instruct,Apply,Apply,1
1792,Qwen2-7B-Instruct,Understand,Understand,1
1793,Qwen2-7B-Instruct,Analyze,Analyze,1
1794,Qwen2-7B-Instruct,Apply,Apply,1
1795,Qwen2-7B-Instruct,Analyze,Analyze,1
1796,Qwen2-7B-Instruct,Create,Create,1
1797,Qwen2-7B-Instruct,Understand,Understand,1
1798,Qwen2-7B-Instruct,Apply,Apply,1
1799,Qwen2-7B-Instruct,Apply,Apply,1
1800,Qwen2-7B-Instruct,Evaluate,Evaluate,1
1801,Qwen2-7B-Instruct,Evaluate,Evaluate,1
1802,Qwen2-7B-Instruct,Understand,Understand,1
1803,Qwen2-7B-Instruct,Create,Create,1
1804,Qwen2-7B-Instruct,Create,Create,1
1805,Qwen2-7B-Instruct,Analyze,Analyze,1
1806,Qwen2-7B-Instruct,Apply,Apply,1
1807,Qwen2-7B-Instruct,Understand,Understand,1
1808,Qwen2-7B-Instruct,Analyze,Remember,0
1809,Qwen2-7B-Instruct,Understand,Understand,1
1810,Qwen2-7B-Instruct,Apply,Apply,1
1811,Qwen2-7B-Instruct,Evaluate,Evaluate,1
1812,Qwen2-7B-Instruct,Apply,Apply,1
1813,Qwen2-7B-Instruct,Understand,Understand,1
1814,Qwen2-7B-Instruct,Understand,Apply,0
1815,Qwen2-7B-Instruct,Understand,Understand,1
1816,Qwen2-7B-Instruct,Analyze,Remember,0
1817,Qwen2-7B-Instruct,Understand,Understand,1
1818,Qwen2-7B-Instruct,Analyze,Analyze,1
1819,Qwen2-7B-Instruct,Understand,Understand,1
1820,Qwen2-7B-Instruct,Evaluate,Evaluate,1
1821,Qwen2-7B-Instruct,Apply,Apply,1
1822,Qwen2-7B-Instruct,Apply,Apply,1
1823,Qwen2-7B-Instruct,Evaluate,Evaluate,1
1824,Qwen2-7B-Instruct,Evaluate,Evaluate,1
1825,Qwen2-7B-Instruct,Apply,Apply,1
1826,Qwen2-7B-Instruct,Evaluate,Evaluate,1
1827,Qwen2-7B-Instruct,Understand,Understand,1
1828,Qwen2-7B-Instruct,Apply,Apply,1
1829,Qwen2-7B-Instruct,Analyze,Analyze,1
1830,Qwen2-7B-Instruct,Create,Create,1
1831,Qwen2-7B-Instruct,Analyze,Analyze,1
1832,Qwen2-7B-Instruct,Create,Create,1
1833,Qwen2-7B-Instruct,Evaluate,Evaluate,1
1834,Qwen2-7B-Instruct,Analyze,Analyze,1
1835,Qwen2-7B-Instruct,Apply,Apply,1
1836,Qwen2-7B-Instruct,Apply,Apply,1
1837,Qwen2-7B-Instruct,Create,Create,1
1838,Qwen2-7B-Instruct,Evaluate,Evaluate,1
1839,Qwen2-7B-Instruct,Create,Create,1
1840,Qwen2-7B-Instruct,Create,Create,1
1841,Qwen2-7B-Instruct,Create,Create,1
1842,Qwen2-7B-Instruct,Apply,Apply,1
1843,Qwen2-7B-Instruct,Apply,Apply,1
1844,Qwen2-7B-Instruct,Apply,Apply,1
1845,Qwen2-7B-Instruct,Evaluate,Evaluate,1
1846,Qwen2-7B-Instruct,Apply,Apply,1
1847,Qwen2-7B-Instruct,Understand,Understand,1
1848,Qwen2-7B-Instruct,Apply,Apply,1
1849,Qwen2-7B-Instruct,Apply,Apply,1
1850,Qwen2-7B-Instruct,Analyze,Analyze,1
1851,Qwen2-7B-Instruct,Create,Create,1
1852,Qwen2-7B-Instruct,Apply,Apply,1
1853,Qwen2-7B-Instruct,Evaluate,Evaluate,1
1854,Qwen2-7B-Instruct,Apply,Apply,1
1855,Qwen2-7B-Instruct,Apply,Apply,1
1856,Qwen2-7B-Instruct,Understand,Understand,1
1857,Qwen2-7B-Instruct,Create,Create,1
1858,Qwen2-7B-Instruct,Analyze,Analyze,1
1859,Qwen2-7B-Instruct,Remember,Remember,1
1860,Qwen2-7B-Instruct,Understand,Understand,1
1861,Qwen2-7B-Instruct,Understand,Understand,1
1862,Qwen2-7B-Instruct,Understand,Understand,1
1863,Qwen2-7B-Instruct,Understand,Understand,1
1864,Qwen2-7B-Instruct,Apply,Apply,1
1865,Qwen2-7B-Instruct,Create,Create,1
1866,Qwen2-7B-Instruct,Understand,Understand,1
1867,Qwen2-7B-Instruct,Understand,Apply,0
1868,Qwen2-7B-Instruct,Apply,Apply,1
1869,Qwen2-7B-Instruct,Understand,Understand,1
1870,Qwen2-7B-Instruct,Apply,Apply,1
1871,Qwen2-7B-Instruct,Create,Create,1
1872,Qwen2-7B-Instruct,Apply,Apply,1
1873,Qwen2-7B-Instruct,Apply,Apply,1
1874,Qwen2-7B-Instruct,Analyze,Analyze,1
1875,Qwen2-7B-Instruct,Evaluate,Evaluate,1
1876,Qwen2-7B-Instruct,Create,Create,1
1877,Qwen2-7B-Instruct,Understand,Understand,1
1878,Qwen2-7B-Instruct,Understand,Understand,1
1879,Qwen2-7B-Instruct,Apply,Apply,1
1880,Qwen2-7B-Instruct,Evaluate,Evaluate,1
1881,Qwen2-7B-Instruct,Understand,Apply,0
1882,Qwen2-7B-Instruct,Create,Create,1
1883,Qwen2-7B-Instruct,Apply,Apply,1
1884,Qwen2-7B-Instruct,Evaluate,Evaluate,1
1885,Qwen2-7B-Instruct,Understand,Understand,1
1886,Qwen2-7B-Instruct,Evaluate,Analyze,0
1887,Qwen2-7B-Instruct,Evaluate,Evaluate,1
1888,Qwen2-7B-Instruct,Understand,Understand,1
1889,Qwen2-7B-Instruct,Create,Create,1
1890,Qwen2-7B-Instruct,Evaluate,Evaluate,1
1891,Qwen2-7B-Instruct,Create,Create,1
1892,Qwen2-7B-Instruct,Evaluate,Evaluate,1
1893,Qwen2-7B-Instruct,Create,Create,1
1894,Qwen2-7B-Instruct,Analyze,Analyze,1
1895,Qwen2-7B-Instruct,Apply,Apply,1
1896,Qwen2-7B-Instruct,Create,Create,1
1897,Qwen2-7B-Instruct,Analyze,Analyze,1
1898,Qwen2-7B-Instruct,Analyze,Analyze,1
1899,Qwen2-7B-Instruct,Apply,Apply,1
1900,Qwen2-7B-Instruct,Understand,Understand,1
1901,Qwen2-7B-Instruct,Understand,Understand,1
1902,Qwen2-7B-Instruct,Understand,Analyze,0
1903,Qwen2-7B-Instruct,Understand,Understand,1
1904,Qwen2-7B-Instruct,Create,Create,1
1905,Qwen2-7B-Instruct,Create,Create,1
1906,Qwen2-7B-Instruct,Understand,Understand,1
1907,Qwen2-7B-Instruct,Apply,Apply,1
1908,Qwen2-7B-Instruct,Understand,Understand,1
1909,Qwen2-7B-Instruct,Analyze,Analyze,1
1910,Qwen2-7B-Instruct,Analyze,Analyze,1
1911,Qwen2-7B-Instruct,Create,Create,1
1912,Qwen2-7B-Instruct,Understand,Understand,1
1913,Qwen2-7B-Instruct,Apply,Apply,1
1914,Qwen2-7B-Instruct,Understand,Understand,1
1915,Qwen2-7B-Instruct,Understand,Understand,1
1916,Qwen2-7B-Instruct,Apply,Apply,1
1917,Qwen2-7B-Instruct,Apply,Apply,1
1918,Qwen2-7B-Instruct,Remember,Remember,1
1919,Qwen2-7B-Instruct,Understand,Understand,1
1920,Qwen2-7B-Instruct,Evaluate,Evaluate,1
1921,Qwen2-7B-Instruct,Apply,Apply,1
1922,Qwen2-7B-Instruct,Understand,Understand,1
1923,Qwen2-7B-Instruct,Create,Remember,0
1924,Qwen2-7B-Instruct,Evaluate,Evaluate,1
1925,Qwen2-7B-Instruct,Evaluate,Evaluate,1
1926,Qwen2-7B-Instruct,Create,Apply,0
1927,Qwen2-7B-Instruct,Analyze,Analyze,1
1928,Qwen2-7B-Instruct,Analyze,Analyze,1
1929,Qwen2-7B-Instruct,Apply,Apply,1
1930,Qwen2-7B-Instruct,Create,Create,1
1931,Qwen2-7B-Instruct,Evaluate,Evaluate,1
1932,Qwen2-7B-Instruct,Remember,Remember,1
1933,Qwen2-7B-Instruct,Create,Create,1
1934,Qwen2-7B-Instruct,Understand,Understand,1
1935,Qwen2-7B-Instruct,Create,Create,1
1936,Qwen2-7B-Instruct,Apply,Apply,1
1937,Qwen2-7B-Instruct,Create,Create,1
1938,Qwen2-7B-Instruct,Remember,Remember,1
1939,Qwen2-7B-Instruct,Apply,Apply,1
1940,Qwen2-7B-Instruct,Apply,Apply,1
1941,Qwen2-7B-Instruct,Remember,Remember,1
1942,Qwen2-7B-Instruct,Create,Create,1
1943,Qwen2-7B-Instruct,Create,Create,1
1944,Qwen2-7B-Instruct,Create,Create,1
1945,Qwen2-7B-Instruct,Create,Create,1
1946,Qwen2-7B-Instruct,Remember,Remember,1
1947,Qwen2-7B-Instruct,Understand,Understand,1
1948,Qwen2-7B-Instruct,Understand,Understand,1
1949,Qwen2-7B-Instruct,Analyze,Analyze,1
1950,Qwen2-7B-Instruct,Create,Create,1
1951,Qwen2-7B-Instruct,Analyze,Analyze,1
1952,Qwen2-7B-Instruct,Create,Create,1
1953,Qwen2-7B-Instruct,Analyze,Analyze,1
1954,Qwen2-7B-Instruct,Analyze,Analyze,1
1955,Qwen2-7B-Instruct,Apply,Apply,1
1956,Qwen2-7B-Instruct,Apply,Apply,1
1957,Qwen2-7B-Instruct,Understand,Understand,1
1958,Qwen2-7B-Instruct,Evaluate,Evaluate,1
1959,Qwen2-7B-Instruct,Understand,Understand,1
1960,Qwen2-7B-Instruct,Understand,Understand,1
1961,Qwen2-7B-Instruct,Analyze,Analyze,1
1962,Qwen2-7B-Instruct,Evaluate,Evaluate,1
1963,Qwen2-7B-Instruct,Create,Create,1
1964,Qwen2-7B-Instruct,Evaluate,Evaluate,1
1965,Qwen2-7B-Instruct,Create,Create,1
1966,Qwen2-7B-Instruct,Create,Create,1
1967,Qwen2-7B-Instruct,Apply,Apply,1
1968,Qwen2-7B-Instruct,Apply,Apply,1
1969,Qwen2-7B-Instruct,Evaluate,Evaluate,1
1970,Qwen2-7B-Instruct,Understand,Understand,1
1971,Qwen2-7B-Instruct,Apply,Apply,1
1972,Qwen2-7B-Instruct,Apply,Analyze,0
1973,Qwen2-7B-Instruct,Create,Create,1
1974,Qwen2-7B-Instruct,Create,Create,1
1975,Qwen2-7B-Instruct,Understand,Understand,1
1976,Qwen2-7B-Instruct,Understand,Understand,1
1977,Qwen2-7B-Instruct,Apply,Apply,1
1978,Qwen2-7B-Instruct,Understand,Understand,1
1979,Qwen2-7B-Instruct,Apply,Create,0
1980,Qwen2-7B-Instruct,Understand,Understand,1
1981,Qwen2-7B-Instruct,Evaluate,Evaluate,1
1982,Qwen2-7B-Instruct,Apply,Apply,1
1983,Qwen2-7B-Instruct,Understand,Understand,1
1984,Qwen2-7B-Instruct,Evaluate,Evaluate,1
1985,Qwen2-7B-Instruct,Create,Create,1
1986,Qwen2-7B-Instruct,Remember,Analyze,0
1987,Qwen2-7B-Instruct,Understand,Understand,1
1988,Qwen2-7B-Instruct,Analyze,Analyze,1
1989,Qwen2-7B-Instruct,Apply,Apply,1
1990,Qwen2-7B-Instruct,Apply,Apply,1
1991,Qwen2-7B-Instruct,Apply,Apply,1
1992,Qwen2-7B-Instruct,Analyze,Analyze,1
1993,Qwen2-7B-Instruct,Create,Remember,0
1994,Qwen2-7B-Instruct,Apply,Apply,1
1995,Qwen2-7B-Instruct,Apply,Apply,1
1996,Qwen2-7B-Instruct,Apply,Apply,1
1997,Qwen2-7B-Instruct,Evaluate,Evaluate,1
1998,Qwen2-7B-Instruct,Apply,Apply,1
1999,Qwen2-7B-Instruct,Create,Create,1
2000,Qwen2-7B-Instruct,Analyze,Remember,0
2001,Qwen2-7B-Instruct,Apply,Create,0
2002,Qwen2-7B-Instruct,Apply,Apply,1
2003,Qwen2-7B-Instruct,Understand,Understand,1
2004,Qwen2-7B-Instruct,Understand,Understand,1
2005,Qwen2-7B-Instruct,Evaluate,Evaluate,1
2006,Qwen2-7B-Instruct,Understand,Understand,1
2007,Qwen2-7B-Instruct,Understand,Understand,1
2008,Qwen2-7B-Instruct,Apply,Apply,1
2009,Qwen2-7B-Instruct,Evaluate,Create,0
2010,Qwen2-7B-Instruct,Apply,Apply,1
2011,Qwen2-7B-Instruct,Apply,Apply,1
2012,Qwen2-7B-Instruct,Create,Create,1
2013,Qwen2-7B-Instruct,Apply,Apply,1
2014,Qwen2-7B-Instruct,Analyze,Analyze,1
2015,Qwen2-7B-Instruct,Apply,Apply,1
2016,Qwen2-7B-Instruct,Understand,Understand,1
2017,Qwen2-7B-Instruct,Analyze,Apply,0
2018,Qwen2-7B-Instruct,Evaluate,Evaluate,1
2019,Qwen2-7B-Instruct,Create,Create,1
2020,Qwen2-7B-Instruct,Understand,Understand,1
2021,Qwen2-7B-Instruct,Understand,Understand,1
2022,Qwen2-7B-Instruct,Analyze,Analyze,1
2023,Qwen2-7B-Instruct,Remember,Remember,1
2024,Qwen2-7B-Instruct,Apply,Apply,1
2025,Qwen2-7B-Instruct,Apply,Apply,1
2026,Qwen2-7B-Instruct,Understand,Understand,1
2027,Qwen2-7B-Instruct,Apply,Apply,1
2028,Qwen2-7B-Instruct,Evaluate,Evaluate,1
2029,Qwen2-7B-Instruct,Remember,Analyze,0
2030,Qwen2-7B-Instruct,Understand,Understand,1
2031,Qwen2-7B-Instruct,Understand,Understand,1
2032,Qwen2-7B-Instruct,Create,Create,1
2033,Qwen2-7B-Instruct,Understand,Understand,1
2034,Qwen2-7B-Instruct,Apply,Apply,1
2035,Qwen2-7B-Instruct,Understand,Apply,0
2036,Qwen2-7B-Instruct,Evaluate,Evaluate,1
2037,Qwen2-7B-Instruct,Evaluate,Evaluate,1
2038,Qwen2-7B-Instruct,Apply,Apply,1
2039,Qwen2-7B-Instruct,Understand,Understand,1
2040,Qwen2-7B-Instruct,Create,Create,1
2041,Qwen2-7B-Instruct,Understand,Understand,1
2042,Qwen2-7B-Instruct,Remember,Remember,1
2043,Qwen2-7B-Instruct,Apply,Apply,1
2044,Qwen2-7B-Instruct,Remember,Remember,1
2045,Qwen2-7B-Instruct,Create,Create,1
2046,Qwen2-7B-Instruct,Understand,Understand,1
2047,Qwen2-7B-Instruct,Analyze,Analyze,1
2048,Qwen2-7B-Instruct,Understand,Understand,1
2049,Qwen2-7B-Instruct,Apply,Apply,1
2050,Qwen2-7B-Instruct,Evaluate,Evaluate,1
2051,Qwen2-7B-Instruct,Understand,Understand,1
2052,Qwen2-7B-Instruct,Apply,Apply,1
2053,Qwen2-7B-Instruct,Create,Create,1
2054,Qwen2-7B-Instruct,Evaluate,Evaluate,1
2055,Qwen2-7B-Instruct,Understand,Understand,1
2056,Qwen2-7B-Instruct,Create,Create,1
2057,Qwen2-7B-Instruct,Evaluate,Evaluate,1
2058,Qwen2-7B-Instruct,Remember,Remember,1
2059,Qwen2-7B-Instruct,Understand,Understand,1
2060,Qwen2-7B-Instruct,Apply,Apply,1
2061,Qwen2-7B-Instruct,Apply,Apply,1
2062,Qwen2-7B-Instruct,Understand,Understand,1
2063,Qwen2-7B-Instruct,Evaluate,Evaluate,1
2064,Qwen2-7B-Instruct,Understand,Understand,1
2065,Qwen2-7B-Instruct,Evaluate,Evaluate,1
2066,Qwen2-7B-Instruct,Remember,Remember,1
2067,Qwen2-7B-Instruct,Apply,Apply,1
2068,Qwen2-7B-Instruct,Create,Create,1
2069,Qwen2-7B-Instruct,Apply,Create,0
2070,Qwen2-7B-Instruct,Create,Create,1
2071,Qwen2-7B-Instruct,Apply,Apply,1
2072,Qwen2-7B-Instruct,Understand,Understand,1
2073,Qwen2-7B-Instruct,Apply,Apply,1
2074,Qwen2-7B-Instruct,Analyze,Analyze,1
2075,Qwen2-7B-Instruct,Understand,Apply,0
2076,Qwen2-7B-Instruct,Remember,Remember,1
2077,Qwen2-7B-Instruct,Understand,Understand,1
2078,Qwen2-7B-Instruct,Create,Create,1
2079,Qwen2-7B-Instruct,Understand,Understand,1
2080,Qwen2-7B-Instruct,Apply,Apply,1
2081,Qwen2-7B-Instruct,Remember,Remember,1
2082,Qwen2-7B-Instruct,Apply,Analyze,0
2083,Qwen2-7B-Instruct,Understand,Understand,1
2084,Qwen2-7B-Instruct,Understand,Understand,1
2085,Qwen2-7B-Instruct,Apply,Apply,1
2086,Qwen2-7B-Instruct,Understand,Understand,1
2087,Qwen2-7B-Instruct,Understand,Understand,1
2088,Qwen2-7B-Instruct,Understand,Understand,1
2089,Qwen2-7B-Instruct,Understand,Understand,1
2090,Qwen2-7B-Instruct,Understand,Understand,1
2091,Qwen2-7B-Instruct,Analyze,Analyze,1
2092,Qwen2-7B-Instruct,Understand,Understand,1
2093,Qwen2-7B-Instruct,Analyze,Analyze,1
2094,Qwen2-7B-Instruct,Apply,Apply,1
2095,Qwen2-7B-Instruct,Analyze,Analyze,1
2096,Qwen2-7B-Instruct,Analyze,Analyze,1
2097,Qwen2-7B-Instruct,Evaluate,Evaluate,1
2098,Qwen2-7B-Instruct,Understand,Understand,1
2099,Qwen2-7B-Instruct,Understand,Understand,1
2100,Qwen2-7B-Instruct,Apply,Apply,1
2101,Qwen2-7B-Instruct,Apply,Apply,1
2102,Qwen2-7B-Instruct,Apply,Apply,1
2103,Qwen2-7B-Instruct,Create,Create,1
2104,Qwen2-7B-Instruct,Evaluate,Evaluate,1
2105,Qwen2-7B-Instruct,Evaluate,Evaluate,1
2106,Qwen2-7B-Instruct,Evaluate,Evaluate,1
2107,Qwen2-7B-Instruct,Apply,Apply,1
2108,Qwen2-7B-Instruct,Analyze,Analyze,1
2109,Qwen2-7B-Instruct,Apply,Apply,1
2110,Qwen2-7B-Instruct,Create,Create,1
2111,Qwen2-7B-Instruct,Understand,Understand,1
2112,Qwen2-7B-Instruct,Apply,Apply,1
2113,Qwen2-7B-Instruct,Remember,Remember,1
2114,Qwen2-7B-Instruct,Understand,Understand,1
2115,Qwen2-7B-Instruct,Understand,Understand,1
2116,Qwen2-7B-Instruct,Understand,Understand,1
2117,Qwen2-7B-Instruct,Understand,Understand,1
2118,Qwen2-7B-Instruct,Understand,Understand,1
2119,Qwen2-7B-Instruct,Analyze,Analyze,1
2120,Qwen2-7B-Instruct,Apply,Apply,1
2121,Qwen2-7B-Instruct,Understand,Understand,1
2122,Qwen2-7B-Instruct,Apply,Apply,1
2123,Qwen2-7B-Instruct,Apply,Apply,1
2124,Qwen2-7B-Instruct,Create,Create,1
2125,Qwen2-7B-Instruct,Apply,Apply,1
2126,Qwen2-7B-Instruct,Analyze,Analyze,1
2127,Qwen2-7B-Instruct,Analyze,Analyze,1
2128,Qwen2-7B-Instruct,Analyze,Analyze,1
2129,Qwen2-7B-Instruct,Evaluate,Evaluate,1
2130,Qwen2-7B-Instruct,Apply,Apply,1
2131,Qwen2-7B-Instruct,Understand,Create,0
2132,Qwen2-7B-Instruct,Create,Create,1
2133,Qwen2-7B-Instruct,Apply,Apply,1
2134,Qwen2-7B-Instruct,Create,Create,1
2135,Qwen2-7B-Instruct,Understand,Understand,1
2136,Qwen2-7B-Instruct,Evaluate,Evaluate,1
2137,Qwen2-7B-Instruct,Apply,Apply,1
2138,Qwen2-7B-Instruct,Apply,Apply,1
2139,Qwen2-7B-Instruct,Evaluate,Evaluate,1
2140,Qwen2-7B-Instruct,Remember,Remember,1
2141,Qwen2-7B-Instruct,Evaluate,Evaluate,1
2142,Qwen2-7B-Instruct,Apply,Apply,1
2143,Qwen2-7B-Instruct,Understand,Understand,1
2144,Qwen2-7B-Instruct,Evaluate,Evaluate,1
2145,Qwen2-7B-Instruct,Apply,Apply,1
2146,Qwen2-7B-Instruct,Evaluate,Evaluate,1
2147,Qwen2-7B-Instruct,Remember,Remember,1
2148,Qwen2-7B-Instruct,Create,Create,1
2149,Qwen2-7B-Instruct,Analyze,Analyze,1
2150,Qwen2-7B-Instruct,Understand,Understand,1
2151,Qwen2-7B-Instruct,Understand,Understand,1
2152,Qwen2-7B-Instruct,Evaluate,Evaluate,1
2153,Qwen2-7B-Instruct,Evaluate,Evaluate,1
2154,Qwen2-7B-Instruct,Apply,Create,0
2155,Qwen2-7B-Instruct,Apply,Apply,1
2156,Qwen2-7B-Instruct,Create,Create,1
2157,Qwen2-7B-Instruct,Create,Create,1
2158,Qwen2-7B-Instruct,Evaluate,Evaluate,1
2159,Qwen2-7B-Instruct,Understand,Apply,0
2160,Qwen2-7B-Instruct,Apply,Apply,1
2161,Qwen2-7B-Instruct,Create,Create,1
2162,Qwen2-7B-Instruct,Analyze,Create,0
2163,Qwen2-7B-Instruct,Analyze,Analyze,1
2164,Qwen2-7B-Instruct,Understand,Understand,1
2165,Qwen2-7B-Instruct,Evaluate,Analyze,0
2166,Qwen2-7B-Instruct,Apply,Apply,1
2167,Qwen2-7B-Instruct,Understand,Understand,1
2168,Qwen2-7B-Instruct,Remember,Remember,1
2169,Qwen2-7B-Instruct,Analyze,Analyze,1
2170,Qwen2-7B-Instruct,Evaluate,Evaluate,1
2171,Qwen2-7B-Instruct,Apply,Apply,1
2172,Qwen2-7B-Instruct,Understand,Understand,1
2173,Qwen2-7B-Instruct,Understand,Understand,1
2174,Qwen2-7B-Instruct,Apply,Apply,1
2175,Qwen2-7B-Instruct,Apply,Apply,1
2176,Qwen2-7B-Instruct,Evaluate,Evaluate,1
2177,Qwen2-7B-Instruct,Create,Create,1
2178,Qwen2-7B-Instruct,Create,Create,1
2179,Qwen2-7B-Instruct,Analyze,Analyze,1
2180,Qwen2-7B-Instruct,Apply,Apply,1
2181,Qwen2-7B-Instruct,Apply,Apply,1
2182,Qwen2-7B-Instruct,Understand,Understand,1
2183,Qwen2-7B-Instruct,Analyze,Analyze,1
2184,Qwen2-7B-Instruct,Apply,Apply,1
2185,Qwen2-7B-Instruct,Apply,Apply,1
2186,Qwen2-7B-Instruct,Apply,Create,0
2187,Qwen2-7B-Instruct,Analyze,Analyze,1
2188,Qwen2-7B-Instruct,Understand,Understand,1
2189,Qwen2-7B-Instruct,Remember,Analyze,0
2190,Qwen2-7B-Instruct,Apply,Apply,1
2191,Qwen2-7B-Instruct,Understand,Understand,1
2192,Qwen2-7B-Instruct,Apply,Apply,1
2193,Qwen2-7B-Instruct,Evaluate,Evaluate,1
2194,Qwen2-7B-Instruct,Analyze,Analyze,1
2195,Qwen2-7B-Instruct,Create,Create,1
2196,Qwen2-7B-Instruct,Understand,Understand,1
2197,Qwen2-7B-Instruct,Remember,Understand,0
2198,Qwen2-7B-Instruct,Create,Create,1
2199,Qwen2-7B-Instruct,Understand,Understand,1
2200,Qwen2-7B-Instruct,Create,Create,1
2201,Qwen2-7B-Instruct,Understand,Understand,1
2202,Qwen2-7B-Instruct,Create,Create,1
2203,Qwen2-7B-Instruct,Apply,Apply,1
2204,Qwen2-7B-Instruct,Apply,Apply,1
2205,Qwen2-7B-Instruct,Remember,Remember,1
2206,Qwen2-7B-Instruct,Understand,Understand,1
2207,Qwen2-7B-Instruct,Apply,Create,0
2208,Qwen2-7B-Instruct,Evaluate,Evaluate,1
2209,Qwen2-7B-Instruct,Apply,Apply,1
2210,Qwen2-7B-Instruct,Evaluate,Evaluate,1
2211,Qwen2-7B-Instruct,Apply,Apply,1
2212,Qwen2-7B-Instruct,Understand,Understand,1
2213,Qwen2-7B-Instruct,Understand,Understand,1
2214,Qwen2-7B-Instruct,Apply,Apply,1
2215,Qwen2-7B-Instruct,Evaluate,Evaluate,1
2216,Qwen2-7B-Instruct,Evaluate,Evaluate,1
2217,Qwen2-7B-Instruct,Create,Create,1
2218,Qwen2-7B-Instruct,Apply,Apply,1
2219,Qwen2-7B-Instruct,Understand,Understand,1
2220,Qwen2-7B-Instruct,Understand,Understand,1
2221,Qwen2-7B-Instruct,Understand,Understand,1
2222,Qwen2-7B-Instruct,Analyze,Analyze,1
2223,Qwen2-7B-Instruct,Understand,Understand,1
2224,Qwen2-7B-Instruct,Apply,Apply,1
2225,Qwen2-7B-Instruct,Understand,Understand,1
2226,Qwen2-7B-Instruct,Understand,Understand,1
2227,Qwen2-7B-Instruct,Apply,Apply,1
2228,Qwen2-7B-Instruct,Create,Create,1
2229,Qwen2-7B-Instruct,Apply,Apply,1
2230,Qwen2-7B-Instruct,Evaluate,Evaluate,1
2231,Qwen2-7B-Instruct,Evaluate,Evaluate,1
2232,Qwen2-7B-Instruct,Understand,Create,0
2233,Qwen2-7B-Instruct,Evaluate,Evaluate,1
2234,Qwen2-7B-Instruct,Understand,Understand,1
2235,Qwen2-7B-Instruct,Evaluate,Evaluate,1
2236,Qwen2-7B-Instruct,Evaluate,Evaluate,1
2237,Qwen2-7B-Instruct,Analyze,Analyze,1
2238,Qwen2-7B-Instruct,Apply,Apply,1
2239,Qwen2-7B-Instruct,Apply,Apply,1
2240,Qwen2-7B-Instruct,Analyze,Analyze,1
2241,Qwen2-7B-Instruct,Evaluate,Evaluate,1
2242,Qwen2-7B-Instruct,Analyze,Analyze,1
2243,Qwen2-7B-Instruct,Create,Create,1
2244,Qwen2-7B-Instruct,Create,Create,1
2245,Qwen2-7B-Instruct,Evaluate,Evaluate,1
2246,Qwen2-7B-Instruct,Understand,Understand,1
2247,Qwen2-7B-Instruct,Understand,Understand,1
2248,Qwen2-7B-Instruct,Apply,Apply,1
2249,Qwen2-7B-Instruct,Create,Create,1
2250,Qwen2-7B-Instruct,Apply,Apply,1
2251,Qwen2-7B-Instruct,Understand,Understand,1
2252,Qwen2-7B-Instruct,Create,Create,1
2253,Qwen2-7B-Instruct,Apply,Apply,1
2254,Qwen2-7B-Instruct,Understand,Understand,1
2255,Qwen2-7B-Instruct,Evaluate,Evaluate,1
2256,Qwen2-7B-Instruct,Understand,Understand,1
2257,Qwen2-7B-Instruct,Apply,Apply,1
2258,Qwen2-7B-Instruct,Understand,Understand,1
2259,Qwen2-7B-Instruct,Evaluate,Evaluate,1
2260,Qwen2-7B-Instruct,Create,Create,1
2261,Qwen2-7B-Instruct,Apply,Apply,1
2262,Qwen2-7B-Instruct,Understand,Understand,1
2263,Qwen2-7B-Instruct,Apply,Apply,1
2264,Qwen2-7B-Instruct,Understand,Understand,1
2265,Qwen2-7B-Instruct,Evaluate,Evaluate,1
2266,Qwen2-7B-Instruct,Analyze,Analyze,1
2267,Qwen2-7B-Instruct,Analyze,Apply,0
2268,Qwen2-7B-Instruct,Apply,Apply,1
2269,Qwen2-7B-Instruct,Analyze,Analyze,1
2270,Qwen2-7B-Instruct,Apply,Apply,1
2271,Qwen2-7B-Instruct,Evaluate,Evaluate,1
2272,Qwen2-7B-Instruct,Understand,Understand,1
2273,Qwen2-7B-Instruct,Understand,Apply,0
2274,Qwen2-7B-Instruct,Understand,Understand,1
2275,Qwen2-7B-Instruct,Analyze,Analyze,1
2276,Qwen2-7B-Instruct,Understand,Understand,1
2277,Qwen2-7B-Instruct,Understand,Understand,1
2278,Qwen2-7B-Instruct,Apply,Apply,1
2279,Qwen2-7B-Instruct,Understand,Understand,1
2280,Qwen2-7B-Instruct,Analyze,Analyze,1
2281,Qwen2-7B-Instruct,Understand,Understand,1
2282,Qwen2-7B-Instruct,Evaluate,Evaluate,1
2283,Qwen2-7B-Instruct,Understand,Understand,1
2284,Qwen2-7B-Instruct,Apply,Apply,1
2285,Qwen2-7B-Instruct,Remember,Remember,1
2286,Qwen2-7B-Instruct,Understand,Understand,1
2287,Qwen2-7B-Instruct,Evaluate,Evaluate,1
2288,Qwen2-7B-Instruct,Apply,Apply,1
2289,Qwen2-7B-Instruct,Apply,Analyze,0
2290,Qwen2-7B-Instruct,Analyze,Analyze,1
2291,Qwen2-7B-Instruct,Apply,Apply,1
2292,Qwen2-7B-Instruct,Understand,Understand,1
2293,Qwen2-7B-Instruct,Evaluate,Evaluate,1
2294,Qwen2-7B-Instruct,Understand,Understand,1
2295,Qwen2-7B-Instruct,Apply,Apply,1
2296,Qwen2-7B-Instruct,Apply,Apply,1
2297,Qwen2-7B-Instruct,Apply,Apply,1
2298,Qwen2-7B-Instruct,Evaluate,Evaluate,1
2299,Qwen2-7B-Instruct,Analyze,Analyze,1
2300,Qwen2-7B-Instruct,Create,Create,1
2301,Qwen2-7B-Instruct,Evaluate,Evaluate,1
2302,Qwen2-7B-Instruct,Understand,Understand,1
2303,Qwen2-7B-Instruct,Analyze,Analyze,1
2304,Qwen2-7B-Instruct,Analyze,Analyze,1
2305,Qwen2-7B-Instruct,Understand,Understand,1
2306,Qwen2-7B-Instruct,Analyze,Analyze,1
2307,Qwen2-7B-Instruct,Understand,Understand,1
2308,Qwen2-7B-Instruct,Evaluate,Evaluate,1
2309,Qwen2-7B-Instruct,Create,Create,1
2310,Qwen2-7B-Instruct,Understand,Understand,1
2311,Qwen2-7B-Instruct,Apply,Apply,1
2312,Qwen2-7B-Instruct,Evaluate,Evaluate,1
2313,Qwen2-7B-Instruct,Apply,Apply,1
2314,Qwen2-7B-Instruct,Apply,Apply,1
2315,Qwen2-7B-Instruct,Create,Create,1
2316,Qwen2-7B-Instruct,Remember,Remember,1
2317,Qwen2-7B-Instruct,Understand,Understand,1
2318,Qwen2-7B-Instruct,Create,Create,1
2319,Qwen2-7B-Instruct,Apply,Apply,1
2320,Qwen2-7B-Instruct,Apply,Apply,1
2321,Qwen2-7B-Instruct,Understand,Understand,1
2322,Qwen2-7B-Instruct,Apply,Apply,1
2323,Qwen2-7B-Instruct,Understand,Understand,1
2324,Qwen2-7B-Instruct,Remember,Remember,1
2325,Qwen2-7B-Instruct,Evaluate,Evaluate,1
2326,Qwen2-7B-Instruct,Apply,Apply,1
2327,Qwen2-7B-Instruct,Analyze,Analyze,1
2328,Qwen2-7B-Instruct,Create,Create,1
2329,Qwen2-7B-Instruct,Understand,Understand,1
2330,Qwen2-7B-Instruct,Understand,Understand,1
2331,Qwen2-7B-Instruct,Understand,Understand,1
2332,Qwen2-7B-Instruct,Analyze,Analyze,1
2333,Qwen2-7B-Instruct,Create,Create,1
2334,Qwen2-7B-Instruct,Understand,Understand,1
2335,Qwen2-7B-Instruct,Apply,Apply,1
2336,Qwen2-7B-Instruct,Apply,Apply,1
2337,Qwen2-7B-Instruct,Understand,Understand,1
2338,Qwen2-7B-Instruct,Create,Create,1
2339,Qwen2-7B-Instruct,Evaluate,Evaluate,1
2340,Qwen2-7B-Instruct,Create,Create,1
2341,Qwen2-7B-Instruct,Apply,Apply,1
2342,Qwen2-7B-Instruct,Create,Create,1
2343,Qwen2-7B-Instruct,Apply,Apply,1
2344,Qwen2-7B-Instruct,Understand,Understand,1
2345,Qwen2-7B-Instruct,Understand,Understand,1
2346,Qwen2-7B-Instruct,Create,Create,1
2347,Qwen2-7B-Instruct,Understand,Understand,1
2348,Qwen2-7B-Instruct,Understand,Understand,1
2349,Qwen2-7B-Instruct,Analyze,Analyze,1
2350,Qwen2-7B-Instruct,Apply,Analyze,0
2351,Qwen2-7B-Instruct,Create,Create,1
2352,Qwen2-7B-Instruct,Apply,Apply,1
2353,Qwen2-7B-Instruct,Evaluate,Evaluate,1
2354,Qwen2-7B-Instruct,Understand,Understand,1
2355,Qwen2-7B-Instruct,Evaluate,Evaluate,1
2356,Qwen2-7B-Instruct,Understand,Understand,1
2357,Qwen2-7B-Instruct,Analyze,Analyze,1
2358,Qwen2-7B-Instruct,Remember,Remember,1
2359,Qwen2-7B-Instruct,Apply,Apply,1
2360,Qwen2-7B-Instruct,Analyze,Analyze,1
2361,Qwen2-7B-Instruct,Apply,Apply,1
2362,Qwen2-7B-Instruct,Apply,Apply,1
2363,Qwen2-7B-Instruct,Evaluate,Evaluate,1
2364,Qwen2-7B-Instruct,Understand,Understand,1
2365,Qwen2-7B-Instruct,Apply,Apply,1
2366,Qwen2-7B-Instruct,Understand,Understand,1
2367,Qwen2-7B-Instruct,Understand,Understand,1
2368,Qwen2-7B-Instruct,Apply,Apply,1
2369,Qwen2-7B-Instruct,Create,Create,1
2370,Qwen2-7B-Instruct,Apply,Create,0
2371,Qwen2-7B-Instruct,Understand,Understand,1
2372,Qwen2-7B-Instruct,Apply,Apply,1
2373,Qwen2-7B-Instruct,Create,Create,1
2374,Qwen2-7B-Instruct,Apply,Apply,1
2375,Qwen2-7B-Instruct,Apply,Apply,1
2376,Qwen2-7B-Instruct,Evaluate,Evaluate,1
2377,Qwen2-7B-Instruct,Understand,Understand,1
2378,Qwen2-7B-Instruct,Understand,Apply,0
2379,Qwen2-7B-Instruct,Apply,Apply,1
2380,Qwen2-7B-Instruct,Evaluate,Create,0
2381,Qwen2-7B-Instruct,Understand,Understand,1
2382,Qwen2-7B-Instruct,Understand,Understand,1
2383,Qwen2-7B-Instruct,Apply,Apply,1
2384,Qwen2-7B-Instruct,Understand,Understand,1
2385,Qwen2-7B-Instruct,Apply,Apply,1
2386,Qwen2-7B-Instruct,Create,Create,1
2387,Qwen2-7B-Instruct,Analyze,Analyze,1
2388,Qwen2-7B-Instruct,Apply,Apply,1
2389,Qwen2-7B-Instruct,Apply,Apply,1
2390,Qwen2-7B-Instruct,Evaluate,Evaluate,1
2391,Qwen2-7B-Instruct,Understand,Understand,1
2392,Qwen2-7B-Instruct,Apply,Apply,1
2393,Qwen2-7B-Instruct,Understand,Understand,1
2394,Qwen2-7B-Instruct,Analyze,Analyze,1
2395,Qwen2-7B-Instruct,Analyze,Analyze,1
2396,Qwen2-7B-Instruct,Apply,Apply,1
2397,Qwen2-7B-Instruct,Apply,Apply,1
2398,Qwen2-7B-Instruct,Apply,Apply,1
2399,Qwen2-7B-Instruct,Understand,Apply,0
2400,Qwen2-7B-Instruct,Apply,Apply,1
2401,Qwen2-7B-Instruct,Evaluate,Evaluate,1
2402,Qwen2-7B-Instruct,Create,Create,1
2403,Qwen2-7B-Instruct,Remember,Remember,1
2404,Qwen2-7B-Instruct,Apply,Apply,1
2405,Qwen2-7B-Instruct,Understand,Understand,1
2406,Qwen2-7B-Instruct,Understand,Understand,1
2407,Qwen2-7B-Instruct,Analyze,Analyze,1
2408,Qwen2-7B-Instruct,Create,Create,1
2409,Qwen2-7B-Instruct,Evaluate,Evaluate,1
2410,Qwen2-7B-Instruct,Understand,Understand,1
2411,Qwen2-7B-Instruct,Apply,Apply,1
2412,Qwen2-7B-Instruct,Apply,Apply,1
2413,Qwen2-7B-Instruct,Understand,Understand,1
2414,Qwen2-7B-Instruct,Analyze,Analyze,1
2415,Qwen2-7B-Instruct,Apply,Apply,1
2416,Qwen2-7B-Instruct,Understand,Apply,0
2417,Qwen2-7B-Instruct,Create,Create,1
2418,Qwen2-7B-Instruct,Create,Create,1
2419,Qwen2-7B-Instruct,Apply,Apply,1
2420,Qwen2-7B-Instruct,Remember,Remember,1
2421,Qwen2-7B-Instruct,Apply,Apply,1
2422,Qwen2-7B-Instruct,Evaluate,Evaluate,1
2423,Qwen2-7B-Instruct,Understand,Understand,1
2424,Qwen2-7B-Instruct,Understand,Understand,1
2425,Qwen2-7B-Instruct,Remember,Remember,1
2426,Qwen2-7B-Instruct,Evaluate,Evaluate,1
2427,Qwen2-7B-Instruct,Understand,Understand,1
2428,Qwen2-7B-Instruct,Understand,Understand,1
2429,Qwen2-7B-Instruct,Understand,Create,0
2430,Qwen2-7B-Instruct,Create,Create,1
2431,Qwen2-7B-Instruct,Remember,Remember,1
2432,Qwen2-7B-Instruct,Apply,Apply,1
2433,Qwen2-7B-Instruct,Apply,Apply,1
2434,Qwen2-7B-Instruct,Understand,Understand,1
2435,Qwen2-7B-Instruct,Apply,Apply,1
2436,Qwen2-7B-Instruct,Apply,Apply,1
2437,Qwen2-7B-Instruct,Apply,Apply,1
2438,Qwen2-7B-Instruct,Remember,Create,0
2439,Qwen2-7B-Instruct,Analyze,Analyze,1
2440,Qwen2-7B-Instruct,Analyze,Analyze,1
2441,Qwen2-7B-Instruct,Create,Create,1
2442,Qwen2-7B-Instruct,Understand,Understand,1
2443,Qwen2-7B-Instruct,Understand,Understand,1
2444,Qwen2-7B-Instruct,Evaluate,Evaluate,1
2445,Qwen2-7B-Instruct,Apply,Apply,1
2446,Qwen2-7B-Instruct,Create,Create,1
2447,Qwen2-7B-Instruct,Understand,Understand,1
2448,Qwen2-7B-Instruct,Understand,Understand,1
2449,Qwen2-7B-Instruct,Evaluate,Evaluate,1
2450,Qwen2-7B-Instruct,Evaluate,Evaluate,1
2451,Qwen2-7B-Instruct,Apply,Apply,1
2452,Qwen2-7B-Instruct,Apply,Apply,1
2453,Qwen2-7B-Instruct,Understand,Analyze,0
2454,Qwen2-7B-Instruct,Create,Create,1
2455,Qwen2-7B-Instruct,Understand,Remember,0
2456,Qwen2-7B-Instruct,Analyze,Analyze,1
2457,Qwen2-7B-Instruct,Create,Create,1
2458,Qwen2-7B-Instruct,Apply,Apply,1
2459,Qwen2-7B-Instruct,Create,Create,1
2460,Qwen2-7B-Instruct,Create,Create,1
2461,Qwen2-7B-Instruct,Apply,Create,0
2462,Qwen2-7B-Instruct,Apply,Apply,1
2463,Qwen2-7B-Instruct,Analyze,Analyze,1
2464,Qwen2-7B-Instruct,Understand,Understand,1
2465,Qwen2-7B-Instruct,Analyze,Analyze,1
2466,Qwen2-7B-Instruct,Apply,Apply,1
2467,Qwen2-7B-Instruct,Create,Create,1
2468,Qwen2-7B-Instruct,Understand,Understand,1
2469,Qwen2-7B-Instruct,Create,Apply,0
2470,Qwen2-7B-Instruct,Understand,Understand,1
2471,Qwen2-7B-Instruct,Apply,Apply,1
2472,Qwen2-7B-Instruct,Apply,Apply,1
2473,Qwen2-7B-Instruct,Understand,Understand,1
2474,Qwen2-7B-Instruct,Evaluate,Evaluate,1
2475,Qwen2-7B-Instruct,Evaluate,Evaluate,1
2476,Qwen2-7B-Instruct,Understand,Understand,1
2477,Qwen2-7B-Instruct,Apply,Apply,1
2478,Qwen2-7B-Instruct,Apply,Apply,1
2479,Qwen2-7B-Instruct,Evaluate,Analyze,0
2480,Qwen2-7B-Instruct,Analyze,Analyze,1
2481,Qwen2-7B-Instruct,Evaluate,Evaluate,1
2482,Qwen2-7B-Instruct,Apply,Create,0
2483,Qwen2-7B-Instruct,Understand,Understand,1
2484,Qwen2-7B-Instruct,Apply,Apply,1
2485,Qwen2-7B-Instruct,Create,Create,1
2486,Qwen2-7B-Instruct,Apply,Apply,1
2487,Qwen2-7B-Instruct,Create,Create,1
2488,Qwen2-7B-Instruct,Create,Create,1
2489,Qwen2-7B-Instruct,Analyze,Analyze,1
2490,Qwen2-7B-Instruct,Understand,Understand,1
2491,Qwen2-7B-Instruct,Apply,Apply,1
2492,Qwen2-7B-Instruct,Apply,Apply,1
2493,Qwen2-7B-Instruct,Remember,Remember,1
2494,Qwen2-7B-Instruct,Analyze,Analyze,1
2495,Qwen2-7B-Instruct,Understand,Understand,1
2496,Qwen2-7B-Instruct,Analyze,Analyze,1
2497,Qwen2-7B-Instruct,Apply,Apply,1
2498,Qwen2-7B-Instruct,Evaluate,Evaluate,1
2499,Qwen2-7B-Instruct,Understand,Understand,1
2500,Qwen2-7B-Instruct,Evaluate,Evaluate,1
2501,Qwen2-7B-Instruct,Apply,Apply,1
2502,Qwen2-7B-Instruct,Remember,Remember,1
2503,Qwen2-7B-Instruct,Apply,Apply,1
2504,Qwen2-7B-Instruct,Understand,Understand,1
2505,Qwen2-7B-Instruct,Apply,Apply,1
2506,Qwen2-7B-Instruct,Apply,Apply,1
2507,Qwen2-7B-Instruct,Apply,Apply,1
2508,Qwen2-7B-Instruct,Create,Create,1
2509,Qwen2-7B-Instruct,Understand,Understand,1
2510,Qwen2-7B-Instruct,Create,Create,1
2511,Qwen2-7B-Instruct,Understand,Understand,1
2512,Qwen2-7B-Instruct,Evaluate,Evaluate,1
2513,Qwen2-7B-Instruct,Analyze,Analyze,1
2514,Qwen2-7B-Instruct,Understand,Understand,1
2515,Qwen2-7B-Instruct,Create,Create,1
2516,Qwen2-7B-Instruct,Understand,Understand,1
2517,Qwen2-7B-Instruct,Understand,Apply,0
2518,Qwen2-7B-Instruct,Understand,Understand,1
2519,Qwen2-7B-Instruct,Apply,Apply,1
2520,Qwen2-7B-Instruct,Apply,Apply,1
2521,Qwen2-7B-Instruct,Remember,Remember,1
2522,Qwen2-7B-Instruct,Apply,Apply,1
2523,Qwen2-7B-Instruct,Create,Create,1
2524,Qwen2-7B-Instruct,Understand,Remember,0
2525,Qwen2-7B-Instruct,Understand,Understand,1
2526,Qwen2-7B-Instruct,Apply,Apply,1
2527,Qwen2-7B-Instruct,Analyze,Analyze,1
2528,Qwen2-7B-Instruct,Apply,Apply,1
2529,Qwen2-7B-Instruct,Evaluate,Evaluate,1
2530,Qwen2-7B-Instruct,Understand,Understand,1
2531,Qwen2-7B-Instruct,Create,Create,1
2532,Qwen2-7B-Instruct,Remember,Create,0
2533,Qwen2-7B-Instruct,Analyze,Analyze,1
2534,Qwen2-7B-Instruct,Understand,Understand,1
2535,Qwen2-7B-Instruct,Analyze,Analyze,1
2536,Qwen2-7B-Instruct,Evaluate,Evaluate,1
2537,Qwen2-7B-Instruct,Evaluate,Evaluate,1
2538,Qwen2-7B-Instruct,Understand,Understand,1
2539,Qwen2-7B-Instruct,Evaluate,Evaluate,1
2540,Qwen2-7B-Instruct,Remember,Remember,1
2541,Qwen2-7B-Instruct,Apply,Apply,1
2542,Qwen2-7B-Instruct,Remember,Create,0
2543,Qwen2-7B-Instruct,Create,Create,1
2544,Qwen2-7B-Instruct,Apply,Apply,1
2545,Qwen2-7B-Instruct,Create,Create,1
2546,Qwen2-7B-Instruct,Analyze,Analyze,1
2547,Qwen2-7B-Instruct,Create,Create,1
2548,Qwen2-7B-Instruct,Analyze,Analyze,1
2549,Qwen2-7B-Instruct,Evaluate,Evaluate,1
2550,Qwen2-7B-Instruct,Understand,Understand,1
2551,Qwen2-7B-Instruct,Apply,Apply,1
2552,Qwen2-7B-Instruct,Understand,Analyze,0
2553,Qwen2-7B-Instruct,Evaluate,Evaluate,1
2554,Qwen2-7B-Instruct,Understand,Understand,1
2555,Qwen2-7B-Instruct,Evaluate,Apply,0
2556,Qwen2-7B-Instruct,Create,Create,1
2557,Qwen2-7B-Instruct,Create,Create,1
2558,Qwen2-7B-Instruct,Apply,Apply,1
2559,Qwen2-7B-Instruct,Understand,Understand,1
2560,Qwen2-7B-Instruct,Understand,Understand,1
2561,Qwen2-7B-Instruct,Apply,Apply,1
2562,Qwen2-7B-Instruct,Understand,Understand,1
2563,Qwen2-7B-Instruct,Understand,Understand,1
2564,Qwen2-7B-Instruct,Create,Create,1
2565,Qwen2-7B-Instruct,Apply,Apply,1
2566,Qwen2-7B-Instruct,Understand,Understand,1
2567,Qwen2-7B-Instruct,Understand,Understand,1
2568,Qwen2-7B-Instruct,Understand,Understand,1
2569,Qwen2-7B-Instruct,Create,Create,1
2570,Qwen2-7B-Instruct,Understand,Understand,1
2571,Qwen2-7B-Instruct,Understand,Understand,1
2572,Qwen2-7B-Instruct,Analyze,Analyze,1
2573,Qwen2-7B-Instruct,Create,Create,1
2574,Qwen2-7B-Instruct,Analyze,Analyze,1
2575,Qwen2-7B-Instruct,Apply,Apply,1
2576,Qwen2-7B-Instruct,Apply,Apply,1
2577,Qwen2-7B-Instruct,Understand,Understand,1
2578,Qwen2-7B-Instruct,Evaluate,Analyze,0
2579,Qwen2-7B-Instruct,Apply,Apply,1
2580,Qwen2-7B-Instruct,Remember,Remember,1
2581,Qwen2-7B-Instruct,Evaluate,Create,0
2582,Qwen2-7B-Instruct,Understand,Understand,1
2583,Qwen2-7B-Instruct,Evaluate,Evaluate,1
2584,Qwen2-7B-Instruct,Create,Create,1
2585,Qwen2-7B-Instruct,Analyze,Analyze,1
2586,Qwen2-7B-Instruct,Apply,Apply,1
2587,Qwen2-7B-Instruct,Understand,Understand,1
2588,Qwen2-7B-Instruct,Apply,Apply,1
2589,Qwen2-7B-Instruct,Understand,Understand,1
2590,Qwen2-7B-Instruct,Apply,Apply,1
2591,Qwen2-7B-Instruct,Evaluate,Evaluate,1
2592,Qwen2-7B-Instruct,Understand,Understand,1
2593,Qwen2-7B-Instruct,Understand,Understand,1
2594,Qwen2-7B-Instruct,Understand,Understand,1
2595,Qwen2-7B-Instruct,Evaluate,Evaluate,1
2596,Qwen2-7B-Instruct,Analyze,Analyze,1
2597,Qwen2-7B-Instruct,Create,Create,1
2598,Qwen2-7B-Instruct,Create,Create,1
2599,Qwen2-7B-Instruct,Understand,Understand,1
2600,Qwen2-7B-Instruct,Create,Create,1
2601,Qwen2-7B-Instruct,Understand,Understand,1
2602,Qwen2-7B-Instruct,Evaluate,Evaluate,1
2603,Qwen2-7B-Instruct,Evaluate,Evaluate,1
2604,Qwen2-7B-Instruct,Create,Create,1
2605,Qwen2-7B-Instruct,Create,Create,1
2606,Qwen2-7B-Instruct,Understand,Understand,1
2607,Qwen2-7B-Instruct,Understand,Understand,1
2608,Qwen2-7B-Instruct,Apply,Apply,1
2609,Qwen2-7B-Instruct,Create,Create,1
2610,Qwen2-7B-Instruct,Apply,Apply,1
2611,Qwen2-7B-Instruct,Understand,Understand,1
2612,Qwen2-7B-Instruct,Understand,Understand,1
2613,Qwen2-7B-Instruct,Understand,Understand,1
2614,Qwen2-7B-Instruct,Understand,Understand,1
2615,Qwen2-7B-Instruct,Evaluate,Evaluate,1
2616,Qwen2-7B-Instruct,Evaluate,Evaluate,1
2617,Qwen2-7B-Instruct,Apply,Apply,1
2618,Qwen2-7B-Instruct,Apply,Apply,1
2619,Qwen2-7B-Instruct,Create,Create,1
2620,Qwen2-7B-Instruct,Create,Create,1
2621,Qwen2-7B-Instruct,Understand,Understand,1
2622,Qwen2-7B-Instruct,Analyze,Analyze,1
2623,Qwen2-7B-Instruct,Apply,Apply,1
2624,Qwen2-7B-Instruct,Evaluate,Evaluate,1
2625,Qwen2-7B-Instruct,Apply,Apply,1
2626,Qwen2-7B-Instruct,Evaluate,Evaluate,1
2627,Qwen2-7B-Instruct,Understand,Understand,1
2628,Qwen2-7B-Instruct,Analyze,Analyze,1
2629,Qwen2-7B-Instruct,Understand,Understand,1
2630,Qwen2-7B-Instruct,Analyze,Analyze,1
2631,Qwen2-7B-Instruct,Create,Create,1
2632,Qwen2-7B-Instruct,Apply,Apply,1
2633,Qwen2-7B-Instruct,Understand,Understand,1
2634,Qwen2-7B-Instruct,Create,Create,1
2635,Qwen2-7B-Instruct,Understand,Understand,1
2636,Qwen2-7B-Instruct,Understand,Understand,1
2637,Qwen2-7B-Instruct,Understand,Understand,1
2638,Qwen2-7B-Instruct,Apply,Apply,1
2639,Qwen2-7B-Instruct,Understand,Understand,1
2640,Qwen2-7B-Instruct,Analyze,Analyze,1
2641,Qwen2-7B-Instruct,Understand,Understand,1
2642,Qwen2-7B-Instruct,Understand,Understand,1
2643,Qwen2-7B-Instruct,Understand,Understand,1
2644,Qwen2-7B-Instruct,Create,Create,1
2645,Qwen2-7B-Instruct,Create,Create,1
2646,Qwen2-7B-Instruct,Analyze,Analyze,1
2647,Qwen2-7B-Instruct,Remember,Remember,1
2648,Qwen2-7B-Instruct,Evaluate,Evaluate,1
2649,Qwen2-7B-Instruct,Evaluate,Evaluate,1
2650,Qwen2-7B-Instruct,Create,Create,1
2651,Qwen2-7B-Instruct,Analyze,Analyze,1
2652,Qwen2-7B-Instruct,Understand,Understand,1
2653,Qwen2-7B-Instruct,Analyze,Analyze,1
2654,Qwen2-7B-Instruct,Understand,Understand,1
2655,Qwen2-7B-Instruct,Understand,Understand,1
2656,Qwen2-7B-Instruct,Evaluate,Evaluate,1
2657,Qwen2-7B-Instruct,Remember,Remember,1
2658,Qwen2-7B-Instruct,Understand,Understand,1
2659,Qwen2-7B-Instruct,Understand,Understand,1
2660,Qwen2-7B-Instruct,Apply,Apply,1
2661,Qwen2-7B-Instruct,Understand,Understand,1
2662,Qwen2-7B-Instruct,Understand,Understand,1
2663,Qwen2-7B-Instruct,Understand,Understand,1
2664,Qwen2-7B-Instruct,Create,Create,1
2665,Qwen2-7B-Instruct,Understand,Understand,1
2666,Qwen2-7B-Instruct,Understand,Understand,1
2667,Qwen2-7B-Instruct,Understand,Understand,1
2668,Qwen2-7B-Instruct,Evaluate,Evaluate,1
2669,Qwen2-7B-Instruct,Understand,Understand,1
2670,Qwen2-7B-Instruct,Apply,Apply,1
2671,Qwen2-7B-Instruct,Evaluate,Evaluate,1
2672,Qwen2-7B-Instruct,Create,Create,1
2673,Qwen2-7B-Instruct,Create,Create,1
2674,Qwen2-7B-Instruct,Understand,Understand,1
2675,Qwen2-7B-Instruct,Analyze,Analyze,1
2676,Qwen2-7B-Instruct,Create,Create,1
2677,Qwen2-7B-Instruct,Apply,Apply,1
2678,Qwen2-7B-Instruct,Apply,Apply,1
2679,Qwen2-7B-Instruct,Create,Create,1
2680,Qwen2-7B-Instruct,Analyze,Analyze,1
2681,Qwen2-7B-Instruct,Evaluate,Evaluate,1
2682,Qwen2-7B-Instruct,Apply,Apply,1
2683,Qwen2-7B-Instruct,Apply,Apply,1
2684,Qwen2-7B-Instruct,Create,Create,1
2685,Qwen2-7B-Instruct,Evaluate,Evaluate,1
2686,Qwen2-7B-Instruct,Understand,Understand,1
2687,Qwen2-7B-Instruct,Evaluate,Evaluate,1
2688,Qwen2-7B-Instruct,Apply,Apply,1
2689,Qwen2-7B-Instruct,Apply,Apply,1
2690,Qwen2-7B-Instruct,Understand,Evaluate,0
2691,Qwen2-7B-Instruct,Analyze,Analyze,1
2692,Qwen2-7B-Instruct,Understand,Understand,1
2693,Qwen2-7B-Instruct,Apply,Apply,1
2694,Qwen2-7B-Instruct,Understand,Analyze,0
2695,Qwen2-7B-Instruct,Understand,Understand,1
2696,Qwen2-7B-Instruct,Evaluate,Evaluate,1
2697,Qwen2-7B-Instruct,Understand,Understand,1
2698,Qwen2-7B-Instruct,Create,Create,1
2699,Qwen2-7B-Instruct,Analyze,Analyze,1
2700,Qwen2-7B-Instruct,Understand,Understand,1
2701,Qwen2-7B-Instruct,Remember,Remember,1
2702,Qwen2-7B-Instruct,Apply,Apply,1
2703,Qwen2-7B-Instruct,Evaluate,Evaluate,1
2704,Qwen2-7B-Instruct,Evaluate,Evaluate,1
2705,Qwen2-7B-Instruct,Apply,Understand,0
2706,Qwen2-7B-Instruct,Apply,Apply,1
2707,Qwen2-7B-Instruct,Understand,Understand,1
2708,Qwen2-7B-Instruct,Create,Create,1
2709,Qwen2-7B-Instruct,Analyze,Analyze,1
2710,Qwen2-7B-Instruct,Apply,Apply,1
2711,Qwen2-7B-Instruct,Apply,Apply,1
2712,Qwen2-7B-Instruct,Evaluate,Evaluate,1
2713,Qwen2-7B-Instruct,Understand,Understand,1
2714,Qwen2-7B-Instruct,Evaluate,Evaluate,1
2715,Qwen2-7B-Instruct,Analyze,Analyze,1
2716,Qwen2-7B-Instruct,Evaluate,Evaluate,1
2717,Qwen2-7B-Instruct,Create,Create,1
2718,Qwen2-7B-Instruct,Understand,Understand,1
2719,Qwen2-7B-Instruct,Analyze,Create,0
2720,Qwen2-7B-Instruct,Understand,Understand,1
2721,Qwen2-7B-Instruct,Remember,Analyze,0
2722,Qwen2-7B-Instruct,Evaluate,Evaluate,1
2723,Qwen2-7B-Instruct,Evaluate,Evaluate,1
2724,Qwen2-7B-Instruct,Create,Create,1
2725,Qwen2-7B-Instruct,Apply,Apply,1
2726,Qwen2-7B-Instruct,Evaluate,Evaluate,1
2727,Qwen2-7B-Instruct,Understand,Understand,1
2728,Qwen2-7B-Instruct,Analyze,Analyze,1
2729,Qwen2-7B-Instruct,Evaluate,Evaluate,1
2730,Qwen2-7B-Instruct,Understand,Understand,1
2731,Qwen2-7B-Instruct,Evaluate,Evaluate,1
2732,Qwen2-7B-Instruct,Evaluate,Evaluate,1
2733,Qwen2-7B-Instruct,Analyze,Analyze,1
2734,Qwen2-7B-Instruct,Evaluate,Evaluate,1
2735,Qwen2-7B-Instruct,Create,Create,1
2736,Qwen2-7B-Instruct,Analyze,Analyze,1
2737,Qwen2-7B-Instruct,Create,Create,1
2738,Qwen2-7B-Instruct,Evaluate,Evaluate,1
2739,Qwen2-7B-Instruct,Understand,Understand,1
2740,Qwen2-7B-Instruct,Create,Create,1
2741,Qwen2-7B-Instruct,Analyze,Analyze,1
2742,Qwen2-7B-Instruct,Understand,Understand,1
2743,Qwen2-7B-Instruct,Analyze,Analyze,1
2744,Qwen2-7B-Instruct,Understand,Understand,1
2745,Qwen2-7B-Instruct,Understand,Understand,1
2746,Qwen2-7B-Instruct,Evaluate,Evaluate,1
2747,Qwen2-7B-Instruct,Analyze,Analyze,1
2748,Qwen2-7B-Instruct,Analyze,Analyze,1
2749,Qwen2-7B-Instruct,Evaluate,Apply,0
2750,Qwen2-7B-Instruct,Understand,Understand,1
2751,Qwen2-7B-Instruct,Create,Create,1
2752,Qwen2-7B-Instruct,Evaluate,Evaluate,1
2753,Qwen2-7B-Instruct,Create,Create,1
2754,Qwen2-7B-Instruct,Apply,Apply,1
2755,Qwen2-7B-Instruct,Analyze,Analyze,1
2756,Qwen2-7B-Instruct,Apply,Apply,1
2757,Qwen2-7B-Instruct,Understand,Understand,1
2758,Qwen2-7B-Instruct,Create,Create,1
2759,Qwen2-7B-Instruct,Evaluate,Evaluate,1
2760,Qwen2-7B-Instruct,Apply,Apply,1
2761,Qwen2-7B-Instruct,Create,Create,1
2762,Qwen2-7B-Instruct,Apply,Apply,1
2763,Qwen2-7B-Instruct,Evaluate,Evaluate,1
2764,Qwen2-7B-Instruct,Understand,Understand,1
2765,Qwen2-7B-Instruct,Create,Create,1
2766,Qwen2-7B-Instruct,Apply,Apply,1
2767,Qwen2-7B-Instruct,Apply,Apply,1
2768,Qwen2-7B-Instruct,Analyze,Analyze,1
2769,Qwen2-7B-Instruct,Analyze,Analyze,1
2770,Qwen2-7B-Instruct,Evaluate,Evaluate,1
2771,Qwen2-7B-Instruct,Apply,Apply,1
2772,Qwen2-7B-Instruct,Evaluate,Evaluate,1
2773,Qwen2-7B-Instruct,Create,Create,1
2774,Qwen2-7B-Instruct,Apply,Analyze,0
2775,Qwen2-7B-Instruct,Analyze,Analyze,1
2776,Qwen2-7B-Instruct,Analyze,Analyze,1
2777,Qwen2-7B-Instruct,Create,Create,1
2778,Qwen2-7B-Instruct,Understand,Understand,1
2779,Qwen2-7B-Instruct,Create,Create,1
2780,Qwen2-7B-Instruct,Understand,Apply,0
2781,Qwen2-7B-Instruct,Apply,Apply,1
2782,Qwen2-7B-Instruct,Apply,Apply,1
2783,Qwen2-7B-Instruct,Create,Create,1
2784,Qwen2-7B-Instruct,Create,Create,1
2785,Qwen2-7B-Instruct,Apply,Apply,1
2786,Qwen2-7B-Instruct,Evaluate,Evaluate,1
2787,Qwen2-7B-Instruct,Remember,Remember,1
2788,Qwen2-7B-Instruct,Apply,Apply,1
2789,Qwen2-7B-Instruct,Remember,Remember,1
2790,Qwen2-7B-Instruct,Analyze,Analyze,1
2791,Qwen2-7B-Instruct,Apply,Apply,1
2792,Qwen2-7B-Instruct,Apply,Apply,1
2793,Qwen2-7B-Instruct,Understand,Understand,1
2794,Qwen2-7B-Instruct,Create,Create,1
2795,Qwen2-7B-Instruct,Create,Create,1
2796,Qwen2-7B-Instruct,Understand,Understand,1
2797,Qwen2-7B-Instruct,Create,Create,1
2798,Qwen2-7B-Instruct,Analyze,Analyze,1
2799,Qwen2-7B-Instruct,Apply,Apply,1
2800,Qwen2-7B-Instruct,Understand,Apply,0
2801,Qwen2-7B-Instruct,Analyze,Analyze,1
2802,Qwen2-7B-Instruct,Apply,Apply,1
2803,Qwen2-7B-Instruct,Apply,Apply,1
2804,Qwen2-7B-Instruct,Evaluate,Evaluate,1
2805,Qwen2-7B-Instruct,Evaluate,Evaluate,1
2806,Qwen2-7B-Instruct,Evaluate,Evaluate,1
2807,Qwen2-7B-Instruct,Understand,Understand,1
2808,Qwen2-7B-Instruct,Understand,Understand,1
2809,Qwen2-7B-Instruct,Create,Create,1
2810,Qwen2-7B-Instruct,Evaluate,Evaluate,1
2811,Qwen2-7B-Instruct,Apply,Apply,1
2812,Qwen2-7B-Instruct,Apply,Apply,1
2813,Qwen2-7B-Instruct,Understand,Understand,1
2814,Qwen2-7B-Instruct,Apply,Apply,1
2815,Qwen2-7B-Instruct,Apply,Apply,1
0,Gemma-2-9B-IT,Understand,Unknown,0
1,Gemma-2-9B-IT,Evaluate,Unknown,0
2,Gemma-2-9B-IT,Understand,Unknown,0
3,Gemma-2-9B-IT,Understand,Understand,1
4,Gemma-2-9B-IT,Evaluate,Unknown,0
5,Gemma-2-9B-IT,Analyze,Analyze,1
6,Gemma-2-9B-IT,Evaluate,Unknown,0
7,Gemma-2-9B-IT,Understand,Understand,1
8,Gemma-2-9B-IT,Create,Unknown,0
9,Gemma-2-9B-IT,Understand,Unknown,0
10,Gemma-2-9B-IT,Evaluate,Unknown,0
11,Gemma-2-9B-IT,Analyze,Unknown,0
12,Gemma-2-9B-IT,Analyze,Unknown,0
13,Gemma-2-9B-IT,Apply,Apply,1
14,Gemma-2-9B-IT,Analyze,Unknown,0
15,Gemma-2-9B-IT,Understand,Understand,1
16,Gemma-2-9B-IT,Create,Create,1
17,Gemma-2-9B-IT,Evaluate,Unknown,0
18,Gemma-2-9B-IT,Analyze,Unknown,0
19,Gemma-2-9B-IT,Evaluate,Unknown,0
20,Gemma-2-9B-IT,Apply,Unknown,0
21,Gemma-2-9B-IT,Apply,Unknown,0
22,Gemma-2-9B-IT,Understand,Unknown,0
23,Gemma-2-9B-IT,Evaluate,Unknown,0
24,Gemma-2-9B-IT,Analyze,Unknown,0
25,Gemma-2-9B-IT,Understand,Unknown,0
26,Gemma-2-9B-IT,Apply,Unknown,0
27,Gemma-2-9B-IT,Create,Unknown,0
28,Gemma-2-9B-IT,Create,Unknown,0
29,Gemma-2-9B-IT,Apply,Apply,1
30,Gemma-2-9B-IT,Analyze,Unknown,0
31,Gemma-2-9B-IT,Understand,Unknown,0
32,Gemma-2-9B-IT,Analyze,Unknown,0
33,Gemma-2-9B-IT,Analyze,Unknown,0
34,Gemma-2-9B-IT,Evaluate,Unknown,0
35,Gemma-2-9B-IT,Create,Create,1
36,Gemma-2-9B-IT,Analyze,Unknown,0
37,Gemma-2-9B-IT,Apply,Apply,1
38,Gemma-2-9B-IT,Apply,Unknown,0
39,Gemma-2-9B-IT,Understand,Unknown,0
40,Gemma-2-9B-IT,Apply,Unknown,0
41,Gemma-2-9B-IT,Evaluate,Unknown,0
42,Gemma-2-9B-IT,Apply,Unknown,0
43,Gemma-2-9B-IT,Create,Unknown,0
44,Gemma-2-9B-IT,Apply,Unknown,0
45,Gemma-2-9B-IT,Understand,Unknown,0
46,Gemma-2-9B-IT,Evaluate,Unknown,0
47,Gemma-2-9B-IT,Apply,Unknown,0
48,Gemma-2-9B-IT,Understand,Unknown,0
49,Gemma-2-9B-IT,Apply,Unknown,0
50,Gemma-2-9B-IT,Create,Create,1
51,Gemma-2-9B-IT,Understand,Unknown,0
52,Gemma-2-9B-IT,Apply,Unknown,0
53,Gemma-2-9B-IT,Create,Unknown,0
54,Gemma-2-9B-IT,Analyze,Analyze,1
55,Gemma-2-9B-IT,Analyze,Unknown,0
56,Gemma-2-9B-IT,Create,Unknown,0
57,Gemma-2-9B-IT,Apply,Unknown,0
58,Gemma-2-9B-IT,Evaluate,Unknown,0
59,Gemma-2-9B-IT,Apply,Unknown,0
60,Gemma-2-9B-IT,Apply,Unknown,0
61,Gemma-2-9B-IT,Analyze,Unknown,0
62,Gemma-2-9B-IT,Analyze,Analyze,1
63,Gemma-2-9B-IT,Apply,Unknown,0
64,Gemma-2-9B-IT,Analyze,Unknown,0
65,Gemma-2-9B-IT,Apply,Unknown,0
66,Gemma-2-9B-IT,Understand,Unknown,0
67,Gemma-2-9B-IT,Understand,Unknown,0
68,Gemma-2-9B-IT,Remember,Unknown,0
69,Gemma-2-9B-IT,Apply,Unknown,0
70,Gemma-2-9B-IT,Understand,Understand,1
71,Gemma-2-9B-IT,Evaluate,Unknown,0
72,Gemma-2-9B-IT,Understand,Understand,1
73,Gemma-2-9B-IT,Apply,Unknown,0
74,Gemma-2-9B-IT,Understand,Unknown,0
75,Gemma-2-9B-IT,Evaluate,Unknown,0
76,Gemma-2-9B-IT,Understand,Understand,1
77,Gemma-2-9B-IT,Remember,Remember,1
78,Gemma-2-9B-IT,Understand,Unknown,0
79,Gemma-2-9B-IT,Understand,Unknown,0
80,Gemma-2-9B-IT,Apply,Apply,1
81,Gemma-2-9B-IT,Understand,Unknown,0
82,Gemma-2-9B-IT,Analyze,Unknown,0
83,Gemma-2-9B-IT,Apply,Unknown,0
84,Gemma-2-9B-IT,Apply,Unknown,0
85,Gemma-2-9B-IT,Analyze,Unknown,0
86,Gemma-2-9B-IT,Understand,Unknown,0
87,Gemma-2-9B-IT,Apply,Apply,1
88,Gemma-2-9B-IT,Apply,Unknown,0
89,Gemma-2-9B-IT,Understand,Unknown,0
90,Gemma-2-9B-IT,Apply,Apply,1
91,Gemma-2-9B-IT,Apply,Unknown,0
92,Gemma-2-9B-IT,Apply,Unknown,0
93,Gemma-2-9B-IT,Understand,Understand,1
94,Gemma-2-9B-IT,Analyze,Unknown,0
95,Gemma-2-9B-IT,Create,Unknown,0
96,Gemma-2-9B-IT,Evaluate,Unknown,0
97,Gemma-2-9B-IT,Remember,Remember,1
98,Gemma-2-9B-IT,Apply,Unknown,0
99,Gemma-2-9B-IT,Understand,Unknown,0
100,Gemma-2-9B-IT,Create,Unknown,0
101,Gemma-2-9B-IT,Create,Unknown,0
102,Gemma-2-9B-IT,Remember,Remember,1
103,Gemma-2-9B-IT,Evaluate,Unknown,0
104,Gemma-2-9B-IT,Create,Create,1
105,Gemma-2-9B-IT,Analyze,Unknown,0
106,Gemma-2-9B-IT,Understand,Unknown,0
107,Gemma-2-9B-IT,Analyze,Unknown,0
108,Gemma-2-9B-IT,Understand,Unknown,0
109,Gemma-2-9B-IT,Create,Unknown,0
110,Gemma-2-9B-IT,Analyze,Unknown,0
111,Gemma-2-9B-IT,Apply,Unknown,0
112,Gemma-2-9B-IT,Understand,Unknown,0
113,Gemma-2-9B-IT,Apply,Unknown,0
114,Gemma-2-9B-IT,Understand,Unknown,0
115,Gemma-2-9B-IT,Understand,Unknown,0
116,Gemma-2-9B-IT,Create,Unknown,0
117,Gemma-2-9B-IT,Apply,Unknown,0
118,Gemma-2-9B-IT,Remember,Remember,1
119,Gemma-2-9B-IT,Create,Create,1
120,Gemma-2-9B-IT,Apply,Unknown,0
121,Gemma-2-9B-IT,Evaluate,Unknown,0
122,Gemma-2-9B-IT,Evaluate,Unknown,0
123,Gemma-2-9B-IT,Understand,Unknown,0
124,Gemma-2-9B-IT,Analyze,Unknown,0
125,Gemma-2-9B-IT,Understand,Understand,1
126,Gemma-2-9B-IT,Understand,Unknown,0
127,Gemma-2-9B-IT,Understand,Unknown,0
128,Gemma-2-9B-IT,Analyze,Unknown,0
129,Gemma-2-9B-IT,Evaluate,Unknown,0
130,Gemma-2-9B-IT,Evaluate,Evaluate,1
131,Gemma-2-9B-IT,Evaluate,Unknown,0
132,Gemma-2-9B-IT,Apply,Unknown,0
133,Gemma-2-9B-IT,Create,Unknown,0
134,Gemma-2-9B-IT,Analyze,Analyze,1
135,Gemma-2-9B-IT,Remember,Remember,1
136,Gemma-2-9B-IT,Create,Create,1
137,Gemma-2-9B-IT,Analyze,Unknown,0
138,Gemma-2-9B-IT,Apply,Unknown,0
139,Gemma-2-9B-IT,Understand,Unknown,0
140,Gemma-2-9B-IT,Create,Unknown,0
141,Gemma-2-9B-IT,Understand,Unknown,0
142,Gemma-2-9B-IT,Apply,Unknown,0
143,Gemma-2-9B-IT,Apply,Unknown,0
144,Gemma-2-9B-IT,Understand,Unknown,0
145,Gemma-2-9B-IT,Apply,Unknown,0
146,Gemma-2-9B-IT,Analyze,Unknown,0
147,Gemma-2-9B-IT,Analyze,Unknown,0
148,Gemma-2-9B-IT,Apply,Unknown,0
149,Gemma-2-9B-IT,Understand,Understand,1
150,Gemma-2-9B-IT,Evaluate,Unknown,0
151,Gemma-2-9B-IT,Understand,Apply,0
152,Gemma-2-9B-IT,Apply,Unknown,0
153,Gemma-2-9B-IT,Understand,Unknown,0
154,Gemma-2-9B-IT,Create,Unknown,0
155,Gemma-2-9B-IT,Understand,Unknown,0
156,Gemma-2-9B-IT,Apply,Apply,1
157,Gemma-2-9B-IT,Create,Unknown,0
158,Gemma-2-9B-IT,Evaluate,Unknown,0
159,Gemma-2-9B-IT,Apply,Unknown,0
160,Gemma-2-9B-IT,Create,Unknown,0
161,Gemma-2-9B-IT,Analyze,Unknown,0
162,Gemma-2-9B-IT,Apply,Unknown,0
163,Gemma-2-9B-IT,Understand,Unknown,0
164,Gemma-2-9B-IT,Evaluate,Unknown,0
165,Gemma-2-9B-IT,Create,Unknown,0
166,Gemma-2-9B-IT,Apply,Apply,1
167,Gemma-2-9B-IT,Apply,Unknown,0
168,Gemma-2-9B-IT,Apply,Unknown,0
169,Gemma-2-9B-IT,Understand,Understand,1
170,Gemma-2-9B-IT,Evaluate,Unknown,0
171,Gemma-2-9B-IT,Apply,Unknown,0
172,Gemma-2-9B-IT,Evaluate,Unknown,0
173,Gemma-2-9B-IT,Apply,Unknown,0
174,Gemma-2-9B-IT,Apply,Apply,1
175,Gemma-2-9B-IT,Apply,Apply,1
176,Gemma-2-9B-IT,Evaluate,Evaluate,1
177,Gemma-2-9B-IT,Apply,Unknown,0
178,Gemma-2-9B-IT,Apply,Unknown,0
179,Gemma-2-9B-IT,Understand,Unknown,0
180,Gemma-2-9B-IT,Evaluate,Unknown,0
181,Gemma-2-9B-IT,Evaluate,Unknown,0
182,Gemma-2-9B-IT,Understand,Unknown,0
183,Gemma-2-9B-IT,Understand,Understand,1
184,Gemma-2-9B-IT,Evaluate,Unknown,0
185,Gemma-2-9B-IT,Create,Create,1
186,Gemma-2-9B-IT,Understand,Understand,1
187,Gemma-2-9B-IT,Understand,Unknown,0
188,Gemma-2-9B-IT,Create,Unknown,0
189,Gemma-2-9B-IT,Create,Unknown,0
190,Gemma-2-9B-IT,Understand,Unknown,0
191,Gemma-2-9B-IT,Understand,Unknown,0
192,Gemma-2-9B-IT,Understand,Unknown,0
193,Gemma-2-9B-IT,Create,Create,1
194,Gemma-2-9B-IT,Create,Unknown,0
195,Gemma-2-9B-IT,Understand,Unknown,0
196,Gemma-2-9B-IT,Apply,Unknown,0
197,Gemma-2-9B-IT,Understand,Unknown,0
198,Gemma-2-9B-IT,Evaluate,Unknown,0
199,Gemma-2-9B-IT,Understand,Unknown,0
200,Gemma-2-9B-IT,Remember,Remember,1
201,Gemma-2-9B-IT,Apply,Unknown,0
202,Gemma-2-9B-IT,Apply,Unknown,0
203,Gemma-2-9B-IT,Understand,Understand,1
204,Gemma-2-9B-IT,Apply,Unknown,0
205,Gemma-2-9B-IT,Remember,Remember,1
206,Gemma-2-9B-IT,Apply,Unknown,0
207,Gemma-2-9B-IT,Evaluate,Unknown,0
208,Gemma-2-9B-IT,Analyze,Unknown,0
209,Gemma-2-9B-IT,Evaluate,Unknown,0
210,Gemma-2-9B-IT,Understand,Understand,1
211,Gemma-2-9B-IT,Evaluate,Unknown,0
212,Gemma-2-9B-IT,Evaluate,Unknown,0
213,Gemma-2-9B-IT,Analyze,Unknown,0
214,Gemma-2-9B-IT,Evaluate,Unknown,0
215,Gemma-2-9B-IT,Understand,Unknown,0
216,Gemma-2-9B-IT,Apply,Unknown,0
217,Gemma-2-9B-IT,Create,Unknown,0
218,Gemma-2-9B-IT,Apply,Unknown,0
219,Gemma-2-9B-IT,Apply,Apply,1
220,Gemma-2-9B-IT,Understand,Unknown,0
221,Gemma-2-9B-IT,Analyze,Unknown,0
222,Gemma-2-9B-IT,Evaluate,Unknown,0
223,Gemma-2-9B-IT,Create,Unknown,0
224,Gemma-2-9B-IT,Apply,Apply,1
225,Gemma-2-9B-IT,Understand,Unknown,0
226,Gemma-2-9B-IT,Apply,Unknown,0
227,Gemma-2-9B-IT,Understand,Unknown,0
228,Gemma-2-9B-IT,Understand,Understand,1
229,Gemma-2-9B-IT,Remember,Remember,1
230,Gemma-2-9B-IT,Create,Unknown,0
231,Gemma-2-9B-IT,Apply,Unknown,0
232,Gemma-2-9B-IT,Evaluate,Unknown,0
233,Gemma-2-9B-IT,Evaluate,Unknown,0
234,Gemma-2-9B-IT,Understand,Unknown,0
235,Gemma-2-9B-IT,Understand,Unknown,0
236,Gemma-2-9B-IT,Evaluate,Unknown,0
237,Gemma-2-9B-IT,Understand,Unknown,0
238,Gemma-2-9B-IT,Remember,Remember,1
239,Gemma-2-9B-IT,Analyze,Unknown,0
240,Gemma-2-9B-IT,Remember,Remember,1
241,Gemma-2-9B-IT,Understand,Unknown,0
242,Gemma-2-9B-IT,Create,Unknown,0
243,Gemma-2-9B-IT,Understand,Unknown,0
244,Gemma-2-9B-IT,Understand,Unknown,0
245,Gemma-2-9B-IT,Remember,Remember,1
246,Gemma-2-9B-IT,Apply,Unknown,0
247,Gemma-2-9B-IT,Understand,Unknown,0
248,Gemma-2-9B-IT,Apply,Unknown,0
249,Gemma-2-9B-IT,Create,Unknown,0
250,Gemma-2-9B-IT,Create,Unknown,0
251,Gemma-2-9B-IT,Apply,Unknown,0
252,Gemma-2-9B-IT,Analyze,Unknown,0
253,Gemma-2-9B-IT,Analyze,Unknown,0
254,Gemma-2-9B-IT,Understand,Unknown,0
255,Gemma-2-9B-IT,Analyze,Unknown,0
256,Gemma-2-9B-IT,Remember,Unknown,0
257,Gemma-2-9B-IT,Evaluate,Unknown,0
258,Gemma-2-9B-IT,Understand,Understand,1
259,Gemma-2-9B-IT,Understand,Unknown,0
260,Gemma-2-9B-IT,Understand,Unknown,0
261,Gemma-2-9B-IT,Evaluate,Evaluate,1
262,Gemma-2-9B-IT,Understand,Understand,1
263,Gemma-2-9B-IT,Evaluate,Unknown,0
264,Gemma-2-9B-IT,Understand,Understand,1
265,Gemma-2-9B-IT,Evaluate,Unknown,0
266,Gemma-2-9B-IT,Create,Create,1
267,Gemma-2-9B-IT,Remember,Remember,1
268,Gemma-2-9B-IT,Analyze,Unknown,0
269,Gemma-2-9B-IT,Understand,Unknown,0
270,Gemma-2-9B-IT,Analyze,Unknown,0
271,Gemma-2-9B-IT,Create,Unknown,0
272,Gemma-2-9B-IT,Apply,Unknown,0
273,Gemma-2-9B-IT,Understand,Understand,1
274,Gemma-2-9B-IT,Create,Unknown,0
275,Gemma-2-9B-IT,Apply,Unknown,0
276,Gemma-2-9B-IT,Create,Unknown,0
277,Gemma-2-9B-IT,Understand,Unknown,0
278,Gemma-2-9B-IT,Apply,Unknown,0
279,Gemma-2-9B-IT,Analyze,Unknown,0
280,Gemma-2-9B-IT,Understand,Unknown,0
281,Gemma-2-9B-IT,Understand,Unknown,0
282,Gemma-2-9B-IT,Apply,Apply,1
283,Gemma-2-9B-IT,Create,Unknown,0
284,Gemma-2-9B-IT,Apply,Unknown,0
285,Gemma-2-9B-IT,Analyze,Remember,0
286,Gemma-2-9B-IT,Analyze,Unknown,0
287,Gemma-2-9B-IT,Create,Unknown,0
288,Gemma-2-9B-IT,Analyze,Unknown,0
289,Gemma-2-9B-IT,Analyze,Unknown,0
290,Gemma-2-9B-IT,Analyze,Analyze,1
291,Gemma-2-9B-IT,Evaluate,Unknown,0
292,Gemma-2-9B-IT,Apply,Unknown,0
293,Gemma-2-9B-IT,Evaluate,Unknown,0
294,Gemma-2-9B-IT,Understand,Unknown,0
295,Gemma-2-9B-IT,Analyze,Unknown,0
296,Gemma-2-9B-IT,Apply,Unknown,0
297,Gemma-2-9B-IT,Understand,Unknown,0
298,Gemma-2-9B-IT,Understand,Understand,1
299,Gemma-2-9B-IT,Apply,Unknown,0
300,Gemma-2-9B-IT,Apply,Unknown,0
301,Gemma-2-9B-IT,Evaluate,Unknown,0
302,Gemma-2-9B-IT,Apply,Unknown,0
303,Gemma-2-9B-IT,Analyze,Analyze,1
304,Gemma-2-9B-IT,Understand,Understand,1
305,Gemma-2-9B-IT,Understand,Unknown,0
306,Gemma-2-9B-IT,Apply,Apply,1
307,Gemma-2-9B-IT,Create,Create,1
308,Gemma-2-9B-IT,Understand,Create,0
309,Gemma-2-9B-IT,Apply,Unknown,0
310,Gemma-2-9B-IT,Remember,Remember,1
311,Gemma-2-9B-IT,Apply,Unknown,0
312,Gemma-2-9B-IT,Analyze,Unknown,0
313,Gemma-2-9B-IT,Apply,Unknown,0
314,Gemma-2-9B-IT,Apply,Unknown,0
315,Gemma-2-9B-IT,Analyze,Unknown,0
316,Gemma-2-9B-IT,Understand,Unknown,0
317,Gemma-2-9B-IT,Evaluate,Unknown,0
318,Gemma-2-9B-IT,Analyze,Analyze,1
319,Gemma-2-9B-IT,Understand,Unknown,0
320,Gemma-2-9B-IT,Create,Unknown,0
321,Gemma-2-9B-IT,Evaluate,Unknown,0
322,Gemma-2-9B-IT,Apply,Unknown,0
323,Gemma-2-9B-IT,Remember,Remember,1
324,Gemma-2-9B-IT,Create,Unknown,0
325,Gemma-2-9B-IT,Apply,Unknown,0
326,Gemma-2-9B-IT,Apply,Unknown,0
327,Gemma-2-9B-IT,Remember,Remember,1
328,Gemma-2-9B-IT,Analyze,Unknown,0
329,Gemma-2-9B-IT,Understand,Unknown,0
330,Gemma-2-9B-IT,Apply,Unknown,0
331,Gemma-2-9B-IT,Apply,Unknown,0
332,Gemma-2-9B-IT,Understand,Unknown,0
333,Gemma-2-9B-IT,Evaluate,Unknown,0
334,Gemma-2-9B-IT,Create,Create,1
335,Gemma-2-9B-IT,Understand,Understand,1
336,Gemma-2-9B-IT,Apply,Unknown,0
337,Gemma-2-9B-IT,Create,Unknown,0
338,Gemma-2-9B-IT,Apply,Unknown,0
339,Gemma-2-9B-IT,Apply,Unknown,0
340,Gemma-2-9B-IT,Remember,Remember,1
341,Gemma-2-9B-IT,Understand,Unknown,0
342,Gemma-2-9B-IT,Apply,Unknown,0
343,Gemma-2-9B-IT,Remember,Unknown,0
344,Gemma-2-9B-IT,Create,Create,1
345,Gemma-2-9B-IT,Remember,Unknown,0
346,Gemma-2-9B-IT,Analyze,Unknown,0
347,Gemma-2-9B-IT,Evaluate,Unknown,0
348,Gemma-2-9B-IT,Understand,Understand,1
349,Gemma-2-9B-IT,Create,Unknown,0
350,Gemma-2-9B-IT,Evaluate,Evaluate,1
351,Gemma-2-9B-IT,Analyze,Unknown,0
352,Gemma-2-9B-IT,Analyze,Unknown,0
353,Gemma-2-9B-IT,Create,Unknown,0
354,Gemma-2-9B-IT,Create,Create,1
355,Gemma-2-9B-IT,Apply,Unknown,0
356,Gemma-2-9B-IT,Create,Unknown,0
357,Gemma-2-9B-IT,Apply,Unknown,0
358,Gemma-2-9B-IT,Evaluate,Unknown,0
359,Gemma-2-9B-IT,Apply,Unknown,0
360,Gemma-2-9B-IT,Understand,Unknown,0
361,Gemma-2-9B-IT,Apply,Apply,1
362,Gemma-2-9B-IT,Understand,Understand,1
363,Gemma-2-9B-IT,Create,Unknown,0
364,Gemma-2-9B-IT,Create,Unknown,0
365,Gemma-2-9B-IT,Apply,Unknown,0
366,Gemma-2-9B-IT,Understand,Unknown,0
367,Gemma-2-9B-IT,Analyze,Unknown,0
368,Gemma-2-9B-IT,Analyze,Unknown,0
369,Gemma-2-9B-IT,Remember,Remember,1
370,Gemma-2-9B-IT,Understand,Unknown,0
371,Gemma-2-9B-IT,Evaluate,Unknown,0
372,Gemma-2-9B-IT,Apply,Unknown,0
373,Gemma-2-9B-IT,Apply,Apply,1
374,Gemma-2-9B-IT,Understand,Unknown,0
375,Gemma-2-9B-IT,Understand,Understand,1
376,Gemma-2-9B-IT,Understand,Unknown,0
377,Gemma-2-9B-IT,Apply,Unknown,0
378,Gemma-2-9B-IT,Analyze,Unknown,0
379,Gemma-2-9B-IT,Create,Unknown,0
380,Gemma-2-9B-IT,Apply,Unknown,0
381,Gemma-2-9B-IT,Understand,Unknown,0
382,Gemma-2-9B-IT,Understand,Unknown,0
383,Gemma-2-9B-IT,Understand,Understand,1
384,Gemma-2-9B-IT,Analyze,Unknown,0
385,Gemma-2-9B-IT,Analyze,Unknown,0
386,Gemma-2-9B-IT,Understand,Understand,1
387,Gemma-2-9B-IT,Analyze,Unknown,0
388,Gemma-2-9B-IT,Create,Unknown,0
389,Gemma-2-9B-IT,Create,Create,1
390,Gemma-2-9B-IT,Evaluate,Unknown,0
391,Gemma-2-9B-IT,Apply,Unknown,0
392,Gemma-2-9B-IT,Apply,Unknown,0
393,Gemma-2-9B-IT,Analyze,Unknown,0
394,Gemma-2-9B-IT,Apply,Unknown,0
395,Gemma-2-9B-IT,Understand,Unknown,0
396,Gemma-2-9B-IT,Evaluate,Unknown,0
397,Gemma-2-9B-IT,Understand,Unknown,0
398,Gemma-2-9B-IT,Evaluate,Unknown,0
399,Gemma-2-9B-IT,Create,Unknown,0
400,Gemma-2-9B-IT,Apply,Unknown,0
401,Gemma-2-9B-IT,Understand,Understand,1
402,Gemma-2-9B-IT,Create,Create,1
403,Gemma-2-9B-IT,Evaluate,Unknown,0
404,Gemma-2-9B-IT,Create,Unknown,0
405,Gemma-2-9B-IT,Apply,Unknown,0
406,Gemma-2-9B-IT,Understand,Unknown,0
407,Gemma-2-9B-IT,Analyze,Unknown,0
408,Gemma-2-9B-IT,Understand,Unknown,0
409,Gemma-2-9B-IT,Create,Unknown,0
410,Gemma-2-9B-IT,Apply,Unknown,0
411,Gemma-2-9B-IT,Apply,Unknown,0
412,Gemma-2-9B-IT,Apply,Unknown,0
413,Gemma-2-9B-IT,Analyze,Unknown,0
414,Gemma-2-9B-IT,Create,Unknown,0
415,Gemma-2-9B-IT,Apply,Unknown,0
416,Gemma-2-9B-IT,Apply,Unknown,0
417,Gemma-2-9B-IT,Understand,Unknown,0
418,Gemma-2-9B-IT,Evaluate,Unknown,0
419,Gemma-2-9B-IT,Analyze,Unknown,0
420,Gemma-2-9B-IT,Analyze,Unknown,0
421,Gemma-2-9B-IT,Apply,Unknown,0
422,Gemma-2-9B-IT,Apply,Unknown,0
423,Gemma-2-9B-IT,Analyze,Unknown,0
424,Gemma-2-9B-IT,Create,Create,1
425,Gemma-2-9B-IT,Create,Unknown,0
426,Gemma-2-9B-IT,Apply,Unknown,0
427,Gemma-2-9B-IT,Understand,Unknown,0
428,Gemma-2-9B-IT,Create,Create,1
429,Gemma-2-9B-IT,Create,Remember,0
430,Gemma-2-9B-IT,Understand,Understand,1
431,Gemma-2-9B-IT,Apply,Unknown,0
432,Gemma-2-9B-IT,Create,Unknown,0
433,Gemma-2-9B-IT,Create,Create,1
434,Gemma-2-9B-IT,Understand,Understand,1
435,Gemma-2-9B-IT,Create,Unknown,0
436,Gemma-2-9B-IT,Create,Unknown,0
437,Gemma-2-9B-IT,Create,Unknown,0
438,Gemma-2-9B-IT,Analyze,Unknown,0
439,Gemma-2-9B-IT,Understand,Unknown,0
440,Gemma-2-9B-IT,Understand,Understand,1
441,Gemma-2-9B-IT,Understand,Unknown,0
442,Gemma-2-9B-IT,Evaluate,Unknown,0
443,Gemma-2-9B-IT,Analyze,Unknown,0
444,Gemma-2-9B-IT,Evaluate,Unknown,0
445,Gemma-2-9B-IT,Understand,Unknown,0
446,Gemma-2-9B-IT,Analyze,Unknown,0
447,Gemma-2-9B-IT,Apply,Unknown,0
448,Gemma-2-9B-IT,Understand,Unknown,0
449,Gemma-2-9B-IT,Understand,Unknown,0
450,Gemma-2-9B-IT,Apply,Unknown,0
451,Gemma-2-9B-IT,Analyze,Unknown,0
452,Gemma-2-9B-IT,Understand,Unknown,0
453,Gemma-2-9B-IT,Apply,Unknown,0
454,Gemma-2-9B-IT,Analyze,Unknown,0
455,Gemma-2-9B-IT,Analyze,Unknown,0
456,Gemma-2-9B-IT,Analyze,Unknown,0
457,Gemma-2-9B-IT,Apply,Unknown,0
458,Gemma-2-9B-IT,Understand,Unknown,0
459,Gemma-2-9B-IT,Understand,Unknown,0
460,Gemma-2-9B-IT,Create,Unknown,0
461,Gemma-2-9B-IT,Understand,Unknown,0
462,Gemma-2-9B-IT,Apply,Unknown,0
463,Gemma-2-9B-IT,Create,Unknown,0
464,Gemma-2-9B-IT,Analyze,Unknown,0
465,Gemma-2-9B-IT,Create,Unknown,0
466,Gemma-2-9B-IT,Apply,Unknown,0
467,Gemma-2-9B-IT,Apply,Unknown,0
468,Gemma-2-9B-IT,Create,Unknown,0
469,Gemma-2-9B-IT,Apply,Unknown,0
470,Gemma-2-9B-IT,Apply,Unknown,0
471,Gemma-2-9B-IT,Understand,Unknown,0
472,Gemma-2-9B-IT,Understand,Unknown,0
473,Gemma-2-9B-IT,Evaluate,Unknown,0
474,Gemma-2-9B-IT,Create,Unknown,0
475,Gemma-2-9B-IT,Remember,Remember,1
476,Gemma-2-9B-IT,Create,Unknown,0
477,Gemma-2-9B-IT,Apply,Apply,1
478,Gemma-2-9B-IT,Apply,Unknown,0
479,Gemma-2-9B-IT,Understand,Unknown,0
480,Gemma-2-9B-IT,Create,Create,1
481,Gemma-2-9B-IT,Create,Remember,0
482,Gemma-2-9B-IT,Apply,Unknown,0
483,Gemma-2-9B-IT,Understand,Unknown,0
484,Gemma-2-9B-IT,Apply,Unknown,0
485,Gemma-2-9B-IT,Create,Unknown,0
486,Gemma-2-9B-IT,Apply,Unknown,0
487,Gemma-2-9B-IT,Create,Unknown,0
488,Gemma-2-9B-IT,Create,Unknown,0
489,Gemma-2-9B-IT,Analyze,Understand,0
490,Gemma-2-9B-IT,Apply,Unknown,0
491,Gemma-2-9B-IT,Analyze,Unknown,0
492,Gemma-2-9B-IT,Understand,Unknown,0
493,Gemma-2-9B-IT,Understand,Unknown,0
494,Gemma-2-9B-IT,Create,Unknown,0
495,Gemma-2-9B-IT,Understand,Unknown,0
496,Gemma-2-9B-IT,Apply,Apply,1
497,Gemma-2-9B-IT,Understand,Unknown,0
498,Gemma-2-9B-IT,Understand,Unknown,0
499,Gemma-2-9B-IT,Analyze,Unknown,0
500,Gemma-2-9B-IT,Understand,Unknown,0
501,Gemma-2-9B-IT,Apply,Unknown,0
502,Gemma-2-9B-IT,Create,Unknown,0
503,Gemma-2-9B-IT,Understand,Unknown,0
504,Gemma-2-9B-IT,Apply,Unknown,0
505,Gemma-2-9B-IT,Evaluate,Unknown,0
506,Gemma-2-9B-IT,Apply,Unknown,0
507,Gemma-2-9B-IT,Create,Unknown,0
508,Gemma-2-9B-IT,Create,Unknown,0
509,Gemma-2-9B-IT,Analyze,Unknown,0
510,Gemma-2-9B-IT,Analyze,Unknown,0
511,Gemma-2-9B-IT,Apply,Unknown,0
512,Gemma-2-9B-IT,Understand,Understand,1
513,Gemma-2-9B-IT,Apply,Unknown,0
514,Gemma-2-9B-IT,Create,Unknown,0
515,Gemma-2-9B-IT,Remember,Unknown,0
516,Gemma-2-9B-IT,Understand,Unknown,0
517,Gemma-2-9B-IT,Understand,Unknown,0
518,Gemma-2-9B-IT,Apply,Unknown,0
519,Gemma-2-9B-IT,Create,Unknown,0
520,Gemma-2-9B-IT,Apply,Unknown,0
521,Gemma-2-9B-IT,Create,Create,1
522,Gemma-2-9B-IT,Understand,Unknown,0
523,Gemma-2-9B-IT,Create,Create,1
524,Gemma-2-9B-IT,Apply,Apply,1
525,Gemma-2-9B-IT,Apply,Unknown,0
526,Gemma-2-9B-IT,Apply,Unknown,0
527,Gemma-2-9B-IT,Apply,Unknown,0
528,Gemma-2-9B-IT,Understand,Unknown,0
529,Gemma-2-9B-IT,Create,Unknown,0
530,Gemma-2-9B-IT,Apply,Unknown,0
531,Gemma-2-9B-IT,Remember,Remember,1
532,Gemma-2-9B-IT,Create,Unknown,0
533,Gemma-2-9B-IT,Understand,Understand,1
534,Gemma-2-9B-IT,Understand,Unknown,0
535,Gemma-2-9B-IT,Evaluate,Unknown,0
536,Gemma-2-9B-IT,Evaluate,Evaluate,1
537,Gemma-2-9B-IT,Understand,Unknown,0
538,Gemma-2-9B-IT,Evaluate,Unknown,0
539,Gemma-2-9B-IT,Apply,Unknown,0
540,Gemma-2-9B-IT,Create,Unknown,0
541,Gemma-2-9B-IT,Understand,Unknown,0
542,Gemma-2-9B-IT,Apply,Unknown,0
543,Gemma-2-9B-IT,Understand,Unknown,0
544,Gemma-2-9B-IT,Analyze,Unknown,0
545,Gemma-2-9B-IT,Apply,Apply,1
546,Gemma-2-9B-IT,Apply,Unknown,0
547,Gemma-2-9B-IT,Understand,Unknown,0
548,Gemma-2-9B-IT,Evaluate,Unknown,0
549,Gemma-2-9B-IT,Understand,Unknown,0
550,Gemma-2-9B-IT,Apply,Unknown,0
551,Gemma-2-9B-IT,Create,Unknown,0
552,Gemma-2-9B-IT,Evaluate,Unknown,0
553,Gemma-2-9B-IT,Create,Unknown,0
554,Gemma-2-9B-IT,Remember,Remember,1
555,Gemma-2-9B-IT,Create,Unknown,0
556,Gemma-2-9B-IT,Create,Unknown,0
557,Gemma-2-9B-IT,Analyze,Unknown,0
558,Gemma-2-9B-IT,Understand,Unknown,0
559,Gemma-2-9B-IT,Remember,Remember,1
560,Gemma-2-9B-IT,Analyze,Unknown,0
561,Gemma-2-9B-IT,Evaluate,Unknown,0
562,Gemma-2-9B-IT,Understand,Unknown,0
563,Gemma-2-9B-IT,Understand,Unknown,0
564,Gemma-2-9B-IT,Analyze,Unknown,0
565,Gemma-2-9B-IT,Create,Unknown,0
566,Gemma-2-9B-IT,Evaluate,Unknown,0
567,Gemma-2-9B-IT,Understand,Unknown,0
568,Gemma-2-9B-IT,Analyze,Unknown,0
569,Gemma-2-9B-IT,Analyze,Unknown,0
570,Gemma-2-9B-IT,Create,Unknown,0
571,Gemma-2-9B-IT,Evaluate,Unknown,0
572,Gemma-2-9B-IT,Remember,Remember,1
573,Gemma-2-9B-IT,Understand,Unknown,0
574,Gemma-2-9B-IT,Understand,Unknown,0
575,Gemma-2-9B-IT,Understand,Unknown,0
576,Gemma-2-9B-IT,Understand,Understand,1
577,Gemma-2-9B-IT,Analyze,Unknown,0
578,Gemma-2-9B-IT,Create,Unknown,0
579,Gemma-2-9B-IT,Apply,Unknown,0
580,Gemma-2-9B-IT,Evaluate,Unknown,0
581,Gemma-2-9B-IT,Understand,Unknown,0
582,Gemma-2-9B-IT,Remember,Remember,1
583,Gemma-2-9B-IT,Analyze,Analyze,1
584,Gemma-2-9B-IT,Evaluate,Unknown,0
585,Gemma-2-9B-IT,Apply,Apply,1
586,Gemma-2-9B-IT,Understand,Unknown,0
587,Gemma-2-9B-IT,Understand,Unknown,0
588,Gemma-2-9B-IT,Evaluate,Unknown,0
589,Gemma-2-9B-IT,Apply,Unknown,0
590,Gemma-2-9B-IT,Apply,Unknown,0
591,Gemma-2-9B-IT,Create,Create,1
592,Gemma-2-9B-IT,Remember,Remember,1
593,Gemma-2-9B-IT,Create,Unknown,0
594,Gemma-2-9B-IT,Apply,Unknown,0
595,Gemma-2-9B-IT,Understand,Unknown,0
596,Gemma-2-9B-IT,Understand,Understand,1
597,Gemma-2-9B-IT,Remember,Unknown,0
598,Gemma-2-9B-IT,Create,Create,1
599,Gemma-2-9B-IT,Apply,Apply,1
600,Gemma-2-9B-IT,Understand,Understand,1
601,Gemma-2-9B-IT,Apply,Unknown,0
602,Gemma-2-9B-IT,Apply,Unknown,0
603,Gemma-2-9B-IT,Understand,Unknown,0
604,Gemma-2-9B-IT,Understand,Understand,1
605,Gemma-2-9B-IT,Apply,Apply,1
606,Gemma-2-9B-IT,Apply,Unknown,0
607,Gemma-2-9B-IT,Analyze,Unknown,0
608,Gemma-2-9B-IT,Understand,Unknown,0
609,Gemma-2-9B-IT,Apply,Apply,1
610,Gemma-2-9B-IT,Apply,Unknown,0
611,Gemma-2-9B-IT,Apply,Apply,1
612,Gemma-2-9B-IT,Understand,Unknown,0
613,Gemma-2-9B-IT,Understand,Understand,1
614,Gemma-2-9B-IT,Create,Create,1
615,Gemma-2-9B-IT,Evaluate,Unknown,0
616,Gemma-2-9B-IT,Apply,Apply,1
617,Gemma-2-9B-IT,Create,Unknown,0
618,Gemma-2-9B-IT,Remember,Remember,1
619,Gemma-2-9B-IT,Understand,Unknown,0
620,Gemma-2-9B-IT,Apply,Unknown,0
621,Gemma-2-9B-IT,Understand,Unknown,0
622,Gemma-2-9B-IT,Apply,Unknown,0
623,Gemma-2-9B-IT,Apply,Unknown,0
624,Gemma-2-9B-IT,Analyze,Unknown,0
625,Gemma-2-9B-IT,Understand,Unknown,0
626,Gemma-2-9B-IT,Understand,Understand,1
627,Gemma-2-9B-IT,Create,Unknown,0
628,Gemma-2-9B-IT,Understand,Unknown,0
629,Gemma-2-9B-IT,Apply,Unknown,0
630,Gemma-2-9B-IT,Apply,Apply,1
631,Gemma-2-9B-IT,Apply,Unknown,0
632,Gemma-2-9B-IT,Remember,Remember,1
633,Gemma-2-9B-IT,Understand,Unknown,0
634,Gemma-2-9B-IT,Create,Unknown,0
635,Gemma-2-9B-IT,Evaluate,Evaluate,1
636,Gemma-2-9B-IT,Analyze,Analyze,1
637,Gemma-2-9B-IT,Apply,Create,0
638,Gemma-2-9B-IT,Apply,Unknown,0
639,Gemma-2-9B-IT,Create,Unknown,0
640,Gemma-2-9B-IT,Create,Unknown,0
641,Gemma-2-9B-IT,Analyze,Unknown,0
642,Gemma-2-9B-IT,Apply,Unknown,0
643,Gemma-2-9B-IT,Understand,Unknown,0
644,Gemma-2-9B-IT,Understand,Unknown,0
645,Gemma-2-9B-IT,Evaluate,Unknown,0
646,Gemma-2-9B-IT,Analyze,Unknown,0
647,Gemma-2-9B-IT,Apply,Unknown,0
648,Gemma-2-9B-IT,Evaluate,Unknown,0
649,Gemma-2-9B-IT,Understand,Unknown,0
650,Gemma-2-9B-IT,Analyze,Unknown,0
651,Gemma-2-9B-IT,Analyze,Unknown,0
652,Gemma-2-9B-IT,Understand,Unknown,0
653,Gemma-2-9B-IT,Create,Unknown,0
654,Gemma-2-9B-IT,Understand,Unknown,0
655,Gemma-2-9B-IT,Analyze,Unknown,0
656,Gemma-2-9B-IT,Understand,Unknown,0
657,Gemma-2-9B-IT,Evaluate,Unknown,0
658,Gemma-2-9B-IT,Understand,Unknown,0
659,Gemma-2-9B-IT,Understand,Unknown,0
660,Gemma-2-9B-IT,Evaluate,Unknown,0
661,Gemma-2-9B-IT,Create,Unknown,0
662,Gemma-2-9B-IT,Analyze,Unknown,0
663,Gemma-2-9B-IT,Understand,Understand,1
664,Gemma-2-9B-IT,Apply,Unknown,0
665,Gemma-2-9B-IT,Create,Unknown,0
666,Gemma-2-9B-IT,Understand,Unknown,0
667,Gemma-2-9B-IT,Apply,Unknown,0
668,Gemma-2-9B-IT,Understand,Unknown,0
669,Gemma-2-9B-IT,Understand,Unknown,0
670,Gemma-2-9B-IT,Understand,Unknown,0
671,Gemma-2-9B-IT,Analyze,Unknown,0
672,Gemma-2-9B-IT,Evaluate,Unknown,0
673,Gemma-2-9B-IT,Create,Create,1
674,Gemma-2-9B-IT,Apply,Unknown,0
675,Gemma-2-9B-IT,Understand,Understand,1
676,Gemma-2-9B-IT,Apply,Unknown,0
677,Gemma-2-9B-IT,Apply,Unknown,0
678,Gemma-2-9B-IT,Remember,Remember,1
679,Gemma-2-9B-IT,Create,Create,1
680,Gemma-2-9B-IT,Evaluate,Unknown,0
681,Gemma-2-9B-IT,Apply,Apply,1
682,Gemma-2-9B-IT,Understand,Unknown,0
683,Gemma-2-9B-IT,Evaluate,Unknown,0
684,Gemma-2-9B-IT,Understand,Unknown,0
685,Gemma-2-9B-IT,Create,Create,1
686,Gemma-2-9B-IT,Apply,Unknown,0
687,Gemma-2-9B-IT,Understand,Unknown,0
688,Gemma-2-9B-IT,Analyze,Unknown,0
689,Gemma-2-9B-IT,Understand,Unknown,0
690,Gemma-2-9B-IT,Create,Apply,0
691,Gemma-2-9B-IT,Understand,Understand,1
692,Gemma-2-9B-IT,Create,Create,1
693,Gemma-2-9B-IT,Apply,Unknown,0
694,Gemma-2-9B-IT,Understand,Understand,1
695,Gemma-2-9B-IT,Analyze,Unknown,0
696,Gemma-2-9B-IT,Analyze,Unknown,0
697,Gemma-2-9B-IT,Understand,Understand,1
698,Gemma-2-9B-IT,Apply,Unknown,0
699,Gemma-2-9B-IT,Understand,Unknown,0
700,Gemma-2-9B-IT,Create,Unknown,0
701,Gemma-2-9B-IT,Apply,Unknown,0
702,Gemma-2-9B-IT,Evaluate,Unknown,0
703,Gemma-2-9B-IT,Apply,Unknown,0
704,Gemma-2-9B-IT,Evaluate,Unknown,0
705,Gemma-2-9B-IT,Remember,Remember,1
706,Gemma-2-9B-IT,Apply,Unknown,0
707,Gemma-2-9B-IT,Understand,Understand,1
708,Gemma-2-9B-IT,Apply,Unknown,0
709,Gemma-2-9B-IT,Understand,Unknown,0
710,Gemma-2-9B-IT,Analyze,Unknown,0
711,Gemma-2-9B-IT,Analyze,Unknown,0
712,Gemma-2-9B-IT,Apply,Unknown,0
713,Gemma-2-9B-IT,Evaluate,Evaluate,1
714,Gemma-2-9B-IT,Understand,Unknown,0
715,Gemma-2-9B-IT,Understand,Unknown,0
716,Gemma-2-9B-IT,Understand,Unknown,0
717,Gemma-2-9B-IT,Analyze,Unknown,0
718,Gemma-2-9B-IT,Understand,Unknown,0
719,Gemma-2-9B-IT,Remember,Remember,1
720,Gemma-2-9B-IT,Create,Create,1
721,Gemma-2-9B-IT,Understand,Unknown,0
722,Gemma-2-9B-IT,Apply,Unknown,0
723,Gemma-2-9B-IT,Apply,Unknown,0
724,Gemma-2-9B-IT,Create,Create,1
725,Gemma-2-9B-IT,Apply,Unknown,0
726,Gemma-2-9B-IT,Understand,Unknown,0
727,Gemma-2-9B-IT,Understand,Understand,1
728,Gemma-2-9B-IT,Understand,Understand,1
729,Gemma-2-9B-IT,Understand,Unknown,0
730,Gemma-2-9B-IT,Analyze,Unknown,0
731,Gemma-2-9B-IT,Apply,Unknown,0
732,Gemma-2-9B-IT,Apply,Unknown,0
733,Gemma-2-9B-IT,Apply,Unknown,0
734,Gemma-2-9B-IT,Remember,Remember,1
735,Gemma-2-9B-IT,Understand,Unknown,0
736,Gemma-2-9B-IT,Apply,Unknown,0
737,Gemma-2-9B-IT,Apply,Unknown,0
738,Gemma-2-9B-IT,Understand,Unknown,0
739,Gemma-2-9B-IT,Apply,Apply,1
740,Gemma-2-9B-IT,Understand,Unknown,0
741,Gemma-2-9B-IT,Evaluate,Unknown,0
742,Gemma-2-9B-IT,Understand,Understand,1
743,Gemma-2-9B-IT,Apply,Unknown,0
744,Gemma-2-9B-IT,Create,Unknown,0
745,Gemma-2-9B-IT,Understand,Understand,1
746,Gemma-2-9B-IT,Understand,Unknown,0
747,Gemma-2-9B-IT,Apply,Unknown,0
748,Gemma-2-9B-IT,Apply,Unknown,0
749,Gemma-2-9B-IT,Evaluate,Unknown,0
750,Gemma-2-9B-IT,Understand,Unknown,0
751,Gemma-2-9B-IT,Understand,Unknown,0
752,Gemma-2-9B-IT,Create,Create,1
753,Gemma-2-9B-IT,Understand,Unknown,0
754,Gemma-2-9B-IT,Analyze,Remember,0
755,Gemma-2-9B-IT,Apply,Unknown,0
756,Gemma-2-9B-IT,Apply,Apply,1
757,Gemma-2-9B-IT,Evaluate,Unknown,0
758,Gemma-2-9B-IT,Understand,Unknown,0
759,Gemma-2-9B-IT,Create,Unknown,0
760,Gemma-2-9B-IT,Analyze,Unknown,0
761,Gemma-2-9B-IT,Apply,Unknown,0
762,Gemma-2-9B-IT,Remember,Remember,1
763,Gemma-2-9B-IT,Create,Create,1
764,Gemma-2-9B-IT,Create,Unknown,0
765,Gemma-2-9B-IT,Apply,Unknown,0
766,Gemma-2-9B-IT,Apply,Apply,1
767,Gemma-2-9B-IT,Analyze,Unknown,0
768,Gemma-2-9B-IT,Understand,Unknown,0
769,Gemma-2-9B-IT,Analyze,Unknown,0
770,Gemma-2-9B-IT,Analyze,Unknown,0
771,Gemma-2-9B-IT,Create,Unknown,0
772,Gemma-2-9B-IT,Analyze,Unknown,0
773,Gemma-2-9B-IT,Analyze,Unknown,0
774,Gemma-2-9B-IT,Create,Unknown,0
775,Gemma-2-9B-IT,Create,Create,1
776,Gemma-2-9B-IT,Understand,Unknown,0
777,Gemma-2-9B-IT,Create,Unknown,0
778,Gemma-2-9B-IT,Apply,Unknown,0
779,Gemma-2-9B-IT,Analyze,Unknown,0
780,Gemma-2-9B-IT,Create,Unknown,0
781,Gemma-2-9B-IT,Apply,Unknown,0
782,Gemma-2-9B-IT,Create,Unknown,0
783,Gemma-2-9B-IT,Analyze,Unknown,0
784,Gemma-2-9B-IT,Apply,Unknown,0
785,Gemma-2-9B-IT,Analyze,Unknown,0
786,Gemma-2-9B-IT,Understand,Unknown,0
787,Gemma-2-9B-IT,Apply,Unknown,0
788,Gemma-2-9B-IT,Apply,Unknown,0
789,Gemma-2-9B-IT,Remember,Remember,1
790,Gemma-2-9B-IT,Apply,Unknown,0
791,Gemma-2-9B-IT,Apply,Apply,1
792,Gemma-2-9B-IT,Apply,Create,0
793,Gemma-2-9B-IT,Create,Unknown,0
794,Gemma-2-9B-IT,Apply,Unknown,0
795,Gemma-2-9B-IT,Create,Unknown,0
796,Gemma-2-9B-IT,Apply,Unknown,0
797,Gemma-2-9B-IT,Create,Unknown,0
798,Gemma-2-9B-IT,Apply,Unknown,0
799,Gemma-2-9B-IT,Evaluate,Unknown,0
800,Gemma-2-9B-IT,Apply,Unknown,0
801,Gemma-2-9B-IT,Evaluate,Unknown,0
802,Gemma-2-9B-IT,Create,Unknown,0
803,Gemma-2-9B-IT,Evaluate,Unknown,0
804,Gemma-2-9B-IT,Understand,Unknown,0
805,Gemma-2-9B-IT,Create,Create,1
806,Gemma-2-9B-IT,Remember,Remember,1
807,Gemma-2-9B-IT,Understand,Unknown,0
808,Gemma-2-9B-IT,Analyze,Unknown,0
809,Gemma-2-9B-IT,Create,Unknown,0
810,Gemma-2-9B-IT,Apply,Unknown,0
811,Gemma-2-9B-IT,Create,Unknown,0
812,Gemma-2-9B-IT,Apply,Unknown,0
813,Gemma-2-9B-IT,Create,Unknown,0
814,Gemma-2-9B-IT,Understand,Understand,1
815,Gemma-2-9B-IT,Apply,Unknown,0
816,Gemma-2-9B-IT,Remember,Understand,0
817,Gemma-2-9B-IT,Evaluate,Unknown,0
818,Gemma-2-9B-IT,Analyze,Unknown,0
819,Gemma-2-9B-IT,Understand,Understand,1
820,Gemma-2-9B-IT,Apply,Unknown,0
821,Gemma-2-9B-IT,Remember,Remember,1
822,Gemma-2-9B-IT,Apply,Apply,1
823,Gemma-2-9B-IT,Understand,Unknown,0
824,Gemma-2-9B-IT,Remember,Unknown,0
825,Gemma-2-9B-IT,Apply,Unknown,0
826,Gemma-2-9B-IT,Understand,Understand,1
827,Gemma-2-9B-IT,Apply,Unknown,0
828,Gemma-2-9B-IT,Apply,Apply,1
829,Gemma-2-9B-IT,Understand,Remember,0
830,Gemma-2-9B-IT,Create,Unknown,0
831,Gemma-2-9B-IT,Remember,Unknown,0
832,Gemma-2-9B-IT,Apply,Unknown,0
833,Gemma-2-9B-IT,Create,Unknown,0
834,Gemma-2-9B-IT,Apply,Unknown,0
835,Gemma-2-9B-IT,Create,Unknown,0
836,Gemma-2-9B-IT,Remember,Understand,0
837,Gemma-2-9B-IT,Remember,Unknown,0
838,Gemma-2-9B-IT,Understand,Unknown,0
839,Gemma-2-9B-IT,Apply,Unknown,0
840,Gemma-2-9B-IT,Apply,Unknown,0
841,Gemma-2-9B-IT,Analyze,Unknown,0
842,Gemma-2-9B-IT,Remember,Remember,1
843,Gemma-2-9B-IT,Understand,Understand,1
844,Gemma-2-9B-IT,Create,Unknown,0
845,Gemma-2-9B-IT,Evaluate,Unknown,0
846,Gemma-2-9B-IT,Evaluate,Unknown,0
847,Gemma-2-9B-IT,Apply,Unknown,0
848,Gemma-2-9B-IT,Apply,Unknown,0
849,Gemma-2-9B-IT,Apply,Apply,1
850,Gemma-2-9B-IT,Create,Create,1
851,Gemma-2-9B-IT,Apply,Unknown,0
852,Gemma-2-9B-IT,Apply,Unknown,0
853,Gemma-2-9B-IT,Evaluate,Unknown,0
854,Gemma-2-9B-IT,Understand,Unknown,0
855,Gemma-2-9B-IT,Understand,Unknown,0
856,Gemma-2-9B-IT,Understand,Understand,1
857,Gemma-2-9B-IT,Apply,Unknown,0
858,Gemma-2-9B-IT,Understand,Unknown,0
859,Gemma-2-9B-IT,Understand,Unknown,0
860,Gemma-2-9B-IT,Apply,Understand,0
861,Gemma-2-9B-IT,Evaluate,Unknown,0
862,Gemma-2-9B-IT,Apply,Unknown,0
863,Gemma-2-9B-IT,Apply,Unknown,0
864,Gemma-2-9B-IT,Create,Create,1
865,Gemma-2-9B-IT,Understand,Unknown,0
866,Gemma-2-9B-IT,Apply,Unknown,0
867,Gemma-2-9B-IT,Evaluate,Unknown,0
868,Gemma-2-9B-IT,Create,Create,1
869,Gemma-2-9B-IT,Create,Create,1
870,Gemma-2-9B-IT,Apply,Unknown,0
871,Gemma-2-9B-IT,Understand,Understand,1
872,Gemma-2-9B-IT,Analyze,Unknown,0
873,Gemma-2-9B-IT,Apply,Unknown,0
874,Gemma-2-9B-IT,Remember,Remember,1
875,Gemma-2-9B-IT,Understand,Unknown,0
876,Gemma-2-9B-IT,Understand,Understand,1
877,Gemma-2-9B-IT,Understand,Unknown,0
878,Gemma-2-9B-IT,Apply,Apply,1
879,Gemma-2-9B-IT,Understand,Unknown,0
880,Gemma-2-9B-IT,Evaluate,Unknown,0
881,Gemma-2-9B-IT,Analyze,Unknown,0
882,Gemma-2-9B-IT,Apply,Unknown,0
883,Gemma-2-9B-IT,Understand,Unknown,0
884,Gemma-2-9B-IT,Understand,Understand,1
885,Gemma-2-9B-IT,Understand,Understand,1
886,Gemma-2-9B-IT,Evaluate,Unknown,0
887,Gemma-2-9B-IT,Create,Unknown,0
888,Gemma-2-9B-IT,Apply,Apply,1
889,Gemma-2-9B-IT,Understand,Understand,1
890,Gemma-2-9B-IT,Create,Create,1
891,Gemma-2-9B-IT,Analyze,Unknown,0
892,Gemma-2-9B-IT,Create,Unknown,0
893,Gemma-2-9B-IT,Apply,Apply,1
894,Gemma-2-9B-IT,Evaluate,Unknown,0
895,Gemma-2-9B-IT,Apply,Unknown,0
896,Gemma-2-9B-IT,Apply,Unknown,0
897,Gemma-2-9B-IT,Apply,Apply,1
898,Gemma-2-9B-IT,Evaluate,Unknown,0
899,Gemma-2-9B-IT,Apply,Unknown,0
900,Gemma-2-9B-IT,Evaluate,Unknown,0
901,Gemma-2-9B-IT,Understand,Understand,1
902,Gemma-2-9B-IT,Understand,Understand,1
903,Gemma-2-9B-IT,Apply,Unknown,0
904,Gemma-2-9B-IT,Apply,Unknown,0
905,Gemma-2-9B-IT,Understand,Unknown,0
906,Gemma-2-9B-IT,Analyze,Unknown,0
907,Gemma-2-9B-IT,Create,Create,1
908,Gemma-2-9B-IT,Apply,Unknown,0
909,Gemma-2-9B-IT,Apply,Apply,1
910,Gemma-2-9B-IT,Evaluate,Unknown,0
911,Gemma-2-9B-IT,Evaluate,Unknown,0
912,Gemma-2-9B-IT,Understand,Unknown,0
913,Gemma-2-9B-IT,Understand,Unknown,0
914,Gemma-2-9B-IT,Understand,Unknown,0
915,Gemma-2-9B-IT,Understand,Unknown,0
916,Gemma-2-9B-IT,Evaluate,Unknown,0
917,Gemma-2-9B-IT,Understand,Unknown,0
918,Gemma-2-9B-IT,Apply,Unknown,0
919,Gemma-2-9B-IT,Analyze,Unknown,0
920,Gemma-2-9B-IT,Create,Unknown,0
921,Gemma-2-9B-IT,Create,Remember,0
922,Gemma-2-9B-IT,Evaluate,Unknown,0
923,Gemma-2-9B-IT,Evaluate,Unknown,0
924,Gemma-2-9B-IT,Create,Unknown,0
925,Gemma-2-9B-IT,Understand,Unknown,0
926,Gemma-2-9B-IT,Analyze,Unknown,0
927,Gemma-2-9B-IT,Understand,Unknown,0
928,Gemma-2-9B-IT,Analyze,Unknown,0
929,Gemma-2-9B-IT,Evaluate,Unknown,0
930,Gemma-2-9B-IT,Evaluate,Unknown,0
931,Gemma-2-9B-IT,Analyze,Create,0
932,Gemma-2-9B-IT,Remember,Remember,1
933,Gemma-2-9B-IT,Apply,Apply,1
934,Gemma-2-9B-IT,Understand,Unknown,0
935,Gemma-2-9B-IT,Analyze,Unknown,0
936,Gemma-2-9B-IT,Understand,Unknown,0
937,Gemma-2-9B-IT,Create,Unknown,0
938,Gemma-2-9B-IT,Analyze,Unknown,0
939,Gemma-2-9B-IT,Analyze,Unknown,0
940,Gemma-2-9B-IT,Apply,Unknown,0
941,Gemma-2-9B-IT,Apply,Unknown,0
942,Gemma-2-9B-IT,Create,Unknown,0
943,Gemma-2-9B-IT,Understand,Understand,1
944,Gemma-2-9B-IT,Apply,Unknown,0
945,Gemma-2-9B-IT,Create,Unknown,0
946,Gemma-2-9B-IT,Remember,Remember,1
947,Gemma-2-9B-IT,Create,Unknown,0
948,Gemma-2-9B-IT,Create,Create,1
949,Gemma-2-9B-IT,Apply,Unknown,0
950,Gemma-2-9B-IT,Apply,Unknown,0
951,Gemma-2-9B-IT,Understand,Unknown,0
952,Gemma-2-9B-IT,Analyze,Unknown,0
953,Gemma-2-9B-IT,Apply,Unknown,0
954,Gemma-2-9B-IT,Apply,Unknown,0
955,Gemma-2-9B-IT,Understand,Unknown,0
956,Gemma-2-9B-IT,Evaluate,Unknown,0
957,Gemma-2-9B-IT,Apply,Unknown,0
958,Gemma-2-9B-IT,Analyze,Unknown,0
959,Gemma-2-9B-IT,Create,Unknown,0
960,Gemma-2-9B-IT,Apply,Unknown,0
961,Gemma-2-9B-IT,Apply,Unknown,0
962,Gemma-2-9B-IT,Apply,Unknown,0
963,Gemma-2-9B-IT,Understand,Unknown,0
964,Gemma-2-9B-IT,Analyze,Unknown,0
965,Gemma-2-9B-IT,Understand,Unknown,0
966,Gemma-2-9B-IT,Evaluate,Unknown,0
967,Gemma-2-9B-IT,Analyze,Unknown,0
968,Gemma-2-9B-IT,Understand,Unknown,0
969,Gemma-2-9B-IT,Apply,Unknown,0
970,Gemma-2-9B-IT,Apply,Unknown,0
971,Gemma-2-9B-IT,Evaluate,Unknown,0
972,Gemma-2-9B-IT,Apply,Unknown,0
973,Gemma-2-9B-IT,Analyze,Unknown,0
974,Gemma-2-9B-IT,Analyze,Unknown,0
975,Gemma-2-9B-IT,Apply,Unknown,0
976,Gemma-2-9B-IT,Analyze,Unknown,0
977,Gemma-2-9B-IT,Understand,Unknown,0
978,Gemma-2-9B-IT,Apply,Unknown,0
979,Gemma-2-9B-IT,Evaluate,Unknown,0
980,Gemma-2-9B-IT,Apply,Unknown,0
981,Gemma-2-9B-IT,Understand,Unknown,0
982,Gemma-2-9B-IT,Understand,Create,0
983,Gemma-2-9B-IT,Create,Unknown,0
984,Gemma-2-9B-IT,Understand,Unknown,0
985,Gemma-2-9B-IT,Understand,Unknown,0
986,Gemma-2-9B-IT,Apply,Unknown,0
987,Gemma-2-9B-IT,Apply,Unknown,0
988,Gemma-2-9B-IT,Understand,Unknown,0
989,Gemma-2-9B-IT,Create,Unknown,0
990,Gemma-2-9B-IT,Create,Create,1
991,Gemma-2-9B-IT,Understand,Understand,1
992,Gemma-2-9B-IT,Analyze,Unknown,0
993,Gemma-2-9B-IT,Create,Unknown,0
994,Gemma-2-9B-IT,Remember,Remember,1
995,Gemma-2-9B-IT,Create,Unknown,0
996,Gemma-2-9B-IT,Analyze,Unknown,0
997,Gemma-2-9B-IT,Apply,Unknown,0
998,Gemma-2-9B-IT,Apply,Apply,1
999,Gemma-2-9B-IT,Understand,Unknown,0
1000,Gemma-2-9B-IT,Evaluate,Unknown,0
1001,Gemma-2-9B-IT,Understand,Unknown,0
1002,Gemma-2-9B-IT,Evaluate,Unknown,0
1003,Gemma-2-9B-IT,Create,Unknown,0
1004,Gemma-2-9B-IT,Apply,Unknown,0
1005,Gemma-2-9B-IT,Understand,Unknown,0
1006,Gemma-2-9B-IT,Evaluate,Evaluate,1
1007,Gemma-2-9B-IT,Understand,Understand,1
1008,Gemma-2-9B-IT,Understand,Understand,1
1009,Gemma-2-9B-IT,Create,Unknown,0
1010,Gemma-2-9B-IT,Understand,Unknown,0
1011,Gemma-2-9B-IT,Apply,Unknown,0
1012,Gemma-2-9B-IT,Understand,Unknown,0
1013,Gemma-2-9B-IT,Create,Unknown,0
1014,Gemma-2-9B-IT,Apply,Unknown,0
1015,Gemma-2-9B-IT,Analyze,Apply,0
1016,Gemma-2-9B-IT,Apply,Apply,1
1017,Gemma-2-9B-IT,Remember,Remember,1
1018,Gemma-2-9B-IT,Analyze,Unknown,0
1019,Gemma-2-9B-IT,Understand,Unknown,0
1020,Gemma-2-9B-IT,Apply,Unknown,0
1021,Gemma-2-9B-IT,Understand,Unknown,0
1022,Gemma-2-9B-IT,Evaluate,Unknown,0
1023,Gemma-2-9B-IT,Understand,Unknown,0
1024,Gemma-2-9B-IT,Create,Unknown,0
1025,Gemma-2-9B-IT,Understand,Understand,1
1026,Gemma-2-9B-IT,Apply,Unknown,0
1027,Gemma-2-9B-IT,Evaluate,Evaluate,1
1028,Gemma-2-9B-IT,Evaluate,Unknown,0
1029,Gemma-2-9B-IT,Create,Unknown,0
1030,Gemma-2-9B-IT,Understand,Understand,1
1031,Gemma-2-9B-IT,Create,Unknown,0
1032,Gemma-2-9B-IT,Apply,Unknown,0
1033,Gemma-2-9B-IT,Create,Create,1
1034,Gemma-2-9B-IT,Create,Create,1
1035,Gemma-2-9B-IT,Evaluate,Unknown,0
1036,Gemma-2-9B-IT,Understand,Unknown,0
1037,Gemma-2-9B-IT,Apply,Unknown,0
1038,Gemma-2-9B-IT,Apply,Unknown,0
1039,Gemma-2-9B-IT,Create,Create,1
1040,Gemma-2-9B-IT,Apply,Unknown,0
1041,Gemma-2-9B-IT,Evaluate,Unknown,0
1042,Gemma-2-9B-IT,Create,Unknown,0
1043,Gemma-2-9B-IT,Analyze,Unknown,0
1044,Gemma-2-9B-IT,Analyze,Unknown,0
1045,Gemma-2-9B-IT,Remember,Unknown,0
1046,Gemma-2-9B-IT,Create,Unknown,0
1047,Gemma-2-9B-IT,Understand,Understand,1
1048,Gemma-2-9B-IT,Evaluate,Evaluate,1
1049,Gemma-2-9B-IT,Evaluate,Unknown,0
1050,Gemma-2-9B-IT,Understand,Unknown,0
1051,Gemma-2-9B-IT,Evaluate,Unknown,0
1052,Gemma-2-9B-IT,Understand,Unknown,0
1053,Gemma-2-9B-IT,Apply,Unknown,0
1054,Gemma-2-9B-IT,Understand,Unknown,0
1055,Gemma-2-9B-IT,Evaluate,Unknown,0
1056,Gemma-2-9B-IT,Apply,Unknown,0
1057,Gemma-2-9B-IT,Create,Unknown,0
1058,Gemma-2-9B-IT,Apply,Apply,1
1059,Gemma-2-9B-IT,Apply,Apply,1
1060,Gemma-2-9B-IT,Apply,Apply,1
1061,Gemma-2-9B-IT,Create,Unknown,0
1062,Gemma-2-9B-IT,Apply,Unknown,0
1063,Gemma-2-9B-IT,Apply,Unknown,0
1064,Gemma-2-9B-IT,Analyze,Unknown,0
1065,Gemma-2-9B-IT,Evaluate,Unknown,0
1066,Gemma-2-9B-IT,Evaluate,Unknown,0
1067,Gemma-2-9B-IT,Understand,Unknown,0
1068,Gemma-2-9B-IT,Analyze,Unknown,0
1069,Gemma-2-9B-IT,Understand,Unknown,0
1070,Gemma-2-9B-IT,Understand,Unknown,0
1071,Gemma-2-9B-IT,Apply,Unknown,0
1072,Gemma-2-9B-IT,Apply,Unknown,0
1073,Gemma-2-9B-IT,Understand,Unknown,0
1074,Gemma-2-9B-IT,Evaluate,Unknown,0
1075,Gemma-2-9B-IT,Apply,Unknown,0
1076,Gemma-2-9B-IT,Create,Create,1
1077,Gemma-2-9B-IT,Analyze,Unknown,0
1078,Gemma-2-9B-IT,Understand,Unknown,0
1079,Gemma-2-9B-IT,Understand,Understand,1
1080,Gemma-2-9B-IT,Apply,Unknown,0
1081,Gemma-2-9B-IT,Remember,Remember,1
1082,Gemma-2-9B-IT,Analyze,Unknown,0
1083,Gemma-2-9B-IT,Analyze,Unknown,0
1084,Gemma-2-9B-IT,Understand,Unknown,0
1085,Gemma-2-9B-IT,Apply,Unknown,0
1086,Gemma-2-9B-IT,Understand,Unknown,0
1087,Gemma-2-9B-IT,Evaluate,Unknown,0
1088,Gemma-2-9B-IT,Apply,Apply,1
1089,Gemma-2-9B-IT,Apply,Apply,1
1090,Gemma-2-9B-IT,Analyze,Unknown,0
1091,Gemma-2-9B-IT,Understand,Understand,1
1092,Gemma-2-9B-IT,Analyze,Unknown,0
1093,Gemma-2-9B-IT,Apply,Unknown,0
1094,Gemma-2-9B-IT,Evaluate,Unknown,0
1095,Gemma-2-9B-IT,Understand,Unknown,0
1096,Gemma-2-9B-IT,Create,Create,1
1097,Gemma-2-9B-IT,Apply,Unknown,0
1098,Gemma-2-9B-IT,Apply,Unknown,0
1099,Gemma-2-9B-IT,Apply,Unknown,0
1100,Gemma-2-9B-IT,Understand,Understand,1
1101,Gemma-2-9B-IT,Understand,Unknown,0
1102,Gemma-2-9B-IT,Create,Unknown,0
1103,Gemma-2-9B-IT,Evaluate,Unknown,0
1104,Gemma-2-9B-IT,Remember,Remember,1
1105,Gemma-2-9B-IT,Understand,Understand,1
1106,Gemma-2-9B-IT,Apply,Unknown,0
1107,Gemma-2-9B-IT,Analyze,Unknown,0
1108,Gemma-2-9B-IT,Apply,Apply,1
1109,Gemma-2-9B-IT,Evaluate,Unknown,0
1110,Gemma-2-9B-IT,Create,Create,1
1111,Gemma-2-9B-IT,Understand,Unknown,0
1112,Gemma-2-9B-IT,Apply,Unknown,0
1113,Gemma-2-9B-IT,Understand,Unknown,0
1114,Gemma-2-9B-IT,Understand,Unknown,0
1115,Gemma-2-9B-IT,Understand,Unknown,0
1116,Gemma-2-9B-IT,Understand,Understand,1
1117,Gemma-2-9B-IT,Apply,Unknown,0
1118,Gemma-2-9B-IT,Evaluate,Unknown,0
1119,Gemma-2-9B-IT,Apply,Unknown,0
1120,Gemma-2-9B-IT,Apply,Unknown,0
1121,Gemma-2-9B-IT,Apply,Unknown,0
1122,Gemma-2-9B-IT,Apply,Unknown,0
1123,Gemma-2-9B-IT,Understand,Unknown,0
1124,Gemma-2-9B-IT,Understand,Understand,1
1125,Gemma-2-9B-IT,Remember,Unknown,0
1126,Gemma-2-9B-IT,Understand,Unknown,0
1127,Gemma-2-9B-IT,Evaluate,Unknown,0
1128,Gemma-2-9B-IT,Apply,Unknown,0
1129,Gemma-2-9B-IT,Apply,Unknown,0
1130,Gemma-2-9B-IT,Understand,Understand,1
1131,Gemma-2-9B-IT,Create,Unknown,0
1132,Gemma-2-9B-IT,Remember,Remember,1
1133,Gemma-2-9B-IT,Evaluate,Unknown,0
1134,Gemma-2-9B-IT,Understand,Understand,1
1135,Gemma-2-9B-IT,Apply,Unknown,0
1136,Gemma-2-9B-IT,Evaluate,Unknown,0
1137,Gemma-2-9B-IT,Analyze,Analyze,1
1138,Gemma-2-9B-IT,Analyze,Unknown,0
1139,Gemma-2-9B-IT,Analyze,Unknown,0
1140,Gemma-2-9B-IT,Apply,Unknown,0
1141,Gemma-2-9B-IT,Understand,Understand,1
1142,Gemma-2-9B-IT,Understand,Unknown,0
1143,Gemma-2-9B-IT,Create,Unknown,0
1144,Gemma-2-9B-IT,Apply,Unknown,0
1145,Gemma-2-9B-IT,Understand,Unknown,0
1146,Gemma-2-9B-IT,Apply,Unknown,0
1147,Gemma-2-9B-IT,Apply,Unknown,0
1148,Gemma-2-9B-IT,Apply,Unknown,0
1149,Gemma-2-9B-IT,Evaluate,Unknown,0
1150,Gemma-2-9B-IT,Understand,Unknown,0
1151,Gemma-2-9B-IT,Understand,Understand,1
1152,Gemma-2-9B-IT,Understand,Unknown,0
1153,Gemma-2-9B-IT,Understand,Unknown,0
1154,Gemma-2-9B-IT,Analyze,Unknown,0
1155,Gemma-2-9B-IT,Evaluate,Unknown,0
1156,Gemma-2-9B-IT,Apply,Unknown,0
1157,Gemma-2-9B-IT,Analyze,Unknown,0
1158,Gemma-2-9B-IT,Evaluate,Unknown,0
1159,Gemma-2-9B-IT,Apply,Unknown,0
1160,Gemma-2-9B-IT,Analyze,Unknown,0
1161,Gemma-2-9B-IT,Create,Create,1
1162,Gemma-2-9B-IT,Apply,Apply,1
1163,Gemma-2-9B-IT,Understand,Unknown,0
1164,Gemma-2-9B-IT,Create,Unknown,0
1165,Gemma-2-9B-IT,Create,Unknown,0
1166,Gemma-2-9B-IT,Understand,Unknown,0
1167,Gemma-2-9B-IT,Apply,Unknown,0
1168,Gemma-2-9B-IT,Apply,Unknown,0
1169,Gemma-2-9B-IT,Create,Unknown,0
1170,Gemma-2-9B-IT,Apply,Unknown,0
1171,Gemma-2-9B-IT,Create,Unknown,0
1172,Gemma-2-9B-IT,Remember,Remember,1
1173,Gemma-2-9B-IT,Understand,Unknown,0
1174,Gemma-2-9B-IT,Create,Unknown,0
1175,Gemma-2-9B-IT,Evaluate,Unknown,0
1176,Gemma-2-9B-IT,Understand,Unknown,0
1177,Gemma-2-9B-IT,Understand,Remember,0
1178,Gemma-2-9B-IT,Understand,Unknown,0
1179,Gemma-2-9B-IT,Understand,Understand,1
1180,Gemma-2-9B-IT,Apply,Unknown,0
1181,Gemma-2-9B-IT,Apply,Unknown,0
1182,Gemma-2-9B-IT,Apply,Unknown,0
1183,Gemma-2-9B-IT,Analyze,Unknown,0
1184,Gemma-2-9B-IT,Apply,Apply,1
1185,Gemma-2-9B-IT,Apply,Unknown,0
1186,Gemma-2-9B-IT,Create,Unknown,0
1187,Gemma-2-9B-IT,Apply,Unknown,0
1188,Gemma-2-9B-IT,Evaluate,Unknown,0
1189,Gemma-2-9B-IT,Apply,Unknown,0
1190,Gemma-2-9B-IT,Remember,Unknown,0
1191,Gemma-2-9B-IT,Analyze,Unknown,0
1192,Gemma-2-9B-IT,Create,Unknown,0
1193,Gemma-2-9B-IT,Apply,Unknown,0
1194,Gemma-2-9B-IT,Understand,Understand,1
1195,Gemma-2-9B-IT,Apply,Unknown,0
1196,Gemma-2-9B-IT,Create,Unknown,0
1197,Gemma-2-9B-IT,Create,Unknown,0
1198,Gemma-2-9B-IT,Apply,Apply,1
1199,Gemma-2-9B-IT,Remember,Unknown,0
1200,Gemma-2-9B-IT,Understand,Understand,1
1201,Gemma-2-9B-IT,Create,Create,1
1202,Gemma-2-9B-IT,Create,Unknown,0
1203,Gemma-2-9B-IT,Analyze,Unknown,0
1204,Gemma-2-9B-IT,Understand,Unknown,0
1205,Gemma-2-9B-IT,Apply,Apply,1
1206,Gemma-2-9B-IT,Analyze,Unknown,0
1207,Gemma-2-9B-IT,Analyze,Unknown,0
1208,Gemma-2-9B-IT,Apply,Unknown,0
1209,Gemma-2-9B-IT,Analyze,Unknown,0
1210,Gemma-2-9B-IT,Apply,Unknown,0
1211,Gemma-2-9B-IT,Evaluate,Unknown,0
1212,Gemma-2-9B-IT,Create,Unknown,0
1213,Gemma-2-9B-IT,Apply,Unknown,0
1214,Gemma-2-9B-IT,Analyze,Unknown,0
1215,Gemma-2-9B-IT,Apply,Unknown,0
1216,Gemma-2-9B-IT,Understand,Understand,1
1217,Gemma-2-9B-IT,Evaluate,Unknown,0
1218,Gemma-2-9B-IT,Apply,Unknown,0
1219,Gemma-2-9B-IT,Understand,Unknown,0
1220,Gemma-2-9B-IT,Analyze,Unknown,0
1221,Gemma-2-9B-IT,Apply,Remember,0
1222,Gemma-2-9B-IT,Apply,Unknown,0
1223,Gemma-2-9B-IT,Apply,Unknown,0
1224,Gemma-2-9B-IT,Apply,Unknown,0
1225,Gemma-2-9B-IT,Apply,Unknown,0
1226,Gemma-2-9B-IT,Remember,Remember,1
1227,Gemma-2-9B-IT,Understand,Unknown,0
1228,Gemma-2-9B-IT,Understand,Unknown,0
1229,Gemma-2-9B-IT,Understand,Unknown,0
1230,Gemma-2-9B-IT,Apply,Unknown,0
1231,Gemma-2-9B-IT,Analyze,Unknown,0
1232,Gemma-2-9B-IT,Understand,Unknown,0
1233,Gemma-2-9B-IT,Create,Create,1
1234,Gemma-2-9B-IT,Apply,Unknown,0
1235,Gemma-2-9B-IT,Analyze,Unknown,0
1236,Gemma-2-9B-IT,Analyze,Unknown,0
1237,Gemma-2-9B-IT,Understand,Understand,1
1238,Gemma-2-9B-IT,Understand,Unknown,0
1239,Gemma-2-9B-IT,Analyze,Unknown,0
1240,Gemma-2-9B-IT,Apply,Apply,1
1241,Gemma-2-9B-IT,Apply,Unknown,0
1242,Gemma-2-9B-IT,Understand,Unknown,0
1243,Gemma-2-9B-IT,Apply,Unknown,0
1244,Gemma-2-9B-IT,Understand,Unknown,0
1245,Gemma-2-9B-IT,Apply,Unknown,0
1246,Gemma-2-9B-IT,Analyze,Unknown,0
1247,Gemma-2-9B-IT,Create,Unknown,0
1248,Gemma-2-9B-IT,Understand,Unknown,0
1249,Gemma-2-9B-IT,Analyze,Unknown,0
1250,Gemma-2-9B-IT,Evaluate,Unknown,0
1251,Gemma-2-9B-IT,Evaluate,Unknown,0
1252,Gemma-2-9B-IT,Evaluate,Unknown,0
1253,Gemma-2-9B-IT,Understand,Unknown,0
1254,Gemma-2-9B-IT,Understand,Unknown,0
1255,Gemma-2-9B-IT,Apply,Unknown,0
1256,Gemma-2-9B-IT,Create,Unknown,0
1257,Gemma-2-9B-IT,Understand,Understand,1
1258,Gemma-2-9B-IT,Understand,Unknown,0
1259,Gemma-2-9B-IT,Understand,Unknown,0
1260,Gemma-2-9B-IT,Understand,Understand,1
1261,Gemma-2-9B-IT,Understand,Unknown,0
1262,Gemma-2-9B-IT,Apply,Unknown,0
1263,Gemma-2-9B-IT,Analyze,Unknown,0
1264,Gemma-2-9B-IT,Apply,Unknown,0
1265,Gemma-2-9B-IT,Apply,Unknown,0
1266,Gemma-2-9B-IT,Understand,Unknown,0
1267,Gemma-2-9B-IT,Create,Unknown,0
1268,Gemma-2-9B-IT,Analyze,Unknown,0
1269,Gemma-2-9B-IT,Understand,Unknown,0
1270,Gemma-2-9B-IT,Apply,Unknown,0
1271,Gemma-2-9B-IT,Evaluate,Unknown,0
1272,Gemma-2-9B-IT,Apply,Unknown,0
1273,Gemma-2-9B-IT,Understand,Unknown,0
1274,Gemma-2-9B-IT,Understand,Unknown,0
1275,Gemma-2-9B-IT,Remember,Remember,1
1276,Gemma-2-9B-IT,Apply,Unknown,0
1277,Gemma-2-9B-IT,Create,Create,1
1278,Gemma-2-9B-IT,Analyze,Unknown,0
1279,Gemma-2-9B-IT,Evaluate,Unknown,0
1280,Gemma-2-9B-IT,Understand,Unknown,0
1281,Gemma-2-9B-IT,Apply,Unknown,0
1282,Gemma-2-9B-IT,Apply,Unknown,0
1283,Gemma-2-9B-IT,Evaluate,Unknown,0
1284,Gemma-2-9B-IT,Apply,Unknown,0
1285,Gemma-2-9B-IT,Create,Create,1
1286,Gemma-2-9B-IT,Analyze,Unknown,0
1287,Gemma-2-9B-IT,Apply,Unknown,0
1288,Gemma-2-9B-IT,Create,Unknown,0
1289,Gemma-2-9B-IT,Evaluate,Unknown,0
1290,Gemma-2-9B-IT,Understand,Unknown,0
1291,Gemma-2-9B-IT,Create,Create,1
1292,Gemma-2-9B-IT,Create,Unknown,0
1293,Gemma-2-9B-IT,Understand,Understand,1
1294,Gemma-2-9B-IT,Create,Unknown,0
1295,Gemma-2-9B-IT,Apply,Unknown,0
1296,Gemma-2-9B-IT,Apply,Unknown,0
1297,Gemma-2-9B-IT,Apply,Unknown,0
1298,Gemma-2-9B-IT,Apply,Apply,1
1299,Gemma-2-9B-IT,Remember,Remember,1
1300,Gemma-2-9B-IT,Apply,Unknown,0
1301,Gemma-2-9B-IT,Create,Unknown,0
1302,Gemma-2-9B-IT,Understand,Unknown,0
1303,Gemma-2-9B-IT,Create,Unknown,0
1304,Gemma-2-9B-IT,Understand,Unknown,0
1305,Gemma-2-9B-IT,Understand,Unknown,0
1306,Gemma-2-9B-IT,Create,Unknown,0
1307,Gemma-2-9B-IT,Evaluate,Unknown,0
1308,Gemma-2-9B-IT,Analyze,Unknown,0
1309,Gemma-2-9B-IT,Analyze,Unknown,0
1310,Gemma-2-9B-IT,Evaluate,Unknown,0
1311,Gemma-2-9B-IT,Understand,Unknown,0
1312,Gemma-2-9B-IT,Analyze,Unknown,0
1313,Gemma-2-9B-IT,Apply,Unknown,0
1314,Gemma-2-9B-IT,Apply,Unknown,0
1315,Gemma-2-9B-IT,Apply,Unknown,0
1316,Gemma-2-9B-IT,Evaluate,Unknown,0
1317,Gemma-2-9B-IT,Understand,Understand,1
1318,Gemma-2-9B-IT,Analyze,Unknown,0
1319,Gemma-2-9B-IT,Analyze,Unknown,0
1320,Gemma-2-9B-IT,Analyze,Unknown,0
1321,Gemma-2-9B-IT,Understand,Unknown,0
1322,Gemma-2-9B-IT,Apply,Unknown,0
1323,Gemma-2-9B-IT,Analyze,Unknown,0
1324,Gemma-2-9B-IT,Understand,Understand,1
1325,Gemma-2-9B-IT,Understand,Understand,1
1326,Gemma-2-9B-IT,Apply,Unknown,0
1327,Gemma-2-9B-IT,Understand,Unknown,0
1328,Gemma-2-9B-IT,Analyze,Unknown,0
1329,Gemma-2-9B-IT,Evaluate,Unknown,0
1330,Gemma-2-9B-IT,Apply,Unknown,0
1331,Gemma-2-9B-IT,Evaluate,Evaluate,1
1332,Gemma-2-9B-IT,Analyze,Unknown,0
1333,Gemma-2-9B-IT,Create,Create,1
1334,Gemma-2-9B-IT,Evaluate,Unknown,0
1335,Gemma-2-9B-IT,Apply,Unknown,0
1336,Gemma-2-9B-IT,Evaluate,Unknown,0
1337,Gemma-2-9B-IT,Evaluate,Evaluate,1
1338,Gemma-2-9B-IT,Evaluate,Unknown,0
1339,Gemma-2-9B-IT,Create,Unknown,0
1340,Gemma-2-9B-IT,Create,Unknown,0
1341,Gemma-2-9B-IT,Create,Create,1
1342,Gemma-2-9B-IT,Apply,Unknown,0
1343,Gemma-2-9B-IT,Analyze,Unknown,0
1344,Gemma-2-9B-IT,Apply,Apply,1
1345,Gemma-2-9B-IT,Analyze,Unknown,0
1346,Gemma-2-9B-IT,Apply,Unknown,0
1347,Gemma-2-9B-IT,Understand,Unknown,0
1348,Gemma-2-9B-IT,Evaluate,Unknown,0
1349,Gemma-2-9B-IT,Analyze,Unknown,0
1350,Gemma-2-9B-IT,Understand,Unknown,0
1351,Gemma-2-9B-IT,Remember,Remember,1
1352,Gemma-2-9B-IT,Apply,Unknown,0
1353,Gemma-2-9B-IT,Apply,Unknown,0
1354,Gemma-2-9B-IT,Evaluate,Unknown,0
1355,Gemma-2-9B-IT,Understand,Unknown,0
1356,Gemma-2-9B-IT,Understand,Unknown,0
1357,Gemma-2-9B-IT,Apply,Unknown,0
1358,Gemma-2-9B-IT,Create,Create,1
1359,Gemma-2-9B-IT,Remember,Remember,1
1360,Gemma-2-9B-IT,Analyze,Unknown,0
1361,Gemma-2-9B-IT,Understand,Unknown,0
1362,Gemma-2-9B-IT,Apply,Unknown,0
1363,Gemma-2-9B-IT,Understand,Unknown,0
1364,Gemma-2-9B-IT,Understand,Understand,1
1365,Gemma-2-9B-IT,Understand,Understand,1
1366,Gemma-2-9B-IT,Understand,Unknown,0
1367,Gemma-2-9B-IT,Understand,Unknown,0
1368,Gemma-2-9B-IT,Create,Unknown,0
1369,Gemma-2-9B-IT,Apply,Apply,1
1370,Gemma-2-9B-IT,Apply,Unknown,0
1371,Gemma-2-9B-IT,Apply,Unknown,0
1372,Gemma-2-9B-IT,Apply,Unknown,0
1373,Gemma-2-9B-IT,Apply,Apply,1
1374,Gemma-2-9B-IT,Understand,Unknown,0
1375,Gemma-2-9B-IT,Understand,Unknown,0
1376,Gemma-2-9B-IT,Understand,Unknown,0
1377,Gemma-2-9B-IT,Evaluate,Unknown,0
1378,Gemma-2-9B-IT,Create,Unknown,0
1379,Gemma-2-9B-IT,Apply,Unknown,0
1380,Gemma-2-9B-IT,Understand,Unknown,0
1381,Gemma-2-9B-IT,Analyze,Unknown,0
1382,Gemma-2-9B-IT,Apply,Unknown,0
1383,Gemma-2-9B-IT,Create,Create,1
1384,Gemma-2-9B-IT,Apply,Unknown,0
1385,Gemma-2-9B-IT,Create,Unknown,0
1386,Gemma-2-9B-IT,Evaluate,Unknown,0
1387,Gemma-2-9B-IT,Apply,Unknown,0
1388,Gemma-2-9B-IT,Apply,Unknown,0
1389,Gemma-2-9B-IT,Apply,Unknown,0
1390,Gemma-2-9B-IT,Create,Unknown,0
1391,Gemma-2-9B-IT,Evaluate,Unknown,0
1392,Gemma-2-9B-IT,Evaluate,Unknown,0
1393,Gemma-2-9B-IT,Analyze,Analyze,1
1394,Gemma-2-9B-IT,Apply,Apply,1
1395,Gemma-2-9B-IT,Remember,Remember,1
1396,Gemma-2-9B-IT,Apply,Unknown,0
1397,Gemma-2-9B-IT,Apply,Unknown,0
1398,Gemma-2-9B-IT,Create,Unknown,0
1399,Gemma-2-9B-IT,Evaluate,Unknown,0
1400,Gemma-2-9B-IT,Apply,Unknown,0
1401,Gemma-2-9B-IT,Evaluate,Unknown,0
1402,Gemma-2-9B-IT,Create,Unknown,0
1403,Gemma-2-9B-IT,Apply,Unknown,0
1404,Gemma-2-9B-IT,Understand,Unknown,0
1405,Gemma-2-9B-IT,Apply,Unknown,0
1406,Gemma-2-9B-IT,Understand,Understand,1
1407,Gemma-2-9B-IT,Evaluate,Unknown,0
1408,Gemma-2-9B-IT,Apply,Unknown,0
1409,Gemma-2-9B-IT,Analyze,Unknown,0
1410,Gemma-2-9B-IT,Remember,Unknown,0
1411,Gemma-2-9B-IT,Evaluate,Unknown,0
1412,Gemma-2-9B-IT,Understand,Unknown,0
1413,Gemma-2-9B-IT,Understand,Unknown,0
1414,Gemma-2-9B-IT,Apply,Unknown,0
1415,Gemma-2-9B-IT,Create,Unknown,0
1416,Gemma-2-9B-IT,Remember,Remember,1
1417,Gemma-2-9B-IT,Evaluate,Unknown,0
1418,Gemma-2-9B-IT,Evaluate,Unknown,0
1419,Gemma-2-9B-IT,Apply,Unknown,0
1420,Gemma-2-9B-IT,Remember,Remember,1
1421,Gemma-2-9B-IT,Create,Create,1
1422,Gemma-2-9B-IT,Evaluate,Unknown,0
1423,Gemma-2-9B-IT,Understand,Unknown,0
1424,Gemma-2-9B-IT,Analyze,Unknown,0
1425,Gemma-2-9B-IT,Apply,Unknown,0
1426,Gemma-2-9B-IT,Apply,Unknown,0
1427,Gemma-2-9B-IT,Analyze,Unknown,0
1428,Gemma-2-9B-IT,Apply,Unknown,0
1429,Gemma-2-9B-IT,Apply,Unknown,0
1430,Gemma-2-9B-IT,Remember,Remember,1
1431,Gemma-2-9B-IT,Analyze,Unknown,0
1432,Gemma-2-9B-IT,Understand,Unknown,0
1433,Gemma-2-9B-IT,Evaluate,Unknown,0
1434,Gemma-2-9B-IT,Understand,Unknown,0
1435,Gemma-2-9B-IT,Evaluate,Unknown,0
1436,Gemma-2-9B-IT,Analyze,Unknown,0
1437,Gemma-2-9B-IT,Create,Unknown,0
1438,Gemma-2-9B-IT,Apply,Unknown,0
1439,Gemma-2-9B-IT,Understand,Unknown,0
1440,Gemma-2-9B-IT,Understand,Unknown,0
1441,Gemma-2-9B-IT,Create,Unknown,0
1442,Gemma-2-9B-IT,Apply,Unknown,0
1443,Gemma-2-9B-IT,Apply,Unknown,0
1444,Gemma-2-9B-IT,Understand,Unknown,0
1445,Gemma-2-9B-IT,Remember,Remember,1
1446,Gemma-2-9B-IT,Evaluate,Unknown,0
1447,Gemma-2-9B-IT,Evaluate,Unknown,0
1448,Gemma-2-9B-IT,Apply,Apply,1
1449,Gemma-2-9B-IT,Analyze,Unknown,0
1450,Gemma-2-9B-IT,Apply,Unknown,0
1451,Gemma-2-9B-IT,Understand,Unknown,0
1452,Gemma-2-9B-IT,Remember,Remember,1
1453,Gemma-2-9B-IT,Apply,Unknown,0
1454,Gemma-2-9B-IT,Apply,Apply,1
1455,Gemma-2-9B-IT,Evaluate,Unknown,0
1456,Gemma-2-9B-IT,Apply,Unknown,0
1457,Gemma-2-9B-IT,Understand,Understand,1
1458,Gemma-2-9B-IT,Understand,Understand,1
1459,Gemma-2-9B-IT,Remember,Remember,1
1460,Gemma-2-9B-IT,Apply,Unknown,0
1461,Gemma-2-9B-IT,Understand,Understand,1
1462,Gemma-2-9B-IT,Understand,Unknown,0
1463,Gemma-2-9B-IT,Analyze,Analyze,1
1464,Gemma-2-9B-IT,Evaluate,Unknown,0
1465,Gemma-2-9B-IT,Create,Create,1
1466,Gemma-2-9B-IT,Apply,Unknown,0
1467,Gemma-2-9B-IT,Apply,Unknown,0
1468,Gemma-2-9B-IT,Apply,Unknown,0
1469,Gemma-2-9B-IT,Understand,Unknown,0
1470,Gemma-2-9B-IT,Analyze,Unknown,0
1471,Gemma-2-9B-IT,Apply,Unknown,0
1472,Gemma-2-9B-IT,Apply,Unknown,0
1473,Gemma-2-9B-IT,Apply,Unknown,0
1474,Gemma-2-9B-IT,Evaluate,Unknown,0
1475,Gemma-2-9B-IT,Understand,Unknown,0
1476,Gemma-2-9B-IT,Apply,Unknown,0
1477,Gemma-2-9B-IT,Create,Unknown,0
1478,Gemma-2-9B-IT,Apply,Apply,1
1479,Gemma-2-9B-IT,Apply,Unknown,0
1480,Gemma-2-9B-IT,Evaluate,Unknown,0
1481,Gemma-2-9B-IT,Analyze,Unknown,0
1482,Gemma-2-9B-IT,Understand,Understand,1
1483,Gemma-2-9B-IT,Create,Unknown,0
1484,Gemma-2-9B-IT,Create,Unknown,0
1485,Gemma-2-9B-IT,Understand,Unknown,0
1486,Gemma-2-9B-IT,Understand,Unknown,0
1487,Gemma-2-9B-IT,Apply,Unknown,0
1488,Gemma-2-9B-IT,Understand,Unknown,0
1489,Gemma-2-9B-IT,Understand,Unknown,0
1490,Gemma-2-9B-IT,Apply,Unknown,0
1491,Gemma-2-9B-IT,Apply,Unknown,0
1492,Gemma-2-9B-IT,Analyze,Unknown,0
1493,Gemma-2-9B-IT,Evaluate,Unknown,0
1494,Gemma-2-9B-IT,Understand,Unknown,0
1495,Gemma-2-9B-IT,Apply,Unknown,0
1496,Gemma-2-9B-IT,Remember,Remember,1
1497,Gemma-2-9B-IT,Create,Create,1
1498,Gemma-2-9B-IT,Apply,Unknown,0
1499,Gemma-2-9B-IT,Remember,Remember,1
1500,Gemma-2-9B-IT,Create,Create,1
1501,Gemma-2-9B-IT,Apply,Unknown,0
1502,Gemma-2-9B-IT,Create,Remember,0
1503,Gemma-2-9B-IT,Remember,Remember,1
1504,Gemma-2-9B-IT,Understand,Unknown,0
1505,Gemma-2-9B-IT,Evaluate,Unknown,0
1506,Gemma-2-9B-IT,Apply,Unknown,0
1507,Gemma-2-9B-IT,Understand,Unknown,0
1508,Gemma-2-9B-IT,Evaluate,Unknown,0
1509,Gemma-2-9B-IT,Understand,Unknown,0
1510,Gemma-2-9B-IT,Understand,Unknown,0
1511,Gemma-2-9B-IT,Understand,Understand,1
1512,Gemma-2-9B-IT,Evaluate,Unknown,0
1513,Gemma-2-9B-IT,Evaluate,Unknown,0
1514,Gemma-2-9B-IT,Understand,Unknown,0
1515,Gemma-2-9B-IT,Analyze,Unknown,0
1516,Gemma-2-9B-IT,Analyze,Unknown,0
1517,Gemma-2-9B-IT,Evaluate,Unknown,0
1518,Gemma-2-9B-IT,Analyze,Unknown,0
1519,Gemma-2-9B-IT,Apply,Unknown,0
1520,Gemma-2-9B-IT,Understand,Unknown,0
1521,Gemma-2-9B-IT,Evaluate,Unknown,0
1522,Gemma-2-9B-IT,Evaluate,Unknown,0
1523,Gemma-2-9B-IT,Remember,Remember,1
1524,Gemma-2-9B-IT,Evaluate,Unknown,0
1525,Gemma-2-9B-IT,Create,Unknown,0
1526,Gemma-2-9B-IT,Apply,Unknown,0
1527,Gemma-2-9B-IT,Understand,Unknown,0
1528,Gemma-2-9B-IT,Remember,Remember,1
1529,Gemma-2-9B-IT,Analyze,Unknown,0
1530,Gemma-2-9B-IT,Analyze,Unknown,0
1531,Gemma-2-9B-IT,Analyze,Unknown,0
1532,Gemma-2-9B-IT,Evaluate,Unknown,0
1533,Gemma-2-9B-IT,Apply,Unknown,0
1534,Gemma-2-9B-IT,Apply,Unknown,0
1535,Gemma-2-9B-IT,Understand,Unknown,0
1536,Gemma-2-9B-IT,Remember,Remember,1
1537,Gemma-2-9B-IT,Understand,Understand,1
1538,Gemma-2-9B-IT,Apply,Unknown,0
1539,Gemma-2-9B-IT,Understand,Unknown,0
1540,Gemma-2-9B-IT,Apply,Unknown,0
1541,Gemma-2-9B-IT,Evaluate,Unknown,0
1542,Gemma-2-9B-IT,Understand,Understand,1
1543,Gemma-2-9B-IT,Apply,Unknown,0
1544,Gemma-2-9B-IT,Create,Create,1
1545,Gemma-2-9B-IT,Create,Unknown,0
1546,Gemma-2-9B-IT,Evaluate,Unknown,0
1547,Gemma-2-9B-IT,Understand,Understand,1
1548,Gemma-2-9B-IT,Create,Unknown,0
1549,Gemma-2-9B-IT,Apply,Unknown,0
1550,Gemma-2-9B-IT,Remember,Remember,1
1551,Gemma-2-9B-IT,Create,Unknown,0
1552,Gemma-2-9B-IT,Create,Unknown,0
1553,Gemma-2-9B-IT,Evaluate,Unknown,0
1554,Gemma-2-9B-IT,Remember,Remember,1
1555,Gemma-2-9B-IT,Analyze,Remember,0
1556,Gemma-2-9B-IT,Understand,Unknown,0
1557,Gemma-2-9B-IT,Understand,Understand,1
1558,Gemma-2-9B-IT,Evaluate,Unknown,0
1559,Gemma-2-9B-IT,Create,Unknown,0
1560,Gemma-2-9B-IT,Understand,Unknown,0
1561,Gemma-2-9B-IT,Evaluate,Unknown,0
1562,Gemma-2-9B-IT,Remember,Remember,1
1563,Gemma-2-9B-IT,Analyze,Unknown,0
1564,Gemma-2-9B-IT,Create,Unknown,0
1565,Gemma-2-9B-IT,Apply,Unknown,0
1566,Gemma-2-9B-IT,Understand,Unknown,0
1567,Gemma-2-9B-IT,Understand,Understand,1
1568,Gemma-2-9B-IT,Understand,Unknown,0
1569,Gemma-2-9B-IT,Create,Create,1
1570,Gemma-2-9B-IT,Create,Unknown,0
1571,Gemma-2-9B-IT,Apply,Unknown,0
1572,Gemma-2-9B-IT,Create,Unknown,0
1573,Gemma-2-9B-IT,Apply,Unknown,0
1574,Gemma-2-9B-IT,Create,Unknown,0
1575,Gemma-2-9B-IT,Analyze,Unknown,0
1576,Gemma-2-9B-IT,Create,Unknown,0
1577,Gemma-2-9B-IT,Understand,Unknown,0
1578,Gemma-2-9B-IT,Create,Unknown,0
1579,Gemma-2-9B-IT,Evaluate,Unknown,0
1580,Gemma-2-9B-IT,Remember,Remember,1
1581,Gemma-2-9B-IT,Evaluate,Unknown,0
1582,Gemma-2-9B-IT,Understand,Unknown,0
1583,Gemma-2-9B-IT,Understand,Unknown,0
1584,Gemma-2-9B-IT,Understand,Unknown,0
1585,Gemma-2-9B-IT,Understand,Unknown,0
1586,Gemma-2-9B-IT,Apply,Unknown,0
1587,Gemma-2-9B-IT,Apply,Apply,1
1588,Gemma-2-9B-IT,Understand,Understand,1
1589,Gemma-2-9B-IT,Understand,Understand,1
1590,Gemma-2-9B-IT,Apply,Unknown,0
1591,Gemma-2-9B-IT,Evaluate,Unknown,0
1592,Gemma-2-9B-IT,Apply,Unknown,0
1593,Gemma-2-9B-IT,Understand,Unknown,0
1594,Gemma-2-9B-IT,Analyze,Unknown,0
1595,Gemma-2-9B-IT,Apply,Unknown,0
1596,Gemma-2-9B-IT,Understand,Unknown,0
1597,Gemma-2-9B-IT,Create,Unknown,0
1598,Gemma-2-9B-IT,Understand,Unknown,0
1599,Gemma-2-9B-IT,Create,Unknown,0
1600,Gemma-2-9B-IT,Create,Unknown,0
1601,Gemma-2-9B-IT,Create,Unknown,0
1602,Gemma-2-9B-IT,Apply,Unknown,0
1603,Gemma-2-9B-IT,Apply,Create,0
1604,Gemma-2-9B-IT,Apply,Unknown,0
1605,Gemma-2-9B-IT,Apply,Unknown,0
1606,Gemma-2-9B-IT,Create,Unknown,0
1607,Gemma-2-9B-IT,Apply,Unknown,0
1608,Gemma-2-9B-IT,Apply,Unknown,0
1609,Gemma-2-9B-IT,Understand,Unknown,0
1610,Gemma-2-9B-IT,Create,Create,1
1611,Gemma-2-9B-IT,Remember,Remember,1
1612,Gemma-2-9B-IT,Apply,Unknown,0
1613,Gemma-2-9B-IT,Apply,Apply,1
1614,Gemma-2-9B-IT,Understand,Understand,1
1615,Gemma-2-9B-IT,Create,Unknown,0
1616,Gemma-2-9B-IT,Evaluate,Unknown,0
1617,Gemma-2-9B-IT,Apply,Unknown,0
1618,Gemma-2-9B-IT,Understand,Unknown,0
1619,Gemma-2-9B-IT,Evaluate,Evaluate,1
1620,Gemma-2-9B-IT,Understand,Understand,1
1621,Gemma-2-9B-IT,Understand,Understand,1
1622,Gemma-2-9B-IT,Create,Unknown,0
1623,Gemma-2-9B-IT,Create,Create,1
1624,Gemma-2-9B-IT,Create,Unknown,0
1625,Gemma-2-9B-IT,Understand,Unknown,0
1626,Gemma-2-9B-IT,Evaluate,Unknown,0
1627,Gemma-2-9B-IT,Evaluate,Unknown,0
1628,Gemma-2-9B-IT,Understand,Unknown,0
1629,Gemma-2-9B-IT,Analyze,Unknown,0
1630,Gemma-2-9B-IT,Apply,Unknown,0
1631,Gemma-2-9B-IT,Evaluate,Unknown,0
1632,Gemma-2-9B-IT,Evaluate,Unknown,0
1633,Gemma-2-9B-IT,Understand,Understand,1
1634,Gemma-2-9B-IT,Create,Unknown,0
1635,Gemma-2-9B-IT,Remember,Remember,1
1636,Gemma-2-9B-IT,Understand,Unknown,0
1637,Gemma-2-9B-IT,Evaluate,Unknown,0
1638,Gemma-2-9B-IT,Understand,Unknown,0
1639,Gemma-2-9B-IT,Create,Unknown,0
1640,Gemma-2-9B-IT,Apply,Unknown,0
1641,Gemma-2-9B-IT,Analyze,Unknown,0
1642,Gemma-2-9B-IT,Analyze,Unknown,0
1643,Gemma-2-9B-IT,Analyze,Unknown,0
1644,Gemma-2-9B-IT,Evaluate,Unknown,0
1645,Gemma-2-9B-IT,Apply,Unknown,0
1646,Gemma-2-9B-IT,Understand,Unknown,0
1647,Gemma-2-9B-IT,Evaluate,Unknown,0
1648,Gemma-2-9B-IT,Understand,Unknown,0
1649,Gemma-2-9B-IT,Apply,Unknown,0
1650,Gemma-2-9B-IT,Understand,Unknown,0
1651,Gemma-2-9B-IT,Apply,Unknown,0
1652,Gemma-2-9B-IT,Understand,Unknown,0
1653,Gemma-2-9B-IT,Understand,Unknown,0
1654,Gemma-2-9B-IT,Understand,Understand,1
1655,Gemma-2-9B-IT,Evaluate,Unknown,0
1656,Gemma-2-9B-IT,Remember,Remember,1
1657,Gemma-2-9B-IT,Analyze,Unknown,0
1658,Gemma-2-9B-IT,Apply,Unknown,0
1659,Gemma-2-9B-IT,Understand,Understand,1
1660,Gemma-2-9B-IT,Understand,Unknown,0
1661,Gemma-2-9B-IT,Apply,Unknown,0
1662,Gemma-2-9B-IT,Create,Unknown,0
1663,Gemma-2-9B-IT,Create,Create,1
1664,Gemma-2-9B-IT,Evaluate,Unknown,0
1665,Gemma-2-9B-IT,Create,Unknown,0
1666,Gemma-2-9B-IT,Analyze,Unknown,0
1667,Gemma-2-9B-IT,Apply,Unknown,0
1668,Gemma-2-9B-IT,Apply,Unknown,0
1669,Gemma-2-9B-IT,Apply,Unknown,0
1670,Gemma-2-9B-IT,Understand,Unknown,0
1671,Gemma-2-9B-IT,Apply,Apply,1
1672,Gemma-2-9B-IT,Apply,Unknown,0
1673,Gemma-2-9B-IT,Understand,Unknown,0
1674,Gemma-2-9B-IT,Create,Unknown,0
1675,Gemma-2-9B-IT,Create,Unknown,0
1676,Gemma-2-9B-IT,Apply,Unknown,0
1677,Gemma-2-9B-IT,Understand,Unknown,0
1678,Gemma-2-9B-IT,Evaluate,Unknown,0
1679,Gemma-2-9B-IT,Analyze,Unknown,0
1680,Gemma-2-9B-IT,Apply,Unknown,0
1681,Gemma-2-9B-IT,Apply,Unknown,0
1682,Gemma-2-9B-IT,Create,Unknown,0
1683,Gemma-2-9B-IT,Understand,Unknown,0
1684,Gemma-2-9B-IT,Understand,Understand,1
1685,Gemma-2-9B-IT,Understand,Unknown,0
1686,Gemma-2-9B-IT,Remember,Remember,1
1687,Gemma-2-9B-IT,Understand,Unknown,0
1688,Gemma-2-9B-IT,Apply,Unknown,0
1689,Gemma-2-9B-IT,Create,Create,1
1690,Gemma-2-9B-IT,Apply,Unknown,0
1691,Gemma-2-9B-IT,Create,Unknown,0
1692,Gemma-2-9B-IT,Evaluate,Unknown,0
1693,Gemma-2-9B-IT,Understand,Unknown,0
1694,Gemma-2-9B-IT,Apply,Unknown,0
1695,Gemma-2-9B-IT,Create,Unknown,0
1696,Gemma-2-9B-IT,Create,Unknown,0
1697,Gemma-2-9B-IT,Analyze,Unknown,0
1698,Gemma-2-9B-IT,Apply,Unknown,0
1699,Gemma-2-9B-IT,Understand,Unknown,0
1700,Gemma-2-9B-IT,Apply,Unknown,0
1701,Gemma-2-9B-IT,Create,Create,1
1702,Gemma-2-9B-IT,Analyze,Unknown,0
1703,Gemma-2-9B-IT,Apply,Unknown,0
1704,Gemma-2-9B-IT,Apply,Unknown,0
1705,Gemma-2-9B-IT,Apply,Apply,1
1706,Gemma-2-9B-IT,Apply,Unknown,0
1707,Gemma-2-9B-IT,Analyze,Unknown,0
1708,Gemma-2-9B-IT,Apply,Unknown,0
1709,Gemma-2-9B-IT,Understand,Unknown,0
1710,Gemma-2-9B-IT,Analyze,Unknown,0
1711,Gemma-2-9B-IT,Evaluate,Unknown,0
1712,Gemma-2-9B-IT,Understand,Unknown,0
1713,Gemma-2-9B-IT,Create,Unknown,0
1714,Gemma-2-9B-IT,Evaluate,Evaluate,1
1715,Gemma-2-9B-IT,Create,Create,1
1716,Gemma-2-9B-IT,Understand,Unknown,0
1717,Gemma-2-9B-IT,Analyze,Unknown,0
1718,Gemma-2-9B-IT,Analyze,Unknown,0
1719,Gemma-2-9B-IT,Understand,Unknown,0
1720,Gemma-2-9B-IT,Create,Unknown,0
1721,Gemma-2-9B-IT,Remember,Remember,1
1722,Gemma-2-9B-IT,Apply,Unknown,0
1723,Gemma-2-9B-IT,Apply,Unknown,0
1724,Gemma-2-9B-IT,Apply,Unknown,0
1725,Gemma-2-9B-IT,Apply,Apply,1
1726,Gemma-2-9B-IT,Evaluate,Unknown,0
1727,Gemma-2-9B-IT,Understand,Unknown,0
1728,Gemma-2-9B-IT,Analyze,Analyze,1
1729,Gemma-2-9B-IT,Understand,Understand,1
1730,Gemma-2-9B-IT,Understand,Unknown,0
1731,Gemma-2-9B-IT,Create,Create,1
1732,Gemma-2-9B-IT,Evaluate,Unknown,0
1733,Gemma-2-9B-IT,Analyze,Unknown,0
1734,Gemma-2-9B-IT,Analyze,Analyze,1
1735,Gemma-2-9B-IT,Understand,Unknown,0
1736,Gemma-2-9B-IT,Understand,Unknown,0
1737,Gemma-2-9B-IT,Understand,Unknown,0
1738,Gemma-2-9B-IT,Create,Unknown,0
1739,Gemma-2-9B-IT,Apply,Unknown,0
1740,Gemma-2-9B-IT,Analyze,Unknown,0
1741,Gemma-2-9B-IT,Apply,Unknown,0
1742,Gemma-2-9B-IT,Understand,Unknown,0
1743,Gemma-2-9B-IT,Understand,Understand,1
1744,Gemma-2-9B-IT,Apply,Unknown,0
1745,Gemma-2-9B-IT,Apply,Unknown,0
1746,Gemma-2-9B-IT,Analyze,Unknown,0
1747,Gemma-2-9B-IT,Apply,Apply,1
1748,Gemma-2-9B-IT,Create,Create,1
1749,Gemma-2-9B-IT,Create,Unknown,0
1750,Gemma-2-9B-IT,Understand,Unknown,0
1751,Gemma-2-9B-IT,Apply,Apply,1
1752,Gemma-2-9B-IT,Apply,Apply,1
1753,Gemma-2-9B-IT,Understand,Unknown,0
1754,Gemma-2-9B-IT,Understand,Unknown,0
1755,Gemma-2-9B-IT,Understand,Unknown,0
1756,Gemma-2-9B-IT,Remember,Remember,1
1757,Gemma-2-9B-IT,Apply,Unknown,0
1758,Gemma-2-9B-IT,Remember,Remember,1
1759,Gemma-2-9B-IT,Understand,Unknown,0
1760,Gemma-2-9B-IT,Understand,Unknown,0
1761,Gemma-2-9B-IT,Apply,Unknown,0
1762,Gemma-2-9B-IT,Understand,Unknown,0
1763,Gemma-2-9B-IT,Create,Unknown,0
1764,Gemma-2-9B-IT,Create,Unknown,0
1765,Gemma-2-9B-IT,Apply,Unknown,0
1766,Gemma-2-9B-IT,Create,Unknown,0
1767,Gemma-2-9B-IT,Understand,Understand,1
1768,Gemma-2-9B-IT,Understand,Remember,0
1769,Gemma-2-9B-IT,Understand,Unknown,0
1770,Gemma-2-9B-IT,Analyze,Unknown,0
1771,Gemma-2-9B-IT,Apply,Unknown,0
1772,Gemma-2-9B-IT,Understand,Understand,1
1773,Gemma-2-9B-IT,Understand,Understand,1
1774,Gemma-2-9B-IT,Analyze,Unknown,0
1775,Gemma-2-9B-IT,Understand,Unknown,0
1776,Gemma-2-9B-IT,Evaluate,Evaluate,1
1777,Gemma-2-9B-IT,Apply,Unknown,0
1778,Gemma-2-9B-IT,Understand,Unknown,0
1779,Gemma-2-9B-IT,Apply,Unknown,0
1780,Gemma-2-9B-IT,Create,Unknown,0
1781,Gemma-2-9B-IT,Understand,Unknown,0
1782,Gemma-2-9B-IT,Create,Unknown,0
1783,Gemma-2-9B-IT,Understand,Understand,1
1784,Gemma-2-9B-IT,Apply,Unknown,0
1785,Gemma-2-9B-IT,Create,Create,1
1786,Gemma-2-9B-IT,Create,Unknown,0
1787,Gemma-2-9B-IT,Evaluate,Unknown,0
1788,Gemma-2-9B-IT,Create,Unknown,0
1789,Gemma-2-9B-IT,Create,Create,1
1790,Gemma-2-9B-IT,Create,Unknown,0
1791,Gemma-2-9B-IT,Apply,Apply,1
1792,Gemma-2-9B-IT,Understand,Unknown,0
1793,Gemma-2-9B-IT,Analyze,Unknown,0
1794,Gemma-2-9B-IT,Apply,Unknown,0
1795,Gemma-2-9B-IT,Analyze,Unknown,0
1796,Gemma-2-9B-IT,Create,Create,1
1797,Gemma-2-9B-IT,Understand,Unknown,0
1798,Gemma-2-9B-IT,Apply,Unknown,0
1799,Gemma-2-9B-IT,Apply,Unknown,0
1800,Gemma-2-9B-IT,Evaluate,Evaluate,1
1801,Gemma-2-9B-IT,Evaluate,Unknown,0
1802,Gemma-2-9B-IT,Understand,Unknown,0
1803,Gemma-2-9B-IT,Create,Unknown,0
1804,Gemma-2-9B-IT,Create,Unknown,0
1805,Gemma-2-9B-IT,Analyze,Unknown,0
1806,Gemma-2-9B-IT,Apply,Unknown,0
1807,Gemma-2-9B-IT,Understand,Unknown,0
1808,Gemma-2-9B-IT,Analyze,Remember,0
1809,Gemma-2-9B-IT,Understand,Unknown,0
1810,Gemma-2-9B-IT,Apply,Unknown,0
1811,Gemma-2-9B-IT,Evaluate,Evaluate,1
1812,Gemma-2-9B-IT,Apply,Unknown,0
1813,Gemma-2-9B-IT,Understand,Understand,1
1814,Gemma-2-9B-IT,Understand,Unknown,0
1815,Gemma-2-9B-IT,Understand,Unknown,0
1816,Gemma-2-9B-IT,Analyze,Unknown,0
1817,Gemma-2-9B-IT,Understand,Unknown,0
1818,Gemma-2-9B-IT,Analyze,Unknown,0
1819,Gemma-2-9B-IT,Understand,Understand,1
1820,Gemma-2-9B-IT,Evaluate,Unknown,0
1821,Gemma-2-9B-IT,Apply,Unknown,0
1822,Gemma-2-9B-IT,Apply,Apply,1
1823,Gemma-2-9B-IT,Evaluate,Unknown,0
1824,Gemma-2-9B-IT,Evaluate,Unknown,0
1825,Gemma-2-9B-IT,Apply,Unknown,0
1826,Gemma-2-9B-IT,Evaluate,Unknown,0
1827,Gemma-2-9B-IT,Understand,Unknown,0
1828,Gemma-2-9B-IT,Apply,Unknown,0
1829,Gemma-2-9B-IT,Analyze,Unknown,0
1830,Gemma-2-9B-IT,Create,Unknown,0
1831,Gemma-2-9B-IT,Analyze,Unknown,0
1832,Gemma-2-9B-IT,Create,Create,1
1833,Gemma-2-9B-IT,Evaluate,Unknown,0
1834,Gemma-2-9B-IT,Analyze,Unknown,0
1835,Gemma-2-9B-IT,Apply,Unknown,0
1836,Gemma-2-9B-IT,Apply,Unknown,0
1837,Gemma-2-9B-IT,Create,Create,1
1838,Gemma-2-9B-IT,Evaluate,Evaluate,1
1839,Gemma-2-9B-IT,Create,Create,1
1840,Gemma-2-9B-IT,Create,Create,1
1841,Gemma-2-9B-IT,Create,Create,1
1842,Gemma-2-9B-IT,Apply,Unknown,0
1843,Gemma-2-9B-IT,Apply,Unknown,0
1844,Gemma-2-9B-IT,Apply,Unknown,0
1845,Gemma-2-9B-IT,Evaluate,Unknown,0
1846,Gemma-2-9B-IT,Apply,Unknown,0
1847,Gemma-2-9B-IT,Understand,Unknown,0
1848,Gemma-2-9B-IT,Apply,Apply,1
1849,Gemma-2-9B-IT,Apply,Unknown,0
1850,Gemma-2-9B-IT,Analyze,Unknown,0
1851,Gemma-2-9B-IT,Create,Unknown,0
1852,Gemma-2-9B-IT,Apply,Apply,1
1853,Gemma-2-9B-IT,Evaluate,Unknown,0
1854,Gemma-2-9B-IT,Apply,Unknown,0
1855,Gemma-2-9B-IT,Apply,Unknown,0
1856,Gemma-2-9B-IT,Understand,Unknown,0
1857,Gemma-2-9B-IT,Create,Unknown,0
1858,Gemma-2-9B-IT,Analyze,Unknown,0
1859,Gemma-2-9B-IT,Remember,Remember,1
1860,Gemma-2-9B-IT,Understand,Unknown,0
1861,Gemma-2-9B-IT,Understand,Understand,1
1862,Gemma-2-9B-IT,Understand,Unknown,0
1863,Gemma-2-9B-IT,Understand,Unknown,0
1864,Gemma-2-9B-IT,Apply,Unknown,0
1865,Gemma-2-9B-IT,Create,Unknown,0
1866,Gemma-2-9B-IT,Understand,Unknown,0
1867,Gemma-2-9B-IT,Understand,Unknown,0
1868,Gemma-2-9B-IT,Apply,Unknown,0
1869,Gemma-2-9B-IT,Understand,Unknown,0
1870,Gemma-2-9B-IT,Apply,Unknown,0
1871,Gemma-2-9B-IT,Create,Unknown,0
1872,Gemma-2-9B-IT,Apply,Unknown,0
1873,Gemma-2-9B-IT,Apply,Unknown,0
1874,Gemma-2-9B-IT,Analyze,Unknown,0
1875,Gemma-2-9B-IT,Evaluate,Unknown,0
1876,Gemma-2-9B-IT,Create,Unknown,0
1877,Gemma-2-9B-IT,Understand,Unknown,0
1878,Gemma-2-9B-IT,Understand,Unknown,0
1879,Gemma-2-9B-IT,Apply,Create,0
1880,Gemma-2-9B-IT,Evaluate,Unknown,0
1881,Gemma-2-9B-IT,Understand,Understand,1
1882,Gemma-2-9B-IT,Create,Unknown,0
1883,Gemma-2-9B-IT,Apply,Unknown,0
1884,Gemma-2-9B-IT,Evaluate,Unknown,0
1885,Gemma-2-9B-IT,Understand,Understand,1
1886,Gemma-2-9B-IT,Evaluate,Unknown,0
1887,Gemma-2-9B-IT,Evaluate,Unknown,0
1888,Gemma-2-9B-IT,Understand,Unknown,0
1889,Gemma-2-9B-IT,Create,Unknown,0
1890,Gemma-2-9B-IT,Evaluate,Unknown,0
1891,Gemma-2-9B-IT,Create,Unknown,0
1892,Gemma-2-9B-IT,Evaluate,Unknown,0
1893,Gemma-2-9B-IT,Create,Unknown,0
1894,Gemma-2-9B-IT,Analyze,Unknown,0
1895,Gemma-2-9B-IT,Apply,Unknown,0
1896,Gemma-2-9B-IT,Create,Unknown,0
1897,Gemma-2-9B-IT,Analyze,Unknown,0
1898,Gemma-2-9B-IT,Analyze,Analyze,1
1899,Gemma-2-9B-IT,Apply,Unknown,0
1900,Gemma-2-9B-IT,Understand,Unknown,0
1901,Gemma-2-9B-IT,Understand,Unknown,0
1902,Gemma-2-9B-IT,Understand,Unknown,0
1903,Gemma-2-9B-IT,Understand,Unknown,0
1904,Gemma-2-9B-IT,Create,Create,1
1905,Gemma-2-9B-IT,Create,Create,1
1906,Gemma-2-9B-IT,Understand,Understand,1
1907,Gemma-2-9B-IT,Apply,Apply,1
1908,Gemma-2-9B-IT,Understand,Unknown,0
1909,Gemma-2-9B-IT,Analyze,Unknown,0
1910,Gemma-2-9B-IT,Analyze,Unknown,0
1911,Gemma-2-9B-IT,Create,Unknown,0
1912,Gemma-2-9B-IT,Understand,Unknown,0
1913,Gemma-2-9B-IT,Apply,Unknown,0
1914,Gemma-2-9B-IT,Understand,Unknown,0
1915,Gemma-2-9B-IT,Understand,Unknown,0
1916,Gemma-2-9B-IT,Apply,Unknown,0
1917,Gemma-2-9B-IT,Apply,Unknown,0
1918,Gemma-2-9B-IT,Remember,Remember,1
1919,Gemma-2-9B-IT,Understand,Unknown,0
1920,Gemma-2-9B-IT,Evaluate,Unknown,0
1921,Gemma-2-9B-IT,Apply,Unknown,0
1922,Gemma-2-9B-IT,Understand,Understand,1
1923,Gemma-2-9B-IT,Create,Unknown,0
1924,Gemma-2-9B-IT,Evaluate,Unknown,0
1925,Gemma-2-9B-IT,Evaluate,Unknown,0
1926,Gemma-2-9B-IT,Create,Unknown,0
1927,Gemma-2-9B-IT,Analyze,Unknown,0
1928,Gemma-2-9B-IT,Analyze,Unknown,0
1929,Gemma-2-9B-IT,Apply,Unknown,0
1930,Gemma-2-9B-IT,Create,Create,1
1931,Gemma-2-9B-IT,Evaluate,Unknown,0
1932,Gemma-2-9B-IT,Remember,Unknown,0
1933,Gemma-2-9B-IT,Create,Unknown,0
1934,Gemma-2-9B-IT,Understand,Unknown,0
1935,Gemma-2-9B-IT,Create,Create,1
1936,Gemma-2-9B-IT,Apply,Unknown,0
1937,Gemma-2-9B-IT,Create,Unknown,0
1938,Gemma-2-9B-IT,Remember,Remember,1
1939,Gemma-2-9B-IT,Apply,Unknown,0
1940,Gemma-2-9B-IT,Apply,Unknown,0
1941,Gemma-2-9B-IT,Remember,Remember,1
1942,Gemma-2-9B-IT,Create,Unknown,0
1943,Gemma-2-9B-IT,Create,Unknown,0
1944,Gemma-2-9B-IT,Create,Create,1
1945,Gemma-2-9B-IT,Create,Create,1
1946,Gemma-2-9B-IT,Remember,Remember,1
1947,Gemma-2-9B-IT,Understand,Understand,1
1948,Gemma-2-9B-IT,Understand,Understand,1
1949,Gemma-2-9B-IT,Analyze,Unknown,0
1950,Gemma-2-9B-IT,Create,Unknown,0
1951,Gemma-2-9B-IT,Analyze,Unknown,0
1952,Gemma-2-9B-IT,Create,Unknown,0
1953,Gemma-2-9B-IT,Analyze,Unknown,0
1954,Gemma-2-9B-IT,Analyze,Unknown,0
1955,Gemma-2-9B-IT,Apply,Apply,1
1956,Gemma-2-9B-IT,Apply,Unknown,0
1957,Gemma-2-9B-IT,Understand,Unknown,0
1958,Gemma-2-9B-IT,Evaluate,Unknown,0
1959,Gemma-2-9B-IT,Understand,Unknown,0
1960,Gemma-2-9B-IT,Understand,Unknown,0
1961,Gemma-2-9B-IT,Analyze,Unknown,0
1962,Gemma-2-9B-IT,Evaluate,Evaluate,1
1963,Gemma-2-9B-IT,Create,Unknown,0
1964,Gemma-2-9B-IT,Evaluate,Unknown,0
1965,Gemma-2-9B-IT,Create,Create,1
1966,Gemma-2-9B-IT,Create,Unknown,0
1967,Gemma-2-9B-IT,Apply,Unknown,0
1968,Gemma-2-9B-IT,Apply,Unknown,0
1969,Gemma-2-9B-IT,Evaluate,Unknown,0
1970,Gemma-2-9B-IT,Understand,Unknown,0
1971,Gemma-2-9B-IT,Apply,Unknown,0
1972,Gemma-2-9B-IT,Apply,Unknown,0
1973,Gemma-2-9B-IT,Create,Unknown,0
1974,Gemma-2-9B-IT,Create,Unknown,0
1975,Gemma-2-9B-IT,Understand,Unknown,0
1976,Gemma-2-9B-IT,Understand,Unknown,0
1977,Gemma-2-9B-IT,Apply,Unknown,0
1978,Gemma-2-9B-IT,Understand,Understand,1
1979,Gemma-2-9B-IT,Apply,Unknown,0
1980,Gemma-2-9B-IT,Understand,Unknown,0
1981,Gemma-2-9B-IT,Evaluate,Unknown,0
1982,Gemma-2-9B-IT,Apply,Unknown,0
1983,Gemma-2-9B-IT,Understand,Understand,1
1984,Gemma-2-9B-IT,Evaluate,Unknown,0
1985,Gemma-2-9B-IT,Create,Unknown,0
1986,Gemma-2-9B-IT,Remember,Unknown,0
1987,Gemma-2-9B-IT,Understand,Understand,1
1988,Gemma-2-9B-IT,Analyze,Unknown,0
1989,Gemma-2-9B-IT,Apply,Unknown,0
1990,Gemma-2-9B-IT,Apply,Unknown,0
1991,Gemma-2-9B-IT,Apply,Unknown,0
1992,Gemma-2-9B-IT,Analyze,Unknown,0
1993,Gemma-2-9B-IT,Create,Create,1
1994,Gemma-2-9B-IT,Apply,Unknown,0
1995,Gemma-2-9B-IT,Apply,Apply,1
1996,Gemma-2-9B-IT,Apply,Unknown,0
1997,Gemma-2-9B-IT,Evaluate,Unknown,0
1998,Gemma-2-9B-IT,Apply,Unknown,0
1999,Gemma-2-9B-IT,Create,Unknown,0
2000,Gemma-2-9B-IT,Analyze,Remember,0
2001,Gemma-2-9B-IT,Apply,Unknown,0
2002,Gemma-2-9B-IT,Apply,Unknown,0
2003,Gemma-2-9B-IT,Understand,Unknown,0
2004,Gemma-2-9B-IT,Understand,Unknown,0
2005,Gemma-2-9B-IT,Evaluate,Unknown,0
2006,Gemma-2-9B-IT,Understand,Unknown,0
2007,Gemma-2-9B-IT,Understand,Unknown,0
2008,Gemma-2-9B-IT,Apply,Unknown,0
2009,Gemma-2-9B-IT,Evaluate,Unknown,0
2010,Gemma-2-9B-IT,Apply,Unknown,0
2011,Gemma-2-9B-IT,Apply,Unknown,0
2012,Gemma-2-9B-IT,Create,Unknown,0
2013,Gemma-2-9B-IT,Apply,Unknown,0
2014,Gemma-2-9B-IT,Analyze,Unknown,0
2015,Gemma-2-9B-IT,Apply,Unknown,0
2016,Gemma-2-9B-IT,Understand,Unknown,0
2017,Gemma-2-9B-IT,Analyze,Unknown,0
2018,Gemma-2-9B-IT,Evaluate,Unknown,0
2019,Gemma-2-9B-IT,Create,Create,1
2020,Gemma-2-9B-IT,Understand,Understand,1
2021,Gemma-2-9B-IT,Understand,Unknown,0
2022,Gemma-2-9B-IT,Analyze,Unknown,0
2023,Gemma-2-9B-IT,Remember,Remember,1
2024,Gemma-2-9B-IT,Apply,Unknown,0
2025,Gemma-2-9B-IT,Apply,Unknown,0
2026,Gemma-2-9B-IT,Understand,Understand,1
2027,Gemma-2-9B-IT,Apply,Unknown,0
2028,Gemma-2-9B-IT,Evaluate,Evaluate,1
2029,Gemma-2-9B-IT,Remember,Remember,1
2030,Gemma-2-9B-IT,Understand,Unknown,0
2031,Gemma-2-9B-IT,Understand,Understand,1
2032,Gemma-2-9B-IT,Create,Create,1
2033,Gemma-2-9B-IT,Understand,Unknown,0
2034,Gemma-2-9B-IT,Apply,Unknown,0
2035,Gemma-2-9B-IT,Understand,Unknown,0
2036,Gemma-2-9B-IT,Evaluate,Unknown,0
2037,Gemma-2-9B-IT,Evaluate,Unknown,0
2038,Gemma-2-9B-IT,Apply,Unknown,0
2039,Gemma-2-9B-IT,Understand,Unknown,0
2040,Gemma-2-9B-IT,Create,Unknown,0
2041,Gemma-2-9B-IT,Understand,Unknown,0
2042,Gemma-2-9B-IT,Remember,Remember,1
2043,Gemma-2-9B-IT,Apply,Unknown,0
2044,Gemma-2-9B-IT,Remember,Remember,1
2045,Gemma-2-9B-IT,Create,Create,1
2046,Gemma-2-9B-IT,Understand,Unknown,0
2047,Gemma-2-9B-IT,Analyze,Unknown,0
2048,Gemma-2-9B-IT,Understand,Unknown,0
2049,Gemma-2-9B-IT,Apply,Apply,1
2050,Gemma-2-9B-IT,Evaluate,Unknown,0
2051,Gemma-2-9B-IT,Understand,Unknown,0
2052,Gemma-2-9B-IT,Apply,Unknown,0
2053,Gemma-2-9B-IT,Create,Unknown,0
2054,Gemma-2-9B-IT,Evaluate,Unknown,0
2055,Gemma-2-9B-IT,Understand,Understand,1
2056,Gemma-2-9B-IT,Create,Unknown,0
2057,Gemma-2-9B-IT,Evaluate,Unknown,0
2058,Gemma-2-9B-IT,Remember,Remember,1
2059,Gemma-2-9B-IT,Understand,Understand,1
2060,Gemma-2-9B-IT,Apply,Unknown,0
2061,Gemma-2-9B-IT,Apply,Apply,1
2062,Gemma-2-9B-IT,Understand,Unknown,0
2063,Gemma-2-9B-IT,Evaluate,Unknown,0
2064,Gemma-2-9B-IT,Understand,Unknown,0
2065,Gemma-2-9B-IT,Evaluate,Unknown,0
2066,Gemma-2-9B-IT,Remember,Remember,1
2067,Gemma-2-9B-IT,Apply,Unknown,0
2068,Gemma-2-9B-IT,Create,Create,1
2069,Gemma-2-9B-IT,Apply,Unknown,0
2070,Gemma-2-9B-IT,Create,Unknown,0
2071,Gemma-2-9B-IT,Apply,Unknown,0
2072,Gemma-2-9B-IT,Understand,Understand,1
2073,Gemma-2-9B-IT,Apply,Unknown,0
2074,Gemma-2-9B-IT,Analyze,Unknown,0
2075,Gemma-2-9B-IT,Understand,Apply,0
2076,Gemma-2-9B-IT,Remember,Remember,1
2077,Gemma-2-9B-IT,Understand,Unknown,0
2078,Gemma-2-9B-IT,Create,Unknown,0
2079,Gemma-2-9B-IT,Understand,Unknown,0
2080,Gemma-2-9B-IT,Apply,Unknown,0
2081,Gemma-2-9B-IT,Remember,Unknown,0
2082,Gemma-2-9B-IT,Apply,Unknown,0
2083,Gemma-2-9B-IT,Understand,Understand,1
2084,Gemma-2-9B-IT,Understand,Unknown,0
2085,Gemma-2-9B-IT,Apply,Unknown,0
2086,Gemma-2-9B-IT,Understand,Understand,1
2087,Gemma-2-9B-IT,Understand,Unknown,0
2088,Gemma-2-9B-IT,Understand,Understand,1
2089,Gemma-2-9B-IT,Understand,Unknown,0
2090,Gemma-2-9B-IT,Understand,Unknown,0
2091,Gemma-2-9B-IT,Analyze,Unknown,0
2092,Gemma-2-9B-IT,Understand,Understand,1
2093,Gemma-2-9B-IT,Analyze,Unknown,0
2094,Gemma-2-9B-IT,Apply,Unknown,0
2095,Gemma-2-9B-IT,Analyze,Unknown,0
2096,Gemma-2-9B-IT,Analyze,Unknown,0
2097,Gemma-2-9B-IT,Evaluate,Unknown,0
2098,Gemma-2-9B-IT,Understand,Understand,1
2099,Gemma-2-9B-IT,Understand,Unknown,0
2100,Gemma-2-9B-IT,Apply,Unknown,0
2101,Gemma-2-9B-IT,Apply,Unknown,0
2102,Gemma-2-9B-IT,Apply,Unknown,0
2103,Gemma-2-9B-IT,Create,Unknown,0
2104,Gemma-2-9B-IT,Evaluate,Unknown,0
2105,Gemma-2-9B-IT,Evaluate,Unknown,0
2106,Gemma-2-9B-IT,Evaluate,Unknown,0
2107,Gemma-2-9B-IT,Apply,Unknown,0
2108,Gemma-2-9B-IT,Analyze,Unknown,0
2109,Gemma-2-9B-IT,Apply,Unknown,0
2110,Gemma-2-9B-IT,Create,Unknown,0
2111,Gemma-2-9B-IT,Understand,Unknown,0
2112,Gemma-2-9B-IT,Apply,Unknown,0
2113,Gemma-2-9B-IT,Remember,Remember,1
2114,Gemma-2-9B-IT,Understand,Understand,1
2115,Gemma-2-9B-IT,Understand,Unknown,0
2116,Gemma-2-9B-IT,Understand,Unknown,0
2117,Gemma-2-9B-IT,Understand,Unknown,0
2118,Gemma-2-9B-IT,Understand,Understand,1
2119,Gemma-2-9B-IT,Analyze,Analyze,1
2120,Gemma-2-9B-IT,Apply,Unknown,0
2121,Gemma-2-9B-IT,Understand,Unknown,0
2122,Gemma-2-9B-IT,Apply,Unknown,0
2123,Gemma-2-9B-IT,Apply,Unknown,0
2124,Gemma-2-9B-IT,Create,Create,1
2125,Gemma-2-9B-IT,Apply,Apply,1
2126,Gemma-2-9B-IT,Analyze,Unknown,0
2127,Gemma-2-9B-IT,Analyze,Unknown,0
2128,Gemma-2-9B-IT,Analyze,Unknown,0
2129,Gemma-2-9B-IT,Evaluate,Unknown,0
2130,Gemma-2-9B-IT,Apply,Unknown,0
2131,Gemma-2-9B-IT,Understand,Unknown,0
2132,Gemma-2-9B-IT,Create,Unknown,0
2133,Gemma-2-9B-IT,Apply,Unknown,0
2134,Gemma-2-9B-IT,Create,Create,1
2135,Gemma-2-9B-IT,Understand,Unknown,0
2136,Gemma-2-9B-IT,Evaluate,Unknown,0
2137,Gemma-2-9B-IT,Apply,Unknown,0
2138,Gemma-2-9B-IT,Apply,Unknown,0
2139,Gemma-2-9B-IT,Evaluate,Unknown,0
2140,Gemma-2-9B-IT,Remember,Remember,1
2141,Gemma-2-9B-IT,Evaluate,Unknown,0
2142,Gemma-2-9B-IT,Apply,Unknown,0
2143,Gemma-2-9B-IT,Understand,Unknown,0
2144,Gemma-2-9B-IT,Evaluate,Evaluate,1
2145,Gemma-2-9B-IT,Apply,Unknown,0
2146,Gemma-2-9B-IT,Evaluate,Unknown,0
2147,Gemma-2-9B-IT,Remember,Remember,1
2148,Gemma-2-9B-IT,Create,Unknown,0
2149,Gemma-2-9B-IT,Analyze,Unknown,0
2150,Gemma-2-9B-IT,Understand,Understand,1
2151,Gemma-2-9B-IT,Understand,Unknown,0
2152,Gemma-2-9B-IT,Evaluate,Unknown,0
2153,Gemma-2-9B-IT,Evaluate,Unknown,0
2154,Gemma-2-9B-IT,Apply,Unknown,0
2155,Gemma-2-9B-IT,Apply,Apply,1
2156,Gemma-2-9B-IT,Create,Create,1
2157,Gemma-2-9B-IT,Create,Create,1
2158,Gemma-2-9B-IT,Evaluate,Unknown,0
2159,Gemma-2-9B-IT,Understand,Unknown,0
2160,Gemma-2-9B-IT,Apply,Unknown,0
2161,Gemma-2-9B-IT,Create,Unknown,0
2162,Gemma-2-9B-IT,Analyze,Unknown,0
2163,Gemma-2-9B-IT,Analyze,Unknown,0
2164,Gemma-2-9B-IT,Understand,Unknown,0
2165,Gemma-2-9B-IT,Evaluate,Unknown,0
2166,Gemma-2-9B-IT,Apply,Unknown,0
2167,Gemma-2-9B-IT,Understand,Understand,1
2168,Gemma-2-9B-IT,Remember,Remember,1
2169,Gemma-2-9B-IT,Analyze,Unknown,0
2170,Gemma-2-9B-IT,Evaluate,Unknown,0
2171,Gemma-2-9B-IT,Apply,Unknown,0
2172,Gemma-2-9B-IT,Understand,Unknown,0
2173,Gemma-2-9B-IT,Understand,Understand,1
2174,Gemma-2-9B-IT,Apply,Unknown,0
2175,Gemma-2-9B-IT,Apply,Unknown,0
2176,Gemma-2-9B-IT,Evaluate,Unknown,0
2177,Gemma-2-9B-IT,Create,Create,1
2178,Gemma-2-9B-IT,Create,Unknown,0
2179,Gemma-2-9B-IT,Analyze,Unknown,0
2180,Gemma-2-9B-IT,Apply,Unknown,0
2181,Gemma-2-9B-IT,Apply,Unknown,0
2182,Gemma-2-9B-IT,Understand,Unknown,0
2183,Gemma-2-9B-IT,Analyze,Unknown,0
2184,Gemma-2-9B-IT,Apply,Unknown,0
2185,Gemma-2-9B-IT,Apply,Unknown,0
2186,Gemma-2-9B-IT,Apply,Unknown,0
2187,Gemma-2-9B-IT,Analyze,Unknown,0
2188,Gemma-2-9B-IT,Understand,Unknown,0
2189,Gemma-2-9B-IT,Remember,Unknown,0
2190,Gemma-2-9B-IT,Apply,Unknown,0
2191,Gemma-2-9B-IT,Understand,Unknown,0
2192,Gemma-2-9B-IT,Apply,Unknown,0
2193,Gemma-2-9B-IT,Evaluate,Unknown,0
2194,Gemma-2-9B-IT,Analyze,Unknown,0
2195,Gemma-2-9B-IT,Create,Unknown,0
2196,Gemma-2-9B-IT,Understand,Understand,1
2197,Gemma-2-9B-IT,Remember,Unknown,0
2198,Gemma-2-9B-IT,Create,Create,1
2199,Gemma-2-9B-IT,Understand,Unknown,0
2200,Gemma-2-9B-IT,Create,Unknown,0
2201,Gemma-2-9B-IT,Understand,Unknown,0
2202,Gemma-2-9B-IT,Create,Unknown,0
2203,Gemma-2-9B-IT,Apply,Unknown,0
2204,Gemma-2-9B-IT,Apply,Unknown,0
2205,Gemma-2-9B-IT,Remember,Remember,1
2206,Gemma-2-9B-IT,Understand,Unknown,0
2207,Gemma-2-9B-IT,Apply,Unknown,0
2208,Gemma-2-9B-IT,Evaluate,Unknown,0
2209,Gemma-2-9B-IT,Apply,Unknown,0
2210,Gemma-2-9B-IT,Evaluate,Unknown,0
2211,Gemma-2-9B-IT,Apply,Unknown,0
2212,Gemma-2-9B-IT,Understand,Unknown,0
2213,Gemma-2-9B-IT,Understand,Unknown,0
2214,Gemma-2-9B-IT,Apply,Apply,1
2215,Gemma-2-9B-IT,Evaluate,Unknown,0
2216,Gemma-2-9B-IT,Evaluate,Unknown,0
2217,Gemma-2-9B-IT,Create,Create,1
2218,Gemma-2-9B-IT,Apply,Apply,1
2219,Gemma-2-9B-IT,Understand,Understand,1
2220,Gemma-2-9B-IT,Understand,Unknown,0
2221,Gemma-2-9B-IT,Understand,Unknown,0
2222,Gemma-2-9B-IT,Analyze,Unknown,0
2223,Gemma-2-9B-IT,Understand,Understand,1
2224,Gemma-2-9B-IT,Apply,Unknown,0
2225,Gemma-2-9B-IT,Understand,Understand,1
2226,Gemma-2-9B-IT,Understand,Unknown,0
2227,Gemma-2-9B-IT,Apply,Unknown,0
2228,Gemma-2-9B-IT,Create,Unknown,0
2229,Gemma-2-9B-IT,Apply,Unknown,0
2230,Gemma-2-9B-IT,Evaluate,Unknown,0
2231,Gemma-2-9B-IT,Evaluate,Unknown,0
2232,Gemma-2-9B-IT,Understand,Create,0
2233,Gemma-2-9B-IT,Evaluate,Unknown,0
2234,Gemma-2-9B-IT,Understand,Understand,1
2235,Gemma-2-9B-IT,Evaluate,Unknown,0
2236,Gemma-2-9B-IT,Evaluate,Unknown,0
2237,Gemma-2-9B-IT,Analyze,Unknown,0
2238,Gemma-2-9B-IT,Apply,Unknown,0
2239,Gemma-2-9B-IT,Apply,Unknown,0
2240,Gemma-2-9B-IT,Analyze,Unknown,0
2241,Gemma-2-9B-IT,Evaluate,Unknown,0
2242,Gemma-2-9B-IT,Analyze,Unknown,0
2243,Gemma-2-9B-IT,Create,Unknown,0
2244,Gemma-2-9B-IT,Create,Unknown,0
2245,Gemma-2-9B-IT,Evaluate,Unknown,0
2246,Gemma-2-9B-IT,Understand,Unknown,0
2247,Gemma-2-9B-IT,Understand,Unknown,0
2248,Gemma-2-9B-IT,Apply,Unknown,0
2249,Gemma-2-9B-IT,Create,Unknown,0
2250,Gemma-2-9B-IT,Apply,Unknown,0
2251,Gemma-2-9B-IT,Understand,Unknown,0
2252,Gemma-2-9B-IT,Create,Unknown,0
2253,Gemma-2-9B-IT,Apply,Apply,1
2254,Gemma-2-9B-IT,Understand,Unknown,0
2255,Gemma-2-9B-IT,Evaluate,Unknown,0
2256,Gemma-2-9B-IT,Understand,Unknown,0
2257,Gemma-2-9B-IT,Apply,Unknown,0
2258,Gemma-2-9B-IT,Understand,Unknown,0
2259,Gemma-2-9B-IT,Evaluate,Unknown,0
2260,Gemma-2-9B-IT,Create,Unknown,0
2261,Gemma-2-9B-IT,Apply,Unknown,0
2262,Gemma-2-9B-IT,Understand,Unknown,0
2263,Gemma-2-9B-IT,Apply,Apply,1
2264,Gemma-2-9B-IT,Understand,Unknown,0
2265,Gemma-2-9B-IT,Evaluate,Unknown,0
2266,Gemma-2-9B-IT,Analyze,Unknown,0
2267,Gemma-2-9B-IT,Analyze,Unknown,0
2268,Gemma-2-9B-IT,Apply,Unknown,0
2269,Gemma-2-9B-IT,Analyze,Unknown,0
2270,Gemma-2-9B-IT,Apply,Unknown,0
2271,Gemma-2-9B-IT,Evaluate,Unknown,0
2272,Gemma-2-9B-IT,Understand,Understand,1
2273,Gemma-2-9B-IT,Understand,Unknown,0
2274,Gemma-2-9B-IT,Understand,Unknown,0
2275,Gemma-2-9B-IT,Analyze,Unknown,0
2276,Gemma-2-9B-IT,Understand,Understand,1
2277,Gemma-2-9B-IT,Understand,Understand,1
2278,Gemma-2-9B-IT,Apply,Unknown,0
2279,Gemma-2-9B-IT,Understand,Unknown,0
2280,Gemma-2-9B-IT,Analyze,Unknown,0
2281,Gemma-2-9B-IT,Understand,Unknown,0
2282,Gemma-2-9B-IT,Evaluate,Unknown,0
2283,Gemma-2-9B-IT,Understand,Unknown,0
2284,Gemma-2-9B-IT,Apply,Unknown,0
2285,Gemma-2-9B-IT,Remember,Remember,1
2286,Gemma-2-9B-IT,Understand,Unknown,0
2287,Gemma-2-9B-IT,Evaluate,Unknown,0
2288,Gemma-2-9B-IT,Apply,Understand,0
2289,Gemma-2-9B-IT,Apply,Unknown,0
2290,Gemma-2-9B-IT,Analyze,Unknown,0
2291,Gemma-2-9B-IT,Apply,Unknown,0
2292,Gemma-2-9B-IT,Understand,Unknown,0
2293,Gemma-2-9B-IT,Evaluate,Unknown,0
2294,Gemma-2-9B-IT,Understand,Unknown,0
2295,Gemma-2-9B-IT,Apply,Apply,1
2296,Gemma-2-9B-IT,Apply,Unknown,0
2297,Gemma-2-9B-IT,Apply,Apply,1
2298,Gemma-2-9B-IT,Evaluate,Unknown,0
2299,Gemma-2-9B-IT,Analyze,Unknown,0
2300,Gemma-2-9B-IT,Create,Unknown,0
2301,Gemma-2-9B-IT,Evaluate,Unknown,0
2302,Gemma-2-9B-IT,Understand,Understand,1
2303,Gemma-2-9B-IT,Analyze,Unknown,0
2304,Gemma-2-9B-IT,Analyze,Unknown,0
2305,Gemma-2-9B-IT,Understand,Unknown,0
2306,Gemma-2-9B-IT,Analyze,Unknown,0
2307,Gemma-2-9B-IT,Understand,Unknown,0
2308,Gemma-2-9B-IT,Evaluate,Unknown,0
2309,Gemma-2-9B-IT,Create,Create,1
2310,Gemma-2-9B-IT,Understand,Unknown,0
2311,Gemma-2-9B-IT,Apply,Unknown,0
2312,Gemma-2-9B-IT,Evaluate,Unknown,0
2313,Gemma-2-9B-IT,Apply,Apply,1
2314,Gemma-2-9B-IT,Apply,Unknown,0
2315,Gemma-2-9B-IT,Create,Unknown,0
2316,Gemma-2-9B-IT,Remember,Remember,1
2317,Gemma-2-9B-IT,Understand,Understand,1
2318,Gemma-2-9B-IT,Create,Create,1
2319,Gemma-2-9B-IT,Apply,Unknown,0
2320,Gemma-2-9B-IT,Apply,Unknown,0
2321,Gemma-2-9B-IT,Understand,Unknown,0
2322,Gemma-2-9B-IT,Apply,Unknown,0
2323,Gemma-2-9B-IT,Understand,Unknown,0
2324,Gemma-2-9B-IT,Remember,Remember,1
2325,Gemma-2-9B-IT,Evaluate,Unknown,0
2326,Gemma-2-9B-IT,Apply,Unknown,0
2327,Gemma-2-9B-IT,Analyze,Unknown,0
2328,Gemma-2-9B-IT,Create,Unknown,0
2329,Gemma-2-9B-IT,Understand,Unknown,0
2330,Gemma-2-9B-IT,Understand,Unknown,0
2331,Gemma-2-9B-IT,Understand,Unknown,0
2332,Gemma-2-9B-IT,Analyze,Unknown,0
2333,Gemma-2-9B-IT,Create,Unknown,0
2334,Gemma-2-9B-IT,Understand,Unknown,0
2335,Gemma-2-9B-IT,Apply,Unknown,0
2336,Gemma-2-9B-IT,Apply,Apply,1
2337,Gemma-2-9B-IT,Understand,Unknown,0
2338,Gemma-2-9B-IT,Create,Unknown,0
2339,Gemma-2-9B-IT,Evaluate,Unknown,0
2340,Gemma-2-9B-IT,Create,Unknown,0
2341,Gemma-2-9B-IT,Apply,Unknown,0
2342,Gemma-2-9B-IT,Create,Unknown,0
2343,Gemma-2-9B-IT,Apply,Unknown,0
2344,Gemma-2-9B-IT,Understand,Unknown,0
2345,Gemma-2-9B-IT,Understand,Unknown,0
2346,Gemma-2-9B-IT,Create,Unknown,0
2347,Gemma-2-9B-IT,Understand,Unknown,0
2348,Gemma-2-9B-IT,Understand,Understand,1
2349,Gemma-2-9B-IT,Analyze,Unknown,0
2350,Gemma-2-9B-IT,Apply,Unknown,0
2351,Gemma-2-9B-IT,Create,Create,1
2352,Gemma-2-9B-IT,Apply,Unknown,0
2353,Gemma-2-9B-IT,Evaluate,Unknown,0
2354,Gemma-2-9B-IT,Understand,Understand,1
2355,Gemma-2-9B-IT,Evaluate,Unknown,0
2356,Gemma-2-9B-IT,Understand,Understand,1
2357,Gemma-2-9B-IT,Analyze,Unknown,0
2358,Gemma-2-9B-IT,Remember,Remember,1
2359,Gemma-2-9B-IT,Apply,Apply,1
2360,Gemma-2-9B-IT,Analyze,Unknown,0
2361,Gemma-2-9B-IT,Apply,Unknown,0
2362,Gemma-2-9B-IT,Apply,Apply,1
2363,Gemma-2-9B-IT,Evaluate,Unknown,0
2364,Gemma-2-9B-IT,Understand,Unknown,0
2365,Gemma-2-9B-IT,Apply,Unknown,0
2366,Gemma-2-9B-IT,Understand,Unknown,0
2367,Gemma-2-9B-IT,Understand,Unknown,0
2368,Gemma-2-9B-IT,Apply,Apply,1
2369,Gemma-2-9B-IT,Create,Unknown,0
2370,Gemma-2-9B-IT,Apply,Unknown,0
2371,Gemma-2-9B-IT,Understand,Understand,1
2372,Gemma-2-9B-IT,Apply,Apply,1
2373,Gemma-2-9B-IT,Create,Create,1
2374,Gemma-2-9B-IT,Apply,Apply,1
2375,Gemma-2-9B-IT,Apply,Unknown,0
2376,Gemma-2-9B-IT,Evaluate,Unknown,0
2377,Gemma-2-9B-IT,Understand,Unknown,0
2378,Gemma-2-9B-IT,Understand,Unknown,0
2379,Gemma-2-9B-IT,Apply,Unknown,0
2380,Gemma-2-9B-IT,Evaluate,Create,0
2381,Gemma-2-9B-IT,Understand,Unknown,0
2382,Gemma-2-9B-IT,Understand,Understand,1
2383,Gemma-2-9B-IT,Apply,Unknown,0
2384,Gemma-2-9B-IT,Understand,Understand,1
2385,Gemma-2-9B-IT,Apply,Unknown,0
2386,Gemma-2-9B-IT,Create,Create,1
2387,Gemma-2-9B-IT,Analyze,Unknown,0
2388,Gemma-2-9B-IT,Apply,Unknown,0
2389,Gemma-2-9B-IT,Apply,Apply,1
2390,Gemma-2-9B-IT,Evaluate,Unknown,0
2391,Gemma-2-9B-IT,Understand,Unknown,0
2392,Gemma-2-9B-IT,Apply,Unknown,0
2393,Gemma-2-9B-IT,Understand,Unknown,0
2394,Gemma-2-9B-IT,Analyze,Analyze,1
2395,Gemma-2-9B-IT,Analyze,Unknown,0
2396,Gemma-2-9B-IT,Apply,Unknown,0
2397,Gemma-2-9B-IT,Apply,Unknown,0
2398,Gemma-2-9B-IT,Apply,Unknown,0
2399,Gemma-2-9B-IT,Understand,Unknown,0
2400,Gemma-2-9B-IT,Apply,Apply,1
2401,Gemma-2-9B-IT,Evaluate,Unknown,0
2402,Gemma-2-9B-IT,Create,Unknown,0
2403,Gemma-2-9B-IT,Remember,Remember,1
2404,Gemma-2-9B-IT,Apply,Unknown,0
2405,Gemma-2-9B-IT,Understand,Unknown,0
2406,Gemma-2-9B-IT,Understand,Understand,1
2407,Gemma-2-9B-IT,Analyze,Unknown,0
2408,Gemma-2-9B-IT,Create,Create,1
2409,Gemma-2-9B-IT,Evaluate,Unknown,0
2410,Gemma-2-9B-IT,Understand,Unknown,0
2411,Gemma-2-9B-IT,Apply,Apply,1
2412,Gemma-2-9B-IT,Apply,Unknown,0
2413,Gemma-2-9B-IT,Understand,Unknown,0
2414,Gemma-2-9B-IT,Analyze,Unknown,0
2415,Gemma-2-9B-IT,Apply,Unknown,0
2416,Gemma-2-9B-IT,Understand,Apply,0
2417,Gemma-2-9B-IT,Create,Unknown,0
2418,Gemma-2-9B-IT,Create,Unknown,0
2419,Gemma-2-9B-IT,Apply,Unknown,0
2420,Gemma-2-9B-IT,Remember,Remember,1
2421,Gemma-2-9B-IT,Apply,Unknown,0
2422,Gemma-2-9B-IT,Evaluate,Unknown,0
2423,Gemma-2-9B-IT,Understand,Unknown,0
2424,Gemma-2-9B-IT,Understand,Understand,1
2425,Gemma-2-9B-IT,Remember,Remember,1
2426,Gemma-2-9B-IT,Evaluate,Unknown,0
2427,Gemma-2-9B-IT,Understand,Unknown,0
2428,Gemma-2-9B-IT,Understand,Understand,1
2429,Gemma-2-9B-IT,Understand,Unknown,0
2430,Gemma-2-9B-IT,Create,Unknown,0
2431,Gemma-2-9B-IT,Remember,Remember,1
2432,Gemma-2-9B-IT,Apply,Unknown,0
2433,Gemma-2-9B-IT,Apply,Unknown,0
2434,Gemma-2-9B-IT,Understand,Unknown,0
2435,Gemma-2-9B-IT,Apply,Unknown,0
2436,Gemma-2-9B-IT,Apply,Unknown,0
2437,Gemma-2-9B-IT,Apply,Unknown,0
2438,Gemma-2-9B-IT,Remember,Unknown,0
2439,Gemma-2-9B-IT,Analyze,Unknown,0
2440,Gemma-2-9B-IT,Analyze,Unknown,0
2441,Gemma-2-9B-IT,Create,Unknown,0
2442,Gemma-2-9B-IT,Understand,Unknown,0
2443,Gemma-2-9B-IT,Understand,Unknown,0
2444,Gemma-2-9B-IT,Evaluate,Unknown,0
2445,Gemma-2-9B-IT,Apply,Unknown,0
2446,Gemma-2-9B-IT,Create,Unknown,0
2447,Gemma-2-9B-IT,Understand,Unknown,0
2448,Gemma-2-9B-IT,Understand,Unknown,0
2449,Gemma-2-9B-IT,Evaluate,Unknown,0
2450,Gemma-2-9B-IT,Evaluate,Unknown,0
2451,Gemma-2-9B-IT,Apply,Unknown,0
2452,Gemma-2-9B-IT,Apply,Unknown,0
2453,Gemma-2-9B-IT,Understand,Unknown,0
2454,Gemma-2-9B-IT,Create,Unknown,0
2455,Gemma-2-9B-IT,Understand,Remember,0
2456,Gemma-2-9B-IT,Analyze,Unknown,0
2457,Gemma-2-9B-IT,Create,Create,1
2458,Gemma-2-9B-IT,Apply,Unknown,0
2459,Gemma-2-9B-IT,Create,Unknown,0
2460,Gemma-2-9B-IT,Create,Unknown,0
2461,Gemma-2-9B-IT,Apply,Unknown,0
2462,Gemma-2-9B-IT,Apply,Apply,1
2463,Gemma-2-9B-IT,Analyze,Unknown,0
2464,Gemma-2-9B-IT,Understand,Unknown,0
2465,Gemma-2-9B-IT,Analyze,Unknown,0
2466,Gemma-2-9B-IT,Apply,Unknown,0
2467,Gemma-2-9B-IT,Create,Create,1
2468,Gemma-2-9B-IT,Understand,Unknown,0
2469,Gemma-2-9B-IT,Create,Unknown,0
2470,Gemma-2-9B-IT,Understand,Understand,1
2471,Gemma-2-9B-IT,Apply,Unknown,0
2472,Gemma-2-9B-IT,Apply,Unknown,0
2473,Gemma-2-9B-IT,Understand,Unknown,0
2474,Gemma-2-9B-IT,Evaluate,Unknown,0
2475,Gemma-2-9B-IT,Evaluate,Unknown,0
2476,Gemma-2-9B-IT,Understand,Unknown,0
2477,Gemma-2-9B-IT,Apply,Unknown,0
2478,Gemma-2-9B-IT,Apply,Unknown,0
2479,Gemma-2-9B-IT,Evaluate,Unknown,0
2480,Gemma-2-9B-IT,Analyze,Unknown,0
2481,Gemma-2-9B-IT,Evaluate,Unknown,0
2482,Gemma-2-9B-IT,Apply,Create,0
2483,Gemma-2-9B-IT,Understand,Unknown,0
2484,Gemma-2-9B-IT,Apply,Unknown,0
2485,Gemma-2-9B-IT,Create,Create,1
2486,Gemma-2-9B-IT,Apply,Unknown,0
2487,Gemma-2-9B-IT,Create,Unknown,0
2488,Gemma-2-9B-IT,Create,Unknown,0
2489,Gemma-2-9B-IT,Analyze,Unknown,0
2490,Gemma-2-9B-IT,Understand,Understand,1
2491,Gemma-2-9B-IT,Apply,Unknown,0
2492,Gemma-2-9B-IT,Apply,Unknown,0
2493,Gemma-2-9B-IT,Remember,Remember,1
2494,Gemma-2-9B-IT,Analyze,Unknown,0
2495,Gemma-2-9B-IT,Understand,Understand,1
2496,Gemma-2-9B-IT,Analyze,Unknown,0
2497,Gemma-2-9B-IT,Apply,Unknown,0
2498,Gemma-2-9B-IT,Evaluate,Unknown,0
2499,Gemma-2-9B-IT,Understand,Unknown,0
2500,Gemma-2-9B-IT,Evaluate,Unknown,0
2501,Gemma-2-9B-IT,Apply,Unknown,0
2502,Gemma-2-9B-IT,Remember,Remember,1
2503,Gemma-2-9B-IT,Apply,Unknown,0
2504,Gemma-2-9B-IT,Understand,Unknown,0
2505,Gemma-2-9B-IT,Apply,Unknown,0
2506,Gemma-2-9B-IT,Apply,Unknown,0
2507,Gemma-2-9B-IT,Apply,Unknown,0
2508,Gemma-2-9B-IT,Create,Unknown,0
2509,Gemma-2-9B-IT,Understand,Unknown,0
2510,Gemma-2-9B-IT,Create,Unknown,0
2511,Gemma-2-9B-IT,Understand,Unknown,0
2512,Gemma-2-9B-IT,Evaluate,Unknown,0
2513,Gemma-2-9B-IT,Analyze,Unknown,0
2514,Gemma-2-9B-IT,Understand,Unknown,0
2515,Gemma-2-9B-IT,Create,Unknown,0
2516,Gemma-2-9B-IT,Understand,Unknown,0
2517,Gemma-2-9B-IT,Understand,Unknown,0
2518,Gemma-2-9B-IT,Understand,Understand,1
2519,Gemma-2-9B-IT,Apply,Unknown,0
2520,Gemma-2-9B-IT,Apply,Unknown,0
2521,Gemma-2-9B-IT,Remember,Remember,1
2522,Gemma-2-9B-IT,Apply,Unknown,0
2523,Gemma-2-9B-IT,Create,Create,1
2524,Gemma-2-9B-IT,Understand,Unknown,0
2525,Gemma-2-9B-IT,Understand,Unknown,0
2526,Gemma-2-9B-IT,Apply,Unknown,0
2527,Gemma-2-9B-IT,Analyze,Unknown,0
2528,Gemma-2-9B-IT,Apply,Unknown,0
2529,Gemma-2-9B-IT,Evaluate,Unknown,0
2530,Gemma-2-9B-IT,Understand,Unknown,0
2531,Gemma-2-9B-IT,Create,Unknown,0
2532,Gemma-2-9B-IT,Remember,Unknown,0
2533,Gemma-2-9B-IT,Analyze,Unknown,0
2534,Gemma-2-9B-IT,Understand,Understand,1
2535,Gemma-2-9B-IT,Analyze,Unknown,0
2536,Gemma-2-9B-IT,Evaluate,Unknown,0
2537,Gemma-2-9B-IT,Evaluate,Unknown,0
2538,Gemma-2-9B-IT,Understand,Unknown,0
2539,Gemma-2-9B-IT,Evaluate,Unknown,0
2540,Gemma-2-9B-IT,Remember,Remember,1
2541,Gemma-2-9B-IT,Apply,Unknown,0
2542,Gemma-2-9B-IT,Remember,Create,0
2543,Gemma-2-9B-IT,Create,Unknown,0
2544,Gemma-2-9B-IT,Apply,Unknown,0
2545,Gemma-2-9B-IT,Create,Unknown,0
2546,Gemma-2-9B-IT,Analyze,Unknown,0
2547,Gemma-2-9B-IT,Create,Unknown,0
2548,Gemma-2-9B-IT,Analyze,Unknown,0
2549,Gemma-2-9B-IT,Evaluate,Unknown,0
2550,Gemma-2-9B-IT,Understand,Unknown,0
2551,Gemma-2-9B-IT,Apply,Unknown,0
2552,Gemma-2-9B-IT,Understand,Unknown,0
2553,Gemma-2-9B-IT,Evaluate,Unknown,0
2554,Gemma-2-9B-IT,Understand,Understand,1
2555,Gemma-2-9B-IT,Evaluate,Unknown,0
2556,Gemma-2-9B-IT,Create,Create,1
2557,Gemma-2-9B-IT,Create,Unknown,0
2558,Gemma-2-9B-IT,Apply,Unknown,0
2559,Gemma-2-9B-IT,Understand,Unknown,0
2560,Gemma-2-9B-IT,Understand,Unknown,0
2561,Gemma-2-9B-IT,Apply,Unknown,0
2562,Gemma-2-9B-IT,Understand,Unknown,0
2563,Gemma-2-9B-IT,Understand,Understand,1
2564,Gemma-2-9B-IT,Create,Unknown,0
2565,Gemma-2-9B-IT,Apply,Unknown,0
2566,Gemma-2-9B-IT,Understand,Unknown,0
2567,Gemma-2-9B-IT,Understand,Understand,1
2568,Gemma-2-9B-IT,Understand,Understand,1
2569,Gemma-2-9B-IT,Create,Unknown,0
2570,Gemma-2-9B-IT,Understand,Understand,1
2571,Gemma-2-9B-IT,Understand,Understand,1
2572,Gemma-2-9B-IT,Analyze,Analyze,1
2573,Gemma-2-9B-IT,Create,Unknown,0
2574,Gemma-2-9B-IT,Analyze,Unknown,0
2575,Gemma-2-9B-IT,Apply,Apply,1
2576,Gemma-2-9B-IT,Apply,Unknown,0
2577,Gemma-2-9B-IT,Understand,Unknown,0
2578,Gemma-2-9B-IT,Evaluate,Unknown,0
2579,Gemma-2-9B-IT,Apply,Apply,1
2580,Gemma-2-9B-IT,Remember,Remember,1
2581,Gemma-2-9B-IT,Evaluate,Unknown,0
2582,Gemma-2-9B-IT,Understand,Unknown,0
2583,Gemma-2-9B-IT,Evaluate,Unknown,0
2584,Gemma-2-9B-IT,Create,Unknown,0
2585,Gemma-2-9B-IT,Analyze,Unknown,0
2586,Gemma-2-9B-IT,Apply,Unknown,0
2587,Gemma-2-9B-IT,Understand,Unknown,0
2588,Gemma-2-9B-IT,Apply,Unknown,0
2589,Gemma-2-9B-IT,Understand,Unknown,0
2590,Gemma-2-9B-IT,Apply,Unknown,0
2591,Gemma-2-9B-IT,Evaluate,Unknown,0
2592,Gemma-2-9B-IT,Understand,Unknown,0
2593,Gemma-2-9B-IT,Understand,Unknown,0
2594,Gemma-2-9B-IT,Understand,Unknown,0
2595,Gemma-2-9B-IT,Evaluate,Unknown,0
2596,Gemma-2-9B-IT,Analyze,Unknown,0
2597,Gemma-2-9B-IT,Create,Unknown,0
2598,Gemma-2-9B-IT,Create,Unknown,0
2599,Gemma-2-9B-IT,Understand,Unknown,0
2600,Gemma-2-9B-IT,Create,Unknown,0
2601,Gemma-2-9B-IT,Understand,Unknown,0
2602,Gemma-2-9B-IT,Evaluate,Unknown,0
2603,Gemma-2-9B-IT,Evaluate,Unknown,0
2604,Gemma-2-9B-IT,Create,Create,1
2605,Gemma-2-9B-IT,Create,Unknown,0
2606,Gemma-2-9B-IT,Understand,Unknown,0
2607,Gemma-2-9B-IT,Understand,Unknown,0
2608,Gemma-2-9B-IT,Apply,Apply,1
2609,Gemma-2-9B-IT,Create,Create,1
2610,Gemma-2-9B-IT,Apply,Unknown,0
2611,Gemma-2-9B-IT,Understand,Unknown,0
2612,Gemma-2-9B-IT,Understand,Understand,1
2613,Gemma-2-9B-IT,Understand,Unknown,0
2614,Gemma-2-9B-IT,Understand,Understand,1
2615,Gemma-2-9B-IT,Evaluate,Unknown,0
2616,Gemma-2-9B-IT,Evaluate,Unknown,0
2617,Gemma-2-9B-IT,Apply,Unknown,0
2618,Gemma-2-9B-IT,Apply,Unknown,0
2619,Gemma-2-9B-IT,Create,Create,1
2620,Gemma-2-9B-IT,Create,Unknown,0
2621,Gemma-2-9B-IT,Understand,Understand,1
2622,Gemma-2-9B-IT,Analyze,Unknown,0
2623,Gemma-2-9B-IT,Apply,Unknown,0
2624,Gemma-2-9B-IT,Evaluate,Unknown,0
2625,Gemma-2-9B-IT,Apply,Unknown,0
2626,Gemma-2-9B-IT,Evaluate,Evaluate,1
2627,Gemma-2-9B-IT,Understand,Understand,1
2628,Gemma-2-9B-IT,Analyze,Unknown,0
2629,Gemma-2-9B-IT,Understand,Unknown,0
2630,Gemma-2-9B-IT,Analyze,Unknown,0
2631,Gemma-2-9B-IT,Create,Create,1
2632,Gemma-2-9B-IT,Apply,Apply,1
2633,Gemma-2-9B-IT,Understand,Understand,1
2634,Gemma-2-9B-IT,Create,Unknown,0
2635,Gemma-2-9B-IT,Understand,Understand,1
2636,Gemma-2-9B-IT,Understand,Unknown,0
2637,Gemma-2-9B-IT,Understand,Understand,1
2638,Gemma-2-9B-IT,Apply,Unknown,0
2639,Gemma-2-9B-IT,Understand,Unknown,0
2640,Gemma-2-9B-IT,Analyze,Unknown,0
2641,Gemma-2-9B-IT,Understand,Unknown,0
2642,Gemma-2-9B-IT,Understand,Unknown,0
2643,Gemma-2-9B-IT,Understand,Unknown,0
2644,Gemma-2-9B-IT,Create,Remember,0
2645,Gemma-2-9B-IT,Create,Create,1
2646,Gemma-2-9B-IT,Analyze,Unknown,0
2647,Gemma-2-9B-IT,Remember,Remember,1
2648,Gemma-2-9B-IT,Evaluate,Unknown,0
2649,Gemma-2-9B-IT,Evaluate,Unknown,0
2650,Gemma-2-9B-IT,Create,Unknown,0
2651,Gemma-2-9B-IT,Analyze,Analyze,1
2652,Gemma-2-9B-IT,Understand,Understand,1
2653,Gemma-2-9B-IT,Analyze,Unknown,0
2654,Gemma-2-9B-IT,Understand,Understand,1
2655,Gemma-2-9B-IT,Understand,Unknown,0
2656,Gemma-2-9B-IT,Evaluate,Unknown,0
2657,Gemma-2-9B-IT,Remember,Unknown,0
2658,Gemma-2-9B-IT,Understand,Unknown,0
2659,Gemma-2-9B-IT,Understand,Unknown,0
2660,Gemma-2-9B-IT,Apply,Unknown,0
2661,Gemma-2-9B-IT,Understand,Unknown,0
2662,Gemma-2-9B-IT,Understand,Unknown,0
2663,Gemma-2-9B-IT,Understand,Unknown,0
2664,Gemma-2-9B-IT,Create,Unknown,0
2665,Gemma-2-9B-IT,Understand,Unknown,0
2666,Gemma-2-9B-IT,Understand,Unknown,0
2667,Gemma-2-9B-IT,Understand,Understand,1
2668,Gemma-2-9B-IT,Evaluate,Unknown,0
2669,Gemma-2-9B-IT,Understand,Unknown,0
2670,Gemma-2-9B-IT,Apply,Unknown,0
2671,Gemma-2-9B-IT,Evaluate,Unknown,0
2672,Gemma-2-9B-IT,Create,Create,1
2673,Gemma-2-9B-IT,Create,Unknown,0
2674,Gemma-2-9B-IT,Understand,Unknown,0
2675,Gemma-2-9B-IT,Analyze,Unknown,0
2676,Gemma-2-9B-IT,Create,Create,1
2677,Gemma-2-9B-IT,Apply,Unknown,0
2678,Gemma-2-9B-IT,Apply,Unknown,0
2679,Gemma-2-9B-IT,Create,Unknown,0
2680,Gemma-2-9B-IT,Analyze,Unknown,0
2681,Gemma-2-9B-IT,Evaluate,Evaluate,1
2682,Gemma-2-9B-IT,Apply,Unknown,0
2683,Gemma-2-9B-IT,Apply,Apply,1
2684,Gemma-2-9B-IT,Create,Create,1
2685,Gemma-2-9B-IT,Evaluate,Unknown,0
2686,Gemma-2-9B-IT,Understand,Understand,1
2687,Gemma-2-9B-IT,Evaluate,Unknown,0
2688,Gemma-2-9B-IT,Apply,Unknown,0
2689,Gemma-2-9B-IT,Apply,Unknown,0
2690,Gemma-2-9B-IT,Understand,Unknown,0
2691,Gemma-2-9B-IT,Analyze,Unknown,0
2692,Gemma-2-9B-IT,Understand,Unknown,0
2693,Gemma-2-9B-IT,Apply,Apply,1
2694,Gemma-2-9B-IT,Understand,Unknown,0
2695,Gemma-2-9B-IT,Understand,Unknown,0
2696,Gemma-2-9B-IT,Evaluate,Unknown,0
2697,Gemma-2-9B-IT,Understand,Understand,1
2698,Gemma-2-9B-IT,Create,Unknown,0
2699,Gemma-2-9B-IT,Analyze,Unknown,0
2700,Gemma-2-9B-IT,Understand,Understand,1
2701,Gemma-2-9B-IT,Remember,Remember,1
2702,Gemma-2-9B-IT,Apply,Unknown,0
2703,Gemma-2-9B-IT,Evaluate,Unknown,0
2704,Gemma-2-9B-IT,Evaluate,Unknown,0
2705,Gemma-2-9B-IT,Apply,Unknown,0
2706,Gemma-2-9B-IT,Apply,Unknown,0
2707,Gemma-2-9B-IT,Understand,Unknown,0
2708,Gemma-2-9B-IT,Create,Unknown,0
2709,Gemma-2-9B-IT,Analyze,Unknown,0
2710,Gemma-2-9B-IT,Apply,Unknown,0
2711,Gemma-2-9B-IT,Apply,Unknown,0
2712,Gemma-2-9B-IT,Evaluate,Unknown,0
2713,Gemma-2-9B-IT,Understand,Understand,1
2714,Gemma-2-9B-IT,Evaluate,Unknown,0
2715,Gemma-2-9B-IT,Analyze,Unknown,0
2716,Gemma-2-9B-IT,Evaluate,Unknown,0
2717,Gemma-2-9B-IT,Create,Unknown,0
2718,Gemma-2-9B-IT,Understand,Unknown,0
2719,Gemma-2-9B-IT,Analyze,Unknown,0
2720,Gemma-2-9B-IT,Understand,Unknown,0
2721,Gemma-2-9B-IT,Remember,Unknown,0
2722,Gemma-2-9B-IT,Evaluate,Unknown,0
2723,Gemma-2-9B-IT,Evaluate,Unknown,0
2724,Gemma-2-9B-IT,Create,Unknown,0
2725,Gemma-2-9B-IT,Apply,Unknown,0
2726,Gemma-2-9B-IT,Evaluate,Unknown,0
2727,Gemma-2-9B-IT,Understand,Unknown,0
2728,Gemma-2-9B-IT,Analyze,Unknown,0
2729,Gemma-2-9B-IT,Evaluate,Unknown,0
2730,Gemma-2-9B-IT,Understand,Unknown,0
2731,Gemma-2-9B-IT,Evaluate,Unknown,0
2732,Gemma-2-9B-IT,Evaluate,Unknown,0
2733,Gemma-2-9B-IT,Analyze,Analyze,1
2734,Gemma-2-9B-IT,Evaluate,Unknown,0
2735,Gemma-2-9B-IT,Create,Unknown,0
2736,Gemma-2-9B-IT,Analyze,Unknown,0
2737,Gemma-2-9B-IT,Create,Unknown,0
2738,Gemma-2-9B-IT,Evaluate,Unknown,0
2739,Gemma-2-9B-IT,Understand,Unknown,0
2740,Gemma-2-9B-IT,Create,Unknown,0
2741,Gemma-2-9B-IT,Analyze,Unknown,0
2742,Gemma-2-9B-IT,Understand,Unknown,0
2743,Gemma-2-9B-IT,Analyze,Unknown,0
2744,Gemma-2-9B-IT,Understand,Unknown,0
2745,Gemma-2-9B-IT,Understand,Unknown,0
2746,Gemma-2-9B-IT,Evaluate,Unknown,0
2747,Gemma-2-9B-IT,Analyze,Analyze,1
2748,Gemma-2-9B-IT,Analyze,Analyze,1
2749,Gemma-2-9B-IT,Evaluate,Apply,0
2750,Gemma-2-9B-IT,Understand,Unknown,0
2751,Gemma-2-9B-IT,Create,Unknown,0
2752,Gemma-2-9B-IT,Evaluate,Unknown,0
2753,Gemma-2-9B-IT,Create,Unknown,0
2754,Gemma-2-9B-IT,Apply,Unknown,0
2755,Gemma-2-9B-IT,Analyze,Unknown,0
2756,Gemma-2-9B-IT,Apply,Unknown,0
2757,Gemma-2-9B-IT,Understand,Unknown,0
2758,Gemma-2-9B-IT,Create,Unknown,0
2759,Gemma-2-9B-IT,Evaluate,Unknown,0
2760,Gemma-2-9B-IT,Apply,Unknown,0
2761,Gemma-2-9B-IT,Create,Unknown,0
2762,Gemma-2-9B-IT,Apply,Unknown,0
2763,Gemma-2-9B-IT,Evaluate,Unknown,0
2764,Gemma-2-9B-IT,Understand,Unknown,0
2765,Gemma-2-9B-IT,Create,Unknown,0
2766,Gemma-2-9B-IT,Apply,Apply,1
2767,Gemma-2-9B-IT,Apply,Unknown,0
2768,Gemma-2-9B-IT,Analyze,Unknown,0
2769,Gemma-2-9B-IT,Analyze,Unknown,0
2770,Gemma-2-9B-IT,Evaluate,Unknown,0
2771,Gemma-2-9B-IT,Apply,Unknown,0
2772,Gemma-2-9B-IT,Evaluate,Unknown,0
2773,Gemma-2-9B-IT,Create,Unknown,0
2774,Gemma-2-9B-IT,Apply,Unknown,0
2775,Gemma-2-9B-IT,Analyze,Unknown,0
2776,Gemma-2-9B-IT,Analyze,Unknown,0
2777,Gemma-2-9B-IT,Create,Unknown,0
2778,Gemma-2-9B-IT,Understand,Unknown,0
2779,Gemma-2-9B-IT,Create,Unknown,0
2780,Gemma-2-9B-IT,Understand,Unknown,0
2781,Gemma-2-9B-IT,Apply,Unknown,0
2782,Gemma-2-9B-IT,Apply,Unknown,0
2783,Gemma-2-9B-IT,Create,Create,1
2784,Gemma-2-9B-IT,Create,Create,1
2785,Gemma-2-9B-IT,Apply,Unknown,0
2786,Gemma-2-9B-IT,Evaluate,Unknown,0
2787,Gemma-2-9B-IT,Remember,Remember,1
2788,Gemma-2-9B-IT,Apply,Unknown,0
2789,Gemma-2-9B-IT,Remember,Unknown,0
2790,Gemma-2-9B-IT,Analyze,Unknown,0
2791,Gemma-2-9B-IT,Apply,Unknown,0
2792,Gemma-2-9B-IT,Apply,Apply,1
2793,Gemma-2-9B-IT,Understand,Understand,1
2794,Gemma-2-9B-IT,Create,Unknown,0
2795,Gemma-2-9B-IT,Create,Unknown,0
2796,Gemma-2-9B-IT,Understand,Unknown,0
2797,Gemma-2-9B-IT,Create,Create,1
2798,Gemma-2-9B-IT,Analyze,Unknown,0
2799,Gemma-2-9B-IT,Apply,Unknown,0
2800,Gemma-2-9B-IT,Understand,Unknown,0
2801,Gemma-2-9B-IT,Analyze,Unknown,0
2802,Gemma-2-9B-IT,Apply,Unknown,0
2803,Gemma-2-9B-IT,Apply,Unknown,0
2804,Gemma-2-9B-IT,Evaluate,Unknown,0
2805,Gemma-2-9B-IT,Evaluate,Unknown,0
2806,Gemma-2-9B-IT,Evaluate,Unknown,0
2807,Gemma-2-9B-IT,Understand,Understand,1
2808,Gemma-2-9B-IT,Understand,Understand,1
2809,Gemma-2-9B-IT,Create,Unknown,0
2810,Gemma-2-9B-IT,Evaluate,Unknown,0
2811,Gemma-2-9B-IT,Apply,Unknown,0
2812,Gemma-2-9B-IT,Apply,Unknown,0
2813,Gemma-2-9B-IT,Understand,Unknown,0
2814,Gemma-2-9B-IT,Apply,Unknown,0
2815,Gemma-2-9B-IT,Apply,Unknown,0
