QUESTION,BT LEVEL,BT LEVEL (REVISED)
"Suppose prices of two goods are constant, explain what will happen to the budget line if there is an increase in consumer's income. Support your answer with an appropriate diagram.	",Comprehension,Understand
"Explain the concept of price leadership observed under the condition of oligopoly, by using graphs. ",Comprehension,Understand
Define profit. Briefly explain how accounting profit is different from economic profit.,Comprehension,Understand
Describe the assumptions of monopolistic competitive market.,Comprehension,Understand
"Explain the meaning of the law of diminishing marginal returns. Briefly describe the relationship between total product (TP) and marginal product (MP), marginal product (MP) and average product (AP).",Comprehension,Understand
Evaluate why a monopolist holds more undesirable characteristics in comparison to a perfect competitor. Give evidence from the graph to support your answer.,Evaluation,Evaluate
"Using Marginal approach, explain and identify how many unit of CD players should the firm producer per day if its goal is to maximize its profit.",Application,Apply
"As opposed other curves, justify with explanation why Average Fixed Costs
	(AFC) is negatively sloped.",Evaluation,Evaluate
Identify whether the firm is in the short-run or long-run  equilibrium. Explain.,Comprehension,Understand
Illustrate and explain how perfect competitive firms adjust in long-run if they are enjoying positive economic profit in short-run.,Comprehension,Understand
Assuming that this monopolist is regulated to produce at that quantity where price equals average total cost. Calculate and find out what is the quantity the monopolist will produce and the price it will charge given this regulatory scenario.,Application,Apply
Identify THREE (3) types of imperfectly competitive firms and construct THREE (3) important characteristics of these imperfectly competitive firms.,Application,Apply
Various policies were implemented by the governments in order to mitigate the concerns over efficient losses arising from natural monopoly. Describe natural monopoly and provide ONE (1) example of natural monopoly.,Comprehension,Understand
Describe Prisoner Dilemma in the context of game theory.,Knowledge,Remember
Highlight the differences between an equilibrium in dominant strategy as compared to Nash equilibrium.,Comprehension,Understand
State which market structure adopts this practice. List and briefly explain what are the conditions needed for this practice to be successful.,Comprehension,Understand
Explain types of price discriminations.,Comprehension,Understand
"By using appropriate diagrams, explain how a decreasing cost industry affects the long-run supply curve in a perfectly competitive market.",Comprehension,Understand
"Briefly explain the income-consumption curve. With the aid of diagrams, derive income-consumption curve and Engel curve if there is an increase in income given that the good is an inferior good. Explain your answer by showing at least two bundles of goods in the diagrams.",Comprehension,Understand
Briefly explain the characteristics of monopolistic market structure.,Comprehension,Understand
"""Assume that there is one dominant firm in the industry that sets the price and then all the other firms in the industry behave like perfectly competitive price­ taking firms"". By using appropriate diagrams, explain the underlying assumptions of the model stated in the statement.",Comprehension,Understand
Explain the marginal cost relationship with average variable cost (AVC) and average total cost (ATC). Support your answer by using an appropriate diagram. ,Comprehension,Understand
"Jason spends all his income on meat and bread. Assume bread as a giffen good, draw Jason's price consumption curve and demand curve for bread when the price of bread falls. Support your answer with explanation for 3 consumption bundles. ",Application,Apply
"Starting from a point of equilibrium, explain the case of a decreasing - cost industry in a perfectly competitive market with the aid of diagram(s). ",Comprehension,Understand
List THREE (3) characteristics of monopolistic competition and explain how do firms in this market structure compete.,Comprehension,Understand
Describe diminishing of marginal product and explain the relationship between average product and marginal product by using an appropriate diagram. ,Comprehension,Understand
"""Economists state that both allocative and productive efficiencies are realized in the long-run equilibrium of a monopolistically competitive market"". State whether you agree or disagree with the statement. Graphically illustrate and explain the statement. ",Analysis,Analyze
Determine the equilibrium price and quantity.,Application,Apply
Determine the amount of shortage or surplus if government decides to impose the price at RM1.50/kg. Support your answer with numerical explanations. ,Application,Apply
"Suppose milk and yogurt are within Sophie's budget and she views yogurt as an inferior good. Using indifference curve and budget line, explain the substitution, income and total effects when the price of yogurt falls. ",Application,Apply
Explain the underlying assumptions of the price-leadership model by using appropriate diagrams.,Comprehension,Understand
"Justify the following statement. ""It is possible for a firm to experience diminishing marginal return and diseconomies of scale at the same time”. ",Evaluation,Evaluate
Describe the TWO (2) key differences between perfect competition and monopolistic competition. ,Comprehension,Understand
The news reported that the chicken consumption in Malaysia has fallen by 17.25 percent. Use firm and industry diagrams to explain the short run and long run effects. ,Application,Apply
"“As additional units of a variable input are added to a fixed input, the marginal product of the variable input may at the beginning rises, subsequently falls and becomes negative in the short-run"". Explain this statement by using appropriate diagrams. ",Comprehension,Understand
"A manager of a small company makes the following statement - ""We need to keep hiring additional workers up to the point where the marginal productivity of the last worker we hire is at its maximum. This way we can maximize the total productivity of the firm.""  Critically evaluate this statement. ",Evaluation,Evaluate
"Draw a graph showing the demand curve faced by a perfectly competitive firm. On the same graph, draw the demand curve faced by a monopolistically competitive firm. Explain your reasoning for each curve. ",Comprehension,Understand
Explain the price discriminations that associated with monopoly.,Comprehension,Understand
"Suppose firms in industry Y are having an increase in demand. By using appropriate diagrams, explain the effect of an increase in demand and how industry Y achieves the long-run equilibrium in perfect competition. ",Analysis,Analyze
Sketch a graph that associates with a monopoly. Find the profit-maximizing level of output and label it as q*. Find the price that firm should charge and label it as P*. Explain how the profit-maximizing output and price the firm should charge are determined. Explain what the firm should do if marginal revenue is higher than marginal cost. ,Analysis,Analyze
 List and explain TWO (2) advantages and THREE (3) disadvantages of economic growth. ,Comprehension,Understand
Draw Production Possibilities Frontier and Trading Possibilities Frontier for China and South Africa.,Comprehension,Understand
Compute the value of the government multiplier and tax multiplier in an open economy. ,Application,Apply
"Using the multiplier approach, suppose government increases spending to 2200 and decreases tax by 500, calculate the new equilibrium output level and the new balance of trade.",Application,Apply
Suppose that Japan and South Korea are trading partners. The exchange rate of Yen for South Korean Won (KRW) is floating freely. Japanese had reduced their imports from South Korea due to lack of demand for Korean products. Explain what will happen to Yen by using an appropriate diagram. Give five reasons why demand for a foreign currency may increase. ,Analysis,Analyze
Determine which country enjoys comparative advantage in the production of cotton and silk respectively. Support your answer by calculating the opportunity costs of each. ,Application,Apply
Draw Production Possibilities Frontier and Trading Possibilities Frontier for China and Thailand. Clearly label the total output before specialization and total output after trade in the diagrams.,Comprehension,Understand
"Inflation is one of the major concerns of all countries in the world. Discuss how the Bank Negara Malaysia (BNM) would fight against inflation problem and by using appropriate diagrams, show how the BNM actions affect the investment level and equilibrium output level. ",Application,Apply
Explain  the effect of a cut in taxes of $100 billion on the economy if the marginal propensity to consume were 0.9. Explain why this policy is much different from simply having the government initiate a $100 billion spending program. Support your answer with specific calculations. ,Analysis,Analyze
Explain why a sustained inflation is a purely monetary phenomenon and cannot exist without the cooperation of the Bank Negara Malaysia (BNM). ,Comprehension,Understand
Explain why the effectiveness of an expansionary monetary policy in increasing aggregate output is partially dependent on the interest sensitivity of the demand for money. ,Analysis,Analyze
Calculate the equilibrium level of income for Cambodia. ,Application,Apply
Calculate the balance of trade when the economy is at equilibrium and interpret your answer. ,Application,Apply
Calculate the level of output needed to be achieved by Cambodia in order to maintain a balanced trade account.,Application,Apply
Determine the values of Cambodia's government spending multiplier in closed and open economy. Explain which multiplier has the greater impact on the Cambodia economy. ,Application,Apply
Malaysia is currently having trade deficit and policy maker tries to improve the balance of trade by depreciate the Ringgit Malaysia. Discuss the impact of this policy by using an appropriate diagram. ,Comprehension,Understand
List and explain the FIVE (5) institutional structures that can promote and sustained economic growth. ,Comprehension,Understand
"Assume that Saudi Arabia is currently operating at the natural level of output. However, due to the political uncertainty it leads to an increase in oil price. Discuss the effects of the event on the price level, unemployment and output in the long run and short run in Saudi Arabia by using appropriate diagrams. Besides, suggest the policy that can be implemented by Saudi Arabia in order to achieve long run equilibrium after the event. ",Synthesis,Create
Assume that Japan is currently operating at the natural level of output. Investor is optimistic about the future due to the outstanding performance in the stock market. Explain the effect of event to the price level and output level in the short run and long run in Japan by using an appropriate diagram.,Comprehension,Understand
List and explain the reason why the aggregate demand curve is downward slopping.,Comprehension,Understand
"In order to achieve high economy growth the government can implement expansionary fiscal policy, however, the effect of an increase in government spending can be taken aback by crowding out effect. Recommend and graphically explain the action that can be taken by Bank Negara Malaysia (BNM) to avoid this problem.",Synthesis,Create
Money growth is always interrelated with inflation phenomenon. Explain how the growth of money will affect the economy when the economy is operating at the full capacity. Illustrate by using an appropriate diagram.,Analysis,Analyze
Describe price feedback effect by using relevant example.,Comprehension,Understand
Identify which country has an absolute advantage in the production of sugar cane and blue agave.,Knowledge,Remember
Suppose the two countries wish to specialize and trade. Specifically determine and explain which country enjoys comparative advantage in the production of sugar cane and blue agave. ,Application,Apply
"Draw Production Possibilities Frontier and Trading Possibilities Frontier for Argentina and Mexico.
",Comprehension,Understand
In order to reduce the international competition to protect some major sector of the economy. List and explain THREE (3) instruments that can use to protect our domestic industries. ,Comprehension,Understand
"Output and capital are increasing more rapidly than labour in the pharmaceutical industry. However, labour is increasing faster than capital and output in the agriculture industry. Evaluate the different in the output growth and productivity between these two industries.",Evaluation,Evaluate
Thailand currently experiences a 17% unemployment rate and the investors in the country are sensitive towards changes in the interest rate. Explain to your friend the policy to be taken by Central Bank of Thailand to achieve 3% of unemployment rate by using appropriate diagram(s). ,Comprehension,Understand
"Japan is operating above the potential output level. As a committee member of central bank, suggest a policy that should be implemented in order to restore Japan's potential output level. Using appropriate diagram(s), explain the effect of the policy on price and unemployment level in short run and long run. ",Synthesis,Create
Identify which country has an absolute advantage and comparative advantage in the production of pizza and cloth. ,Comprehension,Understand
Draw Production Possibilities Frontier and Trading Possibilities Frontier for Korea and Indonesia. ,Comprehension,Understand
Explain THREE (3) reasons why AD curve is downward sloping.,Comprehension,Understand
Calculate the equilibrium level of output for four sectors economy with taxes. ,Application,Apply
Calculate the balance of trade when the economy is at equilibrium. ,Application,Apply
"Using the open economy multiplier approach, calculate the new equilibrium output level and new balance of trade if the government decreases spending to RM 1200 million and increases tax by RM 300 million. ",Application,Apply
Describe the economic growth and FOUR (4) sources of economic growth. ,Knowledge,Remember
The unemployment problem can be overcome by increasing the aggregate output in a country. Explain THREE (3) multiplier concepts that can be applied in this problem. ,Application,Apply
Calculate the equilibrium level of income for this economy. ,Application,Apply
Calculate the balance of trade when the economy is at equilibrium and interpret the answer. ,Application,Apply
Calculate the level of output Japan needs to achieve in order to maintain a balanced trade account. ,Application,Apply
Determine the values of government multiplier and tax multiplier in open economy for Japan. Explain which multiplier has greater impact on the economy. ,Application,Apply
"Assume that an economy is initially below the natural rate of output, due to the stock market crash in 2008. Explain what policy the government can implement in order to return the output to the natural level by using appropriate diagram.",Comprehension,Understand
Define economic growth. List and explain how the public policies can promote economic growth. ,Comprehension,Understand
"The Malaysian economy is currently operating at the natural level of output. In order to be a high-income country in 2020, government of Malaysia decides to increase the government spending. Discuss the effects of the event on the price level, unemployment and output in the long run and short run in Malaysia with appropriate diagrams.",Comprehension,Understand
"Explain how currency depreciation will affect export, import and the balance of trade of the country. ",Analysis,Analyze
Explain how human capital can lead to economic growth. ,Comprehension,Understand
Define terms of trade and identify which country has an absolute advantage in the production of jade and diamond. ,Comprehension,Understand
Suppose the two countries wish to specialize and trade. Specifically determine and explain which country enjoys comparative advantage in the production of jade and diamond. ,Application,Apply
Corporate bond is a debt contract (indenture) that requires borrowers to make periodic payment of interest and repayment of principal at the end of maturity date. Explain the type of market for corporate bond. ,Comprehension,Understand
Discuss FOUR (4) factors affecting exchange rate in the long run.,Comprehension,Understand
Define Bank Capital and elaborate the functions of Bank Capital.,Comprehension,Understand
"A banker's acceptance (BA) is a promised future payment, or time draft, which is accepted and guaranteed by a bank and drawn on a deposit at the bank. The BA specifies the amount of money, the date, and the person to whom the payment is due. Draw and explain the sequence of a banker's acceptance transaction. ",Application,Apply
Describe THREE (3) advantages of the banker's acceptance towards either exporter or importer. ,Knowledge,Remember
Define and explain the THREE (3) steps of bringing a new security issue in primary market. ,Comprehension,Understand
List FIVE (5) differences between forward and future market. ,Knowledge,Remember
List and briefly describe FOUR (4) types of secondary equity markets. ,Knowledge,Remember
Explain FOUR (4) factors in the Globalization of Financial Markets. ,Comprehension,Understand
Describe the TWO (2) conditions that lead to bank failures. Provide the examples of bank failures that happened in the past with a specific time frame. ,Comprehension,Understand
Letter of credit is a written promises to pay third party on clients behalf. Explain the functions of commercial letter of credit and standby letter of credit. ,Comprehension,Understand
Give THREE (3) examples of common uses of standby letter of credit. ,Comprehension,Understand
Define solvency and liquidity. Give some simple strategies that banks can follow to avoid insolvency or illiquidity. State reasons banks might option not to adopt these strategies. ,Comprehension,Understand
List FIVE (5) major business activities of investment banks. ,Knowledge,Remember
"Municipal bonds are securities issued by local, county and state government. Identify THREE (3) types of Municipal Bonds that available in the market. ",Knowledge,Remember
Differentiate between repurchase agreement (repo) and reverse repurchase agreement. ,Analysis,Analyze
Discuss the actions of central bank towards monetary policy that will significantly influence Federal Funds Rate in short run. ,Comprehension,Understand
"A five-year, RM1,000 par value bond with a 6 percent semi-annual coupon is trading at current yield of 4 percent. Compute the duration of the bond. ",Application,Apply
"Based on your knowledge, describe TWO (2) foreign bonds that are well known in the market. ",Knowledge,Remember
Analyze THREE (3) factors that can affect the option premium. ,Analysis,Analyze
Briefly explain THREE (3) main sources of banks earnings.,Comprehension,Understand
Describe THREE (3) deposit liabilities for commercial banks. ,Knowledge,Remember
"New issues are called primary issues, that reflect to the first issued of security in the primary market. Elaborate the steps of bringing a new security to the market. ",Comprehension,Understand
The Glass-Steagall Act of 1933 (Banking Act) restricted the asset powers of commercial banks in US to low-risk underwriting areas. List FOUR (4) requirements under Glass-Steagall Act of 1933.,Knowledge,Remember
Briefly explain what a Repo is. ,Comprehension,Understand
Elaborate THREE (3) channels of the transmission process for monetary policy. ,Comprehension,Understand
Illustrate the effect of an expansionary monetary policy. Justify your answer with an appropriate diagram. ,Evaluation,Evaluate
Define federal fund market. Explain in detail its importance to a bank. ,Comprehension,Understand
Explain FOUR (4) types of unemployment.,Comprehension,Understand
"Compute the duration for a five-year bond, RM1,000 par value bond with a 7 percent annual coupon which is trading at yield to maturity of 5 percent. ",Application,Apply
Identify THREE (3) types of securities that are issued by Malaysian government. Explain each in detail. ,Comprehension,Understand
Discuss FOUR (4) economic roles of money market. ,Comprehension,Understand
The Glass-Steagall Act of 1933 and the Financial Services Modernization Act of 1999 created impact on commercial banks and investment banks in the US. Explain each act in detail. ,Comprehension,Understand
Explain FOUR (4) off-balance-sheet banking activities which are important but not recorded in a bank's balance sheet. ,Comprehension,Understand
"If the value of the bond is RM900 and coupon are paid semi-annually, compute the yield to maturity (YTM) and the current yield of the bond. Interpret your answers. ",Application,Apply
Explain the relationship between bond price and market interest rate using the bond pricing formula. ,Comprehension,Understand
"Differentiate bonds that are traded at par, premium and discount.",Analysis,Analyze
Illustrate by using appropriate diagram(s) the effects of the most commonly and the least used monetary policy tool on the market interest rate if the central bank implements the expansionary monetary policy.,Comprehension,Understand
Vince longs a put option on Junebank's stock with a strike price at RM13. Currently Junebank's stock is priced at RM15 and the option premium is RM1.50. Advise Vince whether or not to exercise the option. Justify your answer. ,Evaluation,Evaluate
"""The monetary policy is always useful in stimulating the economic growth by increasing the money supply in the market."" Comment on this statement. Support your answer with an appropriate diagram. ",Evaluation,Evaluate
“China has been practicing low exchange rate for previous decades.” Clarify the pros and cons under this practice. ,Analysis,Analyze
Explain the Securities Act of 1933 and the Securities Exchange Act of 1934. ,Comprehension,Understand
Differentiate between commercial letter of credit and standby letter of credit. ,Analysis,Analyze
Draw an expiry profit diagram for the GCB bank’s position. ,Comprehension,Understand
Explain the profit and loss for Alice and GCB bank. ,Comprehension,Understand
Elaborate FIVE (5) factors that will influence the demand and supply of a currency. ,Comprehension,Understand
"By using an appropriate diagram, explain how the open market operation (OMO) can put an upward pressure on the federal fund rate (FFR).",Comprehension,Understand
Banks act as an important institution in the financial system. Briefly explain what a bank run is and provide THREE (3) causes that lead to its occurrence. ,Comprehension,Understand
Explain what a junk bond is and its role in the financial market. ,Comprehension,Understand
Suggest and explain TWO (2) ways to measure a bank's profitability. ,Synthesis,Create
"""An increase in the money supply will lead to an increase in the market equilibrium interest rate.” Comment and justify the above statement with an appropriate diagram. ",Evaluation,Evaluate
Differentiate primary and secondary reserves of a bank. List THREE (3) examples for each reserve. ,Analysis,Analyze
“The US dollar hit its highest levels in years shortly after Donald Trump won the presidential election in November 2016.” The statement above refers to the strong dollar scenario. Explain the pros and cons under this scenario. ,Analysis,Analyze
Explain Eurocurrency and its market. ,Comprehension,Understand
Stock market serves as an important predictor of economic activities. Explain how the stock market values can predict real economic activity. ,Comprehension,Understand
Explain the differences between forward and futures contract. ,Comprehension,Understand
Discuss ONE (1) limitation and benefit of duration. ,Comprehension,Understand
"Justify the following statement: “The value of a putable bond is never greater than the value of an otherwise comparable option-free bond.""",Evaluation,Evaluate
"Define and discuss the Sharpe, Treynor, and Jensen measures of portfolio performance evaluation by identifying the situations in which each measure is the most appropriate measure. ",Application,Apply
Briefly explain FOUR (4) advantages and disadvantages of option trading. ,Comprehension,Understand
"The correlation between the S&P 500 index fund and the emerging market fund is zero. Consider portfolio A, which consists of 80% of the S&P index fund and 20% of the emerging-market fund. Calculate portfolio A's expected return and standard deviation. ",Application,Apply
Explain FOUR (4) benefits of mutual fund investment. ,Comprehension,Understand
Discuss the implications of Efficient Market Hypothesis for Technician (Chartist) and Fundamentalist. ,Comprehension,Understand
Consider a zero coupon bond with a par value of $1000 that has a current price of $436.19 and matures in 10 years. Compute its yield to maturity. ,Application,Apply
"Calculate Sharpe's measure for the AOV Portfolio and the market. Compare the TWO (2) measures, and assess the performance of the AOV's portfolio during the year just ended. ",Application,Apply
"Calculate Treynor's measure for AOV's Portfolio and the market. Compare the TWO (2) measures, and assess the performance of the AOV's portfolio during the year just ended. ",Application,Apply
Calculate Jensen's measure (Jensen's alpha). Use it to assess the performance of the AOV's Portfolio during the year just ended. ,Application,Apply
Describe characteristics and importance of secondary market.,Comprehension,Understand
"""Portfolio management strategies are different based on investor's risk preferences and expected return”. Based on above statement, briefly discuss TWO (2) major portfolio management strategies. ",Comprehension,Understand
Distinguish between stock dividend and stock split by providing one relevant example. ,Analysis,Analyze
The option's premium represents the price of the option that change over time. Discuss FOUR (4) factors that affecting premium of an option.,Comprehension,Understand
"""Trading strategies used by investors of futures and forwards markets help to maintain market efficiency"". Based on the above statement, Differentiate between all THREE (3) main trading strategy used by futures and forward markets' investors.. ",Analysis,Analyze
Define put-call parity. Discuss its implications and how arbitrageurs could take advantage of arbitrage opportunities for both options. ,Comprehension,Understand
Identify and elaborate FOUR (4) determinants of an option's premium.,Comprehension,Understand
Discuss THREE (3) differences between futures and forward contracts.,Comprehension,Understand
"Market anomalies are research findings that do not support market efficiency hypothesis; that is, they are evidence that inefficiencies do exist. Discuss FIVE (5) common market anomalies. ",Comprehension,Understand
"“The efficient market hypothesis (EMH) states it is impossible to consistently outperform an efficient market and the only way an investor can possibly obtain higher returns is by purchasing riskier investments."" Justify the statement. ",Evaluation,Evaluate
Discuss TWO (2) key differences between stock warrants and stock options. ,Comprehension,Understand
"Explain the trading behavior of hedger, speculator and arbitrageur.",Comprehension,Understand
Determine the intrinsic value of KMK Corporation's common stock. ,Application,Apply
"Suggest your recommendation on the investment of KMK Corporation's common stock, if the stock price is traded at $25 currently. ",Synthesis,Create
Explain why contango and backwardation happen in the commodity market. ,Comprehension,Understand
A bond fund manager decided to allocate certain percentage of the portfolio in foreign bond market to improve the reward-to-risk ratio. Briefly explain THREE (3) specific risks related to investing in international bond market. ,Comprehension,Understand
Determine the Macaulay duration and estimate the bond price if the yield increases by 100 basis points. ,Application,Apply
Daniel Kahneman and Amos Tversky believe that many stock investors are far from fully rational. Explain FOUR (4) common factors that create irrational market behavior. ,Comprehension,Understand
Discuss the potential profit and loss for the long straddle. ,Comprehension,Understand
"""Instead of focusing only on investing in local market, some investors also invest in foreign market"". Justify above statement by providing FOUR (4) benefits of investing in foreign market. ",Evaluation,Evaluate
"""Portfolio management strategies are different based on the investor's risk preferences and expected return"". Based on above statement, explain TWO (2) major portfolio management strategies. ",Comprehension,Understand
"Discuss in detail the Sharpe, Treynor, and Jensen measures of portfolio performance evaluation, by identifying the situations in which each measure is the most appropriate measure. ",Application,Apply
"""Investment strategies used by the investors of futures and forward markets help to maintain market efficiency"". Based on the above statement, differentiate THREE (3) main investment strategies used by futures and forward markets' investors. ",Analysis,Analyze
Provide arguments on how these investment strategies help in maintaining market efficiency. ,Comprehension,Understand
Describe characteristics and importance of secondary market. ,Comprehension,Understand
Discuss FOUR (4) reasons why Capital Asset Pricing Model (CAPM) is not the best model to estimate returns. ,Comprehension,Understand
"“Instead of focusing only on investing in local market, some investors also invest in foreign market”.  Justify above statement by providing FOUR (4) benefits of investing in foreign market. ",Evaluation,Evaluate
Discuss in detail the THREE (3) major asset allocation strategies in managing portfolio. ,Comprehension,Understand
"According to many researchers, market inefficiencies do exist in most of the stock markets in the world and also known as market anomalies. This situation is contradicted to market efficiency hypothesis. Describe SIX (6) market inefficiencies that commonly happen in the stock markets. ",Comprehension,Understand
Discuss FOUR (4) risks involved in trading US-dollar denominated crude palm oil futures contract (FUPO). ,Comprehension,Understand
Define and explain reinvestment risk with an example. ,Comprehension,Understand
Define Put-Call Parity and express it in equation. ,Comprehension,Understand
Audit committee is responsible to implement and support the monitoring function of the board of directors. Develop a list of best practices for audit committee meeting. ,Synthesis,Create
Nomination committee plays a crucial role in ensuring the continuity of the board of directors into the future. Analyse the functions of nomination committee in the context of corporate governance. ,Analysis,Analyze
Majority shareholders may be opportunistic at the expense of minority  shareholders due to their controlling stake in the company. Explain majority agency problem in the context of corporate governance. ,Comprehension,Understand
Shareholder activism is an important governance mechanism because this is how minority shareholders exercise and enforce their rights. Comment on the effectiveness of shareholder activism. ,Evaluation,Evaluate
There are several corporate governance tools available for institutional shareholders activism. Differentiate shareholder resolution and proxy voting,Analysis,Analyze
Malaysian Code on Corporate Governance (2012) stipulates that there should  not be any domination of power by any individual in the board. Responsibilities of the CEO and the Chairperson must be clearly defined and separated in order to ensure a balance of power and authority. Evaluate the advantages and disadvantages of CEO duality.,Evaluation,Evaluate
"Company directors remain the most important group of people who monitor 
and control the company on behalf of the shareholders. Explain the SIX (6) roles of company directors.",Comprehension,Understand
Independent Non-Executive Directors (INEDs) play crucial roles in the  assurance of effective corporate governance of public listed companies. Provide an assessment on the contributions of INEDs in promoting effective corporate governance. ,Comprehension,Understand
"Being outside directors, Independent Non-Executive Directors (INEDs) do not work in the company on a daily basis. Their hands are tied due to the nature of their positions. Provide an assessment on the limitations of INEDs in the context of corporate governance ",Comprehension,Understand
"Internal control system is among the most prominent monitoring mechanisms in promoting effective corporate governance. Assuming you are the manager of purchasing department, provide TWELVE (12) recommendations on how to prevent staffs from making personal gains from their positions.",Synthesis,Create
"One of the biggest challenges in corporate governance is to deal with manipulation of accounting profits. Propose NINE (9) suggestions to the Malaysian regulatory bodies on how to prevent manipulation of accounts. Your recommendations have to be new and must not overlap with the existing Malaysian laws, guidelines and systems. ",Synthesis,Create
"Company director can be removed by the shareholders during general meetings. However, the office of a director can become vacant under certain circumstances. Discuss FOUR (4) criteria for vacation of office.",Comprehension,Understand
"Director independence is a pivotal element of corporate governance. Illustrate the requirements of ""Persons Connected with Directors"" as stipulated under Companies Act 2016 Section 197(1). ",Comprehension,Understand
"Related party transaction is a transaction entered into by a PLC or its subsidiaries, which involved the interest of the related party. Justify the reasons for disclosure of related party transaction. ",Evaluation,Evaluate
Short term and long term incentives have their own merits in promoting corporate performance. Compare and contrast the problems associated with both short term and long term incentives. ,Analysis,Analyze
The Higgs Report (2003) is among the first report that discusses the importance of Senior Independent Non-Executive Director (Senior INED). Analyse the rationales of having Senior INED in a company. ,Analysis,Analyze
Companies must take reasonable steps to ensure that their investors enjoy equal access to material information. Briefly describe SIX (6) corporate disclosure policies under Main Market Listing Requirements (MMLR). ,Knowledge,Remember
The scope of institutional shareholder activism includes attempts made to bring about changes in a company's behavior for adoption of good governance practices. Differentiate shareholder resolution and proxy voting as the two major tools for institutional shareholder to promote corporate governance. ,Analysis,Analyze
The independence of external auditors is extremely critical due to their roles in providing true and fair view on a company financial position. Develop THREE (3) safeguards to reduce the threats on external auditors' independence. ,Synthesis,Create
Managing and engaging stakeholders have gained important grounds in corporate decision making. Provide your justifications for companies to adopt stakeholder model. ,Comprehension,Understand
There is always an appeal for institutional shareholders to assume an active role in corporate governance. Create a list of key recommendations for institutional shareholders activism based on Myners Report (1995).,Synthesis,Create
Malaysian Code on Corporate Governance (MCCG 2017) encourages Board of Directors to improve shareholders' participations in decision making. Provide recommendations that will lead to more constructive use of Annual General Meeting (AGM). ,Synthesis,Create
Institutional shareholders do not always fare better than the minority shareholders in promoting shareholder activism. Assess the impediments of institutional shareholder activism. ,Evaluation,Evaluate
Criticize the issues in Principal – Agent Theory.,Analysis,Analyze
State and discuss the approach as prescribed in Malaysian Code on Corporate Governance (MCCG) 2017. ,Comprehension,Understand
"List FIVE (5) suggestions on how Malaysian public listed company director in Malaysia can perform  'Duty to use Reasonable Care, Skill & Diligence'. ",Knowledge,Remember
State 'corporate governance' definition as mentioned in Cadbury Report (1992). Explain Malaysian Code on Corporate Governance (MCCG) 2017 “corporate governance' definition in details. ,Comprehension,Understand
Suggest FIVE (5) actions that Public Mutual Berhad (PMB) can consider in championing the institutional shareholder activism. ,Synthesis,Create
Explain the criteria to be a substantial shareholder in Malaysia. Illustrate what and when a substantial shareholder of a listed company need to comply when he/she holds the directorship in it. ,Evaluation,Evaluate
Highlight the important issues discussed in Greenbury Report 1995. ,Comprehension,Understand
Evaluate the characteristics of the board in a two-tier board structure. ,Evaluation,Evaluate
Identify FIVE (5) conditions that one needs to meet in order to be an independent director in Malaysian public listed company (PLC).,Knowledge,Remember
Discuss the components that are integral to the internal control framework in a public listed company. ,Comprehension,Understand
Construct an executive remuneration package using the remuneration framework as a guide. ,Application,Apply
Provide justifications as to why integrity and reliability is important in a company's annual report and accounts (ARAS) from corporate governance point of view.,Evaluation,Evaluate
"The internet has been considered as a low cost option for selling products and services. From a firm's perspective, explain FOUR (4) factors that add to the cost of doing business on the internet. ",Comprehension,Understand
“Firms can use existing brand names or create new brands on the internet”. Evaluate on the above statement. ,Evaluation,Evaluate
"Discuss the level of trust consumers place in digital media, and how that trust helps or hinders e-marketers. ",Comprehension,Understand
"Discuss the role of an infomediary in the online distribution system and evaluate the benefits of this type of distribution system to the consumer, infomediary and advertiser. ",Evaluation,Evaluate
"Search engines are key means of attracting traffic to websites. As a new marketing executive with Munchy's Malaysia, recommend THREE (3) tactics used in search engine marketing (SEM). ",Synthesis,Create
"Discuss the adoption issues surrounding Facebook and internet, as well as their implications for e-marketers. ",Comprehension,Understand
Define social commerce and discuss its advantages for e-marketers.,Comprehension,Understand
Information technology can be expensive. Identify and explain FIVE (5) factors that put upward pressure on internet pricing for online retailer. ,Comprehension,Understand
"""Firms can use existing brand names or create new brands on the internet"". Evaluate the above statement. ",Evaluation,Evaluate
"Media planners want both effective and efficient media buys. In your role as a new media planner of a digital marketing agency, explain how would you know you have made an effective advertising buy over the internet. ",Comprehension,Understand
The internet increases customer benefits in many ways that have revolutionised marketing practices. Discuss with examples THREE (3) ways in which internet increases customer benefits from products offered online.,Comprehension,Understand
"CRM technology helps companies to collect information about consumer behaviour, conversations and characteristics. As a new digital marketing manager with an online retailer, suggest FIVE (5) ways how you can collect data and push customised information to customers. ",Synthesis,Create
Market research firms and product review sites are examples of infomediary. Discuss the role and benefits of an infomediary model in the online distribution system. ,Comprehension,Understand
E-mail marketing has evolved rapidly alongside the technological growth of the 21st century. Discuss FIVE (5) reasons why e-mail marketing is still a growth area in digital marketing. ,Comprehension,Understand
The 'creators' and critics' are the most desired social segments. Explain how social media marketers are able to increase these segments' level of involvement in the social media. ,Comprehension,Understand
The internet is ideal for gathering people from all corners of the globe into communities with similar interests and tasks. Recommend THREE (3) ways that can be used to target online communities. ,Synthesis,Create
An important step in Search Engine Optimization (SEO) is to identify relevant keywords for your website. Suggest THREE (3) offline keyword research methods and TWO (2) online keyword research methods in your keyword research efforts. ,Synthesis,Create
"Assume that you have been assigned to run a Google Ads search advertising campaign for a new café in Kampar, Perak. Recommend FIVE (5) strategies to develop a successful search advertising campaign for the café.",Synthesis,Create
Standard ad formats such as leaderboard and skyscraper are common in digital display advertising. Propose FIVE (5) other creative ad formats which are more interactive and engaging. ,Synthesis,Create
You have been assigned by your employer to manage their Instagram and Facebook business page. Suggest FIVE (5) ways to increase engagement with your social media users. ,Synthesis,Create
E-mail newsletters are still popular communication strategy for digital marketers. Suggest FIVE (5) ways to engage with your newsletters subscribers. ,Synthesis,Create
Describe the THREE (3) roles for social media in branding.,Knowledge,Remember
"Using Tom Duncan's levels of brand relationship intensity, explain the relationship between Apple iPhone and its customers.",Comprehension,Understand
You are the new online advertising consultant for Loreal Malaysia. Explain to your client SEVEN (7) important paid media metrics in online advertising.,Comprehension,Understand
“Millennials and kids are important market segments for e-marketers”. Discuss on the above statement. ,Comprehension,Understand
Briefly analyse the SIX (6) internal control procedures over the payroll process of a multinational organisation. ,Analysis,Analyze
"With respect to the data processing cycle of an organisation, explain the ""garbage in, garbage out"". Briefly discuss on the measures to be taken by the companies to avoid “garbage in"" data input errors. ",Comprehension,Understand
Name and briefly discuss the EIGHT (8) documents used in the purchase and cash disbursement process of a company. ,Comprehension,Understand
Briefly explain any TWO (2) advantages of real time data processing in the sales and cash receipt system. ,Comprehension,Understand
Describe the THREE (3) elements of problem structure of a company. Contrast a structured problem to an unstructured problem. Discuss briefly which levels of management typically deal with structured problems and with unstructured problems. ,Analysis,Analyze
Briefly discuss the key segregation of duties that should exist in the traditional manufacturing environment. ,Comprehension,Understand
"By drawing appropriate diagrams, differentiate between flat file model and database model. ",Analysis,Analyze
Briefly explain the SIX (6) key activities involved in the conversion cycle of a manufacturing company. ,Comprehension,Understand
Differentiate between general controls and application controls. Provide ONE (1) example for each. ,Analysis,Analyze
Briefly explain Financial Reporting System (FRS) and identify THREE (3) potential risks in FRS. ,Comprehension,Understand
Cost benefit analysis is a process that helps management determine whether (and by how much) the benefits exceed costs. Briefly explain FOUR (4) intangible benefits. ,Comprehension,Understand
Discuss the advantages of real-time data input and over batch processing in expenditure cycle. ,Comprehension,Understand
Define Information Systems (IS). ,Knowledge,Remember
Discuss in details what Accounting Information Systems (AIS) is. ,Comprehension,Understand
State TWO (2) subsystems of AIS. ,Knowledge,Remember
State your opinion on whether financial reporting system is more important than management reporting system and the appropriateness of placing more emphasis on producing non-discretionary financial reports. Provide arguments to support. ,Comprehension,Understand
Discuss any FOUR (4) underlying principles of lean manufacturing approach. ,Comprehension,Understand
Explain on the advantages of switching from a flat-file processing system to a database management system. ,Comprehension,Understand
Discuss THREE (3) types of anomalies associated with database tables that have not been normalized. ,Comprehension,Understand
Briefly explain any TWO (2) security objectives of audit trails. ,Comprehension,Understand
Define and contrast digital certificate and digital signature. ,Comprehension,Understand
Explain how transactions are audited in an electronic data interchange environment. ,Comprehension,Understand
List any THREE (3) pairs of system functions that should be separated in the centralized computer services organization and describe a risk exposure if the functions are not separated. ,Comprehension,Understand
Identify and explain another graphical diagram besides network diagram which is useful for planning and scheduling. Evaluate the graphical diagram. ,Evaluation,Evaluate
List out FOUR (4) benefits of using RFID.,Knowledge,Remember
Suggest any FIVE (5) dimensions of service quality that could be taken into consideration by the kindergarten management for its future operations improvement. ,Synthesis,Create
Identify any TWO (2) advantages of matching demand strategy and level strategy each in preparing aggregate production plan. ,Knowledge,Remember
List out any SIX (6) factors to be considered when designing a layout. ,Knowledge,Remember
Examine cross-docking warehouse layout. ,Analysis,Analyze
Discuss any FOUR (4) elements which are embedded in Total Quality Management Programme. ,Comprehension,Understand
Examine traditional warehouse layout and cross-docking layout. ,Analysis,Analyze
Explain FOUR (4) process strategies you have learned. ,Comprehension,Understand
Discuss the importance of Philip Crosby's suggestion on “do it right the first time” by manufacturing company. ,Comprehension,Understand
Explain any FOUR (4) product design strategies that could help company to reduce cost. ,Comprehension,Understand
Compare product layout and process layout. ,Analysis,Analyze
Explain FOUR (4) types of process design that could be found in manufacturing companies. ,Comprehension,Understand
"“Goods and services design could help manufacturers to gain competitive advantages."" Justify the statement with any THREE (3) strategies. ",Evaluation,Evaluate
ABC inventory analysis is one of the methods used by manufacturing companies for effective inventory management. Explain your answer. ,Comprehension,Understand
Compare matching demand and level aggregate production planning. ,Analysis,Analyze
Briefly explain FOUR (4) manufacturing layout you have learned.,Comprehension,Understand
Discuss TWO (2) common methods of managing inventory adopted by manufacturing and retailing companies. ,Comprehension,Understand
Identify any TWO (2) product design strategies you have learned. Explain how both strategies could be useful for instant respond to customer demand. ,Comprehension,Understand
Suggest FOUR (4) ways logistics service provider such as FedEx practices environmental friendly principles in its operation. ,Synthesis,Create
The key success of Arnold Palmer Hospital is its implementation of Total Quality Management (TQM) Programme. Describe FIVE (5) principles of TQM Programme which have been adopted by the aforesaid hospital. ,Comprehension,Understand
Explain any FOUR (4) product design strategies you have learned. Evaluate the importance of each strategy. ,Comprehension,Understand
Discuss what world-class producers do in regards to product or service design and process design. ,Comprehension,Understand
Identify FIVE (5) strategies to make hypermarket retail layout to be more attractive in responding to customers' various shopping behaviors.,Comprehension,Understand
List out FIVE (5) ways how manufacturing and service companies have commitment toward the environmental friendly practices. ,Knowledge,Remember
Identify SIX (6) factors to be considered when designing layout. ,Knowledge,Remember
“Technology has aided manufacturing and service companies in inventory management.' Justify the statement. ,Evaluation,Evaluate
State FOUR (4) reasons why level strategy is attractive to some companies in preparing aggregate production plan. ,Comprehension,Understand
Explain the purpose of human communication process. ,Comprehension,Understand
Label the human communication process diagram below.,Knowledge,Remember
Explain the process of consumer perception and provide ONE (1) example to support your explanation. ,Comprehension,Understand
List FIVE (5) weaknesses of Out-of-Home (OOH) Advertising. ,Knowledge,Remember
Explain the reasons of using a mixed-media approach by advertisers. ,Comprehension,Understand
"Marketers theorize that just as humans pass through stages in life from infancy to old age, products also pass through a product life cycle. Explain all FOUR (4) stages of a product life cycle. ",Comprehension,Understand
Explain briefly the effectiveness of advertising based on strategy concept. ,Comprehension,Understand
"Describe the effectiveness of advertising value of products, price, competition, consumer and business.",Comprehension,Understand
Explain FIVE (5) advantages of out-of-home (OOH) advertising.,Comprehension,Understand
Explain FIVE (5) disadvantages of out-of-home (OOH) advertising. ,Comprehension,Understand
Explain FOUR (4) benefits of using Digital-Out-Of-Home in advertising. ,Comprehension,Understand
List TWO (2) advantages and TWO (2) disadvantages of printed newspaper advertising.,Knowledge,Remember
Explain the psychological factors which influence consumer behavior. ,Comprehension,Understand
Discuss the negative effects of advertising on children. ,Comprehension,Understand
Identify FIVE (5) key players in advertising. ,Knowledge,Remember
List SEVEN (7) types of advertising. ,Knowledge,Remember
Identify FOUR (4) factors that influence consumer behaviour. ,Knowledge,Remember
List FIVE (5) basic types of research.,Knowledge,Remember
Describe the SEVEN (7) advantages of radio advertising. ,Knowledge,Remember
NIKE will be conducting consumer research on their footwear. Assess FIVE (5) types of consumer research that Nike can implement by providing an appropriate example for each. ,Evaluation,Evaluate
"Maslow's hierarchy of needs was developed by Abraham Maslow, a specialist in human behavioural psychology. The hierarchy was first developed to help explain the connection between basic human needs and human desires. Distinguish the hierarchy with appropriate example. ",Analysis,Analyze
"KOMUGI offers a deliciously authentic variety of handmade Japanese breads, cakes and confectioneries. In 23th December 2017, KOMUGI will launch its first outlets in Perak which will be located in Jusco Kinta City, Ipoh. Your client KOMUGI would like to run a coupon promotion for perakian. Design a creative coupon with catchy messages, slogans and offers to attract the perakian. ",Synthesis,Create
"SUBWAY brand is the world's largest submarine sandwich chain with more than 44,000 locations around the world. This November, Subway is introducing two new combos as in the image provided below. Propose a rough layout of a poster to promote these new combos. ",Synthesis,Create
Define FOUR (4) primary roles of advertising in business and society. ,Knowledge,Remember
Define briefly the role of marketing in advertising effectiveness. ,Knowledge,Remember
Explain briefly the media usage in advertising effectiveness. ,Comprehension,Understand
Describe FIVE (5) key players in advertising. ,Knowledge,Remember
Explain 4P's of marketing. ,Comprehension,Understand
Describe consumer behaviour. ,Knowledge,Remember
Explain in detail the Maslow Hierarchy of Needs. ,Comprehension,Understand
Draw a comprehensive poster layout design for Visit Malaysia 2020 campaign. Provide a design rationale to support your idea. ,Comprehension,Understand
Propose ONE (1) new local flavor Kit Kat for Malaysian consumers. Describe the need for the new flavor among the Malaysian consumer. ,Synthesis,Create
Propose ONE (1) new local seafood flavor for Manhattan fish market's Malaysian consumers. Describe the need for the new flavor.,Synthesis,Create
Define Chiaroscuro and Sfumato technique.,Knowledge,Remember
Explain TWO (2) components of art. ,Comprehension,Understand
Describe the Pop Art style in 1958 - 1972.,Knowledge,Remember
Sketch ONE (1) organic object in one layout to show harmony in shape and color. ,Comprehension,Understand
Sketch ONE (1) movement to show repetition in shape and color. ,Comprehension,Understand
"Referring to the advertisement design below, evaluate the usage of Dominance and Unity in principles of design.",Evaluation,Evaluate
Define 2 dimensional and 3 dimensional designs. ,Knowledge,Remember
Describe FIVE (5) categories of space.,Knowledge,Remember
Describe Renaissance art style. ,Knowledge,Remember
Draw ONE (1) point perspective with TWO (2) geometrical forms.,Comprehension,Understand
Draw a color wheel diagram with primary and secondary color. ,Comprehension,Understand
"Referring to the given poster design, explain in details the usage of elements and principles of arts. ",Comprehension,Understand
Define symmetrical balance and asymmetrical balance. Draw an example for each. ,Comprehension,Understand
Write FIVE (5) types of lines. ,Knowledge,Remember
List down FIVE (5) types of shapes. ,Knowledge,Remember
Describe Impressionism art style. ,Knowledge,Remember
Write THREE (3) categories of color. ,Knowledge,Remember
Define color temperature. ,Knowledge,Remember
Describe FIVE (5) techniques to achieve dominance. ,Knowledge,Remember
Draw similar repetition and interval repetition. ,Comprehension,Understand
Draw TWO (2) point perspectives with TWO (2) geometrical forms.,Comprehension,Understand
Describe color wheel. ,Knowledge,Remember
Explain briefly 'designer' and 'professional designer'.,Comprehension,Understand
"Define graphic design, product design and environmental design. Provide ONE (1) example for each. ",Comprehension,Understand
Explain creative brief. ,Comprehension,Understand
Write down the FIVE (5) phases of the design process. ,Knowledge,Remember
Explain briefly the design development process.,Comprehension,Understand
Explain the conceptual design process. ,Comprehension,Understand
Define problem solving processes.,Knowledge,Remember
Write FOUR (4) purposes of poster. ,Knowledge,Remember
Identify FIVE (5) problem solving processes. ,Knowledge,Remember
Explain FIVE (5) phases of graphic design process. ,Comprehension,Understand
Draw ONE (1) self-contained format and ONE (1) free form format of logo design. ,Comprehension,Understand
Define graphic design and product design. ,Knowledge,Remember
Explain the importance of visual in a poster design. ,Comprehension,Understand
Draw an image using light and shadow to describe form most closely simulates how we perceive forms in nature. ,Comprehension,Understand
Draw a front and back for business card layout. ,Comprehension,Understand
Draw a Picture Window layout design. ,Comprehension,Understand
Draw TWO (2) logo design for food and beverage products. ,Comprehension,Understand
Describe graphic design and product design. ,Knowledge,Remember
Explain the process of ideas generation. ,Comprehension,Understand
Explain briefly FIVE (5) strategies for effective packaging design. ,Comprehension,Understand
Illustrate type driven layout design for a poster. ,Comprehension,Understand
Explain in details FIVE (5) ways to make a brand name effective.,Comprehension,Understand
Write in details FIVE (5) phases of design process.,Comprehension,Understand
Describe the meaning of 'design'. ,Knowledge,Remember
Define liberal art.,Knowledge,Remember
Describe graphic design. ,Knowledge,Remember
Define brainstorming process. ,Knowledge,Remember
Describe material gathering process. ,Knowledge,Remember
Explain the meaning of creative brief.,Comprehension,Understand
Draw ONE (1) organic shape and ONE (1) geometric shape. Apply tone and shading.,Application,Apply
Draw a poster layout design for Healthy Life Style. ,Comprehension,Understand
The structural view of language has several components. List FIVE (5) components. ,Knowledge,Remember
"In about 70 words, explain how the different components function in language learning. ",Comprehension,Understand
Teacher-prepared materials are the best form of resources for your English language lesson. State FIVE (5) factors that you would consider when preparing your resources. ,Knowledge,Remember
Choose ONE (1) of the factors that you mentioned in question 2(a) and briefly explain why you consider this factor is important. ,Comprehension,Understand
Conducting a set-induction before presentation has several advantages. List the FIVE (5) reasons for use of the set-induction in a lesson. ,Knowledge,Remember
Distinguish between objectives and learning outcomes when planning a lesson. ,Analysis,Analyze
There are several benefits for the statement of aims and learning outcomes in a lesson. Evaluate FIVE (5) benefits. ,Evaluation,Evaluate
Discuss the role of skimming and scanning as pre-reading activities. ,Comprehension,Understand
List and discuss briefly FIVE (5) learner-related factors when conducting an English lesson to a class of Form Two students. ,Comprehension,Understand
"The pre-planning stage of a lesson takes into consideration several factors. Name 
FIVE (5) external factors and briefly explain the importance of each of the factors. ",Comprehension,Understand
Discuss FIVE (5) main differences between aims and learning outcomes. ,Comprehension,Understand
"Write an appropriate learning outcome to teach “in”, “on”, beside', 'opposite and 'under. ",Comprehension,Understand
List FIVE (5) activities that you would use in the set-induction stage of a reading lesson Keeping our rivers clean. ,Knowledge,Remember
Choose ONE (1) activity and describe briefly how you plan to carry it out in your reading lesson. ,Knowledge,Remember
"There are several factors that influence language teaching and language learning. Name 
and briefly explain the FIVE (5) external factors that you would consider when teaching English Language. ",Comprehension,Understand
"Skimming and scanning are useful ways to familiarise learners with the reading text. 
Evaluate the role of skimming and scanning in the teaching of reading.",Evaluation,Evaluate
"Using the process approach in writing composition, describe the activities you would 
carry out to write a composition entitled 'A visit to a zoo in a Form 1 class. ",Comprehension,Understand
Differentiate spoken and written language in FIVE (5) aspects. ,Analysis,Analyze
Illustrate the stages of product approach of teaching ESL writing. Use appropriate examples. ,Comprehension,Understand
List FIVE (5) guidelines for spokesperson to follow during the media interview. ,Knowledge,Remember
Identify FIVE (5) points on how social media can be utilized by the organization during a crisis. Elaborate your answers with explanation for each point. ,Comprehension,Understand
Discuss FOUR (4) tactics that can be used by a spokesperson to handle different types of questions from the media. Provide your discussions with an appropriate example for each tactic. ,Comprehension,Understand
Explain FOUR (4) categories of unintentional crisis. Provide your answer with an appropriate example for each category. ,Comprehension,Understand
Identify FOUR (4) statements should be avoided by spokesperson as the representative of an organization during a press conference. Elaborate your answer with an example for each statement. ,Comprehension,Understand
Identify FOUR (4) types of key publics that McDonald's Malaysia has to notify about the crisis. Explain your answer with appropriate example for each of the publics. ,Comprehension,Understand
Evaluate TWO (2) strategies that have been implemented by McDonald's Malaysia in handling the crisis. Provide a justification and an example to support your answer for each of the strategies. ,Evaluation,Evaluate
Predict FIVE (5) impacts of the crisis towards McDonald's Malaysia if they are not handling the crisis properly. ,Analysis,Analyze
Explain FIVE (5) characteristics of social media. ,Comprehension,Understand
List FIVE (5) categories of Intentional Crises and FIVE (5) categories of Unintentional Crises. ,Knowledge,Remember
Identify FOUR (4) major crisis variables in organizing and analyzing crisis evolution data. Support your answer with explanation and ONE (1) example for each variable. ,Comprehension,Understand
Discuss FIVE (5) stages of crisis management. Provide your discussion with ONE (1) appropriate example for each stage. ,Comprehension,Understand
Identify FIVE (5) lists giving advices of how organization can cominunicate with the public during the crisis. Explain your answer with ONE (1) example for each advice given. ,Comprehension,Understand
Explain FIVE (5) key components of organization crisis definition.,Comprehension,Understand
List FIVE (5) types of trick questions.,Knowledge,Remember
Discuss the TWO (2) steps of Crisis Management Performance (CMP) evaluation process. Provide an appropriate example for each step. ,Comprehension,Understand
Identify TWO (2) functions of crisis communication that must be addressed when communicating with internal stakeholder during a crisis. Explain your answer with an exarnple for each function. ,Comprehension,Understand
Explain the FOUR (4) roles of media during a crisis. Support your explanation with an appropriate example for each role. ,Comprehension,Understand
Identify the type of crisis based on time as a critical variable. ,Comprehension,Understand
List TEN (10) components of an effective crisis communication plan.,Comprehension,Understand
Explain FIVE (5) ways that can be practiced by the organization to communicate during the crisis. ,Comprehension,Understand
Identify TEN (10) tips during the press conference. ,Knowledge,Remember
Explain the THREE (3) processes of forming a public opinion. Provide your answers with an example for each process. ,Comprehension,Understand
Discuss FOUR (4) key components that involve in explaining an organizational crisis. Explain your answer with an example for each component. ,Comprehension,Understand
"As a spokesperson that is handling the crisis, identify TWO (2) potential trick questions that might be asked by the reporters during the press conference. Provide your answer with explanation and an example for each trick question identified. ",Comprehension,Understand
Sleep is a local phenomenon. Explain how this is possible. Provide TWO (2) examples to illustrate this. ,Comprehension,Understand
Reason why a pornographic viewer's mind is likened to an addict's mind. Provide TWO (2) points. ,Comprehension,Understand
Critically discuss on human's need to maintain a temperature of 37°C. Provide TWO (2) points. ,Analysis,Analyze
Treating emotion as a useful concept is challenging. Critically discuss why treating emotion as a useful concept is challenging. Provide TWO (2) points. ,Comprehension,Understand
Suggest FOUR (4) strategies that facilitate early childhood development from the physiological psychology perspectives. Elaborate your answers with examples. ,Synthesis,Create
Suggest FOUR (4) strategies that facilitate healthy adolescence development from the physiological psychology perspectives. Elaborate your answers with examples. ,Synthesis,Create
Assess THREE (3) brain structures that are associated with the language / speech function. Elaborate your answers with example. ,Evaluation,Evaluate
"Imagine that you are a relative of an older adult who survives stroke, suggest FOUR (4) strategies to further promote the wellbeing of the individual. ",Synthesis,Create
Suggest FOUR (4) strategies that improve adolescents' sleep from the physiological psychology perspectives. ,Synthesis,Create
Describe what happens during the negative feedback loop of thermoregulation. ,Comprehension,Understand
Reason why hunger cannot be simplified as yet another homeostatic process. Provide TWO (2) points. ,Comprehension,Understand
Dopamine and glutamate have both been implicated as causes of schizophrenia. Discuss THREE (3) evidences each in relation to the dopamine and glutamate theories of schizophrenia. ,Comprehension,Understand
Suggest FOUR (4) recommendations in dealing with intersexes. ,Synthesis,Create
Suggest FOUR (4) strategies that reduce sleep deprivation from the physiological psychology perspectives. Elaborate your answers with examples. ,Synthesis,Create
Evaluate THREE (3) neurocognitive difficulties that may be experienced by people with suicidal-related behaviors. ,Evaluation,Evaluate
Suggest FOUR (4) strategies that improve individuals' psychological well-being from the physiological psychology perspectives. Elaborate your answers with examples. ,Synthesis,Create
"Assess THREE (3) brain structures that are associated with wakefulness, arousal, and sleep. Elaborate your answers with example. ",Evaluation,Evaluate
Assess THREE (3) brain structures that are associated with movement. Elaborate your answers with example. ,Evaluation,Evaluate
"Imagine that you are a relative of an older adult who is initially diagnosed to be living with Parkinson's disease, suggest FOUR (4) strategies to further promote the wellbeing of the individual. ",Synthesis,Create
"Response and Task-Based Learning are methods often used in an  classroom. Differentiate the two methods by describing THREE (3) characteristics for each method, and give examples of ONE (1) material and ONE (1) activity using that material. ",Analysis,Analyze
"Give FIVE (5) examples of how a song can enhance a literature class, with an elaboration for each example given. ",Comprehension,Understand
Define instructional materials based on your understanding. ,Knowledge,Remember
List TWO (2) importance of using instructional materials in teaching.,Knowledge,Remember
Examine the use of pedagogical reasoning skills by teachers to enhance the usage of instructional materials in classroom. ,Analysis,Analyze
Jolly and Bolitho (1998) proposed a 7-stage framework to show the process of material design. Apply the framework through use of media to teach 14 year old students action verbs. State the type of media that is going to be used for the lesson. ,Application,Apply
Define instructional materials. ,Knowledge,Remember
List THREE (3) usages of instructional materials to facilitate classroom teaching and learning process. ,Knowledge,Remember
Examine FIVE (5) advantages of using video as instructional materials to primary school students. ,Analysis,Analyze
Rewriting and restructuring are the methods to modify instructional material when it is adapted. Illustrate both methods by adapting a short story to teach speaking to intermediate proficiency students. ,Comprehension,Understand
Define instructional materials. Provide an example of an instructional material for a subject. ,Comprehension,Understand
"Analyse the usage of a reading passages to enhance reading and thinking skills for 
Form 4 students with a high proficiency level. ",Analysis,Analyze
Describe focused task and how it can be used to teach grammar for low  proficiency students. ,Knowledge,Remember
Explain FOUR (4) criteria of instructional materials by Tomlinson (2001). ,Comprehension,Understand
"There are five (5) techniques in adapting materials as conjured by McDonough, Shaw and Matsuhara (2012). Elaborate on the ADDING technique to adapt a topic in a course book to teach present tense to Form 1 low proficiency students by using example. ",Comprehension,Understand
"Describe dictogloss and how it can be used to teach listening, writing and  speaking skills for intermediate proficiency students. ",Comprehension,Understand
Define instructional materials and provide an example of it. ,Comprehension,Understand
Explain how instructional materials can facilitate the teaching and learning process. Give ONE (1) example. ,Comprehension,Understand
Define teachers' Pedagogical Reasoning Skills and explain how it helps teachers use instructional materials in classroom. ,Comprehension,Understand
Deleting and abridging are methods to modify instructional material when it is adapted. Illustrate both methods by adapting a short story to teach reading and writing skills to intermediate proficiency students.,Comprehension,Understand
Discuss TWO (2) disadvantages of tokenism that is usually used to create a positive image of the system that the system is fair and without discrimination. ,Comprehension,Understand
Support your views with ONE (1) example for each disadvantage. ,Evaluation,Evaluate
Propose TWO (2) strategies to reduce the occurrence of bullying.,Synthesis,Create
Support your views with ONE (1) example for each strategy.,Evaluation,Evaluate
Propose TWO (2) factors that are relevant to the initiation of conflict in group. ,Synthesis,Create
Support your answers with ONE (1) example for each factor.,Synthesis,Create
Analyze the effect of similarity-dissimilarity on attraction by using TWO (2) theories. ,Analysis,Analyze
Support your answers with ONE (1) example in everyday life for each theory. ,Evaluation,Evaluate
Identify TWO (2) types of personality that are relevant to aggression. ,Comprehension,Understand
Support your answers with ONE (1) example from everyday life for each type of personality. ,Evaluation,Evaluate
Identify TWO (2) strategies that are able to reduce the likelihood of an eyewitness reporting someone who did not commit the crime. ,Analysis,Analyze
Support your answers with ONE (1) example in everyday life for each strategy. ,Evaluation,Evaluate
Define schemas. ,Knowledge,Remember
Distinguish automatic processing and controlled processing of information. Support your answer with TWO (2) relevant examples. Elaborate your examples in details. ,Analysis,Analyze
Define attitudes. ,Knowledge,Remember
Distinguish central and peripheral routes to information processing. Support your answer with TWO (2) relevant examples. Elaborate your examples in details. ,Evaluation,Evaluate
"Based on the social learning perspective, propose a strategy that able to reduce or eliminate prejudice. Support your strategy with ONE (1) relevant example. Elaborate your example in details. ",Evaluation,Evaluate
Propose a line-up procedure that police departments can use to improve the accuracy. of eyewitness testimony. Support your proposal with ONE (1) relevant example. Elaborate your example in details. ,Synthesis,Create
Propose a strategy that minority can use to influence the majority. Support your answer with ONE (1) relevant example. Elaborate your example in details. ,Synthesis,Create
Propose TWO (2) self-presentation tactics for impression management. ,Synthesis,Create
Support your views with TWO (2) examples in everyday life for each tactic. ,Evaluation,Evaluate
Propose TWO (2) strategies that a minority opinion can overtake the majority and be accepted. ,Synthesis,Create
Support your views with TWO (2) examples from everyday life for each origins. ,Evaluation,Evaluate
Propose TWO (2) strategies to resist persuasion. ,Synthesis,Create
Support your answers with TWO (2) examples in everyday life for each strategy. ,Evaluation,Evaluate
Define attribution. ,Knowledge,Remember
Explain TWO theories of causal attribution that was proposed by Jones and Davis (1965) and Kelley (1972). ,Comprehension,Understand
Support your answers with ONE (1) example in everyday life for EACH theory. ,Evaluation,Evaluate
Define prosocial behaviors. ,Knowledge,Remember
Identify FOUR (4) factors that affect the willingness of people to perform prosocial behaviors. ,Comprehension,Understand
Support your answers with ONE (1) example from everyday life for ANY TWO factor. ,Evaluation,Evaluate
Define prejudice. ,Knowledge,Remember
Identify TWO (2) perspectives that are able to explain the origin of prejudice. ,Knowledge,Remember
Support your answers with ONE (1) example in everyday life for EACH perspective. ,Evaluation,Evaluate
List down the environmental factors that an international marketer should consider. ,Knowledge,Remember
Define the Demographic characteristics.,Knowledge,Remember
The Political-Legal Environment of the Home Country is included In International marketing and advertising. Explain the Trade Sanctions and Export and Import Controls. ,Comprehension,Understand
Discuss political risk in the Political-Legal Environment of the Host Country. ,Comprehension,Understand
Discuss Individualism vs. Collectivism in Hofstede's Dimensions of Culture. ,Comprehension,Understand
Explain THREE (3) data collection challenges in advertising research.,Comprehension,Understand
Explain on global and local approach in coordinating and controlling the international advertising.,Comprehension,Understand
Describe the advantages of Product Standardization. ,Knowledge,Remember
Explain the Mandatory of Product Adaptation. ,Comprehension,Understand
Explain the consideration of pricing objectives in marketing mix. ,Comprehension,Understand
Mass media regularly use women in the mediuin of marketing and advertising. Discuss the possible negative consequences for various segments of the population and society. ,Comprehension,Understand
Discuss the relationship between advertising and children. ,Comprehension,Understand
Discuss the impact of advertising on children. ,Comprehension,Understand
Identify and explain FIVE (5) countries that ban advertising to children. ,Comprehension,Understand
Explain the function of International Monetary Fund (IMF). ,Comprehension,Understand
Explain on Brand Piracy. ,Comprehension,Understand
Explain the packaging and labeling decisions. ,Comprehension,Understand
Explain the anti-advertising consumer organizations culture. ,Comprehension,Understand
Explain the effect of stereotyping young teenage in advertising on society. ,Comprehension,Understand
Describe the Concept of Culture.,Knowledge,Remember
Illustrate TWO (2) Implications for International Advertisers ,Comprehension,Understand
Barbie Dolls have been banned in some of countries. Provide FOUR (4) countries and evaluate the reason behind the ban. ,Evaluation,Evaluate
"For international marketers, economic factors are important. Explain why economic factors are important to them. ",Comprehension,Understand
Explain FIVE (5) reasons for the importance of global markets to marketers. ,Comprehension,Understand
Outline the FIVE (5) options marketers have when it comes to Agency Selection. ,Comprehension,Understand
Explain THREE (3) waves of globalisation. ,Comprehension,Understand
Describe the challenges in global advertising. ,Knowledge,Remember
"Due to saturated domestic markets, large firms were looking for foreign countries for new customers. Explain why China has been choose as a new market. ",Comprehension,Understand
Explain whether using women as sexual objects can grab the viewer's attention and lend to interest to a product or service. ,Comprehension,Understand
Identify the role of advertising in global women's magazines and local women's magazine. ,Comprehension,Understand
Describe the function of International Monetary Fund (IMF).,Knowledge,Remember
Identify THREE (3) classification system of economy. ,Knowledge,Remember
Summarise the challenges of global advertising. ,Comprehension,Understand
Identify any FIVE (5) significances of nonverbal communication in organization. ,Knowledge,Remember
Explain formal network. ,Comprehension,Understand
Illustrate Blake and Mouton's Managerial Grid leadership styles using a diagram. Explain each of the management style identified. ,Comprehension,Understand
Discuss FIVE (5) factors that are most likely to influence the effectiveness of upward communication. ,Comprehension,Understand
"List any FIVE (5) themes identified by Tom Peters and Robert Waterman for “excellent 
organizations"". ",Knowledge,Remember
Identify FIVE (5) Maslow's Hierarchy of Needs based on organizational context. ,Knowledge,Remember
Identify FIVE (5) effects of organizational communication technology towards communication pattern. ,Knowledge,Remember
Define organizational culture according to Schein (1990). ,Knowledge,Remember
"Discuss FIVE (5) principles that are central to relational leadership by Komives, Lucas and McMahon (1998). Provide ONE (1) example for each principle. ",Comprehension,Understand
Draw and label the model of Karl Weick's Theory of Organizing. ,Comprehension,Understand
List FIVE (5) phases of organizational conflict described by Pondy (1967). ,Knowledge,Remember
List FIVE (5) elements in downward communication.,Knowledge,Remember
Evaluate any FIVE (5) power bases. Provide a relevant example for each power base. ,Evaluation,Evaluate
"Explain FIVE (5) causes of ""glass ceiling by providing a relevant example for each cause. ",Comprehension,Understand
Informal communication network roles are equally important as formal ones. Describe any FOUR (4) of the influential roles and discuss the benefits each of the roles can bring to organizations. ,Comprehension,Understand
Describe the FOUR (4) main phases of The Hawthorne Studies. Support your description with the significance of each of the phases. ,Evaluation,Evaluate
Hersey and Blanchard (1977) style of leadership specifies that a leader's behavior corresponds to employees' level of maturity. Explain the FOUR (4) styles of Situational Leadership and support your answer with an example for each of the styles on whom they should be applied in an organization. ,Comprehension,Understand
Explain any FOUR (4) elements of vertical downward communication. Support your explanation with an example for each element on how they are beneficial to an organization. ,Evaluation,Evaluate
Explain the Media Richness Model. Use the model to discuss how managers can pick the best channel in communicating with staff and support your discussion with a scenario. ,Evaluation,Evaluate
Explain distributive bargaining and integrative bargaining. ,Comprehension,Understand
Discuss THREE (3) factors influencing the conflict management process. Support each of your answers with ONE (1) relevant example. ,Evaluation,Evaluate
Explain TWO characteristics of rich media. ,Comprehension,Understand
Discuss THREE (3) consequences of technology on organizational communication. Provide ONE (1) relevant example for each answer. ,Comprehension,Understand
Define Classical approach and Human Relations approach. ,Knowledge,Remember
"Within an organization, each employee holds different roles in the informal communication networks. Explain any FOUR (4) roles with an example for each role. ",Application,Apply
"Draw the ""onion model that represents Schein's Model of Organizational Culture. ",Comprehension,Understand
Discuss the THREE (3) levels of organizational culture outlined by Schein. Provide your discussion with an example for each level. ,Comprehension,Understand
Explain the FIVE (5) stages of organizational conflict according to Pondy's (1967) model. ,Comprehension,Understand
Compare any FIVE (5) differences between formal networks and informal networks. ,Analysis,Analyze
Thomas (1976) has identified five styles in resolving a conflict such as avoidance. Explain the other FOUR (4) styles in resolving a conflict. ,Comprehension,Understand
Explain the SIX (6) power bases that determine effective leadership. Provide an example for each of the answers.,Comprehension,Understand
"In a two-column table, list FIVE (5) tools used in the technology-integrated instruction and the traditional instruction respectively.",Knowledge,Remember
Generalize FIVE (5) ways to use digital photography in classroom teaching and learning.,Evaluation,Evaluate
Analyze FIVE (5) disadvantages of multimedia in education. ,Analysis,Analyze
Elaborate FOUR (4) advantages of using Web 2.0 and 3.0 in teaching and learning. ,Comprehension,Understand
"Explain how the Utilize technology, media and materials stage in ASSURE model can help creating a more effective teaching and learning environment. ",Comprehension,Understand
"As an educator, evaluate FIVE (5) advantages and FIVE (5) disadvantages of using technology in education. ",Evaluation,Evaluate
Define the basic concepts involved in incorporating technology in teaching English language at secondary school level. ,Comprehension,Understand
Illustrate with example the FOUR (4) advantages of photography. ,Comprehension,Understand
Categorize FIVE (5) advantages of multimedia in primary school education. ,Comprehension,Understand
Relate FOUR (4) disadvantages of Web-based learning as an emerging digital technology used in teaching and learning.,Comprehension,Understand
Draw a technology enhanced language learning classroom sketch for low proficiency primary year 6 students. You should include FIVE (5) basic technology facilities with label which are essential to the integration of technology in the classroom. ,Comprehension,Understand
Evaluate your sketch with ADDIE's model procedure. ,Evaluation,Evaluate
Draw a technology enhanced language learning classroom sketch for advanced level primary year 6 students. You should include FIVE (5) basic technology facilities with label which are essential to the integration of technology in the classroom. ,Comprehension,Understand
Evaluate your sketch with ASSURE's model procedure. ,Evaluation,Evaluate
"Technology has been used in most schools since the 90s, but it still has some interruptions. Validate the top FOUR (4) problematic issues with technology in education today. ",Evaluation,Evaluate
Massive Open Online Course (MOOC) is a developing trend in media and technology. Predict the future of higher education with MOOC. ,Comprehension,Understand
Each of the FOUR (4) different historical perspectives have a unique outlook on Educational Technology and defines it in a slightly different way. List and discuss the FOUR (4) perspectives. ,Comprehension,Understand
Describe the 5 hierarchical stages of Welliver's Instructional Transformation Model. ,Knowledge,Remember
Explain FOUR (4) advantages of using multimedia in classroom. ,Comprehension,Understand
Interpret FIVE (5) emerging trends of technology application in education. ,Comprehension,Understand
"Draw a technology enhanced language learning classroom sketch for a writing lesson with 12 high proficiency students, aged 10. You should include FIVE (5) basic technology facilities with label which are essential to the integration of technology in the classroom. ",Comprehension,Understand
Evaluate your sketch with ADDIE's model procedure.,Evaluation,Evaluate
"Draw a technology enhanced language learning classroom sketch for a grammar lesson with 10 low proficiency students, aged 13. You should include FIVE (5) basic technology facilities with label which are essential to the integration of technology in the classroom. ",Comprehension,Understand
Define the basic concepts of Educational Technology. ,Knowledge,Remember
"Provide a guideline for effective use of photography of display materials"" in teaching of English language. ",Comprehension,Understand
Categorize the basic concepts of multimedia with an example for each. ,Comprehension,Understand
Analyze FOUR (4) advantages of mobile assisted learning as an emerging digital technology used in teaching and learning. ,Analysis,Analyze
Define Educational Technology based on FIVE (5) instructional design view. ,Knowledge,Remember
Relate FIVE (5) examples on how video often make new connections and discoveries between curriculum topics and the world outside the classroom. ,Analysis,Analyze
Explain all the elements of multimedia with examples. ,Comprehension,Understand
Interpret FIVE (5) usage of Learning Management System as an emerging technology in the context of teaching and learning.,Comprehension,Understand
Explain the term inflation as used in building economics. ,Comprehension,Understand
Outline TWO (2) main causes of inflation. ,Comprehension,Understand
Elaborate the term of national income as used in building economics.,Comprehension,Understand
Explain FIVE (5) characteristics of the construction sector. ,Comprehension,Understand
Sketch a diagram to illustrate the activities and products in the construction industry. ,Application,Apply
Describe FIVE (5) limitations of small size construction firms in Malaysia. ,Comprehension,Understand
The price of good is one of the internal factors of determinants of demands and it also depends on the cost of production. Describe the TWO (2) types of production cost with examples. ,Comprehension,Understand
You are working with SP Setia Properties as the Sales Manager for the following project. Discuss EIGHT (8) ways to increase profits of the project. ,Comprehension,Understand
"Your profit from previous project is RM30,000.00 and you just won a new project to construct a new airport runway at Sepang, Selangor. Decide whether you are going to purchase the bulldozer or pay out bonuses to your staff. Use the concept of opportunities cost, choices and scarcity to aid your explanation. ",Application,Apply
Discuss the roles of construction industry in a country's growth. Provide evidences on how construction industries worldwide have contributed to the economic growths of their respective countries to enhance your discussions.,Analysis,Analyze
Elaborate in general how construction industry is managed by the government and in detail how a government strategy to improve the industry can be delivered effectively.,Comprehension,Understand
There are a number of factors influencing the productivity of a sector of the economy. Explain accordingly. ,Comprehension,Understand
There is a relationship between the level of construction activity and a country's stage of development. Discuss.,Analysis,Analyze
Analyse the challenges facing a government in managing the construction economy and suggest the ways to overcome them.,Synthesis,Create
Explain the basic concepts in construction economics as introduced by Myers (2017).,Comprehension,Understand
The construction industry comprises a wide diversity of firms that it is impossible to categorise them all within one type of market structure. Discuss.,Analysis,Analyze
"In their efforts to achieve their macroeconomic objectives, all governments, regardless of political persuasion, employ the same types of policy instrument. Discuss.",Comprehension,Understand
Calculate the market demand and market supply in table form. ,Application,Apply
Draw the market demand and supply curve. ,Comprehension,Understand
Describe SIX (6) factors that are affecting supply in the construction industry. ,Comprehension,Understand
Draw a production possibility curve to show the combination of flats and houses which could be achieved on the site. ,Application,Apply
Explain THREE (3) difficulties in calculating national income accounting. ,Comprehension,Understand
National income accounting refers to a set of rules and techniques that are used to measure the national income of a country. Explain the EIGHT (8) reasons why national income accounting is important. ,Comprehension,Understand
National income can be calculated using three approaches. State the THREE (3) approaches.,Knowledge,Remember
Draw the ‘market demand' and 'supply curve'. ,Comprehension,Understand
"Discuss the comparison between the microeconomics and macroeconomics field of study in term of production, prices, income and employment. ",Analysis,Analyze
Identify and describe the FOUR (4) criteria for judging economic outcomes. ,Comprehension,Understand
Define the term 'Production Possibility Curve' as used in the timber and steel factory. ,Knowledge,Remember
"Discuss the THREE (3) important fundamentals in basic economic concepts that are opportunity cost, efficient market and marginalism. ",Comprehension,Understand
"For any points which fall under the curve, explain the combination of production for steel and bricks. ",Comprehension,Understand
"For any points which fall outside the curve, explain the combination of production for steel and bricks. ",Comprehension,Understand
"For any points which fall exactly on the curve, explain the combination of production for steel and bricks. ",Comprehension,Understand
Define and explain 'Fiscal Policy' in terms of its objectives and differentiate between the 'Discretionary Fiscal Policy' and 'Automatic Fiscal Policy'. ,Analysis,Analyze
"Define and list out the objectives of monetary policy, the quantitative versus qualitative instruments of monetary policy.",Knowledge,Remember
Discuss the comparison between 'Quantitative Instruments' and 'Qualitative Instruments' of monetary policy. ,Comprehension,Understand
National income accounting refers to a set of rules and techniques that are used to measure the national income of a country. Explain EIGHT (8) significant factors of national income accounting. ,Comprehension,Understand
Identify and describe THREE (3) difficulties in calculating national income accounting.,Comprehension,Understand
State the THREE (3) approaches to calculate national income.,Knowledge,Remember
You are appointed to identify building defects for a new building. Briefly identify SIX (6) common construction problems you would expect for modern buildings. ,Comprehension,Understand
You are conducting a building survey for a 2 year old building where you reported premature building decay. Explain the possible factors that may cause these defects to the building owner. ,Comprehension,Understand
Building Information Modeling (BIM) claims to enhance construction efficiency. Discuss THREE (3) benefits you would utilize and their importance to your project. ,Comprehension,Understand
In a building there is always concern with fire safety. List what aspects you would assess in order to achieve strict compliance in the building design. ,Comprehension,Understand
"As a project manager, you are evaluating the building design for its compliance to intended function as a private college accommodating over 2000 students. Analyze the problems and propose the building performance to meet these functions. ",Synthesis,Create
Describe the concept or purpose of Qlassic and CIS (Construction Industry Standards) documents. ,Comprehension,Understand
Briefly list the different types of building maintenance. ,Knowledge,Remember
"As a supervisor for the brickworks, List FOUR (4) aspects of brick quality control in order to produce good architectural work. ",Knowledge,Remember
Discuss FOUR (4) common modern construction problems to anticipate. ,Comprehension,Understand
"Propose a suitable preparatory demolition survey, method and shoring where some partial demolition work is included for the rear building portion. ",Synthesis,Create
Describe the factors affecting premature building decay. ,Comprehension,Understand
Provide the objectives of building maintenance. ,Comprehension,Understand
"Design a sketch section of the floor slab adjoining the parapet that includes the scupper drain, drain guard, water proofing layer, and protective topping. ",Synthesis,Create
"Propose solutions to reinforced concrete flat roof defects experienced in Malaysia, such as water ponding, material exposure to solar radiation, poor maintenance culture and concrete spalling due to leaks from cold joints and stress cracks. ",Synthesis,Create
Analyze and explain the critical purpose of the components design of a raking shore to avoid façade retention failure. ,Analysis,Analyze
Describe the basic Qlassic inspection tools used and how they are used to detect the various types of defects for their assessment of quality.,Comprehension,Understand
Describe THREE (3) types of test that can be applied for a concrete structure survey. ,Comprehension,Understand
Describe the purposes of utilizing Building Information Modelling in the construction industry. ,Comprehension,Understand
Analyze SIX (6) types of modern construction problems as to how they negatively impact the various building functions. ,Analysis,Analyze
Discuss FIVE (5) types of “Non Destructive Test equipment and how they can be used to aid the sensory indicators of building defects.,Comprehension,Understand
Discuss the types of building defects commonly found on reinforced concrete flat roof which lead to water leaking and concrete cancer and how their cause of defects are defined under ISO 6241. ,Comprehension,Understand
"In maintaining concrete quality, identify SEVEN (7) good practices on site. ",Knowledge,Remember
Describe the THREE (3) causes of concrete blister. ,Comprehension,Understand
Explain the conditions where underpinning are usually considered for an existing building construction works. ,Comprehension,Understand
Identify what types of brickwork defects that require rejection from the supervisor. ,Knowledge,Remember
Discuss the best practices to reduce construction demolition and waste for sustainability. ,Comprehension,Understand
You are a project manager working on a 8 storey building conservation project located in a congested urban area with poor soil bearing capacity and underground public utilities. Propose to the building owner why an internally braced shoring system is preferable to raking shore and weighted vertical dead shores. ,Synthesis,Create
"Propose with justification, the types of maintenance relevant to a library building. ",Evaluation,Evaluate
Describe the 'Qlassic Assessment' principles on how to perform the evaluation. ,Comprehension,Understand
"Draw a body-centered cubic (BCC) unit cell. Calculate the volume density and area density on the (0, 0. 1) plane of a BCC cell if the lattice constant is 2.3 Å. Give a brief explanation of your calculations. ",Application,Apply
"If an electron in a hydrogen atom jumps from the first excited state to ground state, find the wavelength of the photon emitted. ",Comprehension,Understand
Determine the resistivity of a Si sample if it is doped with 10 phosphorus atoms/cm and H. = 750 cm Vs. Find the Hall coefficient of the sample. ,Application,Apply
Sketch the 1-V curve of a zener diode and explain what a zener breakdown is. ,Application,Apply
Show that the Fermi-Dirac function is a step function at T = 0 K. ,Application,Apply
Draw the face-centered cubic cell and determine its packing fraction. State and explain the assumptions you have made. ,Application,Apply
Find the velocity and wavelength of the electron. ,Comprehension,Understand
Apply the energy band diagram to explain why an intrinsic semiconductor is conductive and that its conductivity increases with temperature.,Application,Apply
"Draw the energy band diagram of a pn junction. Label the depletion region and the electric field in the depletion region. For an unbiased junction, discuss the movement of majority and minority carriers and the resultant current that may arise at equillibrium. ",Comprehension,Understand
State the five assumptions of an ideal diode. ,Knowledge,Remember
Explain why the intrinsic carrier concentration of Ge is higher than Si at T = 300 K. ,Comprehension,Understand
"Explain how the ionic, metallic, covalent, and mixed states solids are formed. Give an example of each solid and compare the electrical conductivity of the four types of solid. ",Comprehension,Understand
Draw the body-centered cubic cell and determine its packing fraction. State and explain the assumptions you have made. ,Application,Apply
Explain with an energy band diagram how an electron-hole pair (EHP) is formed in a semiconductor. ,Comprehension,Understand
Draw the energy band diagram of the doped semiconductor at 300 K. ,Comprehension,Understand
Calculate the carrier densities of the doped semiconductor at 400 K. ,Application,Apply
Draw the energy band diagram of the pn junction. ,Comprehension,Understand
Find the reverse bias saturation current. ,Comprehension,Understand
State the four different bias modes of a BJT and explain how they are obtained. ,Comprehension,Understand
"Draw the band diagram of a reverse biased pn junction. With reference to the band diagram and charge carriers, explain why there is negligible current flow in the diode. ",Comprehension,Understand
Draw a faced-centered cubic (FCC) cell. Calculate the packing fraction of the FCC cell. State any assumptions you have made and explain your calculations. ,Application,Apply
An electron experiences a potential difference of 5 kV in vacuum. Find the wavelength of the particle. ,Comprehension,Understand
Draw the energy band diagram of an 11-type semiconductor and explain how an electron-hole pair (EHP) is formed. State any assumptions you have made. ,Comprehension,Understand
Draw the energy band diagram of an intrinsic Si and label the band gap energy. ,Comprehension,Understand
State two differences between a JFET and a BJT. ,Comprehension,Understand
Name a donor atom and acceptor atom for Si. ,Knowledge,Remember
Write down Schrodinger's equation in one dimension and explain the meaning of each term of the equation. ,Comprehension,Understand
Show that the wavefunction of a free particle is a plane wave. ,Application,Apply
Explain why the electrical conductivity of a semiconductor is higher than an insulator by using the energy band diagram. ,Comprehension,Understand
State the conductivity of a semiconductor at 0 K and clearly explain your answer. ,Comprehension,Understand
Determine the doping levels in the respective regions.,Application,Apply
"In a BJT, the width of the base quasineutral region has to be small compared to the minority carrier diffusion length. Explain why this is important ",Comprehension,Understand
Explain the creation of an electron-hole pair in an intrinsic Si semiconductor at room temperature by using the covalent bonding picture. ,Comprehension,Understand
Evaluate if the contact is ohmic or rectifying (Schottky diode) in nature. Provide the analysis and support your answer with calculation,Evaluation,Evaluate
"Sketch the energy band diagram of the ideal metal-semiconductor contact in forward bias mode. Show the conduction and valence band edges, and all the Fermi levels. ",Application,Apply
Compare the electrical conductivity of an insulator and a semiconductor at room temperature by using the energy band diagram. ,Comprehension,Understand
Prove that the wave function of a free electron is a plane wave by using Schrodinger's equation. ,Evaluation,Evaluate
Compare Zener breakdown with avalanche breakdown in a pn junction and state THREE differences. Name a device that utilizes each breakdown mode. ,Analysis,Analyze
Determine the volume density and area density on the (1 0 0) plane of a body center cubic cell with lattice constant of 5 Å. ,Application,Apply
Explain the change in conductivity for a metal and an intrinsic semiconductor as temperature increases. ,Comprehension,Understand
Determine the Fermi level (in eV) of the doped semiconductor and draw the energy band diagram. ,Application,Apply
Explain why it is important for the width of the base quasineutral region to be small compared to the minority carrier diffusion length in the operation of a BJT.,Comprehension,Understand
"Explain the meaning of the expression ""robust model"". Specifically, justify your response if you heard a manager exclaim  'Uh-oh, we're in trouble! The calculated EOQ is wrong; actual demand is 10% greater than estimated'. ",Evaluation,Evaluate
"Explain one (1) major advantage, and one (1) major disadvantage, of a fixed period system. ",Comprehension,Understand
Explain the method of monitoring inventory levels in retails stores.,Comprehension,Understand
Develop an ABC classification system for the 10 items. ,Synthesis,Create
"Construct a product structure. Identify components. 
parents, and components.",Synthesis,Create
Prepare a time-phased product structure. ,Application,Apply
Design a vendor-rating form that represents your comparison of the education offered by universities in which you considered/are considering/have considered enrolling. ,Synthesis,Create
"""The bullwhip measure can be used to analyze supply chains. Nevertheless, inaccurate measures taken in addressing variance amplification can have ramifications"".  Explain this statement. ",Comprehension,Understand
Explain three (3) lean techniques that work in both the manufacturing and service sector. ,Comprehension,Understand
"Just-in-time (JIT) attempts to remove delays, which do not add value. Explain how JIT copes with weather and its impact on crop harvest and transportation times. ",Comprehension,Understand
Explain three (3) ways in which JIT and quality are related. ,Comprehension,Understand
Determine the economic order quantity.,Application,Apply
"Justify the choice of supplier. From your choice, determine the optimal order quantity and total annual cost of ordering, purchasing and holding the component. ",Evaluation,Evaluate
Calculate the optimal size of the production run. ,Application,Apply
Calculate the average holding and setup cost per year. ,Application,Apply
"Calculate the total cost per year, including the cost of the lights. ",Application,Apply
"Explain the reason why it is not necessary to include product cost (price or price times quantity) in the EOQ model, but the quantity discount model requires the inclusion of product cost. ",Comprehension,Understand
"When quantity discounts are offered, justify why it is not necessary to check discount points that are below the EOQ or points above the EOQ that are not discount points. ",Evaluation,Evaluate
Describe the three (3) ways in which JIT and quality are related. ,Comprehension,Understand
"Standardized, reusable containers have fairly obvious benefits for shipping. Use five (5) points to justify the purpose of these devices within the plant. ",Evaluation,Evaluate
Develop a time phased product structure.,Synthesis,Create
Calculate the variance of demand for the winery. ,Application,Apply
Calculate the variance of orders for the glass bottles. ,Application,Apply
Determine if the winery is providing an amplifying or smoothing effect. ,Application,Apply
Determine the percentage of DHT's assets committed to inventory. ,Application,Apply
Justify if DHT`s supply chain performance is better than PLI. ,Evaluation,Evaluate
"Explain the definition of a “robust model”. Specifically, if a manager exclaimed “The calculated EOQ is wrong because the actual demand is 10% greater than estimated”, justify your response. ",Evaluation,Evaluate
Explain the term “level scheduling'. ,Comprehension,Understand
"Standardized, reusable containers have fairly obvious benefits in shipping and within a plant. State five (5) purpose of these devices. ",Knowledge,Remember
Justify two (2) lean techniques that work in both the manufacturing and service sectors. ,Evaluation,Evaluate
Calculate the percent invested in inventory. ,Application,Apply
Calculate the inventory turnover. ,Application,Apply
Igneous rock can be formed either underground or above ground. Elaborate. ,Comprehension,Understand
Glass is known to have good qualities and properties related to thermal and sound insulations. Discuss the application of glass in the construction of green building.,Comprehension,Understand
Briefly explain the desire properties of aggregate in producing concrete mixture. ,Comprehension,Understand
Autoclave aerated concrete block is gaining popular in high rise construction. Briefly illustrate what are the unique features of the autoclave aerated concrete block. ,Comprehension,Understand
Steel is the most widely used reinforcing materials in concrete structure. Briefly explain the general properties of steel. ,Comprehension,Understand
Briefly illustrate FOUR (4) influences of carbon on metal. ,Comprehension,Understand
Compare and contrast the characteristics and usage between aluminium and high carbon steel. ,Analysis,Analyze
Briefly describe the general properties of plastic in terms of strength and durability. Comment also why plastic is not suitable to use as reinforcement bar for concrete structure. ,Evaluation,Evaluate
"There are three common types of brick in Malaysia, namely common brick, facing brick and engineering brick. Differentiate the properties and the applications among them. ",Analysis,Analyze
The general objective of inventory control is to minimize the total cost of keeping the inventory while making trade-offs. Elaborate the FOUR (4) major categories of cost in inventory control. ,Comprehension,Understand
"Briefly describe the properties of wood in terms of density, thermal insulation, chemical resistance and strength. ",Comprehension,Understand
Recommend a suitable admixture to increase the workability of concrete and explain how it functions. ,Evaluation,Evaluate
Briefly describe TEN (10) general characteristic of hardened concrete. ,Comprehension,Understand
Timber and plastic are common materials used in construction industry. Elaborate FIVE (5) specific applications for each material in building construction. ,Comprehension,Understand
List down FIVE (5) types of concrete admixture. ,Knowledge,Remember
Describe FIVE (5) characteristics of hardened concrete. ,Comprehension,Understand
"Compare and contrast the properties of clay brick and calcium silicate brick in terms of crushing strength, moisture movement, durability, appearance, fire resistance, colour, texture, sound and thermal insulation. ",Analysis,Analyze
"Recommend a suitable metal for the fabrication of power tools like drills, files and chisels. Your recommendation should be justified by elaborating the important properties of the proposed metal. ",Evaluation,Evaluate
A client wishes to renovate his balcony at first floor by replacing the metal handrail with glass panel. Recommend a suitable type of glass to the client and justify your answer. Please be reminded that safety is the major factor in all cases. ,Evaluation,Evaluate
Explain THREE (3) advantages of using aluminium to fabricate roof gutter. ,Comprehension,Understand
Provide FOUR (4) reasons of using aggregate in concrete production. ,Comprehension,Understand
Explain THREE (3) categories of treatment to enhance the durability of timber. ,Comprehension,Understand
Compare the seasoning method between softwood and hardwood. ,Comprehension,Understand
Describe the significance of concrete as a primary material in today's construction. ,Comprehension,Understand
Compare and contrast the characteristics between hardwood and softwood. ,Analysis,Analyze
Concrete mould can be fabricated using steel or plastic. Differentiate the characteristics of concrete mould that is produced by these materials. ,Analysis,Analyze
"Differentiate the properties between clay brick and autoclave aerated concrete (AAC) block in term of compressive strength, density, colour, acoustic performance and thermal insulation. ",Analysis,Analyze
Propose an admixture to increase the workability of concrete in the fresh state without reducing the engineering performance of the hardened concrete. ,Synthesis,Create
Recommend TWO (2) suitable types of glasses which have good insulation properties for green building construction. ,Evaluation,Evaluate
Suggest a type of metal for reinforcing a concrete structure.,Synthesis,Create
Propose a suitable type of glass that is used to construct a transparent fiat roof for the entrance of the Heritage Hall in Universiti Tunku Abdul Rahman. ,Synthesis,Create
Illustrate the needs of timber preservation and the techniques. ,Comprehension,Understand
Compare the formation process between igneous rock and sedimentary rocks. ,Comprehension,Understand
Illustrate the advantages of plastic material and its applications in construction. ,Comprehension,Understand
Describe the applications of mild steel in construction. ,Comprehension,Understand
Elaborate on the design and production process including the rational and economic use of resources that influence the development of a building. ,Comprehension,Understand
Describe the components in the Mechanical and electrical System used in buildings.,Comprehension,Understand
List the SEVEN (7) stages of the development process of a building project. ,Knowledge,Remember
List FIVE (5) plant consideration in a construction site. ,Knowledge,Remember
Discuss the objectives and the provision of site security in a construction site. ,Comprehension,Understand
Explain what is a datum level as used in site surveying for a building project. ,Comprehension,Understand
List the SEVEN (7) factors to be considered in the method of excavation and timbering. ,Knowledge,Remember
Elaborate the objectives and basic design procedure of the foundation design of a building. ,Comprehension,Understand
Describe and sketch the THREE (3) types of brick bonding. ,Application,Apply
List FOUR (4) general requirements for floor finishes. ,Knowledge,Remember
List FIVE (5) properties of damp-proof courses. ,Knowledge,Remember
Discuss the disadvantages of timber flat roofs. ,Comprehension,Understand
Explain the concept for the nature of building characteristics. ,Comprehension,Understand
Explain the activities involved in the building process. ,Comprehension,Understand
Describe the use of architecture drawings in construction. ,Comprehension,Understand
List down THREE (3) methods of excavation. ,Knowledge,Remember
Explain the types of construction excavation. ,Comprehension,Understand
Sketch and label the section of the ground floor slab. Explain the purpose of each labelled component. ,Application,Apply
List down ALL types of brick wall and give explanations for each type of the wall. ,Comprehension,Understand
"Evaluate the differences between the common, facing and engineering bricks in characteristics and use. ",Evaluation,Evaluate
Discuss the factors that affect the stability of high-rise buildings.,Comprehension,Understand
Distinguish between ‘land surveyor' and 'quantity surveyor'.,Analysis,Analyze
Explain THREE (3) purposes of architectural drawings to architects and other parties in the construction team. ,Comprehension,Understand
Identify THREE (3) building related statutory laws in Malaysia.,Comprehension,Understand
Distinguish between ‘load bearing wall' and 'non-load bearing wall’. ,Analysis,Analyze
"Differentiate among “external wall', 'internal wall' and 'parapet'. ",Analysis,Analyze
Describe SIX (6) functional requirements of walls. ,Comprehension,Understand
Identify THREE (3) types of mortar used in wall construction. ,Comprehension,Understand
Sketch a diagram which indicates the Damp Proof Membrane (DPM) in the non reinforced concrete ground floor. ,Application,Apply
Outline FIVE (5) functional requirements of a floor. ,Comprehension,Understand
Discuss the procedures of the non-suspended reinforced concrete ground floors construction. ,Comprehension,Understand
Distinguish between 'differential foundation settlement' and 'uniform foundation settlement'.,Analysis,Analyze
Explain TWO (2) defects which are usually occur on the surface of finished concrete.,Comprehension,Understand
Discuss SIX (6) considerations before choosing the foundation type. ,Comprehension,Understand
The foundation is the base on which a building rest and its purpose is to safely transfer the load of a building to a suitable subsoil. Identify the specified bearing loads and give the explanations for each bearing load.,Comprehension,Understand
Foundation design is required the study and examination of multiple components which is a highly specialized the function and usually is performed by a structural engineer. Inspect the components which have to include in the designing of a building foundation. ,Analysis,Analyze
Explain the development process for a building construction.,Comprehension,Understand
Demonstrate the steps involved in setting out of a building foundation and discuss the setting out of purposes. ,Application,Apply
Distinguish between 'Trench' and 'Pier holes/ Pits' construction excavation. ,Analysis,Analyze
Analyse the behavior of subsoil of coarse grained non-cohesive soils and fine grained cohesive soils. ,Analysis,Analyze
Evaluate the functions of the component of a structural floor. ,Evaluation,Evaluate
Distinguish between flat roof and pitched roof. ,Analysis,Analyze
Explain the FIVE (5) procedures which need to be documented during the site inspection. ,Comprehension,Understand
Distinguish between 'periodic inspection' and 'continuous inspection'. ,Analysis,Analyze
Differentiate between “trial pits' and 'boreholes”. ,Analysis,Analyze
Distinguish between “suspended' and ‘non-suspended' floor. ,Analysis,Analyze
Explain the solum treatment used in the floor construction. ,Comprehension,Understand
Ion implantation is one of the popular methods to dope semiconductors. Discuss the control parameters for this method. ,Comprehension,Understand
Design and sketch the optimized stick-diagram layout. ,Synthesis,Create
Discuss the advantages of dynamic logic circuit compared to the conventional static combinational logic circuit. ,Comprehension,Understand
Discuss the advantages of reducing the minimum feature size.,Comprehension,Understand
"Based on your knowledge on the physics of semiconductors, evaluate the limit for the minimum feature size of silicon MOSFET.",Evaluation,Evaluate
Determine the type of MOSFET. ,Application,Apply
"FinFET technology is developed to minimize some of the shortcomings in planar MOSFETs. With the aid of diagrams, show the differences between these TWO (2) transistors. ",Application,Apply
Discuss the advantages of FinFETS over planar MOSFETs. ,Comprehension,Understand
"Using transmission-gates, design and sketch an 8-to-1 multiplexer. ",Synthesis,Create
Oxidation is one of the most important thermal processes. Briefly explain the TWO (2) types of oxidation process. ,Comprehension,Understand
"Annealing is a thermal process typically performed after ion implantation. With the aid of diagrams, briefly discuss the purpose of this process. ",Comprehension,Understand
Discuss the main objective of layout design rules. ,Comprehension,Understand
The design rules are usually described in TWO (2) ways. Describe these TWO (2) ways. ,Comprehension,Understand
"Besides Field Programmable Gate Array (FPGA), name one other type of programmable logic device. ",Knowledge,Remember
Illustrate the THREE (3) advantages of silicon over germanium. ,Comprehension,Understand
"Besides silicon and germanium, name ONE (1) other material that can be used as the substrate of a transistor. ",Comprehension,Understand
Design and sketch the layout of a CMOS inverter. ,Synthesis,Create
Determine the oxide capacitance. ,Application,Apply
"With the aid of a diagram, briefly show how the width of a FinFET is estimated.",Application,Apply
Oxidation is one of the most important thermal processes. Briefly discuss the characteristics of dry oxidation. ,Comprehension,Understand
"Local oxidation of silicon or LOCOS is a type of application which involves wet oxidation. With the aid of diagrams, briefly illustrate this process. ",Comprehension,Understand
Explain the main purpose of LOCOS. ,Comprehension,Understand
"Besides LOCOS, name TWO (2) other applications which require thermal processes. ",Comprehension,Understand
"Dielectric films can be thermally grown or deposited. Discuss the 
fundamental difference between these two methods. ",Comprehension,Understand
"The technology of VLSI is defined by the feature size. With the aid of a diagram, explain the feature size. ",Comprehension,Understand
"The technology of VLSI is defined by the feature size. Over the years, the feature size has been reducing. Analyze and explain the reasons for doing so. ",Analysis,Analyze
"Using transmission-gates, design and sketch a 4-to-1 multiplexer. ",Synthesis,Create
"Besides silicon and germanium, name ONE (1) other material which could be used to fabricate transistors. ",Comprehension,Understand
Discuss the differences between a stick diagram and an actual layout. ,Comprehension,Understand
Analyze the causes of infant mortality during and after production. ,Analysis,Analyze
Give TWO (2) examples how intrinsic reliability failure occurs in ICs. ,Comprehension,Understand
"With the aid of a diagram, explain LOCOS. ",Comprehension,Understand
Discuss the disadvantages of LOCOS. ,Comprehension,Understand
Explain the purposes of scaling. ,Comprehension,Understand
Determine the gate oxide capacitance.,Application,Apply
Explain the physical meaning of transconductance. ,Comprehension,Understand
Evaluate how the increase of the transconductance affects the operation of the transistor. ,Evaluation,Evaluate
"There are TWO (2) common methods used in the semiconductor industry to fabricate single crystal silicon. With the aid of diagrams, name and explain the methods. ",Comprehension,Understand
There are TWO (2) common methods used in the semiconductor industry to fabricate single crystal silicon. Analyze the advantage and disadvantage of both methods. ,Analysis,Analyze
Classify and briefly explain different computational methods used in analyzing flows in hydraulic engineering. ,Comprehension,Understand
"In computational methods of analyzing flows in rivers and channels, effects of turbulence are reflected in different ways depending on how the flow is modelled. Give examples of these models and explain the advantages and  shortcomings. ",Comprehension,Understand
List the major forces acting on the concrete body of the dam excluding earthquake and wind forces. ,Comprehension,Understand
"In all analysis methods, the effects of turbulence have to be modeled unless all the scales of motion are represented explicitly as in Direct Numerical Simulation (DNS). Explain why it is not practical to analyze flows in practical hydraulic engineering by DNS. ",Comprehension,Understand
"Name a commercially available software or an open-source software that does the computational analysis of flows of hydraulic engineering and explain what it is used for, what equations based on what assumptions it uses and how then are solved. ",Comprehension,Understand
Explain the possible flow patterns in the culvert depending on the level of the rain water in the car park and the drain channel. ,Comprehension,Understand
Draw the water surface profile when the rainfall intensity is more than the design rainfall so that the inlet of the cuivert is submerged. Explain how the flow rate can be computed in this case. ,Application,Apply
Describe what hydraulic engineering is in your own words showing concrete examples. ,Comprehension,Understand
Explain different approaches used in hydraulic engineering to achieve its objectives by giving examples. ,Comprehension,Understand
Explain important features and characteristics of the flows encountered in hydraulic engineering compared with cases in other fluid engineering.,Comprehension,Understand
Discuss the role of hydraulic engineering in the sustainable development and preservation. ,Comprehension,Understand
Estimate the magnitude of the bed shear stress by making necessary assumptions and justifications. ,Application,Apply
Estimate the value of the roughness parameter of the riverbed from the observed surface slope and velocity. Compare your computed value with generally known values for the present river bed. ,Analysis,Analyze
Scaffolding is a temporary frame constructed to support a number of platforms at different heights and to provide workers a safe platform from which to work. Name any FOUR (4) types of scaffolding used in construction industry. ,Knowledge,Remember
"""The slope has been standing for more than 15 years! So it is safe"" and ""Geological report shows that the slope is safe"". The above statements are the common misconception. Propose FIVE (5) construction controls to ensure the safety of construction of residential building on hill-site in Malaysia. ",Synthesis,Create
Prestressed concrete is a method for overcoming concrete's natural weakness in tension. Justify the TWO (2) common methods of prestressing. ,Evaluation,Evaluate
Subsurface exploration can be divided into THREE (3) programs. Explain in detail the conclusion that could be derived from each program.,Comprehension,Understand
Name FOUR (4) types of soil in-situ field test and its application. ,Knowledge,Remember
Name TWO (2) types of laboratory tests. ,Knowledge,Remember
Explain the use of scaffolding in construction. ,Comprehension,Understand
Explain THREE (3) conditions where cantilever scaffolding is applied. ,Comprehension,Understand
"State any TWO (2) of Malaysia's rules, regulations or standards which are related to scaffolding and falsework. ",Comprehension,Understand
Explain FOUR (4) major forces which move water into wall claddings and measures to be taken to eliminate these problems. You are required to include illustrations in your explanation. ,Comprehension,Understand
Discuss FIVE (5) advantages of IBS compared to conventional in situ concrete. ,Comprehension,Understand
IBS components can be divided into five broad categories. Briefly describe with examples all FIVE (5) categories. ,Comprehension,Understand
"Compare the gravity retaining wall, semi gravity retaining wall and cantilever retaining wall in the aspects of shape design, maximum height and method of construction. ",Comprehension,Understand
Pre-cast concrete retaining walls may be constructed with any or all of the joints. Describe the THREE (3) types of joints used. ,Comprehension,Understand
Discuss THREE (3) situations that necessitate the use of pile foundation. ,Comprehension,Understand
Differentiate between Putlog and Independent Scaffold. ,Analysis,Analyze
Explain FIVE (5) characteristics of Industrialised Building System (IBS) in construction. ,Comprehension,Understand
Name and sketch the proposed retaining wall in plan view to show the main elements of the wall. ,Application,Apply
List and explain the FOUR (4) considerations when selecting a basement wall. ,Comprehension,Understand
"In the renovation of a new car showroom, the client wishes to attract the attention of pedestrians who passes by their building. Propose the type of external envelop for this building and explain the reasons. Sketch the proposed external envelop. ",Synthesis,Create
"Write a formula to show the steady state assumption. If all other conditions remain identical, explain how an increase in k-1 would affect the Michaelis constant.",Application,Apply
Describe “mechanism-based inhibitors”. ,Comprehension,Understand
State the forces stabilizing functional structure of enzyme which is most susceptible to drastic pH changes. Explain your answer using an example. ,Comprehension,Understand
Describe the principles of a coupled enzyme assay. ,Comprehension,Understand
Discuss the advantages and disadvantages of using laccase-based de colorization treatment.,Comprehension,Understand
Suggest a technique that can overcome the problem of non-reusability for industrial enzyme applications. ,Synthesis,Create
"Enzyme therapy is applied clinically to treat Gaucher disease. Describe the cause of the disease, the therapeutic enzyme and its function. ",Comprehension,Understand
State the advantage of applying each step in the purification scheme. ,Comprehension,Understand
Draw a table indicating purification fold and yield at each step. ,Comprehension,Understand
Draw a diagram to illustrate the Edman degradation reaction in protein sequencing. Describe some potential complications during Edman degradation protein sequencing. ,Comprehension,Understand
Explain the functional advantages provided by enzymes with a quaternary structure. ,Comprehension,Understand
Discuss the regulation of ATCase which is an allosteric enzyme. ,Comprehension,Understand
Draw and label the typical heat denaturation curves for mesophilic and thermophilic enzymes. ,Comprehension,Understand
Describe the limitations of using ribozyme as a catalyst. ,Comprehension,Understand
Explain the main difference between uncompetitive and noncompetitive inhibitors. ,Comprehension,Understand
Name the enzyme commonly used to detect liver damage or muscle damage in clinical diagnosis.,Knowledge,Remember
"Based on the aspartate protease mechanism, explain the concept of using ""Crixivan"" to treat HIV patients. ",Comprehension,Understand
Elaborate on the importance of 'stability' for industrial enzymes. ,Comprehension,Understand
"The tyrosinase-containing solution was dissolved in 50 mM potassium phosphate buffer containing 0.01 mM NaCl, pH 6.5, before applying to a DEAE Sephadex A50 column. Suggest and explain how the mobile phase should be modified to elute the bound tyrosinase. ",Synthesis,Create
"Oxygen is effectively transported by hemoglobin, regulated by some allosteric effectors in human blood. Name these allosteric effectors and discuss how their presence increases effective delivery of oxygen to tissues.",Comprehension,Understand
Explain the importance of using initial velocity to study enzymatic catalysis. ,Comprehension,Understand
Give the enzyme group number and name for acetylcholine esterase. Describe the non-covalent interactions used by acetylcholine esterase for substrate binding.,Comprehension,Understand
Propose and explain a suitable enzyme-substrate interaction model for enzyme X.,Synthesis,Create
Describe how accurate mass spectrometry could be applied to determine if a small protein contains a pair of disulfide-bonded cysteine residue or two reduced cysteine residues. Explain how you can confirm your finding. ,Analysis,Analyze
Draw a pH denaturation profile for an enzyme. Explain what happens to the enzyme during pH denaturation. ,Comprehension,Understand
Name two super secondary structures found within enzymes which involved formation of a-helices. Describe how the a-helices could be maintained in an enzyme. ,Comprehension,Understand
Draw a diagram to illustrate the Edman degradation reaction in protein sequencing. ,Comprehension,Understand
Describe the features of lactate dehydrogenase (LDH) as an isozyme. Discuss the diagnostic importance of LDH.,Comprehension,Understand
Chymotrypsin belongs to serine protease family. Describe the catalytic mechanism of chymotrypsin emphasizing the role of the catalytic triad and substrate binding site in catalysis. ,Comprehension,Understand
Describe the components involved in the formation of a folded enzyme. ,Comprehension,Understand
Provide the equations for the Eadie-Hofstee and Hanes-Woolf plot. Explain how these equations could be derived from the Michaelis-Menten equation. ,Application,Apply
Explain the main disadvantage of Lineweaver-Burk plot. Suggest an alternative method to Lineweaver-Burk plot. ,Synthesis,Create
Draw and label an Eisenthal-Cornish-Bowden direct plot. Explain how kinetic parameters could be determined from this plot. ,Application,Apply
Describe how the hexokinase enzymatic activity could be determined using the coupled assay method. ,Application,Apply
Give ONE example of aspartic protease. Describe the mechanism of aspartic protease in relation to how pH affects its activity. ,Comprehension,Understand
A cascade of zymogen activation occurs both with digestive proteases and blood clotting proteases. List THREE advantages of this activation.,Knowledge,Remember
Define the transition state and activation energy in relation to catalytic power of an enzyme. ,Comprehension,Understand
"The substrates of allosteric enzymes exhibit positive cooperativity. Explain positive cooperativity in terms of subunits, conformation, and activity of the active site. ",Comprehension,Understand
Describe the industrial application of enzymes in beer production. ,Comprehension,Understand
Immobilization enables industrial enzymes to be used repeatedly. List THREE advantages of immobilized enzyme and give an example of large scale application of immobilized enzyme in industry.,Comprehension,Understand
Explain how changes in amino acid ionization states could affect the catalytic activity of an enzyme. ,Comprehension,Understand
Describe the interactions involved in stabilization of enzyme's quaternary structure. Explain which of these interactions is the least likely to be affected by denaturation at a liquid-liquid interface. ,Comprehension,Understand
"You attempt to purify a single protein X from a complex mixture of proteins. Protein X has a large number of aspartic and glutamic acid residues and no lysine, arginine or histidine residues. Propose an adsorption column chromatography technique which could retain protein X but elute other contaminants at pH 7. State your assumption(s). ",Synthesis,Create
"You attempt to purify a single protein X from a complex mixture of proteins. Protein X has a large number of aspartic and glutamic acid residues and no lysine, arginine or histidine residues. Suggest and explain a method to elute protein X from the column. ",Synthesis,Create
Describe the amino acid composition that could destabilize an enzyme's helical stability. ,Comprehension,Understand
Describe the enzyme characteristics that are desirable in high temperature industrial applications. ,Comprehension,Understand
Enzymes are applied in the medical field based on their specific functions. List the THREE main areas of clinical enzymology and provide ONE example how enzymes are used in each area. ,Comprehension,Understand
State the conditions necessary for the formation of enzyme's quaternary structure. Explain how quaternary structure could contribute to enzyme stability. ,Comprehension,Understand
Draw and label a titration curve for glutamic acid. Calculate the isoelectric point. ,Application,Apply
Justify whether the enzyme after step 'Size-exclusion chromatography' is pure. Suggest a method to estimate the purity of the enzyme preparation. ,Evaluation,Evaluate
State TWO types of enzyme specificities that do not agree with lock and key model. Explain your answer.,Comprehension,Understand
Draw and label an activity temperature profile for mesophilic and thermophilic enzymes. Provide explanation to this phenomenon.,Comprehension,Understand
Explain the importance of using initial rate to determine enzymatic activity.,Comprehension,Understand
Explain the TWO main factors that could affect enzyme catalytic efficiency.,Comprehension,Understand
Explain how the affinity of hemoglobin for oxygen is regulated. ,Comprehension,Understand
Explain how competitive and uncompetitive inhibitors will affect enzymatic reactions. ,Comprehension,Understand
Discuss various practices to achieve maximum yield and production of crude palm oil. ,Comprehension,Understand
"Discuss the importance of shikimate pathway, a primary metabolism pathway related to plant secondary metabolism. ",Comprehension,Understand
Discuss how curing can maintain quality and minimize decay of potato tubers in the postharvest stage. ,Comprehension,Understand
Describe the differences in the sugar compositions between unfermented and fermented cocoa beans. ,Comprehension,Understand
Discuss factors which could contribute to changes in the sugar compositions of cocoa beans during fermentation. ,Comprehension,Understand
"Illustrate with a drawing the biochemical pathway for natural rubber biosynthesis, beginning with acetyl CoA. ",Comprehension,Understand
Describe the main disadvantage of palm oil with an indigenous broad melting interval ranging from -20 to 50°C. Refined palm oil is further processed to improve its marketable value. Discuss this process in relation to the secondary products from refined palm oil. ,Comprehension,Understand
Describe alkaloids chemically and how plants use this group of secondary metabolites to protect themselves from herbivores. ,Comprehension,Understand
"Illustrate with a labeled drawing the pathway of sulfate assimilation in leaf mesophyll cells. In your answer, describe how sulfate is transported from the root to leaf cells, the energy requirements of sulfate assimilation, and the fate of unassimilated sulfate. ",Comprehension,Understand
Explain the significance of the position of rubber-synthesizing cis prenyltransferases in the structure of a rubber particle. ,Comprehension,Understand
Distinguish between the ripening behavior of climacteric and non-climacteric fruits in terms of their respiration rates and ethylene production.,Analysis,Analyze
The oil palm (Elaeis guineensis) is an erect monoecious plant. Describe how its inflorescences develop into fruit and relate this to the pest control practice that could affect the productivity of the oil palm. ,Comprehension,Understand
The major constituent of palm oil is triglyceride. Describe TWO reactions of triglyceride which could affect the quality of vegetable oils.,Comprehension,Understand
Identify the key enzymes and explain their roles in fatty acid biosynthesis that contribute to the unique fatty acid composition of palm mesocarp oil.,Comprehension,Understand
"Discuss the benefits of palm oil, in terms of versatility, diet-health relationship and sustainability. ",Comprehension,Understand
"As a defence strategy, most plant secondary metabolites exert adverse effects on herbivores. Discuss how plants avoid poisoning themselves with these metabolites. ",Comprehension,Understand
State the TWO biological isoprene building blocks and the enzyme involved in synthesising the precursor. ,Comprehension,Understand
"Differentiate between phenylpropanoids and alkaloids in terms of structure, functions and applications. ",Analysis,Analyze
"Illustrate with a labelled drawing the pathway of nitrate assimilation in leaf mesophyll cells. In your answer, discuss the origin of nitrate that is available to the mesophyll cells, the energy requirements of nitrate assimilation, the end products, and the fate of unassimilated nitrate. ",Comprehension,Understand
Discuss the biological factors that cause the deterioration of cut flowers.,Comprehension,Understand
Distinguish between the ripening behaviour of climacteric and non-climacteric fruits in terms of carbon dioxide release and ethylene synthesis. ,Analysis,Analyze
Name FIVE vital plant processes that herbicides target. ,Knowledge,Remember
Discuss the importance of knowing herbicide families and mode of action. ,Comprehension,Understand
Give THREE examples of symptoms that resemble herbicide damage on plants. ,Comprehension,Understand
State THREE traits that are associated with invasive plants.,Knowledge,Remember
Discuss TWO hypotheses for invasive plants to become successful outside of their native ranges. ,Comprehension,Understand
Weeds reduce the quality of crops and livestock. Explain. ,Comprehension,Understand
Write TWO reasons on the slow adoption of biological control in weed management. ,Comprehension,Understand
Differentiate between contact and systemic herbicides. ,Analysis,Analyze
Briefly discuss the advantage of C3 and C4 pathways for weeds. ,Comprehension,Understand
Give TWO examples of natural and artificial means of the seed dispersal of weeds respectively. ,Comprehension,Understand
Discuss issues of defining “weeds”. ,Comprehension,Understand
Define economic threshold and its use. ,Comprehension,Understand
List THREE factors in determining economic thresholds for weeds. ,Knowledge,Remember
State the goal of integrated weed management and its essence.,Knowledge,Remember
State the objective of proactive resistance management and briefly describe THREE methods of this management. ,Comprehension,Understand
Discuss THREE mechanisms of vegetative reproduction that make certain weeds successful in establishment. ,Comprehension,Understand
Define allelopathy and list how allelopathic substance enters the environment. ,Comprehension,Understand
"With the aid of a flow chart, briefly describe the steps involved in developing a successful animal breeding programme. ",Comprehension,Understand
"Using a farm animal species of your choice, sketch a graph and describe the scenario that demonstrate a strong genotype by environmental interaction that could influence breeding objectives. ",Application,Apply
List FOUR conditions required in order for an animal population to remain at Hardy-Weinberg equilibrium.,Knowledge,Remember
Determine the possible number of unique zygotes that could be produced upon successful mating. ,Application,Apply
Justify whether the dam and sire are inbred or outbred. ,Evaluation,Evaluate
Describe the differences between progeny and sib testings. ,Comprehension,Understand
Briefly describe FOUR principles in selecting and purchasing breeding stock. ,Comprehension,Understand
Give ONE common crossbreed for porker production in Malaysia and name the state in Peninsular Malaysia that has the highest production rate. ,Comprehension,Understand
Suggest and describe an assisted reproductive technique that the farm should use for rapid and cost effective production. ,Synthesis,Create
Determine which Angus bull is the heaviest. Justify your answer.,Evaluation,Evaluate
Determine which Angus bull would produce the heaviest offspring (on average). Justify your answer. ,Evaluation,Evaluate
Suggest TWO possible poultry breeds that Kaseem are breeding for Malaysia broiler industry. ,Synthesis,Create
"In your opinion, which parental group selected will give a higher gain in Kaseem's breeding programme. Show the calculation and justify your answer. ",Evaluation,Evaluate
State the number of autosome and sex-chromosome for a rooster and a hen.,Knowledge,Remember
Briefly describe TWO mating methods of commercial importance for the production of fertilised eggs from breeder birds. ,Comprehension,Understand
“Domestication of animals does not influence human behavior and lifestyle.” State whether you agree or disagree with the statement. Justify your answer. ,Evaluation,Evaluate
Briefly describe FOUR common characteristics that are possessed by a wild animal before they could be considered for domestication. ,Comprehension,Understand
Differentiate between trait and phenotype. ,Analysis,Analyze
Give an example of trait and phenotype to describe a Belgian Blue. ,Comprehension,Understand
"The Friesian cow, a dairy breed, is a product of selective breeding. Predict the problems that may occur during the selection of Friesian Cows. ",Application,Apply
Give TWO examples how breeding is similar to natural selection. ,Comprehension,Understand
"State, define and list the advantage(s) and disadvantage(s) of the THREE animal selection methods for multiple traits. ",Comprehension,Understand
Differentiate between crossbreeding and linebreeding. ,Analysis,Analyze
Briefly describe the advantages of marker assisted selection in farm animal breeding. ,Comprehension,Understand
Explain the principle of ultrasonography in pregnancy diagnosis for farm animals. ,Comprehension,Understand
State THREE advantages of pregnancy diagnosis in animal breeding. ,Knowledge,Remember
Cyrus claimed that placentomes could be observed using a transabdominal probe to scan both pregnant sow and doe on day-20 of gestation. Justify whether his claim is true or false. ,Evaluation,Evaluate
Contrast B-mode and A-mode ultrasound systems. ,Comprehension,Understand
Briefly describe how poultry sexing is commonly carried out in a hatchery. ,Comprehension,Understand
Briefly describe the advantages of MOET in cattle breeding. ,Comprehension,Understand
Describe the flow of MOET procedures in cattle breeding. ,Comprehension,Understand
Two different soils were obtained during sampling and the distance between the two sites were only 100 meters apart. Discuss TWO soil forming factors which are most likely to explain the differences. ,Comprehension,Understand
Justify why soil taxonomy is considered as a hierarchical classification system. ,Evaluation,Evaluate
State the SIX categories in soil taxonomy. ,Knowledge,Remember
"With the aid of diagrams, describe how the soil structure influences the rate of water leaching.",Comprehension,Understand
Define soil pH. ,Knowledge,Remember
"Distinguish among acidic, saline and sodic soils. ",Analysis,Analyze
Differentiate between humic and non-humic substances. ,Analysis,Analyze
Soil algae and protozoa are usually restricted at the uppermost soil layers and smaller than their aquatic counterparts. Justify. ,Evaluation,Evaluate
Illustrate SIX processes that occur in the hydrological cycle. ,Comprehension,Understand
"With suitable examples, briefly discuss the importance of soil aeration.",Comprehension,Understand
Describe THREE factors that affect soil aeration. ,Comprehension,Understand
Define luxury consumption of plant nutrients. ,Knowledge,Remember
Predict the effects of excess application of nitrogen fertilizer into the soil. ,Comprehension,Understand
Briefly describe how riparian forests help in  reducing nitrate contamination in rivers reducing nitrate and streams. ,Comprehension,Understand
Discuss why the fertility program for potted plants is different from field crops. ,Comprehension,Understand
"Propose a fertilizer placement method of nitrogen, phosphorus and potassium for a successful fertilization of a large mango tree. Justify your answer. ",Synthesis,Create
List THREE factors that influence the type of irrigation used in agriculture. ,Knowledge,Remember
Evaluate the benefits and drawbacks of artificial drainage. ,Evaluation,Evaluate
"By assuming other factors (pH, water content and etc.) are being equal in clay loam and sandy loam, state which soil would be expected to have higher organic matter content. Justify your answer. ",Evaluation,Evaluate
"Describe how the soil colloidal complex tends to serve as a ""reservoir"" for plant nutrients. ",Comprehension,Understand
Predict the effect on bulk density when a large quantity of organic matter is added into the soil. Justify your answer. ,Evaluation,Evaluate
Fertilizer that is extremely high in phosphorus content is essential for flowering. Justify. ,Evaluation,Evaluate
Discuss TWO adverse consequences of using wetlands as recipients of irrigation wastewater. ,Comprehension,Understand
List and briefly describe the FOUR soil forming processes. ,Comprehension,Understand
Define cation exchange capacity (CEC) and discuss how CEC influences the status of nutrients in soil. ,Comprehension,Understand
Briefly explain how tillage will influence the density of soil. ,Comprehension,Understand
Explain the role of mesofauna in the decay of fresh organic matter.,Comprehension,Understand
Describe how the increase of soil organic matter level may immobilize some nutrients in soil. ,Comprehension,Understand
Write a short note about mulch and how mulching could help in controlling soil temperature. ,Comprehension,Understand
"Briefly discuss how the use of manure, organic by-products and commercial fertilizers have changed over time. ",Comprehension,Understand
Describe how soil surface roughness affects both water and wind erosion. Suggest ways to increase roughness to reduce erosion. ,Synthesis,Create
Define soil bioremediation. ,Knowledge,Remember
Identify the advantages and disadvantages of in situ and ex situ means of remediating polluted soils. ,Comprehension,Understand
Define soil horizon and relate it with soil profile. ,Comprehension,Understand
Briefly explain which characteristics of alluvial soils make them ideal for agriculture. ,Comprehension,Understand
"Discuss why physical weathering is more prevalent in dry, cool regions while chemical weathering is more prevalent in wet, hot regions. ",Comprehension,Understand
Distinguish between products from physical and chemical weathering. ,Analysis,Analyze
Briefly explain how clay particles and soil organisms influence soil structure. ,Comprehension,Understand
Discuss the importance of soil structure in vegetable farms. ,Comprehension,Understand
Describe how pore size can affect water retention in soil. ,Comprehension,Understand
Describe soil colloids and their importance. ,Comprehension,Understand
"In soil pH, define buffering and explain why it is important in soils. ",Comprehension,Understand
Classify soil organisms according to their ecology and state TWO examples for each group. ,Comprehension,Understand
Soil organic matter content will differ depending on environmental conditions. Justify with TWO examples. ,Evaluation,Evaluate
Explain why mycorrhizal fungi are important for phosphorus availability in soil. ,Comprehension,Understand
Describe how soils are involved in the greenhouse effects. ,Comprehension,Understand
Describe whether the soil is contaminated or polluted. ,Comprehension,Understand
"State TWO examples for inorganic and organic contaminants, respectively. ",Knowledge,Remember
Briefly discuss THREE factors with ONE example each that should be considered when determining fertilizer placement method. ,Comprehension,Understand
State the advantages of no tillage. ,Knowledge,Remember
Explain why higher rates of nitrogen might be required for no tillage compared to conventional tillage. ,Comprehension,Understand
Distinguish between rill and gully erosion. ,Analysis,Analyze
Differentiate between soil fertility and soil productivity. ,Analysis,Analyze
Briefly explain the drawbacks of using deficiency symptoms to determine fertilizer rates. ,Comprehension,Understand
Describe the advantages and disadvantages of foliar application in fruit crops. ,Comprehension,Understand
Describe conservation tillage and explain why it often requires a change in nutrient management. ,Comprehension,Understand
Comment on the importance of comparative genomics research. ,Evaluation,Evaluate
Briefly describe the stages involved in sequence assembly for the whole genome shotgun methodology. ,Comprehension,Understand
Discuss the significance of human genome project. ,Comprehension,Understand
"Name the amino acid residues with the single letter code ""EQRNHL"". ",Knowledge,Remember
Comment on the introduction of seven “_” in the alignment. ,Evaluation,Evaluate
Briefly explain the mechanism of RNA interference. ,Comprehension,Understand
"In a table form, state the advantages and disadvantages of X-ray crystallography and nuclear magnetic resonance in elucidating the three dimensional structure of proteins. ",Comprehension,Understand
Eukaryotic genome is mostly repetitive DNA and non-coding sequences. Elaborate the statement. ,Comprehension,Understand
"In a table form, differentiate between RefSeq and GenBank DNA sequences. ",Analysis,Analyze
Describe briefly the experimental flow of fluorescent in situ hybridization (FISH). List THREE of its major applications. ,Comprehension,Understand
GenBank offers a few options for nucleotide sequence submissions. Name TWO available options and when are they used. ,Comprehension,Understand
"Contrast the following basic BLAST programs: PSI-BLAST, PHI-BLAST and tBLASTX.",Comprehension,Understand
List the advantages and limitations of protein crystal structure determination using X-Ray crystallography. ,Comprehension,Understand
Name the amino acids for the following single letter codes: DMVREL. ,Knowledge,Remember
"Comparing to the reference sequence, identify the functional elements to represent S2 and S3, respectively. ",Comprehension,Understand
Indicate whether S2 or S3 is useful for genetic linkage analysis. Justify your answer. ,Evaluation,Evaluate
Discuss the significance of genome studies in molecular medicine.,Comprehension,Understand
Primary structure of a protein plays a significant role in determining the native structure or the protein fold. Comment on the statement. ,Evaluation,Evaluate
State the importance of data generated from a given hydrophobicity plot. Describe the relevant information that can be deduced from the plot generated. ,Comprehension,Understand
Briefly explain if restriction mapping is useful in determining the presence of minisatellite. ,Comprehension,Understand
Describe the methodology of determining the transcriptional start site using RACE-PCR. ,Comprehension,Understand
Briefly describe the hierarchical classification of proteins using CATH classification. ,Comprehension,Understand
"""Microsatellite tandem repeats are abundant in human promoters and are associated with regulatory activity (Sawaya et al., 2013).” Discuss the statement and support your views with examples. ",Evaluation,Evaluate
"John Watson passed away and left behind a legal child, Mary Watson, as well as two girlfriends, Susan and Petty, who were in their 8 week of gestation. Susan claimed that she bore an illegitimate child of John Watson. Propose and design the most suitable paternity experiment to prove Susan's claim. You may outline your experiment using schematic diagram(s). ",Synthesis,Create
Name the following conserved amino acids for their corresponding single letter codes: SQYKRECP. ,Knowledge,Remember
State what does the symbol “+” represents. ,Knowledge,Remember
Melting temperature (Tm) is an important criteria to consider when designing primers for PCR amplification. Comment. ,Evaluation,Evaluate
CATH and SCOP are databases that hierarchically classify protein domains according to their structures. Describe the CATH protein classification system. ,Comprehension,Understand
Briefly describe the BLOSUM scoring matrix. ,Comprehension,Understand
"Construct a DNA based cladogram using neighbour-joining approach, and suggest the relationship of S, M, and D species. ",Synthesis,Create
Discuss the significance of hydrophobicity plot in transmembrane protein research. ,Comprehension,Understand
List THREE applications of degenerate PCR amplification.,Knowledge,Remember
"Microbiota-based models may be an alternative method to facilitate the use of data on the gut microbiota in certain diseases. For example, NextSeq 550 and NextSeq 550DX platforms have been used to detect gut microbiota in non communicable diseases. Compare and contrast both platforms with regards to their regulatory status, key applications and array scanning.",Analysis,Analyze
Highlight the importance of bioinformatics analysis in genomic studies. ,Comprehension,Understand
"Identify the genetic elements in the DNA sequences of Homo sapiens, Homo luzonensis and Homo erectus. Justify your answer. ",Evaluation,Evaluate
State the main missions of National Center for Biotechnology Information (NCBI). ,Knowledge,Remember
Proline and glycine are prevalent in beta-turns of protein structures. Comment on the statement. ,Evaluation,Evaluate
"Bernard has successfully determined the sequence of Protein X which consists of 110 amino acid residues. He is interested to predict the protein struc using the available homology modelling software. Based on your knowledge of the mechanism of protein folding, comment on the reliability and accuracy of the prediction. ",Evaluation,Evaluate
Write an essay on the importance of comparative genomics. ,Synthesis,Create
Name the following conserved amino acids with their corresponding single letter codes: WMEADK.,Knowledge,Remember
"Comment on the values that were generated for “Identities” and “Positives"". ",Evaluation,Evaluate
"Define the designation “Frame = -3"".",Knowledge,Remember
State the significance of “Score” in the BlastX alignment. ,Comprehension,Understand
"In a table, list EIGHT differences between GenBank and RefSeq DNA sequences. ",Comprehension,Understand
Briefly describe the disadvantages of characterising three dimensional protein structures using X-ray diffraction. ,Comprehension,Understand
Define “ecosystem services” and describe how they are benefiting our society. ,Comprehension,Understand
State the problems that could arise from environmental overload of fixed nitrogen due to generous usage of nitrogen fertilizer and suggest a possible solution for this situation. ,Synthesis,Create
"Using an appropriate example, describe how competitive ELISA works. ",Comprehension,Understand
List and explain THREE factors that are affecting microbial biodegradation rates of petroleum hydrocarbon. ,Comprehension,Understand
Name the THREE types of land application of wastewater. ,Knowledge,Remember
Describe the circumstances when tertiary treatment of wastewater is necessary. ,Comprehension,Understand
"Explain why bogs are considered to be a ""carbon sink"". ",Comprehension,Understand
"You are on a mission to study the microbial diversity in a hyperarid desert. Design experimental steps in collecting, storing, and analyzing the samples. Justify the choices in each step and predict the types of microbes that could be found. ",Evaluation,Evaluate
Describe the major functions or roles of soil microbes that beneficially impact human health and welfare. ,Comprehension,Understand
Compare and contrast microbial and chemical risk assessment. ,Analysis,Analyze
"Explain the microbe-related coupling of carbon, nitrogen, and oxygen in a lake that is experiencing a sudden bloom of cyanobacteria due to anthropogenic fertilizer inputs. ",Comprehension,Understand
Define “biogeochemical cycling” and discuss its importance to the ecosystem and survival of living organisms. ,Comprehension,Understand
State the purposes of risk assessment. ,Knowledge,Remember
Explain why hazard identification in the case of pathogens is complicated. ,Comprehension,Understand
Describe the formation of an aquatic dead zone. ,Comprehension,Understand
A solid cube with dimensions of 10.0 nm was dispersed into water to become colloidal particles with dimensions of 1.0 nm. Calculate the changes of surface area to volume (surface / volume). ,Application,Apply
List and explain TWO simple techniques used to prepare colloids by mean of dispersion. Use simple diagrams to clarify the explanation.,Comprehension,Understand
State TWO phenomena that affect the stabilization of colloidal nanoparticles in aqueous medium. ,Knowledge,Remember
Give the appropriate formula to calculate the velocity of the sedimentation. ,Comprehension,Understand
Differentiate between electroosmosis and electrophoretic mobility of solutes in capillary electroosmosis. ,Analysis,Analyze
The oscillating jet method is commonly used to study the surface/interfacial tensions. Give another THREE methods that are used to measure surface/interfacial tension. ,Comprehension,Understand
Briefly explain the main feature of the structures of dilute foams and concentrated foams. ,Comprehension,Understand
Give TWO methods to measure the surface coverage. ,Comprehension,Understand
Briefly explain why fatty acids such as stearic acid can be used in Langmuir Blodgett (LB) film deposition and how the monolayer is formed.,Comprehension,Understand
Give the appropriate formula to calculate the kinetic energy of sodium. ,Comprehension,Understand
Sketch the Type I isotherm and provide a brief description of its nature and the processes that gives rise to the isotherm. ,Application,Apply
Briefly explain the Auger process. ,Comprehension,Understand
Give TWO disadvantages of Transmission Electron Microscopy (TEM). ,Comprehension,Understand
Give TWO functions of egg yolks in mayonnaise production. ,Comprehension,Understand
Explain in detail the chemisorptions of ammonia. Focus only on molecular adsorption of ammonia on a solid surface at low temperature.,Comprehension,Understand
Explain briefly how the aggregation processes could improve the water quality in a water treatment plant. ,Comprehension,Understand
Give THREE disadvantages of X-Ray Photoelectron Spectroscopy (XPS). ,Comprehension,Understand
"Calculate the surface tension of a wetting liquid, C (1.23 gml-l ) which rises 1.50 m in a vertical capillary tube with the internal radius of 0.15 mm. ",Application,Apply
A blue solid cube with dimensions of 10.0 x 10-9 m was dispersed into water to become colloidal particles with dimensions of 1.0 x 10-9 m. Calculate the changes of surface area to volume (surface / volume). ,Application,Apply
Explain and differentiate between TWO types of aggregations when colloidal particles are unstable.,Analysis,Analyze
List another TWO isotherms besides Langmiur isoterm. ,Knowledge,Remember
Briefly explain why does surface tension remain constant once critical micelle concentration (CMC) is reached.,Comprehension,Understand
Name the TWO ways of how molecules bonded to surface. Provide a brief description on the modes of adsorption. ,Comprehension,Understand
Briefly explain the differences between and Langmuir-Blodgett (LB) monolayer and self-assembled monolayer (SAM). ,Comprehension,Understand
List THREE types of Atomic Force Mircroscopes (AFM).,Knowledge,Remember
Differentiate between Gibbs adsorption equation and dynamic surface tension in the study of adsorption at interfaces. ,Analysis,Analyze
Sketch the Type Il isotherm and provide a brief description of its nature and the processes that gives rise to the isotherm. ,Application,Apply
"Explain in detail the chemisorptions of hydrocarbon (eg. alkene, alkyne etc). Focus only on molecular adsorption of hydrocarbon on solid surface at low temperature.",Comprehension,Understand
Briefly explain how the aggregation processes could improve the water quality in a water treatment plant.,Comprehension,Understand
Briefly explain why formation of solid forms in final product such as glasses and bottles in glass industry is a disadvantage. ,Comprehension,Understand
Give FOUR information that can be obtained from Scanning Electron Miscroscope (SEM).,Comprehension,Understand
Explain and differentiate between TWO types of aggregations when colloidal particles are unstable. ,Analysis,Analyze
Describe the electrokinetic phenomenon. ,Comprehension,Understand
Briefly explain why coating a nanoparticle or surface with a polyelectrolyte (polymer with ionizable groups) is favourable. ,Comprehension,Understand
Briefly explain why surface tension remains constant once critical micelle concentration (CMC) is reached. ,Comprehension,Understand
Briefly explain and draw the structure of dilute foams and concentrated foams. ,Comprehension,Understand
Sketch the Type III isotherm and provide a brief description of its nature and the processes that give rise to the isotherm. ,Application,Apply
Briefly explain the differences between a Langmuir-Blodgett (LB) monolayer and a self-assembled monolayer (SAM). ,Comprehension,Understand
Give TWO advantages of X-Ray Photoelectron Spectroscopy (XPS). ,Comprehension,Understand
List the information that can be obtained from X-Ray Photoelectron Spectroscopy (XPS). ,Knowledge,Remember
Briefly explain how aggregation processes could improve the water quality in a water treatment plant. ,Comprehension,Understand
Draw the hexapeptide Gly-Phe-Asp-Leu-Ala-Glu. Identify the formation of hydrogen bonding in an a-helix form of this hexapeptide.,Comprehension,Understand
"Describe the common structural features of phosphatidylserine, phosphatidylethanolamine, phosphatidylcholine and phosphatidylinositol. State their general function(s). ",Comprehension,Understand
Explain the processing of eukaryotic mRNA transcripts prior to translation. Indicate the chemical bases for each step. ,Comprehension,Understand
Justify whether tRNA or mRNA would be more extensively hydrogen bonded. ,Evaluation,Evaluate
"List the five groupings of amino acids based on the R groups, Give one example for each group. ",Comprehension,Understand
Name and briefly describe three types of column chromatography used in protein purification.,Comprehension,Understand
Define the chemical interaction indicated by the arrows. Identify the binding region of an antigen on the antibody structure.,Comprehension,Understand
Name the four different types of interactions involved in building the tertiary structure of proteins and give one denaturing agent for each.,Comprehension,Understand
Name the two classes of monosaccharide. Draw and name the simplest structure of molecule in each class. ,Comprehension,Understand
Write short notes on the structure and functions of polysaccharides by giving relevant example. ,Comprehension,Understand
"List the three types of RNA involved in the transcription and translation, and briefly explain their functions. ",Comprehension,Understand
Briefly describe the formation of disulfide bond. Suggest ONE role of disulfide bond. ,Synthesis,Create
Name FOUR enzymes in DNA replication and state their functions. ,Comprehension,Understand
Compare and contrast continuous and discontinuous replications. ,Analysis,Analyze
Write short notes on the structure of RNA. ,Comprehension,Understand
 Can you distinguish for me between what is reasonably  achievable and what are  exaggerations,Analysis,Analyze
List three characteristics that are unique to the Cubist movement.,Knowledge,Remember
Classify celebrations into family and community categories.,Comprehension,Understand
"Examine what helps to make a good Olympics? Think about money, schedules, sports and people.",Analysis,Analyze
Identify ordinal positions,Knowledge,Remember
Identify fractions from a pictorial representation,Knowledge,Remember
Select the best title for a passage,Comprehension,Understand
Evaluate board games and justify why rules are important.,Evaluation,Evaluate
Organize this book into three or more sections and give your own subtitle for each section.,Synthesis,Create
Explain why it is likely that a matriarchal family system would be found in a matrilocal or matrilineal society.,Synthesis,Create
Use the E-pH or Pourbaix diagram of Cr to determine the control current and potential for the anodic protection of a S43000 stainless steel vessel.  ,Comprehension,Understand
"By comparing the map of the tectonic plates to the earthquake map, what inferences can you make?",Analysis,Analyze
Show how to modify Fitch's algorithm given in class today to accommodate non-binary,Application,Apply
Which of the two liquids is hypotonic ,Knowledge,Remember
Design a poster for this book.,Synthesis,Create
Is there a better solution to . . .?,Evaluation,Evaluate
Relate the principle of reinforcement to classroom interactions.,Application,Apply
Compose a class story.,Synthesis,Create
Describe what goes in each of the four areas on the first page of notes,Comprehension,Understand
Judge aesthetic qualities and relationship to future values.,Evaluation,Evaluate
Compare how different children come to school.,Analysis,Analyze
Justify your choice of data structure.,Synthesis,Create
"How do I differentiate between ""deceive"" and ""cheat on""?",Analysis,Analyze
How did Chinese newspapers differ from US,Analysis,Analyze
Label the parts of the following insects: Grasshopper,Knowledge,Remember
recall the supply voltage constraints,Knowledge,Remember
Can you differentiate between ethnic Chinese and ethnic Koreans,Analysis,Analyze
What is the setting of To Kill a Mockingbird?,Knowledge,Remember
  Use the unification algorithm to determine whether the following two terms are uni_able. Show intermediate step,Application,Apply
Write a short story relating a personal experience in the style of a picaresque novel.,Synthesis,Create
Predict the differences of a planet with no seasonal changes.,Synthesis,Create
"If notes are available on the professor’s website, how should those notes be used?",Application,Apply
Are there students who should not use the Cornell method?,Evaluation,Evaluate
Create an equation to represent the solution to this problem.,Synthesis,Create
When did you born ?,Knowledge,Remember
in which continent does the state of suriname fall,Knowledge,Remember
Revises and process to improve the outcome.,Synthesis,Create
Why don’t you devise your own way to deal with . . .?,Synthesis,Create
How do psychologists differ in their general attitudes toward third party presence,Analysis,Analyze
Develop a plan for a new Olympic Bid System.,Synthesis,Create
How does your pet differ from other animals?,Analysis,Analyze
"If interest were compounded monthly instead of daily, what would the difference in interest be?",Analysis,Analyze
Take a collection of photographs to demonstrate a particular point.,Application,Apply
Explain the whole method of crushing,Comprehension,Understand
Do you think . . . is a good or a bad thing?,Evaluation,Evaluate
how the investigation was undertaken,Analysis,Analyze
Decide which method of solving a problem was most effective ,Evaluation,Evaluate
Examine the stated positions of both major political candidates with regard to a particular issue and state good reasons (based on principles discussed in class) for why one candidates position is more likely to be effective than the other's.,Evaluation,Evaluate
Can you defend the idea that Simon's incident with the pig's head is the most mystical in the story?,Evaluation,Evaluate
 How do we differentiate between an interview and an interrogation?,Analysis,Analyze
How to construct simple solutions when problems are complex?,Application,Apply
Recall the following pictoral example of an implementation of some queue operations,Knowledge,Remember
 Estimate the epicentral coordinates of the earth-quake,Evaluation,Evaluate
Contrast building in the coastal zone with building in a river floodplain.,Analysis,Analyze
suggest ways in which it could have responded more effectively,Evaluation,Evaluate
Relate topographic map to field features,Application,Apply
Evaluate two Internet sources of information about the Egyptians. Which would be a better choice for your purpose and why?,Evaluation,Evaluate
Identify the correct definition of osmosis.,Knowledge,Remember
 would you classify the zener diode in this circuit as a series voltage regulator or a shunt voltage regulator,Comprehension,Understand
Judge the value of . . .?,Evaluation,Evaluate
Decide which course of action was most effective ,Evaluation,Evaluate
List the steps involved in titration.,Knowledge,Remember
How do we construct agents that can deliver. “good” assistance,Application,Apply
Estimate the difficulty of the question,Evaluation,Evaluate
How might lifestyles in the United States be modified if a more socialistic system were adopted?,Application,Apply
design a cost effective strategy to generate reliable data.,Synthesis,Create
Retell the story in your words.,Comprehension,Understand
How would you decide about...?,Evaluation,Evaluate
"Draw 3 pictures showing the beginning, middle and ending of the story.",Application,Apply
List four types of clauses mentioned in the article,Knowledge,Remember
How do teenagers use code in emails and instant messages?,Application,Apply
when was the first airport in the yemen built,Knowledge,Remember
Calculate for x in the following equation: 12x=36,Application,Apply
State in your own words the rule for balls and strikes in baseball.,Comprehension,Understand
Plan a research paper on a given historical topic,Synthesis,Create
Defend the following claim: The Cornell method works so well that it could turn even a poor lecture into a valuable learning experience.,Evaluation,Evaluate
Name 5 steps that follow the taking of notes (within 24 hours or less)?,Knowledge,Remember
Can you distinguish pot still rums from column still rums by taste,Analysis,Analyze
Write a logically organized argument in favor of a given position.,Synthesis,Create
Compare and contrast animals that the class has made.,Analysis,Analyze
Explain in your own words what do you mean by the term economics?,Comprehension,Understand
How much did he pay for his car,Knowledge,Remember
Explain how Timothy saved Phillip's life.,Comprehension,Understand
State the rule for using a semicolon in a sentence.,Knowledge,Remember
Name one character. Rewrite the story from this character's point of view.,Synthesis,Create
when did the first saudi radio station open,Knowledge,Remember
List the characteristics peculiar to the Cubist movement.,Knowledge,Remember
In one sentence explain the main idea of a written passage.,Comprehension,Understand
Classify types of corrosion inhibitors  ,Comprehension,Understand
"Show, through role-play, the final scene in the novel.",Application,Apply
"improved, reformed or rejected?",Evaluation,Evaluate
Show how E-CRM can be used to improve marketing positioning as explained in the article,Application,Apply
"Divide the story into initiating event, rising action, climax, and falling action",Analysis,Analyze
Evaluate the corrosion monitoring needs of a chemical processing plant ,Evaluation,Evaluate
"After designing an experiment, examining the results, and drawing conclusions, determines in what ways the experiment could be conducted more effectively in order to draw more productive conclusions in the future.",Evaluation,Evaluate
Do you agree...?,Evaluation,Evaluate
Write an essay in not more than 250 words about India and Technological Advancement. Use active voice as much as possible.,Synthesis,Create
 Develop a network based on the following information: Activity Immediate predecessors,Synthesis,Create
List the levels in Bloom's Taxonomy.,Knowledge,Remember
 Construct a family of networks to demonstrate that the number of different mincuts in a network can be exponential in the size of the network,Application,Apply
From a blueprint to describe the article depicted.,Comprehension,Understand
Apply laws of statistics to evaluate the reliability of a written test.,Application,Apply
Select the most effective solution.,Evaluation,Evaluate
How would you show your understanding of the ABC process,Application,Apply
Make a list of facts you learned from the story.,Knowledge,Remember
How could someone modify the Cornell Method to make it effective for researching a topic for a paper?,Application,Apply
Combine any two sports to develop a new Olympic sport.,Synthesis,Create
Apply and integrate several different strategies to solve a mathematical problem (not according to one formula(,Synthesis,Create
Compare fall and spring,Analysis,Analyze
Demonstrate how your unit’s specific student learning outcomes are linked to the mission of UAM.,Application,Apply
What questions would you ask if . . .?,Application,Apply
Construct an analog circuit with the following specifications,Application,Apply
Place the following in order of priority...,Evaluation,Evaluate
How was this similar to . . .?,Analysis,Analyze
Summarize the main point of these two texts in your own words ,Comprehension,Understand
Do you devise a systematic approach in order to get larger progressions,Synthesis,Create
Draw a picture of the bears' house.,Application,Apply
Compose your own note-taking design that incorporates all theadvantages of the Cornell Method.,Synthesis,Create
What do you think is the best thing about coming to Viestal?,Evaluation,Evaluate
Who was the writer of the Hamilton ,Knowledge,Remember
How does one specify the syntactical restrictions,Application,Apply
Devise a new economic system based on the ones that already exist.,Synthesis,Create
Analyze the characteristics of frogs.,Analysis,Analyze
Draw the basic outline of a page of notes using the Cornell Method?,Knowledge,Remember
Correctly label the brain lobes indicated on the diagram below,Knowledge,Remember
Which technology is used by laser printer,Knowledge,Remember
"Contrast the treatment of ""well known"" trademarks provided by Paris Article and by TRIPS Article ",Analysis,Analyze
How do we differentiate between genuine buyer and undercover buyer,Analysis,Analyze
How Do You Think One Should Reason in Making Ethical Decisions in Business,Evaluation,Evaluate
 How do you construct foliations on a given manifold M?,Application,Apply
" Compare and contrast two treatments of either drapery or animals by Greek sculptors, establishing their artistic contexts",Comprehension,Understand
Can you develop a proposal which would . . .?,Synthesis,Create
Identify the five major prophets of the Old Testament.,Knowledge,Remember
Tell in your own words how the setting of the story made it more interesting.,Comprehension,Understand
 Use the second-derivative test to determine whether critical points where f0(x) = 0 yield relative maxima or relative minima,Application,Apply
"If your story occurred long ago, compare that time with today in a good paragraph. If it was a modern story, compare it with a long time ago and tell what would be different.",Analysis,Analyze
Draw a picture of the gown Cinderella wore to the ball.,Application,Apply
If you had access to all resources how would you deal with . . .?,Synthesis,Create
Design the architecture of the software system based on the requirements defined in the Software Requirement Specification document,Synthesis,Create
Compare three celebrations using a Venn diagram.,Analysis,Analyze
Analyze safe and dangerous aspects of these features.,Analysis,Analyze
How would you create/design a new...?,Synthesis,Create
"Given the two solutions to the stated programming problem, rate the solutions in  terms of efficiency and readability.",Evaluation,Evaluate
Suppose Phillip wasn't rescued shortly after Timothy's death. How long could he have survived?,Synthesis,Create
How does Hawaii contrast and compare to Florida?,Analysis,Analyze
State the characteristics of each type of corrosion testing studied,Knowledge,Remember
Discuss the nature of socialism.,Comprehension,Understand
Recall basic math facts,Knowledge,Remember
Estimate expenditure on HIV/AIDS education,Evaluation,Evaluate
Construct a simple payroll program that computes net pay for those working 40 hours or less and net pay for those working over 40 hours.,Application,Apply
What criteria would you use to assess...?,Evaluation,Evaluate
Design costumes for the characters.,Synthesis,Create
Compose a simple rap or rhyme about zoo animals.,Synthesis,Create
Can you distinguish aged rums from unaged rums by smell,Analysis,Analyze
In one sentence illustrate the main point of a written passage.,Comprehension,Understand
Analyze the movements and sounds of a frog.,Analysis,Analyze
State the definition of application in Bloom's Taxonomy.,Knowledge,Remember
Can you compare your . . . with that presented in . . .?,Analysis,Analyze
Can you state in your own words what the problem is asking you to do,Comprehension,Understand
Predict what will happen next in.,Evaluation,Evaluate
Compose a rhythm or put new words to a known melody.,Synthesis,Create
"In a given clinical situation, select the most reasonable intervention and predict the main effects and possible side effects.",Evaluation,Evaluate
Explain in your own words what a recessive gene is.,Comprehension,Understand
Apply your understanding the Olympic spirit to develop a new motto or slogan.,Application,Apply
Identify one problem in the book and give an alternate solution one not given by the author.,Synthesis,Create
Compare the place where the story happened with where you live.,Analysis,Analyze
"structure, sorts the list in ascending order, displays the list on the screen and stores the list",Synthesis,Create
"Award the contract to the best proposal. Rank the principles of ""good sportsmanship"" in order of importance to you.",Evaluation,Evaluate
"In your own words, how would you summarize the story up ",Comprehension,Understand
State the formula for the area of a circle,Knowledge,Remember
Can you create new and unusual uses for . . .?,Synthesis,Create
Select the athlete of the century and analyze why you chose this person.,Analysis,Analyze
Can you design a . . . to . . .?,Synthesis,Create
Conduct an investigation to produce information to support a view.,Analysis,Analyze
Compare and contrast our school to other communities.,Analysis,Analyze
How many states are there in USA,Knowledge,Remember
Do you think that this statement conveys the idea that i am trying to portray,Evaluation,Evaluate
About what proportion of the population of the US is living on farms?,Knowledge,Remember
What would you do if a heavy growth of bacteria had occurred ,Application,Apply
Invent a machine to do a specific task.,Synthesis,Create
Listen to two classmates conversing on tape and critique their performance on the basis of the skills covered this semester.,Evaluation,Evaluate
Define the meaning of the Olympic Motto.,Knowledge,Remember
Assess the importance of understanding seasonal patters.,Evaluation,Evaluate
Use Laplace to solve the following problems,Application,Apply
How many years does this animal live?,Knowledge,Remember
"Given two possible solutions, A and B, to solving the given software development problem, decide on the best solution. Give your justification.",Evaluation,Evaluate
"Identify a property (commutative, additive, etc(",Knowledge,Remember
Revise and process to improve the outcome.,Synthesis,Create
Briefly describe the author's approach to the liabilities of the GOTO statement,Comprehension,Understand
"If your story happened in a foreign land, compare that land to the United States.",Analysis,Analyze
Are you a . . . person?,Evaluation,Evaluate
Compute the area of actual circles.,Application,Apply
 Construct one Turing Machine for computing each of the following functions,Application,Apply
Design a new animal to live in the jungle.,Synthesis,Create
"Given a graph of production trends in automobiles, describe what the graph represents in a memo to your boss.",Comprehension,Understand
List reserved words in C programming.,Knowledge,Remember
Develop a SQA Plan for a software development project which is defined in the attached document.,Synthesis,Create
Specify a deterministic finite automaton (DFA) recognizing the,Application,Apply
Evaluate appropriate and inappropriate actions of characters.,Evaluation,Evaluate
Appraise the speech's effectiveness based upon the class' criteria.,Evaluation,Evaluate
"Critique the other student's (or your own) speech, based on the criteria we have studied this semester.",Evaluation,Evaluate
Use the rule for a semicolon in a sentence.,Application,Apply
Compare and contrast two characters in the book.,Analysis,Analyze
"Rewrite the sentence in your head, following the direction given below",Comprehension,Understand
What do you think is the mass and why,Evaluation,Evaluate
Compare two of the characters in this book.,Analysis,Analyze
Explain what a poem means.,Comprehension,Understand
Use a judge and jury to discuss the statement 'Children enjoy Anthony Browne's books because of the illustrations'.,Evaluation,Evaluate
Interpret the pictures.,Comprehension,Understand
Can you please analyze modern contemporary culture and tell me how your work plays a significant part in the remains of our post-modernist culture ?,Analysis,Analyze
"Differentiate the passages that attacked a political opponent personally, and those that attacked an opponent's political programs.",Analysis,Analyze
How many loop statement available in c++?,Knowledge,Remember
Describe what took place as the Hato was sinking.,Comprehension,Understand
Who is the first president   of USA,Knowledge,Remember
Justify the title To Kill a Mockingbird .,Evaluation,Evaluate
Construct a poster that will advertise your new food product in an exciting and irresistible way.,Evaluation,Evaluate
What would you predict/infer from...?,Synthesis,Create
State four attributes of well engineered software.,Knowledge,Remember
Make a diagnosis or analyze a case study.,Analysis,Analyze
Describe nuclear transport to a lay person.,Comprehension,Understand
"Evaluate a work of art, giving the reasons for your evaluation.",Evaluation,Evaluate
Recall locations of a historical events,Knowledge,Remember
Create a storyboard for a sequel to your book. Use the same characters.,Synthesis,Create
How does Tdap differ from Td vaccine,Analysis,Analyze
Estimate roughly how long the collision process takes,Evaluation,Evaluate
Break down the main actions of the story.,Analysis,Analyze
How could we determine the number of pennies in a jar without counting them?,Synthesis,Create
Compose music for a frog play.,Synthesis,Create
Define four types of traceability.,Knowledge,Remember
What is  your family name,Knowledge,Remember
Draw and label a diagram of a typical stream.,Knowledge,Remember
How much is your weight,Knowledge,Remember
How is scientific progress similar to Darwinian evolution according to Kuhn,Analysis,Analyze
decide about the most exciting part of the book. being sure to give at least three reasons why?,Evaluation,Evaluate
Assess the relative effectiveness of different graphical representations of the same data or biological concept.,Evaluation,Evaluate
 Examine carefully the given map extract on the following page to help you work out the exercise below.,Analysis,Analyze
Construct a Venn diagram to determine the validity of the given argument.,Application,Apply
Distinguish between the following giving suitable examples,Analysis,Analyze
Compare herbatious and carnivorous animals on a Venn diagram.,Analysis,Analyze
Draw the block diagram of the central processing unit ,Knowledge,Remember
What would result if …,Application,Apply
Describe 4 types of coupling in software design.,Comprehension,Understand
Recall the definition of the formula datatype from your assignment 2.,Knowledge,Remember
What are major facts about particular cultures and societies,Knowledge,Remember
Can you find four different feelings Pa Lia had during the story?,Analysis,Analyze
Specify the thickness of a galvanized coating based on atmospheric data? (level 2) ,Application,Apply
Show me how you would check the brake lights are working on this car,Application,Apply
Draw the flow chart of the PNK system,Knowledge,Remember
Compare Calliope with Howie. Use the word bank.,Comprehension,Understand
Investigate innovations that can enhance future Olympics.,Analysis,Analyze
Demonstrate using the OPAC and your knowledge of library organization to find a book about turtles.,Application,Apply
"Paraphrase this poem about Sheik Schubli, explaining what he was saying about the characteristics of a friend",Comprehension,Understand
Assess the appropriateness of an author's conclusions based on the evidence given.,Evaluation,Evaluate
"Illustrate this caption: ""Olympic as a Media Event in the Information Society""",Comprehension,Understand
How would you change the story to create a different ending?,Synthesis,Create
"Using the basic principles of socialism discussed in this course, evaluate the US economic system by providing key arguments to support your judgment.",Evaluation,Evaluate
State the guidelines to design an anodic protection system,Knowledge,Remember
Create a new product. Give it a name and plan a marketing campaign.,Synthesis,Create
Describe how the linear polarization method can yield corrosion rates,Comprehension,Understand
What is a textual index,Knowledge,Remember
Construct the 4-Bit Ripple carry Adder Circuit,Application,Apply
How is . . . similar to . . .?,Analysis,Analyze
How does autonomy differ with age,Analysis,Analyze
Judge whether it would be possible to survive on an island alone and blinded. Write about it.,Evaluation,Evaluate
Critically examine the strengths and weaknesses of the positivist paradigm,Analysis,Analyze
Rewrite a part in the poem using a different speaker,Comprehension,Understand
when was the UN formed ,Knowledge,Remember
Select the best proposal for a proposed water treatment plant.,Evaluation,Evaluate
How was life different in your town 100 years ago?,Analysis,Analyze
Solve for the ten following fraction multiplication problems. Please make sure to show all your work.,Application,Apply
Write a poem about this book.,Synthesis,Create
 Examine the differences between the model excluding the most influential observation and the model including all observations.,Analysis,Analyze
How do you analyze a marginally RCT ,Analysis,Analyze
Make a scrapbook about the areas of study.,Application,Apply
Develop and execute a program for this exercise,Synthesis,Create
Design a healthy menu that you think most people would enjoy using the healthy eating guide.,Evaluation,Evaluate
Describe what happened at...?,Comprehension,Understand
Can you defend your position about . . .?,Evaluation,Evaluate
Use a manual to calculate an employee's vacation time.,Application,Apply
 How can we combine and abstract facts about a software system to create new knowledge?,Synthesis,Create
Choose and illustrate the two most important events in the story.,Evaluation,Evaluate
How would you restructure the school day to reflect children's developmental needs?,Synthesis,Create
How effective are . . .?,Evaluation,Evaluate
Derive a kinetic model from experimental data.,Application,Apply
Prepare a book jacket that illustrates the kind of book as well as the story.,Synthesis,Create
Make up a puzzle game using the ideas from the study area.,Application,Apply
Distinguish facts from hypotheses,Analysis,Analyze
Use the distance travelled and cost of petrol to calculate the cost of a coach trip using a spreadsheet.,Application,Apply
Integrate training from several sources to solve a problem.,Synthesis,Create
Describe the major clinical differences between visceral and somatic pain,Comprehension,Understand
analyze the positive and negative points presented concerning the abolition of guns and write a brief (2-3page) narrative of your analysis.,Analysis,Analyze
State the pattern for expressing time in French.,Knowledge,Remember
Tell in your own words the beginning of the book.,Comprehension,Understand
Model an Olympic Village for the new Millenium.,Application,Apply
Name the property that states that,Knowledge,Remember
Define mercantilism.,Knowledge,Remember
What is the most important...?,Evaluation,Evaluate
Describe how Phillip and Timothy survived on the Cay.,Comprehension,Understand
judge the difficulty level for yourself.,Evaluation,Evaluate
Can you write a new recipe for a tasty dish?,Synthesis,Create
Describe in your own words what happens when a stream's velocity slows.,Comprehension,Understand
Construct a market strategy for your product using a known strategy as a model.,Application,Apply
Show how they have used creative writing strategies appropriate to the format,Application,Apply
Identify the standard peripheral components of a computer.,Knowledge,Remember
"In a teaching simulation with your peers role-playing 6th grade students, demonstrate the principle of reinforcement in classroom interactions and prepare a half page description of what happened during the simulation that validated the principle.",Application,Apply
Judge whether Olympic Ideals are realistic or unrealistic for the contemporary elite athlete.,Evaluation,Evaluate
How many instructions in the instruction set of RISC computer?,Knowledge,Remember
In Which part of the world does he live ,Knowledge,Remember
What are the representational symbols on maps and charts,Knowledge,Remember
Outline in your own words how the Leggo's Tomato Paste advertisement sells their product.,Comprehension,Understand
Evaluate the level of galvanic coupling between two metals using basic kinetic information? (level 4) ,Evaluation,Evaluate
Explain the possible uses described in class for the space to the left of the vertical line.,Comprehension,Understand
Make a radio announcement that advertise the book. Write it out.,Synthesis,Create
State the rule for balls and strikes in baseball.,Knowledge,Remember
State how to find a word in a dictionary,Knowledge,Remember
Identify a phrase as a simile,Knowledge,Remember
What does ICT stands for.,Knowledge,Remember
Choose any U.S. president and explain how he exercised his power as Commander in Chief of the Armed Forces.,Application,Apply
Can you solve the following problem ,Application,Apply
" Inspect each of these Boolean expressions, and determine whether each one is a sum of products, or a product of sums",Analysis,Analyze
How would you investigate this patient,Analysis,Analyze
Complete an analogy (analogy tasks are inference tasks),Comprehension,Understand
Use a costing model to compute prices on goods to maximise profits and minimise costs.,Application,Apply
Write a set of rules to prevent what happened in the story.,Synthesis,Create
 Inspect the size of the loaded data: how many objects and variables does the iris data matrix contain?,Analysis,Analyze
Explain the process (paraphrase) for finding the perimeter of a rectangular garden,Comprehension,Understand
Which of the following item does not belong to the set ?,Knowledge,Remember
Recall the equation for the Ideal Gas Law.,Knowledge,Remember
"Develop a way to teach the concept of ""adjectives"".",Synthesis,Create
Can you group by characteristics such as . . .?,Application,Apply
What is the title of the first movie you saw ,Knowledge,Remember
Would you solve these two problems using similar approaches,Application,Apply
"Explain the term conjugal families, by making reference to the different types of societies to which they could belong.",Analysis,Analyze
Distinguish between abstract date types (ADTs) and implementations of ADTs,Analysis,Analyze
Describe in prose what is shown in graph form.,Comprehension,Understand
How much data can be stored in the cach memory,Knowledge,Remember
 sketch a graph of velocity versus time for the upward and downward parts of a ball’s flight,Application,Apply
"Given these five corrosion inhibitors, V, W, X, Y, Z, identify which are passivators  ",Comprehension,Understand
How would you have handled . . .?,Evaluation,Evaluate
Differentiate between .call by value and call by reference.,Analysis,Analyze
Describe an experiment to answer the question of the effects of weight on the fall of an object.,Application,Apply
"Analyze the problem, identifying its variables.",Analysis,Analyze
Develop a hypothesis.,Synthesis,Create
" Briefly compare this way of testing the satisfiability of to the more standard way using SLD Resolution, as in Prolog",Comprehension,Understand
Establish criteria for making this choice and defend your final selection.,Evaluation,Evaluate
Devise plans to market or make artwork more valuable.,Synthesis,Create
How does public health reporting differ today from reporting two years before,Analysis,Analyze
How does...compare/contrast with...?,Analysis,Analyze
Can you distinguish between . . .?,Analysis,Analyze
Investigate (pointwise) convergence and absolute convergence of the given series of functions,Analysis,Analyze
Decide which candidate would best fill the position of principal.,Evaluation,Evaluate
Investigate whether or not the system can be solved for x; y; z ,Analysis,Analyze
Compare two dog food commercials. What is the difference between them and how do they both sell their products?,Analysis,Analyze
"Explain the double meaning the author attributes to the term ""successive action descriptions""",Comprehension,Understand
"Create a new song for the opening line of ""Mary had a little lamb"".",Synthesis,Create
Describe in your own words what is meant by a sprained ankle.,Comprehension,Understand
How could you re-write this story with a city setting?,Synthesis,Create
Compare and contrast the waterfall model with the prototyping model.,Analysis,Analyze
Name the artist who painted the Mona Lisa.,Knowledge,Remember
Sketch a typical absorption process in a packed column with regeneration in form of,Application,Apply
Summarize the basic tenets of deconstructionism.,Comprehension,Understand
Describe the output of this program fragment:,Comprehension,Understand
Express the following percentages as fractions in simplest form,Comprehension,Understand
What is part of this book did you like best. Tell why you like it?,Evaluation,Evaluate
How would you classify the geographic location of your school,Comprehension,Understand
Rewrite the principles of test writing.,Comprehension,Understand
Please label the diagram below:,Knowledge,Remember
Recite a policy of immigration in Europe .,Knowledge,Remember
What are the major products and exports of countries,Knowledge,Remember
"Outline an ""attack plan"" that will allow you to test your hypothesis using computational molecular modeling tools",Comprehension,Understand
How much time did he took to build a house,Knowledge,Remember
Differentiate the following functions using the quotient rule,Analysis,Analyze
Examine differences between the means of each individual switching factor.,Analysis,Analyze
Recite the principles of the Data Protection Act.,Knowledge,Remember
How would you relate position concept with position strategy,Application,Apply
What are the units of corrosion penetration rates? Relate these to Faraday's law,Knowledge,Remember
Explain in one's own words how to create a query in a database.,Comprehension,Understand
Determine the author’s point of view,Comprehension,Understand
What are the structure or functions of Congress,Knowledge,Remember
"Define stream bank, floodplain and substrate.",Knowledge,Remember
Recite the the Gaussian law,Knowledge,Remember
"Using straight value depreciation, decide between two copper-nickel alloys for the design of a heat exchanger.  ",Evaluation,Evaluate
"After solving a problem, determine the degree to which the problem was solved as efficiently as possible ",Evaluation,Evaluate
How would you differentiate a project from a program,Analysis,Analyze
How to combine virtual symmetry and symbolic model checking effectively,Synthesis,Create
What ideas can you add to...?,Synthesis,Create
"Combine elements of drama, music, and dance into a stage presentation.",Synthesis,Create
Pretend you are a librarian recommending this book to someone. Write a paragraph telling what  you would say.,Synthesis,Create
What would happen if the rainfall doubled in your state next year,Application,Apply
Who can use what we know about sonnets and finish this poem?,Application,Apply
Design a building according to given specifications,Synthesis,Create
How to construct the selected information system,Application,Apply
Can you apply the method used to some experience of your own . . .?,Application,Apply
What is a global variable?,Knowledge,Remember
 How are the adolescents with ASD similar of different from each other in their sources of communication breakdowns ?,Analysis,Analyze
Explain choices made in making recommendations to an end user.,Evaluation,Evaluate
Would you have liked to have had Cinderella for a sister? Explain why or why not.,Evaluation,Evaluate
Translate an equation into a spreadsheet formula.,Comprehension,Understand
Choose a paint schedule for the maintenance of an outdoor structure? (level 2) ,Evaluation,Evaluate
Distinguish between micro and macro economics.,Analysis,Analyze
Write a list of criteria to judge the Willy raps.,Evaluation,Evaluate
Calculate the number of sacrificial anodes that would be required to form a calcareous deposit on a steel pile immersed in seawater. ,Application,Apply
Justify and nominate ways to prevent animal extinction.,Evaluation,Evaluate
Determine if a character’s actions were heroic ,Evaluation,Evaluate
What criteria would you use to assess the validity of a business contract?,Evaluation,Evaluate
How to Construct the Optimal Maintenance Problem,Application,Apply
Recommend how our classroom or playground could be improved.,Evaluation,Evaluate
Pretend you are one of the characters in the book. Write a diary about the happenings in your life for two consecutive days.,Application,Apply
How much water does an elephant drink,Knowledge,Remember
Describe the economic consequence of a neolocal society. Support your description with information you have learned from this course.,Evaluation,Evaluate
Compose a complete C program that reads text strings from a text file into a suitable data,Synthesis,Create
Choose a country that does not compete at the Olympics and explain why that country is not an Olympic member.,Application,Apply
Revise the story and specify the type of audience that would enjoy this book.,Evaluation,Evaluate
Write a song about 'Old MacDonald' who had a bulldozer instead of a farm.,Synthesis,Create
Express the rule in function notation,Comprehension,Understand
Use Gauss’ Law to find the electric field between the plates when the charge on them is Q,Application,Apply
Decide whether you learned enough about electricity from this book.,Evaluation,Evaluate
Translate the following passage from The Iliad into English.,Comprehension,Understand
Evaluate your own or a peer's essay in terms of the principles of composition discussed during the semester.,Evaluation,Evaluate
Determine the next number in a sequence,Comprehension,Understand
"In your own words, how would you define transferable skills",Comprehension,Understand
How would you distinguish between polymyositis and viral myositis in a 42-year-old man with weakness and a rash?,Analysis,Analyze
Show the value of x after running this program fragment,Application,Apply
How would you feel if . . .?,Evaluation,Evaluate
"Given an argument on any position, enumerate the logical fallacies in that argument.",Evaluation,Evaluate
 Outline your experience in working with service users,Comprehension,Understand
Apply shading to produce depth in drawing.,Application,Apply
"Classify the following protocols: IP, TCP, HTTP according to the ISO OSI classification",Comprehension,Understand
Classify animals into two groups.,Comprehension,Understand
What are the parts or features of...?,Analysis,Analyze
Categorise the pictures and add them to the wall display.,Application,Apply
Sketch the blackbody curves for radiation emitted from the Sun and the Earth,Application,Apply
What approach would you use to prove the truth of the below statement ,Application,Apply
Create a set of guidelines to determine the points of a plant susceptible to localized corrosion.,Synthesis,Create
Label any Olympic sporting apparatus with design features.,Knowledge,Remember
What season are we in right now?,Knowledge,Remember
What do you think are the strengths of using integrated math in your program?,Evaluation,Evaluate
What might happen if you combined...?,Synthesis,Create
"Compare and contrast preview questions, clarifying questions and anticipated exam questions, including how each relates to the notetaking process? ",Analysis,Analyze
Differentiate printf function calls for displaying prompts and for echoing data.,Analysis,Analyze
Can you analyze the fractures and determine which should be repaired surgically,Analysis,Analyze
"Given the data available on a research question, take a position and defend it.",Evaluation,Evaluate
Create a chart that compares things that use electricity and things that do NOT use electricity.,Synthesis,Create
In what ways do female offenders differ from male offenders,Analysis,Analyze
Draw a painting that uses various principles of perspective to achieve its effect.,Synthesis,Create
"Explain how the biological concept of symbiotic relationships could be used to help solve socially created problems like water pollution, overflowing garbage landfills, or homelessness.",Synthesis,Create
Compute the volume of a cylinder,Application,Apply
Revise how to complete a complex task in order to improve the outcome.,Synthesis,Create
Design a machine to perform a specific task.,Synthesis,Create
"Which of the two algorithms, bubblesort or quicksort, is more efficient? Justify your answer.",Evaluation,Evaluate
Inspect the pattern of GPS positions relative to the “known” published value,Analysis,Analyze
"How effectively did students analyze course content on race, class, and privilege through autobiographical reflection",Analysis,Analyze
Create and perform a play about frogs.,Synthesis,Create
Break down the components of a standard film camera and explain how they interact to make the machine work.,Analysis,Analyze
What changes to . . . would you recommend?,Evaluation,Evaluate
Explain and justify a new budget.,Evaluation,Evaluate
Compose a device that would assist an athlete in their training.,Synthesis,Create
Make up a new language code and write material using it.,Synthesis,Create
Predict whether Phillip will ever go back to visit the Cay after several years of recovery. Assuming he gets his sight back.,Evaluation,Evaluate
Express the following systems in matrix form,Comprehension,Understand
"in what ways is oxyperoxidase similar to other oxygenated heme proteins, and how does it differ",Analysis,Analyze
Rewrite you predicted equation for the ideal gas law,Comprehension,Understand
How could we develop a coherent measure of success for organisations engaged in this type of activity with young people?,Synthesis,Create
Identify the part of a eukaryotic cell.,Knowledge,Remember
How does an endorsement differ from a teaching certificate,Analysis,Analyze
Defend your use of a specific strategy in solving the problem.,Evaluation,Evaluate
Evaluate whether their model is a true representation of the local environment.,Evaluation,Evaluate
Assess the strengths and weaknesses of the current Olympics and recommend action that should be taken in future Olympics: What can be,Evaluation,Evaluate
 Estimate the risk of serious illness for consumers in different susceptible population groups,Evaluation,Evaluate
Differentiate between the following terms along with appropriate examples,Analysis,Analyze
What happens if you change the direction of the displacement (but not its size)?,Application,Apply
Make a paper-mache map to include relevant information about an event.,Application,Apply
"Given three possible approaches to implement the defined system, discuss the possible advantages and disadvantages of each approach.",Evaluation,Evaluate
When did the second world war happen ,Knowledge,Remember
Conclude and support which economic system leads to a higher standard of living.,Evaluation,Evaluate
"Classify the following substances as particle, atom, element, molecule, compound",Comprehension,Understand
Decide whether you could have survived on the island blind and alone. Write about things that would have been challenging making sure to,Evaluation,Evaluate
"Recite the poem ""Auto Wreck"".",Knowledge,Remember
How does your agency inspect against its expectation for operators ,Analysis,Analyze
when did saudi arabia start using internet,Knowledge,Remember
How do you think the community should grow or change,Evaluation,Evaluate
Outline the most important insight of the tale.,Comprehension,Understand
Rewrite the markov matrix to account for this slight change.,Comprehension,Understand
how do we devise a way to enforce the laws,Synthesis,Create
Explain the communicative property.,Comprehension,Understand
Outline the aim of two studies within the ,Comprehension,Understand
Outline the mechanisms employed by bacteria allowing them to evade phagocytic destruction.,Comprehension,Understand
"From the information given, can you develop a set of instructions about . . .?",Application,Apply
What factors would you change if . . .?,Application,Apply
Paraphrase the poem in your own words,Comprehension,Understand
Summarize the basic tenets of collaborative conservation.,Comprehension,Understand
Can you invent another character for the story?,Synthesis,Create
How to specify the impact energy and impact test temperature of the material in the Code,Application,Apply
Compose a dialogue between Atticus Finch and Tom Robinson when they first met.,Synthesis,Create
Was Hemingway a great American writer? First you will need to define greatness.,Evaluation,Evaluate
Which of the following actions would probably be least effective in determining the answer? ,Evaluation,Evaluate
Translate an equation into a computer spreadsheet.,Comprehension,Understand
Contrast the Valles Marineris on Mars with the Grand Canyon,Analysis,Analyze
"How can we construct H given I, B and E?",Application,Apply
who was the first man on the moon,Knowledge,Remember
Look at the symbol. What is the symbol’s purpose on a map?,Knowledge,Remember
Name the main characters in the story.,Knowledge,Remember
Summarize Jem’s beliefs about Boo Radley,Comprehension,Understand
State in your own words where in the library to find previous issues of journals that are no longer in the display racks.,Comprehension,Understand
Create plan of local environment by drawing around boxes.,Synthesis,Create
Critique an experimental design or a research proposal.,Evaluation,Evaluate
What would happen if . . .?,Synthesis,Create
Express your opinion of 'Drugs in Sport' through poetry.,Comprehension,Understand
Solve a math problem using familiar procedure or formula,Application,Apply
Predict what happens to X if Y increases.,Application,Apply
Construct the Data Path of the RISC Processor given in the previous question ,Application,Apply
Demonstrate how this could work in an industry setting?,Application,Apply
In what ways are foxes similar to wolves and dogs,Analysis,Analyze
Would this information be useful if you had a . . .?,Application,Apply
Describe in your own words how to copy text from one program into another.,Comprehension,Understand
Participate in a mock election,Application,Apply
Choose a character. Rewrite a scene from the story from this character's point of view.,Synthesis,Create
"In your own words, tell what is meant by the definition of an isosceles triangle.",Comprehension,Understand
Apply the rule of law to a new situation,Application,Apply
List three predominant economic systems that exist,Knowledge,Remember
What solutions would you suggest for...?,Synthesis,Create
"Write a C program that accepts integer inputs from the screen, computes the total and average values; and displays the values on the screen.",Synthesis,Create
Define compound interest.,Knowledge,Remember
"Using information from the book about one of the main characters, rewrite the ending of the book.",Synthesis,Create
Paraphrase an important speech,Comprehension,Understand
How do you combine the results of various individual tests to determine whether a student can progress to a next semester / phase / year?,Synthesis,Create
Illustrate what you think the main idea was.,Comprehension,Understand
Appraise data in support of a hypothesis.,Evaluation,Evaluate
" How do you distinguish between the binge-eating/purging type of anorexia nervosa and bulimia nervosa, purging type",Analysis,Analyze
How do we efficiently combine multiple subject graphs to construct an aig with choice,Synthesis,Create
Decide whether you are in favor of building on a floodplain; defend your position in a debate.,Evaluation,Evaluate
 How would you compare SAS with the Visual Basic Application and SPSS for the processing and analysis of mainframe data,Comprehension,Understand
How would you differentiate between heterodox and mainstream,Analysis,Analyze
Given two opposing theories design an experiment to compare them.,Synthesis,Create
Use a sketch too find the exact value of each expression,Application,Apply
Design and make an animal that moves.,Synthesis,Create
How would the U.S.A. be different if the South had won the Civil War?,Synthesis,Create
Identify which word begins with the same sound as the s in sun (Knowledge of letter s),Knowledge,Remember
Describe in your own words how to borrow a book from the library.,Comprehension,Understand
Apply the storytelling technique here to a little story of your own.,Application,Apply
Make a diorama to illustrate an important event.,Application,Apply
Describe the Pareto Principle in statistical software quality assurance.,Comprehension,Understand
who is the founder of the kingdom of saudi Arabia,Knowledge,Remember
Explain in your own words what is meant by mercantilism.,Comprehension,Understand
Design a testing scenario to assess the susceptibility of an alloy to be used in a given environment?,Synthesis,Create
Which of the following is the method for determining the volume of a cylinder?,Knowledge,Remember
How would this story be different if it had happened in a different country?,Analysis,Analyze
Can you see a possible solution to . . .?,Synthesis,Create
 Label the parts of the microscope shown on the right,Knowledge,Remember
in what ways trajectory patterns differ according to ABC,Analysis,Analyze
State in your own words what the author means when he says,Comprehension,Understand
Translate a written text aloud from L2 to English.,Comprehension,Understand
"Given the data we've looked at on this topic, evaluate how appropriate this conclusion is and defend your answer.",Evaluation,Evaluate
Tell how Phillip kept himself alive after Timothy died.,Comprehension,Understand
Write a letter to the editor on a social issue of concern to you.,Synthesis,Create
Summarize a story in own words.,Comprehension,Understand
How to inspect and maintain fresh water plumbing systems properly,Analysis,Analyze
Summarize a historical document,Comprehension,Understand
"Explain what the author means by the statement ""our intellectual powers are geared to master static relations.",Comprehension,Understand
Contrast Olympic athletes of today with athletes of past Olympic games.,Analysis,Analyze
"how do the clauses and expressions given in the article which replace GOTO statements, lead to the three traditional control statements",Synthesis,Create
What do you think about . . .?,Evaluation,Evaluate
Compose an original work which incorporates five common materials in sculpture.,Synthesis,Create
Use tableau methods to prove that the following tableau is valid.,Application,Apply
which part of a data packet is used by a router to determine the destination network,Knowledge,Remember
Restate main idea of story in own words.,Comprehension,Understand
Compare this book to the last book you read.,Analysis,Analyze
"Following the identification of the forms of corrosion that were involved in a failure, recommend a solution to avoid this failure?",Synthesis,Create
Calculate the deflection of a beam under uniform loading.,Application,Apply
Demonstrate how the seasons occur.,Application,Apply
Explain the causes of historical events,Comprehension,Understand
Restate the Olympic motto in your own words.,Comprehension,Understand
Classify frogs toads and other amphibians.,Comprehension,Understand
Construct a model to demonstrate how it will work.,Application,Apply
Summarize this magazine article.,Comprehension,Understand
Name the food groups and at least two items of food in each group.,Knowledge,Remember
Why not compose a song about . . .?,Synthesis,Create
can you devise an explicit formula for,Synthesis,Create
 What happens if you restrict a determinental process to a subset R  S? ,Application,Apply
List the procedure to draw a mixed potential or Evans' diagram,Knowledge,Remember
Compare historical events to contemporary situations,Comprehension,Understand
Name the four major food groups.,Knowledge,Remember
 Sketch a prediction of the field lines for the arrangement of electrodes shown in Figure 2,Application,Apply
Develop one plausible ending for all three short stories below.,Synthesis,Create
Relate your most powerful story where your use of technology in the classroom has yielded a significant outcome with a student or students,Application,Apply
Paraphrase what Hamlet is saying in his soliloquy.,Comprehension,Understand
Calculate the rate of habitat fragmentation within the Colorado Front Range in the last decade.,Application,Apply
who was the first to compose in the arts of makamat,Knowledge,Remember
"After examining the videotape of a play in a football game, determine the degree to which the defensive team performed effectively and",Evaluation,Evaluate
What can I do to investigate this problem further,Analysis,Analyze
  Describe and compare the role of Islamic law in the legal systems of Malaysia and Pakistan,Comprehension,Understand
How would you investigate this abnormality,Analysis,Analyze
Can you explain what must have happened when . . .?,Analysis,Analyze
Examine the data in the EMPLOYEES and DEPARTMENTS tables,Analysis,Analyze
How many kilometers from your home to the university,Knowledge,Remember
in which countries is arabic language spoken,Knowledge,Remember
Construct a dictionary and a truth table to determine if the following statements are logically equivalent,Application,Apply
How many ways can you . . .?,Synthesis,Create
How would you differentiate obstructive apneas from central apneas,Analysis,Analyze
Suggest  any  TWO  (2)  efforts  that  organization  may  perform  in  order  to discourage unethical behavior.,Synthesis,Create
Discuss how Resource Based View can be implemented in organizations to reinforce financial standing.,Application,Apply
Define factors of production.,Knowledge,Remember
Briefly describe FIVE (5) general types of factors of production.,Comprehension,Understand
"In your opinion,  provide  any  TWO  (2)  reasons  why  the  actions  of  one  firm  can significantly affect the sales of the other firms in an oligopoly market. ",Comprehension,Understand
Define electronic commerce.,Knowledge,Remember
Explain THREE (3) broad categories of e-commerce with examples.,Comprehension,Understand
Discuss any THREE (3) ways by which an organization can benefit from e-commerce.,Comprehension,Understand
Advise Smith on any FIVE (5) types of information which should be included in the website.,Synthesis,Create
Suggest any THREE (3) specific ways with elaborations on how this new business may utilize the Internet technology to achieve cost efficiency.,Synthesis,Create
Differentiate between data and information using examples.,Analysis,Analyze
State any FOUR (4) characteristics of valuable information.,Knowledge,Remember
Explain the differences between volatile and non-volatile storage.,Comprehension,Understand
Suggest THREE (3) specific types of application software  that  may help to  support James's business activities. ,Synthesis,Create
List and describe THREE (3) accounting cycles in an Accounting Information System.,Knowledge,Remember
Explain how SWOT and Porter's techniques is applied in the manufacturing industries.,Application,Apply
State FOUR (4) basic business activities that are performed in the revenue cycle.,Knowledge,Remember
List any THREE (3) practical approaches for payment collection  in revenue cycle.,Knowledge,Remember
Compare and contrast Manufacturing Resource Planning  (MRP-II) and Lean Manufacturing.,Analysis,Analyze
"As a manager in an Information Technology firm, suggest and elaborate any THREE (3) actions that organizations can take as part of the responsibility towards the society.",Synthesis,Create
Illustrate each of these situations with TWO (2) real-life examples.  ,Comprehension,Understand
Explain the differences between ethical dilemma and ethical lapse.,Comprehension,Understand
Suggest and justify ONE (1) strategy that your company may consider for marketing its products internationally. ,Evaluation,Evaluate
Differentiate between Market Economy and Planned Economy.,Analysis,Analyze
Provide  each  of  Market  Economy  and  Planned  Economy  with  an example.,Comprehension,Understand
Differentiate between a wholesaler and a retailer.,Analysis,Analyze
"In your opinion, identify the relationship between factors of and a country's economic system.",Comprehension,Understand
Briefly  describe  THREE  (3) types  of business  process  that  traditionally organized around functional areas of business. Provide an example of each.,Knowledge,Remember
Propose  and justify ONE  (1)  international market-entry strategy  that   you   may   consider   to market your   products internationally.,Evaluation,Evaluate
Construct a basic diagram or figure to demonstrate your understandings on what Information System is.,Comprehension,Understand
State a main difference between a customer and a contact.,Comprehension,Understand
Identify ONE (1) most likely error of the following quotation.,Knowledge,Remember
Determine  which  sub-stage that the  deal  is currently  in for the  following cases.,Application,Apply
"Three sales sub-stages: qualification, proposition and negotiation are included in both OpenERP and SugarCRM, before a deal is won. Give a brief description of these sub-stages.",Comprehension,Understand
State your recommended solution with justification.,Evaluation,Evaluate
Explain TWO (2) ways on how monopoly harms consumers and hurts the economy. Justify and illustrate your answers.,Evaluation,Evaluate
Suggest and elaborate any TWO (2) efforts or methods that your company may use in order to gain competitive advantage over your competitors.,Synthesis,Create
Justify your answers with elaborations by providing any TWO (2) reasons.,Evaluation,Evaluate
Differentiate between data and information using a real life example.,Analysis,Analyze
Briefly  discuss  on the  difference  between  volatile  and  non-volatile storage.,Comprehension,Understand
Briefly discuss any THREE (3) specific internet technologies or tools that are commonly found in providing support for business activities.,Comprehension,Understand
Provide a real life example on conflict of interest situation.,Comprehension,Understand
Illustrate  your understanding for oligopoly competition and monopolistic competition using ONE (1) real life example for each.,Comprehension,Understand
Briefly discuss any TWO (2) consequences for whistle-blowing activity.,Comprehension,Understand
List any TWO (2) real life examples of  the  organization  that implement the clicks-and-bricks B2C E-Commerce.,Knowledge,Remember
Provide THREE (3) examples of input devices.,Knowledge,Remember
Identify and discuss THREE (3) issues on employee productivity problems that companies face.,Comprehension,Understand
Briefly provide any TWO (2) real life situations to illustrate on ethical dilemma.,Comprehension,Understand
Propose  an  e-commerce  classification  model  that  suits the  needs  of  John's business. Justify your answer.,Evaluation,Evaluate
Explain the concept of clicks-and-bricks model in e-commerce.,Comprehension,Understand
Explain each inventory control method and suggest TWO (2) types of products for each method.,Synthesis,Create
Explain Greimas square tool and discuss how it can be applied the aviation industry.,Application,Apply
List   THREE  (3) advantages  and  TWO  (2)  disadvantages codification.,Knowledge,Remember
Provide TWO  (2) possible reasons why AirAsia  decide to offer this new online service.,Comprehension,Understand
Identify  THREE  (3) possible  threats  you  should  anticipate  for this Internet-based business.,Comprehension,Understand
Suggest THREE (3) methods Game2 can take to prevent damage to its Web sites and continuing operations.  Justify your answer.,Evaluation,Evaluate
Explain  the  concept  of  Customer  Relationship  Management  (CRM).,Comprehension,Understand
Apply Porter's five competitive forces analysis to examine the summer job industry for your uncle.,Application,Apply
Discover FOUR (4) characteristic of IT infrastructure to be considered.,Synthesis,Create
Concisely define what SWOT analysis is and state why it is frequently producing conflicting views.,Comprehension,Understand
Formulate the profit for the company. ,Synthesis,Create
Discuss the extent to which Value Chain Analysis can be applied in the logistics sector.,Application,Apply
Information systems value is determined by the strong relationships among THREE (3) major components. Name them.,Knowledge,Remember
Cloud computing evolved from earlier technologies. State them.,Knowledge,Remember
Briefly  explain  any  TWO  (2) observations  of information  technology trend using Moore's Law.,Comprehension,Understand
Relate cycle-time reduction to improved performance. Justify your answer.,Evaluation,Evaluate
Define privacy.,Knowledge,Remember
"In your own words, describe Supply Chain Management (SCM).",Comprehension,Understand
"In  your  opinion,  discuss  how  modern   supply  chain  management systems facilitate a pull-based  model.",Comprehension,Understand
Define the term Radio Frequency Identification (RFID).,Knowledge,Remember
Explain how RFID provides value to businesses.,Comprehension,Understand
"Use Porter's five competitive forces to analyze FiredUp, Inc.",Application,Apply
Explain how GST approach can be deployed in the context of Accounting Information System.,Application,Apply
"Base on the case study given, summarize THREE (3) ISM security problems.",Comprehension,Understand
Classify information systems based on the support IS can provide.,Comprehension,Understand
Explain how Referral Networks approach can be used as a tool to increase number of customers.,Application,Apply
Draw the diagrams for a centralized database and a distributed database.,Comprehension,Understand
Explain how the future of social media can be explained by Web 3.0.  ,Comprehension,Understand
Define knowledge and provide an example of knowledge produced by a vehicle management system.,Knowledge,Remember
Identify PayPal's business model.,Knowledge,Remember
Scaling methods can improve the performance of the web site. Propose to Jane which scaling method suit her current business needs. Justify your answer.,Evaluation,Evaluate
Define CRM and discuss how the CRM can be implemented in the business environment.,Application,Apply
Examine how e-commerce facilitates Value Chain and Supply Chain.,Analysis,Analyze
Explain how auction is related to dynamic pricing.,Comprehension,Understand
Compare and contrast Address Verification  System (AVS) and Card verification number (CVN).,Analysis,Analyze
Provide THREE (3) justification on how would the university community be encouraged to place orders and become loyal customers.,Evaluation,Evaluate
Personalization is becoming an important element in Electronic Commerce. Explain TWO (2) techniques that can be used to learn about consumer behavior and how it can be used to facilitate customer service.,Comprehension,Understand
Provide TWO (2) suggestions on how a Web presence help Columbiana's government.,Synthesis,Create
Briefly  discuss  how  TQM  could  be  applied  m  the  management  of  the newspapers' editorials.,Application,Apply
"Based on your observation of the local newspaper industry, discuss and state your stance on whether gender affects professional news selection.",Evaluation,Evaluate
Discuss how far you agree with this statement with emphasis on circulation management of a newspaper company.,Evaluation,Evaluate
Argue critically with relevant examples.,Evaluation,Evaluate
Critically discuss the quote above and explain FIVE(5) ways the interest groups can be more effective with relevant examples.,Analysis,Analyze
Critically analyze and discuss the problems with secondary data. Provide relevant examples to support your answer.,Analysis,Analyze
Describe the term 'urbanization' and discuss how urbanization influences the development of marketing and advertising strategies.,Comprehension,Understand
Critically discuss how demographic characteristics would affect a product development in a foreign market.,Analysis,Analyze
Analyze and discuss the challenges and opportunities that social media creates.,Analysis,Analyze
Critically analyze the image above and discuss the strategic decisions associated with the appeals of the advertisement.,Analysis,Analyze
Show how NLP techniques can be deployed in business.,Application,Apply
Suggest THREE (3) ethical considerations that ANA advertisers should take into account in designing commercials.,Synthesis,Create
Create a poster that promote jeans to local senior citizen which appeal directly to a multiracial citizen in Malaysia.,Synthesis,Create
Select a local 'HOMEGROWN' brand and discuss its international marketing mix.,Comprehension,Understand
Critically discuss FOUR (4) main dimensions that used to  classify countries based on Hofstede's Cultural Dimensions Theory.,Analysis,Analyze
Compare and contrast between low context cultures and high context cultures. ,Analysis,Analyze
Critically discuss the THREE (3) options in handling the international media planning or buying.,Analysis,Analyze
Design an ideal newspaper organisational chart. Then describe the functions of the respective departments and how they relate to each other � horizontally and vertically.,Synthesis,Create
Demonstrate email and social media approaches to create effective marketing plan.,Application,Apply
Examine the two roles and show how newspaper managers can successfully draw a balance between their economic role and social role.   ,Analysis,Analyze
Suggest a house-style and editorial policies for your newly introduced newspaper targeted at young readers aged between 15 to 25 years.,Synthesis,Create
Examine how conventional newspaper can continue to maintain its circulation with the easy access to alternative information on the web.,Analysis,Analyze
"As an editor-in-chief, suggest how you can motivate your experienced journalists to remain with your paper.",Synthesis,Create
Discuss the factors that you think may have affected the quality of newspapers in Malaysia and identify the key elements for a successful newspaper .,Analysis,Analyze
List any five departments and discuss the relations between these departments and the importance of depending on each other.,Analysis,Analyze
PEST and SWOT are popular strategy tools. Discuss how the TWO(2) tools can be applied in manufacturing business environment.,Application,Apply
"Evaluate the performance of Malaysian newspapers and comment on what you think they should do to win back readers, particularly those who show preference for online news.",Evaluation,Evaluate
Prepare a research  proposal on a study that you have to conduct on the purchasing behaviour of teenagers in the Klang Valley.,Synthesis,Create
Evaluate the need for ethics in research.,Evaluation,Evaluate
Explain the case study research method and distinguish between single and multiple case study design.,Analysis,Analyze
Argue the case for conducting experimental research involving humans and propose guidelines to ensure that the dignity and welfare of the subjects are maintained.,Evaluation,Evaluate
Differentiate between qualitative research and quantitative research in terms of their goal and design.,Analysis,Analyze
Develop a questionnaire based on at least FOUR open-ended and FOUR closed-ended questions for the interviews.,Synthesis,Create
Analyze the purpose of having a Purchasing Department in an organization.,Analysis,Analyze
Distinguish Paradox of the Commons from Tragedy of the Commons.,Analysis,Analyze
Evaluate the three specific effects caused by the applications of information technology on the nature of competition.,Evaluation,Evaluate
"Advise the five steps, as recommended by Porter and Millar, that can be applied by business managers in taking advantage of information technology.",Synthesis,Create
Winer (2001) proposes a 7-component Customer Relationship Management (CRM) Model as a framework to implement a successful CRM program. Evaluate each of the seven components of the CRM Model.,Evaluation,Evaluate
"Davenport (2000) discusses four emerging trends to be considered in designing future enterprise systems. Analyze each emerging trend, its relevance and importance to the designing of future enterprise systems.",Analysis,Analyze
Apply SWOT analysis in education environment and discuss its impact in the revenue analysis.,Application,Apply
Alavi and Leidner (2001) examine how information technology (IT) can be a key enabler in supporting four organizational knowledge management (KM) processes. Critically assess the role of IT in supporting the four KM processes.,Evaluation,Evaluate
PERCEPTION STUDIES based on SURVEY METHOD are useful and common in both academic and market research. Critically evaluate the strategies used  in data collection that can increase the response rate when conducting a survey.,Evaluation,Evaluate
Critically review how a shift in the mental model with a different set of assumptions could change Yahoo.,Evaluation,Evaluate
"With reference  to the case, evaluate the similarities  and differences  between  open mindedness and mental models.",Evaluation,Evaluate
Leaders  often  face  a  dilemma  because  of  a  perceived  conflict  between  the realm of business and the realm of ethics. Compare the characteristics  of leaders who follow a strict rational  self-interest  approach  with  those  who take an ethical approach.,Analysis,Analyze
Evaluate the appropriateness of drugs advertising by the pharmaceutical firms.,Evaluation,Evaluate
Distinguish clearly between power and authority.,Analysis,Analyze
Evaluate the types of power Benjamin Fang is exercising in Sun Plantations and explain how this is being eroded by the changes taking place in the environment.,Evaluation,Evaluate
Discuss the extent to which the existence of a conflict between a company's objectives is acceptable.,Evaluation,Evaluate
Discuss and show the impact of CRM strategies in the telecommunication sector.,Application,Apply
"Discuss the extent to which it is feasible for a company to 'operationalise' its social responsibility Spirations, that is, whether it is possible to bring these considerations into strategic decision-making in a programmed or systematic way.",Evaluation,Evaluate
"Identify and recommend any appropriate amendments to the proposal presented in order to rectify the errors made in estimating the company's current cost of capital and current value. For each of the revisions, explain the reasons why it should be amended.",Evaluation,Evaluate
"Recommend with justification, a value or range of values to the Board of Directors for the acquisition of ESL Berhad.",Evaluation,Evaluate
"Compare how the internal rate of return (IRR) method, Net Present Value (NPV) and modified internal rate of return (MIRR) method is different.",Analysis,Analyze
Analyze the product-market options that are available to Associated Meats Sdn Bhd.,Analysis,Analyze
Use philanthropy approach to manage corporate social responsibility effectively.,Application,Apply
"Critically review the strengths, weaknesses,  opportunities and threats of Associated Meats Sdn Bhd in light of the forecast trends and developments.",Evaluation,Evaluate
"Critically appraise the five competitive forces encased within Porter's ""Five Forces"" model within the context of a profit-oriented organisation and discuss the threat posed to the firm by each of these forces.",Evaluation,Evaluate
"Evaluate the nature and effect of significant ""entry barriers"" on the formulation of a strategic plan for a business which is already established in the industry.",Evaluation,Evaluate
Synthesize any FIVE (5) factors that  should be considered  when  devising a safe system to undertake a task in an organization.,Synthesis,Create
Synthesize the need for ventilation as an engineering control.,Synthesis,Create
Assess the reason for hazard communication and the mode of communication practice for chemical safety at worksite.,Evaluation,Evaluate
List FIVE (5) functions of Department of Safety and Health as outline in OSHA 1994.,Knowledge,Remember
Define the term project in the context of project management.,Knowledge,Remember
Define standard operating procedures as highlighted.,Knowledge,Remember
Show in a step by step manner how TQM can be implemented successfully in education sector.,Application,Apply
Compare FOUR (4) point of views of entrepreneurs with FOUR (4) for managers the way they look at the things.,Analysis,Analyze
Being a technopreneur means dealing with innovation. Define what innovation is and also propose FOUR (4) types of innovations you can have in your organization.,Synthesis,Create
Presenting the business plan is very crucial to convince potential consumers and financers. List any SEVEN (7) suggestions for good presentation of your business plan.,Knowledge,Remember
List the advantages and disadvantages of Public Offering.,Knowledge,Remember
Show your calculations for all THREE (3) options and then discuss which one of the options you prefer.,Analysis,Analyze
Currently the product life cycle for Apple iPod is in the 'growth stage'. Provide evidence to support your answer.,Evaluation,Evaluate
Define brand audit.,Knowledge,Remember
Explain how Porter's concept can be used in education domain.,Application,Apply
"Use your imagination to create a picture about the story. Then, add one new thing that was not in the story.",Synthesis,Create
"Analyze a work of art in terms of form, color and texture.",Analysis,Analyze
Design a scientific study to test the effect of different kinds of music on hens’ egg production.,Synthesis,Create
Rewrite the story from an animal’s point of view.,Synthesis,Create
Develop a proof ... and justify each step ... ,Evaluation,Evaluate
"Explain briefly the meaning of the following terms: Demography, Consumer sales promotion , and Media mix",Knowledge,Remember
Propose an alternative way to solve …  ,Synthesis,Create
"Design a record, book or magazine cover for...",Synthesis,Create
How would you express ________________?,Comprehension,Understand
How would you rank the items given the criteria ?,Evaluation,Evaluate
Analyze the selected information.,Analysis,Analyze
Design a building to house your study.,Synthesis,Create
Class Facility is an abstract class. Explain what this means,Comprehension,Understand
"Write a TV show play, puppet show, role play, song or pantomime about..",Synthesis,Create
"Discriminate the different parts of the story (introduction, development, climax, resolution.)",Analysis,Analyze
What evidence can you list for...,Analysis,Analyze
What hypotheses can you develop based on the data ? Why ?,Synthesis,Create
What has the author used to create this effect,Analysis,Analyze
How does the law of supply and demand explain the current increase in the price of fruit?,Application,Apply
Sketch an experiment to see how plants grow in different kinds of soil.,Application,Apply
Draw an illustration of the linked list after the execution of each of the statement below. (Use the original illustration for each question).,Application,Apply
State in your own words ...,Comprehension,Understand
State in one word ...,Comprehension,Understand
Name the authors of...?,Knowledge,Remember
Write a program that uses nested loops to print the following output:,Synthesis,Create
Prepare a list of criteria to judge ... Evaluate expressions,Evaluation,Evaluate
Draw a diagram explaining how air pressure affects the weather.,Comprehension,Understand
Suggest a way to deal with this scenario,Application,Apply
Draw a flowchart to accept a number and output its factorial.example 1: input 5 -> 5! = 5x4x3x2x1 -> output 120 ,Comprehension,Understand
Create several scientific hypotheses to …,Synthesis,Create
Recall the main components of the flowchart,Knowledge,Remember
What criteria would you use to assess...? ,Evaluation,Evaluate
Design or sketch a marketing strategy for your product using a known strategy as a model.,Application,Apply
Explain what is happening in the first picture of the story.,Comprehension,Understand
How would you justify . . . ?,Evaluation,Evaluate
Can you propose an alternative plan to . . . ?,Synthesis,Create
Create an advertising campaign,Synthesis,Create
"Based on the above dataType class, list all the function members",Knowledge,Remember
"Your advice has been sought to settle the following dispute in Company X. Referring to appropriate legal principles, write a short report advising the company on the best course of action to adopt.",Evaluation,Evaluate
Interpret the graph and state how many trees were cut down to produce paper.,Application,Apply
Develop a menu for a new healthy foods restaurant,Synthesis,Create
"""Don’t use public instance variables"" is defensive programming techniques. discuss why it is good advice?",Evaluation,Evaluate
Categorize the story into parts and think of a good title for each of the parts.,Analysis,Analyze
List the __________________ in descending order,Knowledge,Remember
Can you explain what is happening . . . what is meant . . .? ,Comprehension,Understand
Write an explanation about this topic for others,Application,Apply
Name five cities in US.,Knowledge,Remember
Can you think of an original way for collect and develop the . . . ?,Synthesis,Create
Judge how well a project meets the criteria of a rubric.,Evaluation,Evaluate
How would you classify the type of ...?,Comprehension,Understand
List important information you can remember from lesson….,Knowledge,Remember
Can you discriminate the difference parts . . . ? ,Analysis,Analyze
Compare and contrast the two items and produce a summary of their similarities and differences,Analysis,Analyze
What would you cite to defend the actions . . . ? ,Evaluation,Evaluate
List the data members,Knowledge,Remember
Design a new monetary system or an experiment for establishing.,Synthesis,Create
What do you recall ...?,Knowledge,Remember
"In your own words, tell what the story is about.",Comprehension,Understand
Justify the object oriented programming concept,Evaluation,Evaluate
Write a poem about the story.,Synthesis,Create
"Write a program to calculate the SQRT for Array elements, you may use the Math class function (sqrt), the Array should include 5 Integer elements. The output should be the array elements along with their SQRT value.",Synthesis,Create
Judge the value of... What do you think about...?,Evaluation,Evaluate
What criteria would you use to evaluate if your answer is correct?,Evaluation,Evaluate
Define Inheritance concept,Knowledge,Remember
Recall four facts from the story,Knowledge,Remember
Propose a set of alternatives for reducing dependence on fossil fuels that address both economic and environmental concerns.,Synthesis,Create
Construct an alternative way to ...,Synthesis,Create
Write a C++ statement to declare a variable of type musicType name MyTune.,Application,Apply
Devise a different way of using X,Synthesis,Create
Describe how interest rates affect the economy,Comprehension,Understand
Write a JAVA program to show the Overloading concept,Synthesis,Create
How can you categorize ____ according to...?,Analysis,Analyze
Can you justify the decisions you have made ? ,Evaluation,Evaluate
Explain why the story has the title that it does.,Comprehension,Understand
Memorize and recall the periodic table,Knowledge,Remember
Write about your feelings in relation to...,Synthesis,Create
Choose the best statements that apply ...,Application,Apply
Identify the key points in the text ,Comprehension,Understand
Explain what is meant.,Comprehension,Understand
Write a journal from the point of view of mountaineer.,Synthesis,Create
What evidence can you find to suggest that people should be regarded as the most important resource of an organisation?,Analysis,Analyze
List the fractions you know and can show….,Knowledge,Remember
How can you differentiate between...?,Analysis,Analyze
Create several different strategies to solve a mathematical problem. ,Synthesis,Create
How can you describe _____________?,Comprehension,Understand
"Rewrite the story briefly, but change someone or something in it. (For example, substitute a dog for a wolf in The Three Little Pigs).",Synthesis,Create
Explain how the heart is like a pump.,Comprehension,Understand
Write 5 new titles for the story that would give a good idea of what it was about,Synthesis,Create
List two local variables in the main function,Knowledge,Remember
Discriminate the pros and cons of ____.,Analysis,Analyze
List the attributes of the following shape.,Knowledge,Remember
Judge the validity of arguments for and against astrology,Evaluation,Evaluate
List two reference parameters in the setHour function,Knowledge,Remember
Draw a diagram to show the memory configuration after the following statements .... ,Analysis,Analyze
How can you explain what is meant ...?,Comprehension,Understand
Outline how class ArrayList could be implemented using an array,Evaluation,Evaluate
Develop a set of criteria for distinguishing between a good and bad example of this.,Analysis,Analyze
Rate the following recommendations and set the priority _____.,Evaluation,Evaluate
Can you assess the value or importance of . . . ?,Evaluation,Evaluate
Identify three mistakes from the passage and correct them.,Comprehension,Understand
Trace the value of alpha after the following code executes. int alpha[5];int j;alpha[0] = 5;for (j = 1; j < 5; j++){if(j % 2 == 0)alpha[j] = alpha[j – 1] + 2;else alpha[j] = alpha[j – 1] + 3;},Analysis,Analyze
Sketch a diagram which shows these fractions or take photographs of the fractions. ,Application,Apply
Write the definition of displaySize() method for each class,Application,Apply
Write a textbook about this topic for others.,Application,Apply
Define Method in JAVA.,Knowledge,Remember
What data was used to evaluate ____________?,Evaluation,Evaluate
Make a list of the main events of the story.,Knowledge,Remember
Explain what is happening...,Comprehension,Understand
Explain in one sentence what the method incFromN does,Comprehension,Understand
Can you defend your position about ... ?,Evaluation,Evaluate
Name three 19th-century women English authors.,Knowledge,Remember
"Demonstrate and illustrate measures of central tendency and dispersion, write a journal entry. ",Application,Apply
Write what you might have done.,Application,Apply
Analyze a distinction. State the point of view of . . .,Analysis,Analyze
Predict what would happen if ...,Application,Apply
Analyze the following questionnaire. ,Analysis,Analyze
How can you distinguish the different parts of_____?,Analysis,Analyze
"Prepare a case to present, and evaluate your view about ...",Evaluation,Evaluate
Name all the characters in the story.,Knowledge,Remember
Can you propose a model that would change . . . ?,Synthesis,Create
Define morphology,Knowledge,Remember
"Trace the contents of matrix from the following statements int matrix[3][2];int j, k;for (j = 0; j < 3; j++)for (k =h 0; k < 2; k++)matrik[j][k] = j + k;",Analysis,Analyze
Justify the concept of inheritance and give the sample of code to illustrate your answer.,Evaluation,Evaluate
Can you develop method to handle the following case . . . ? ,Synthesis,Create
Label the parts of the diagram,Knowledge,Remember
Write another ending to the story that is different from the author’s ending.,Synthesis,Create
Propose  and justify ONE  (1)  international market-entry strategy that you may consider to market your products internationally.,Evaluation,Evaluate
Give FIVE (5) differences between the bitmapped image  and vector graphics.,Comprehension,Understand
Illustrate how the Variable Length Encoding algorithm can be used to encode symbols 'SOOOSAY T '.,Application,Apply
Explain THREE (3) differences of Red Green Blue (RGB) and Cyan Magenta Yellow (CMY).,Comprehension,Understand
Give FIVE (5) guidelines when creating storyboarding.,Knowledge,Remember
Discuss any THREE (3) advantages why digital video is preferred for video editing and post production.,Comprehension,Understand
Give TWO (2) differences between  Unicode and IS0-8859 text encoding formats.,Comprehension,Understand
Define pixel.,Knowledge,Remember
Name  the  TWO  (2) categories and explain the differences between the two categories.,Comprehension,Understand
"Explain the WMA, AVI, and QuickTime video format.",Comprehension,Understand
Recommend to the management whether to use MP3 or RealAudio file format images and state THREE (3) reasons for your recommendations. ,Synthesis,Create
Determine the number of possible colors and calculate how much memory is required to represent the following bitmap images.,Application,Apply
Justify which digital video file format you would use for your movie.,Evaluation,Evaluate
Bitmap images imported into a Macromedia Flash presentation have limitations on how these images can be animated. Elaborate on these limitations that may affect the output of the animation created by Albert.,Comprehension,Understand
Suggest an alternative to Albert on how the above limitations may be overcome.,Synthesis,Create
Explain about interactive multimedia.,Comprehension,Understand
Multimedia is shifting from being localized (contained on a CD-ROM) to being distributed (available on the World Wide Web). Give FIVE (5) implications on this.,Knowledge,Remember
Estimate the number  of bytes required  for the storage of a full 5 minutes performance at CD quality audio.,Application,Apply
Briefly explain about Nyquist Theorem.,Comprehension,Understand
"Using Nyquist Theorem,  calculate  the  maximum  sampling  rate to avoid aliasing.",Application,Apply
Suggest THREE (3) steps that Annie should do in multimedia authoring.,Synthesis,Create
Give FOUR (4) advantages of multimedia application in education.,Knowledge,Remember
"Describe each of the media types: captured, synthesized, discrete and continuous. Classify all the multimedia elements into the media types that described above.",Comprehension,Understand
Explain on multimedia delivering on World Wide Web.,Comprehension,Understand
State and discuss on the general features of authoring tool.,Comprehension,Understand
Justify why Benny used MP3 instead of other audio format.,Evaluation,Evaluate
"Using Nyquist Theorem, calculate the maximum sampling frequency.",Application,Apply
Briefly explain TWO (2) common techniques for data compression. Illustrate your answer with an example of each type of compression.,Comprehension,Understand
Briefly explain any TWO (2) reasons why multimedia is important for education.,Comprehension,Understand
List and explain the TWO (2) processes that can be done with the areas of the image that should be displayed in some color which is not available in the reduced palette.,Comprehension,Understand
Derive the data rate that is generated by the digitization procedure in each case assuming that the Nyquist theorem is applied with 12 bits per sample for the speech signal and 16 bits per sample for the music signal. Give your answers in kilo -Byte-per-second (kB/s).      ,Application,Apply
Determine  the  memory  required  to  store  a  2  minutes  passage  of stereophonic music. ,Application,Apply
Comment on the most appropriate methods in which to deliver such a presentation and also address the merits of the methods you suggest in your solution.,Evaluation,Evaluate
Show how you would use Huffman coding to encode the following set of tokens.,Application,Apply
Calculate the compression ratio for the compressed file.,Application,Apply
Explain why a 30-second video clip (containing 25 frames per second) will occupy less disk space than 750 JPEG images of the same size.,Comprehension,Understand
Describe how SPATIAL Compression and TEMPORAL Compression are used in video compression.,Application,Apply
Describe what multimedia is.,Knowledge,Remember
Define FOUR (4) common authoring metaphors and its advantages and disadvantages.,Knowledge,Remember
Give FIVE (5) differences between the bitmapped image and vector graphics.,Comprehension,Understand
Give FIVE (5) differences between GIF and SWF.,Comprehension,Understand
Estimate the time it would take to transmit the performance  over a network with 64 kbps.,Application,Apply
Discuss  how  inverse  kinematics  helps  in  simplifying  the  task  of  animating jointed  structures.,Comprehension,Understand
Elaborate ONE (1) scenario where text would be more effective than audio and ONE (1) scenario where audio would be more effective than text in the passing out of data. Explain your answer.,Comprehension,Understand
GIF and SWF file format can be used to create animations. Compare and state the major advantage and limitation of using GIF rather than SWF for creating animations in webpages.,Analysis,Analyze
Explain the idea of MIDI file format in storing and playback of audio data.,Comprehension,Understand
Explain how MIDI file format will be more useful than other audio file formats in a certain scenario.,Application,Apply
Propose a multimedia presentation for UTAR to promote bachelor's degree courses to potential applicants.,Synthesis,Create
Apply the zero length suppression on the token stream.,Application,Apply
Apply the run length encoding on the token stream.,Application,Apply
"From your opinion, explain which one of the methods mentioned earlier is better for the given token stream.",Analysis,Analyze
Explain why 3D animation requires much time consuming and complicated in the development phase compared to 2D animation.,Analysis,Analyze
Predict the challenge to implement an augmented  reality  application  in  UTAR campus.,Application,Apply
Design  a possible website structure to teach writing skills to children aged 4-6. There should be at least 3 components.,Synthesis,Create
Explain why lossy compression gives better compression.,Comprehension,Understand
Outline THREE (3) uses of digital audio in the multimedia presentation.,Knowledge,Remember
Briefly discuss how spatial compression is different from temporal compression.,Comprehension,Understand
Suggest how multimedia applications may  be used for each of the scenarios below. (i) IT Avenue will be organising a road show at various shopping malls to promote a new model of mobile phone from Nokia.,Application,Apply
Explain why a less experienced multimedia developer (including non-programmers) always opts for multimedia authoring tools to easily create an interactive application.,Comprehension,Understand
Explain whether Howard can have the video streamed effectively at 1 Mbps data rate on a 1 Mbps Internet  connection.,Evaluation,Evaluate
Suggest any THREE (3) scenarios where users  may benefit from using video calls in their communication.,Synthesis,Create
Compare this piece of music with the music recorded in CD quality. ,Comprehension,Understand
"Audio plays an important role in the development of multimedia. Illustrate the relations that exist between Wavelength, Frequency and Pitch of a digital audio.",Comprehension,Understand
"Video got its start on cathode ray tube television systems, but has moved on to be used in many more applications. Relate the video transmission on television sets and computer monitors with interlacing and progressive  scan techniques",Analysis,Analyze
Fill in the detail of typeface properties base on the following illustration.,Knowledge,Remember
Distinguish the difference between low pass filter and high pass filter.,Analysis,Analyze
Explain what is meant by the term Interactivity.,Comprehension,Understand
Highlight  THREE  (3) differences  between  bitmap  images  and  vector  graphics.,Comprehension,Understand
"Considering linear multimedia and interactive multimedia, suggest the best solution to the shopping mall's management.",Synthesis,Create
"Nancy  intends  to  include  text  for  her  multimedia  presentation.  As a multimedia specialist, provide TWO (2) guidelines to Nancy when working with text.",Knowledge,Remember
"Based  on  your  understanding,  highlight  THREE  (3)  differences  between vector graphics and bitmap images.",Comprehension,Understand
Recommend THREE (3) factors to be  taken  into  consideration  on  the preparation of digital video delivery via low bandwidth networks and low-end computer systems.,Synthesis,Create
"Briefly  explain  why  authoring  software  is considered  as  ""high level  tools"" whereas programming languages are known as ""low level tools"".",Comprehension,Understand
Explain why VLE could be better than RLE for this case.,Comprehension,Understand
Calculate the number of bytes required to store a minute of stereo sound at DVD quality with the resolution of 32 bits. Show your working and calculation.,Application,Apply
Discuss any TWO (2) application areas where multimedia can be used in education environment.,Application,Apply
Explain the usage of multimedia in healthcare.,Application,Apply
Discuss  any THREE  (3) negative  impacts  of entertainment  media to our society.,Comprehension,Understand
Discuss  ONE  (1) similarity  and  ONE  (1) difference  between  virtual  reality and augmented reality.,Analysis,Analyze
Name the keyword in an ABAP program that can be used to invoke the debugging mode.,Knowledge,Remember
Write an ABAP program that allows the user to key in a positive integer value.,Synthesis,Create
Provide   (with  explanations)   THREE  (3)  differences Programming and System Programming.,Comprehension,Understand
Write a Java loop that will display the phrase one  more time four times. Include any declarations or initializing statements that are needed.,Comprehension,Understand
Write a Java program that lets the user enter a year and checks whether it is a leap year.,Synthesis,Create
Give the difference between parameter and formal parameter.,Comprehension,Understand
Rewrite the following program so that it is formatted properly.,Application,Apply
Rewrite the following if statement using a switch statement.,Application,Apply
Use Java math class and write the java statement for d = 2 * 2 + y * 2.           ,Application,Apply
Compute the distance between the two points with the following formula.,Application,Apply
Detect error(s) in the following segment of codes and rewrite the codes with correction of the error(s).,Comprehension,Understand
Explain how the increment or decrement operators affect the result of p.,Comprehension,Understand
Explain the concept of narrowing conversion. Indicate in code how the conversion is done.,Comprehension,Understand
Give the three (3) categories of primitive data types and briefly explain what each category is used for.,Knowledge,Remember
Identify and correct the error(s) in the following statements.,Comprehension,Understand
Provide three (3) situations whereby it will be useful to use reference variables as parameters.,Knowledge,Remember
Provide the suitable commands to help her to compile and run her Java program.,Knowledge,Remember
Translate the following algorithm into Java code,Comprehension,Understand
Use a switch statement to rewrite the following if statement.,Application,Apply
Simplify the return statement in the max method using the ternary operator,Comprehension,Understand
"Given that a = -10, b = 2, c = 5 and d = 0. Evaluate the following relational and logical expressions:",Application,Apply
Draw a flowchart that represents the following codes.,Comprehension,Understand
Name and describe the two ways that the data source window allows data to be viewed.,Comprehension,Understand
Write a statement to set the visibility property of Label1 to the checked property of checkBox1.,Comprehension,Understand
Write an assignment statement that disables a radiobutton named radioButton.,Comprehension,Understand
Explain how a Close method behaves differently for a modelessform (using the show method) compared to a modal form (using the showdialog method).,Comprehension,Understand
Name five types of common dialog boxes.,Knowledge,Remember
Find the errors and rewrite the corrected codes.,Comprehension,Understand
State  the  differences  between  Items Add  method  and  Items Insert Method in Combo Box.,Knowledge,Remember
Briefly explain the difference between Form Load event and Form Activated  event.,Comprehension,Understand
Discuss   POST   and   GET  methods   in  relation   to   idempotent   and   non-idempotent requests in the context of bank industry.,Comprehension,Understand
Explain THREE (3) advantages of MVC (Model View Controller) pattern in developing  web  applications.,Comprehension,Understand
Explain 3-Tier architecture in the context of Java Web Architecture at server side.,Comprehension,Understand
Explain how RequestDispatcher mechanism in the context of Servlet and JSP technology  has the ability to  facilitate updating  and maintaining  information on job  advertisements  across  several  dynamic  web  pages.,Comprehension,Understand
"Compare between URL, re-writing and Hidden Form field methods in respect of similarities and differences in the context of session management in Web environment.",Analysis,Analyze
Identify and explain the possible consequences of connecting a database with a web application without using database pooling method.,Comprehension,Understand
Discuss ONE (1) advantage and ONE (1) disadvantage of BASIC and FORM based authentication mechanisms.,Comprehension,Understand
Explain the benefits of Secure Sockets Layer (SSL) in the context of web security.,Comprehension,Understand
Explain  the  concept  of  Java  Bean  with  an  appropriate  example  and  code snippets in the context of Servlet and JSP technology.,Comprehension,Understand
Discuss the effectiveness of using Expression Language (EL) compared to other methods in JSP.,Analysis,Analyze
"Implement working codes for presentation, business and data layers.",Application,Apply
Propose Java Web architecture diagram for the above case study and explain.,Synthesis,Create
Discuss the usefulness of HttpSessionActivationListener in web applications.,Comprehension,Understand
Describe  the  differences  between  HTTP  session  listeners  and  servlet  request listeners.,Comprehension,Understand
"Using an appropriate example, prove that listeners are able to manage resources effectively  in  web  applications.",Evaluation,Evaluate
"""HTTP POST method is better suited to send confidential information compared to HTTP GET method in web applications."" Justify the statement.",Evaluation,Evaluate
Explain the impact of using SendRedirect method in terms of response time.,Comprehension,Understand
Explain  THREE  (3)  benefits   of  JDBC  pooling  m  the  context  of  database connection.,Comprehension,Understand
Discuss TWO (2) benefits of Java Servlets in web applications.,Comprehension,Understand
"Appraise the URL Rewriting, Hidden Form Field and Cookies methods which are supported by the technology.",Evaluation,Evaluate
AJAX is a technology that is being widely used in web applications for faster response time. Explain the necessary steps to implementing an AJAX application.,Application,Apply
Describe about application and web servers.,Knowledge,Remember
"MVC (Model View Controller) leads to low coupling"". Justify.",Evaluation,Evaluate
"Using appropriate examples, discuss a  situation  in which custom tags would be appropriate to use. ",Application,Apply
The impact of using JSTL in software development can significantly reduce its development time. Prove that there is some truth in the statement.,Evaluation,Evaluate
Discuss in terms of implementation how to restrict resources such as web components and Enterprise Java Bean (EJB} components for use to only authorized users. ,Application,Apply
Discuss the effectiveness of POST and GET methods in respect of flexibility and security.,Analysis,Analyze
JSP Technology is meant to replace Servlet Technology. Justify  to  what extent the statement is true.,Evaluation,Evaluate
Explain the reasons of using application servers to deploy web applications.,Comprehension,Understand
Explain why Servlet technology is better than the Common Gateway Interface CGI.,Comprehension,Understand
"Using an appropriate example, discuss how MVC can lead to a good design of a particular web application.",Comprehension,Understand
Discuss why web developers or programmers would prefer to use Expression Language (EL) compared to other methods in JSP for displaying dynamic content in web browsers.,Analysis,Analyze
Discuss a security framework for the proposed application.,Synthesis,Create
Discuss TWO (2) web application frameworks that are suitable to be used in the proposed application.,Synthesis,Create
Suggest a possible Java Web architecture(s) for the proposed application based on the case study.,Synthesis,Create
"Popular search engines such as Google, Yahoo and others are used to search information on the web based on user defined keywords. Determine and justify the appropriate HTTP method that should be deployed by those search engines.",Evaluation,Evaluate
Analyze the roles of web container or servlet container in a web server in the context of request response model.,Analysis,Analyze
Explain the impact of 'connection keep-alive' or persistence connection in the context of request response model on performance of sending response to clients.,Comprehension,Understand
"Using an appropriate example, explain how static data can be shared effectively among several web resources.",Comprehension,Understand
Critically  evaluate the JDBC  and pooling  method  in the context of database connections.,Evaluation,Evaluate
"Using an appropriate example, explain how session listeners can be used in a web application.",Application,Apply
HTTP is a stateless protocol. Justify.,Evaluation,Evaluate
Explain the relationship between HTTP GET method and URL Rewriting in the context of session management.,Comprehension,Understand
Explain how you would  implement  delete schedule functionality in effective manner.  ,Comprehension,Understand
"Using the data shown in Table 1, generate some frequent item sets.",Application,Apply
"Interpret the relationship found between these item sets in terms of Support, Lift and Confidence.",Comprehension,Understand
Comment on the validity of your answer.,Evaluation,Evaluate
Explain with appropriate examples how taxonomies would help analysis of items in market basket analysis.,Application,Apply
Briefly discuss why the emergence of the data warehouse phenomenon is causing such interest in the business world.,Comprehension,Understand
Contrast TWO (2) differences between a data mart and a data warehouse.,Analysis,Analyze
Recommend appropriate data warehouse architecture for the company and illustrate it with a diagram.,Synthesis,Create
Provide some justifications for the data warehouse architecture that you have chosen in Q2 (a).,Evaluation,Evaluate
Discuss some possible challenges that the bank may face in deploying  data mining.,Comprehension,Understand
"Explain, using appropriate examples, FIVE (5)  possible sources of data pollution in implementing data warehouse in the bank.",Comprehension,Understand
Identify some of the most important possible dimensions that should be included in the data modelling design.,Knowledge,Remember
Discuss  the role  of  restriction  and  aggregation  in reducing  the  quantity  of data and obtaining useful information from a data warehouse.,Comprehension,Understand
Summarize the data purification process.,Comprehension,Understand
Describe ANY FIVE (5) possible scenarios of the project failure.,Knowledge,Remember
Rearrange it to design the correct schema that is suitable for the system implementation.,Synthesis,Create
"Discuss, using appropriate examples, how OLAP operations would benefit in the credit card company.",Comprehension,Understand
Critically  appraise  of  making  data  warehouse  Web  Enable  in  the company.,Evaluation,Evaluate
"Discuss  how  data  mining  operations  which  are  classification,  association, clustering and anomaly detection can be deployed in a variety of industries.",Application,Apply
Discuss major tasks in data preprocessing.,Comprehension,Understand
Explain the relationship between data warehouse and data mining.,Comprehension,Understand
Differentiate between classification  and prediction.  Justify your answer using an example for each.,Evaluation,Evaluate
Explain k-means and k-medoids methods in the respect of robustness in the context of clustering analysis.,Comprehension,Understand
"Using appropriate examples, differentiate between agglomerative  and divisive in the context of agglomerative hierarchical clustering.",Analysis,Analyze
Explain TWO  (2)  strengths and  TWO  (2) weaknesses of clustering based method in outlier detection.,Analysis,Analyze
Suggest TWO (2) ways of managing knowledge that organization can perform in order to gain sustainable advantage in today's rapid changing market environment.,Synthesis,Create
Illustrate by using a real life example on explicit knowledge.,Comprehension,Understand
"In general, there are four broad categories of innovation which include product innovation. Illustrate your understanding by using TWO (2) real life examples for product innovation that follow the radical fashion.",Comprehension,Understand
Identify any TWO (2) specific problems of the traditional hierarchical structures in response to the need to better manage knowledge.,Comprehension,Understand
Propose any TWO (2) alternative solutions from organization structures perspective to facilitate the KM practice. Justify your answers with short elaborations.,Evaluation,Evaluate
Identify  any THREE  (3) practical  examples  for partial  views  of innovation and discuss the consequences for each of the example.,Comprehension,Understand
Draw and explain Nonaka's model of knowledge creation and transformation in detail.,Comprehension,Understand
"Illustrate  by  using  a  real  life  example  on  the  possible  relationship between data, information and knowledge.",Comprehension,Understand
Discuss the main purpose of quiet on-site observation technique.,Comprehension,Understand
Discuss on the importance of KM with specific reference to its impact on employee's learning and process efficiency.,Analysis,Analyze
State the differences between invention and innovation.,Comprehension,Understand
Explain how e-mail agents work.,Comprehension,Understand
Explain the CRM implementation in Chola MS.,Comprehension,Understand
Propose  the  examples  of  how  text  mining  could  be  used  in  other businesses.,Synthesis,Create
Identify the HP's challenges in text mining.,Knowledge,Remember
Provide FIVE (5) examples on how HP can use text mining in other areas.,Application,Apply
Justify why company XYZ needs to use expert systems,Evaluation,Evaluate
Explain the components of CRM that Citibank used.,Analysis,Analyze
"Given a frequency filter specification as H(u;v), derive a procedure to generate the convolution result of its corresponding spatial filter with an image f(x,y). ",Application,Apply
Describe  briefly  how  an  image  can  be  represented  by  chain  coding  and moments.,Comprehension,Understand
Explain what is meant by occlusion and discuss the ability of chain coding to cope with occlusion.,Comprehension,Understand
Specify TWO (2) limitations of k-means clustering.,Knowledge,Remember
Calculate the fitness function for all chromosomes in the population.,Application,Apply
"Assuming the elitism selection method where the best chromosomes are selected for pairing, apply the crossover and mutation for the selected pair of chromosomes using the encoding scheme proposed in (b)(i).",Application,Apply
Suggest a procedure which uses k-means as a subroutine with a better chance than k-means in obtaining good clustering.,Synthesis,Create
Solve the following problem using genetic algorithm.,Application,Apply
"MLPs are frequently used to approximate functions. However, the quality of the approximation depends on the parameters of the MLP used. Discuss how this quality is affected by the number of hidden layers used in the MLP.",Comprehension,Understand
Briefly explain how Ant Colony Optimization (ACO) algorithm can be used to solve Travelling Salesperson Problem (TSP).,Application,Apply
Explain how mutation technique can be implemented in Genetic Algorithm (GA).,Application,Apply
Describe how hypotheses are combined in boosting.,Comprehension,Understand
Describe dynamic load balancing using centralised work pool approach.,Comprehension,Understand
Briefly explain why a parallel solution with less number of synchronisation phases is more preferred than other solution with a lot of synchronisation phases.,Comprehension,Understand
Describe the sender-initiated task transfer method that used in dynamic load balancing.,Comprehension,Understand
"There are two approaches to solve a problem, namely X and Y. Approach X uses a lot of synchronizations compared to approach Y. Briefly explain why the approach Y should be chosen to solve the problem.",Analysis,Analyze
"Critically explain how our statuses, educational qualification and occupation affect our social stratification, social mobility and life chances.",Analysis,Analyze
"Based on your opinion, discuss critically, how far you agree that race relations have become unhealthy in our country.",Evaluation,Evaluate
"Discuss critically, by using your understanding of nature and nurture.",Evaluation,Evaluate
Explain THREE characteristics that distinguish authoritarianism from totalitarianism.,Analysis,Analyze
Analyze and discuss the conceptual influence of the philosophy on education today.,Analysis,Analyze
Briefly  discuss  how  TQM  could  be  applied  in  the  management  of  the newspapers' editorials.,Application,Apply
Critically discuss FOUR (4) main dimensions that are used to classify countries based on Hofstede's Cultural Dimensions Theory.,Analysis,Analyze
Design an ideal newspaper organizational chart. Then describe the functions of the respective departments and how they relate to each other horizontally and vertically.,Synthesis,Create
Draw a diagram of the Intelligent System structure with detailed explanation.,Comprehension,Understand
"With an appropriate example, discuss the effectiveness of using message queue compared to pipes in communication between processes.",Analysis,Analyze
Apply how semaphores and shared memory methods can be deployed to execute a particular task.,Application,Apply
Compare and contrast between signal and pipe methods in the context of inter process communication.,Analysis,Analyze
Examine the connection and connectionless protocols using appropriate examples.,Analysis,Analyze
"With the aid of pseudocode or source codes, assess the usage of fork, exec and wait functions in working together in inter process communication.",Evaluation,Evaluate
Determine if the two principal components are adequate to explain the variation in the sample that was used to calculate I.,Application,Apply
State three methods that could be used to determine the adequate number of factors in the solution.,Knowledge,Remember
Determine the percentage of variation in the correlation matrix that is explained by the 4 factors.,Application,Apply
Estimate the communalities and specific variances for the first four variables.,Application,Apply
Indicate the variables that are important in each of the canonical variates.,Knowledge,Remember
Write the first pair of standardised canonical variates.,Knowledge,Remember
Calculate the length of the projection of vector x on vector y. ,Application,Apply
Classify a person who scored 12 and 10 for acceptability  and confidence assuming equal cost of misclassification and current percentage of supporters being 40.,Comprehension,Understand
Construct a confusion matrix for the data and estimate the Apparent Error Rate. ,Comprehension,Understand
Solve the following optimization problem by using the golden section search method and terminate the computation when the length of the interval.  ,Application,Apply
Use dynamic programming to make these allocations to maximize the total grade points to be obtained from the four courses.,Application,Apply
Apply the Karush-Kuhn-Tucker conditions for this problem to derive an optimal solution.,Application,Apply
Use Lagrange multiplier to solve the following nonlinear programming problem.,Application,Apply
Use dynamic programming to help the fortune seeker to identify the route which minimizes the total cost of the policy.,Application,Apply
Use the Chapman-Kolmogorov Equations procedure to find the n-step transition matrix pUi for n = 2 and 5.,Application,Apply
Formulate the evolution of the weather as a Markov chain by defining its states and giving its (one-step) transition matrix.,Synthesis,Create
Determine how to minimize the total cost of operating and purchasing a telephone for the next six years.,Application,Apply
Define transgenic crops.,Knowledge,Remember
List four traits commonly used for the development of transgenic crops.,Knowledge,Remember
“Transgenic technology is the best method used for crop improvement and that it should be the only method adopted in future”. Comment on the above statement and justify your explanation.,Evaluation,Evaluate
Discuss in detail the criteria used to assess the success or failure of a newly released transgenic crop with improved tolerance to stress.,Analysis,Analyze
State TWO (2) advantages of continuous bioreactors over batch bioreactors.,Knowledge,Remember
"Using the Luedeking-Piret equation for growth associated product formation, calculate the pullulan concentration in 30h of fermentation.",Application,Apply
Name a major culture collection.,Knowledge,Remember
Butanol is found to be an efficient carbon source for the cultivation of this microorganism. Suggest how this carbon source can be sterilised and used in this fermentation process.,Synthesis,Create
"After strain modification process, the UTAR002 is found to be unable to excrete the desired enzyme into the medium.  Suggest a proper purification protocol for the recovery of this product.",Synthesis,Create
"As a fermentation technologist, you are required to maximise the production of citric acid through chemostat process. The chemostat process is going to be operated at dilution rate of 0.25 h-1 with 30 g/L of sucrose concentration in the feeding tank. Evaluate the possibilities in employing chemostat for citric acid production.",Evaluation,Evaluate
Distinguish between chemically defined media and natural media.,Analysis,Analyze
"Optimization of medium and culture conditions of a fermentation process can be conducted by using multifactor experimental design or response surface optimization. With aid of a flow chart, compare and contrast these two methods.",Analysis,Analyze
"From your observation, you noticed that agitation and aeration are important in cultivating the Lactobacillus acidophilus aerobically. Suggest the most suitable agitator that could be used for this purpose. Describe the proposed impeller type in detail.",Synthesis,Create
Suggest the most suitable growth model that could be applied to describe the growth of above-mentioned Lactobacillus acidophilus strain. Briefly explain the suggested growth model.,Synthesis,Create
PERCEPTION STUDIES based on SURVEY METHOD are useful and common in both academic and market research. Critically evaluate the strategies used in data collection that can increase the response rate when conducting a survey.,Evaluation,Evaluate
"Evaluate the types of power Benjamin Fang is exercising in Sun Plantations, and explain how this is being eroded by the changes taking place in the environment.",Evaluation,Evaluate
"Compare how the Net Present Value (NPV), IRR method and modified Internal Rate of Return (MIRR) method is different.",Analysis,Analyze
"Critically appraise the five competitive forces encased within Porter's ""FIVE FORCES"" model within the context of a profit-oriented organization and discuss the threat posed to the firm by each of these forces.",Evaluation,Evaluate
List any SEVEN (7) suggestions for good presentation of your business plan as it is very crucial to convince potential consumers and financers.,Knowledge,Remember
