Learning_outcome,label,raw_prediction,prediction
appreciate science and technologies as a way of thinking and acting that generates knowledge and which represents cultures and societies,Understand,Answer: Understand,Understand
Critically reflect on your own design practice and projects to date;,Analyze,- Think about what you have learned from your design practice and,Invalid
Reflect on the impact of recent developments in science and philosophy on our most fundamental views about ourselves and our place in the world;,Analyze,Reflect on the impact of recent developments in science and philosophy on,Invalid
Integrate and summarise information obtained during psychological assessments in the form of a professional report;,Create,,Invalid
Have developed the ability to apply philosophical theories of justice in conflict to actual cases from recent history;,Apply,The student will be able to apply philosophical theories of justice in,Apply
Describe medical and professional ethics and different ethical perspectives as related to healthcare,Understand,,Invalid
Conduct research in topics covered in Current Issues in Workplace Law based on knowledge of appropriate research principles and methods,Apply,"I will classify the learning outcome as ""Apply"".",Apply
Describe and implement patient care and quality assurance principles to sonographic imaging.,Understand,"Label:

Apply",Apply
Demonstrate the ability to research and write from an informed position about the body in contemporary art.,Apply,"___
Create",Create
Identify data resources and standards.,Remember,"___
Understand",Understand
"Describe basic aspects of food science including food properties and commodities, genetically modified foods, and food processing, preservation and food toxicants.",Understand,Remember,Remember
"To help students develop their hermeneutical and exegetical skills, so that they can interpret, contextualise and explain passages and texts from different religious traditions, as well as integrate their analysis of scriptural texts with contemporary scholarly and critical material",Create,,Invalid
"Investigate, consider and apply diverse design research approaches;",Apply,- label: Apply,Apply
Articulate a good understanding of the sociological imagination or perspective on youth issues;,Understand,,Invalid
apply analytical skills in textual analytics,Apply,,Invalid
An understanding of the range of social institutions that reinforce and challenge notions of sexuality.,Understand,"___
Understand",Understand
Demonstrate teamwork including collaboration on planning and completion of projects,Apply,Correct answer: Create,Create
Synthesise and communicate findings from scientific literature in the field of nutrition.,Create,Correct answer: Create,Create
"Engage in conversations and discussions in Spanish, about themselves, their family and friends.",Apply,Correct label: Create,Create
"Understand recent theoretical advances in social cognition research, and how these might contribute to addressing social problems;",Understand,Understand the role of social cognition in the development of social skills,Understand
Define and apply a systematic approach to the design process;,Apply,,Invalid
Identify strengths and limitations in their research design;,Create,- Evaluate,Evaluate
"identify what managers do in practice, and analyse how the various activities that comprise managing both shape and are shaped by individual and group behaviour and diversity in organisational settings",Remember,,Invalid
Formulate and communicate strategies to provide safe and nutritious food in food service settings.,Create,Response:Create,Create
Articulate the distinction between numeracy and mathematics,Understand,Answer: Understand,Understand
Demonstrate a range of strategies to enable effective communication with clients in a simulated environment;,Apply,,Invalid
"Conduct a clinical interview with a client, incorporating a mental status examination.",Apply,"Label:

Apply",Apply
Review roles and skills required for effective supervision and mentoring and identify personal strengths and learning challenges whilst on clinical placements.,Understand,The label for this learning outcome is: Understand,Understand
"Integrate, apply and build upon knowledge from previous core units in the study of the molecular mechanisms and defects that cause human disease, including how developmental errors and gene abnormalities may lead to abnormalities in protein structure and function.",Apply,"Remember
 Understand
 Apply
 Analyze
 Evaluate
 Create",Create
Evaluate common business processes and the role IT can play in managing these processes;,Evaluate,Identify the benefits and drawbacks of using IT to manage business processes,Invalid
Describe with clarity the health impacts of family violence on those affected;,Understand,The label for this learning outcome is: Evaluate,Evaluate
"Conduct research into the role and legal status of internal discipline procedures and processes within the workplace, both private and public sectors, for human resource management based on knowledge of appropriate research principle and methods",Apply,Analyze,Analyze
Describe the development and formulation principles for a stable therapeutic macromolecule,Understand,Answer: Create,Create
Explain corporate social responsibility and philanthropy;,Understand,"- Explain corporate social responsibility and philanthropy;
- Understand corporate",Understand
"Explain how these body systems integrate with nutrition, growth and development;",Understand,"- Digestive system
- Circulatory system
-",Invalid
"outline and apply processes for engaging students in their learning, especially disengaged students.",Apply,Question: What Bloom's Taxonomy classification would you assign to,Invalid
Reflect on and understand the professional roles and responsibilities of the public art practitioner;,Understand,,Invalid
"Construct communication design solutions utilising a variety of media, including manual, print and digital processes with an open attitude to experimentation and critical inquiry",Create,,Invalid
analyse data from personal and professional contexts to synthesise knowledge of the complex role language plays in multilingual settings;,Analyze,,Invalid
"Explain the operation of climate models, their strengths, weaknesses and uncertainties, and the development of projections.",Understand,"Remember
 Understand
 Apply
 Analyze
 Evaluate
 Create",Create
"Demonstrate the ability to work cooperatively in a small group writing, planning, editing and assembling a scientific book.",Apply,Create,Create
Generate and assess methods for increasing the data bandwidth of optical systems.,Create,"___
Create",Create
"Apply digital imaging techniques towards the realisation of conceptualised, communicative works;",Apply,,Invalid
Investigate relevant concepts and precedents in design discourse and incorporate these into design proposals;,Analyze,,Invalid
Critique a range of theoretical and disciplinary influences on organisational informatics;,Evaluate,,Invalid
Determine dead and live loading on a building structure.,Apply,"Label:

Analyze",Analyze
Demonstrate a sound understanding of the essential features of Human Rights Law in the international legal order and its relevance for migration;,Understand,Demonstrate a sound understanding of the essential features of Human,Invalid
"translate conceptual ideas and processes about science into classroom learning activities for children that are appropriate for a range of year levels, areas of science and cultural knowledge associated with science learning",Apply,,Invalid
Contrast and apply the most suitable professional practice skills on issues relevant to the chosen area of practice and operate effectively as a member of that practice team;,Apply,,Invalid
"Describe the principles of elementary probability theory, evaluate conditional probabilities and use Bayes' Theorem.",Understand,Correct Answer: Evaluate,Evaluate
Identify appropriate MATLAB programming structures to solve simple computational tasks.,Remember,"Label:

Apply",Apply
Prepare and present a poster presentations.,Create,Create,Create
"identify, explain and deploy correct and accurate health information in relation to a number of contemporary youth health issues",Remember,Correct label: Create,Create
"Describe how research in developmental psychology, neuroscience and mental health can be translated into practice.",Understand,Label: Create,Create
Critically appraise and communicate the key concepts and conclusions from translational immunological research literature to a professional audience.,Evaluate,Correct Answer: Evaluate,Evaluate
Analyse modes of feedback delivery and develop fit for purpose strategies for giving and receiving feedback in the clinical setting.,Analyze,Correct Answer: Analyze,Analyze
"apply critical thinking, problem solving and presentation skills to individual and/or group activities dealing with FinTech and demonstrate in an individual summative assessment task the acquisition of a comprehensive understanding of the topics covered by this unit",Apply,,Invalid
"Critically evaluate issues in bioethics, drawing on a solid theoretical framework;",Evaluate,"- Critically evaluate issues in bioethics, drawing on",Evaluate
Undertake a Western art music research project utilising academic research and writing skills.,Apply,Correct Answer: Create,Create
"Discuss the targets of drug action, their mechanisms of action and the factors that influence their use as therapeutics;",Understand,"Analyze the therapeutic use of drugs, their mechanisms of action and",Analyze
"demonstrate the ability to analyse, comment, evaluate, discuss, and communicate research outcomes in written and oral form in a professional manner",Analyze,Correct Label: Evaluate,Evaluate
"produce a digital story using text, sound and images;",Create,,Invalid
apply socially and environmentally active ways to move art education towards sustainability.,Apply,The label for the learning outcome is: Apply,Apply
describe the components and importance of successful performance management and supervision (and the risks of ineffective performance management) in the professional practice of applied behaviour analysis,Understand,,Invalid
interpret procedures and results in existing quantitative/qualitative studies in applied linguistics;,Evaluate,,Invalid
Describe the diversity and ecological importance of marine life;,Understand,The student will be able to describe the diversity and ecological importance,Invalid
Identify and describe the normal and abnormal sonographic appearances of the male and female reproductive systems and related artefacts;,Understand,Identify and describe the normal and abnormal sonographic appearances of the,Invalid
"Demonstrate an increased capacity for the constructive appraisal of your own artwork, and that of others, and are able to articulate this through oral presentations and written documentation;",Apply,The label for this learning outcome is: Evaluate,Evaluate
"Demonstrate and apply knowledge, and understanding of the following  with creativity and initiative to new situations in professional practice: i. the law relating to the registration of designs and the scope and enforcement of associated rights\nii. other legal regimes that offer protection for designs\niii.  the international aspects for protection of designs\niv. the skills necessary to apply for registration, prosecute the application and maintain registration of a design;",Understand,i. the law relating to the registration of designs and the,Invalid
Apply different aspects of the theory and practice of risk modelling for financial institutions.,Apply,"___
Apply",Apply
"Apply analytical skills in the understanding of toxicology as it applies to a paediatric population, and appraise the toxic effects on children and adolescents of several commonly abused drugs (both legal and illicit);",Apply,"The student will be able to:
- Apply analytical skills in",Apply
"develop, design and plan lessons, units of work and curriculum content appropriate for outdoor and environmental studies in a range of contexts and settings",Create,,Invalid
Be aware of current discourses in a range of disciplines which bear on contemporary design;,Understand,Understand the nature of the design process and the role of the,Understand
have knowledge of the various statutes and regulations governing the construction industry,Understand,Correct Label: Remember,Remember
"Source, synthesise and critically analyse literature to form the basis of a project;",Analyze,"- Synthesize literature
- Critically analyze literature
-",Analyze
Apply evidence from experimental and clinical observations to generate knowledge of physiological principles;,Apply,Analyze the relationship between the structure and function of the human body,Analyze
"Critically appraise the impact of criminal victimisation on individuals, society, the ecology and economy",Evaluate,,Invalid
"Analyse and interpret soft tissue injury in relation to bite mark evidence, applying skills in the discrimination and comparison of such injuries;",Apply,Analyze and interpret soft tissue injury in relation to bite mark evidence,Analyze
Identify key terms relating to their primary instrument or voice;,Remember,,Invalid
Demonstrate a clear understanding of bioethical concepts relevant to the challenge explored,Understand,,Invalid
Present their findings in a written thesis and oral presentation.,Create,"Label:

Create",Create
"determine how the process of assessment can enhance the inclusion and participation of learners with disabilities, including in transition periods",Apply,,Invalid
Design and analyse psychological assessment projects.,Analyze,"Label:

Create",Create
"Engage in critically reflective practice of learning needs, clinical performance, and patient care;",Evaluate,"- Review and analyze the patient's medical history, physical examination findings",Analyze
apply skills to a VR media production that critically reflects on the evolving technologies and practices of virtual reality.,Apply,"Example: ""Design a VR experience that incorporates elements of traditional",Invalid
apply effective visualisation tools to explore relationships between variables,Apply,Example label: Apply,Apply
Identify and explain key concepts and debates relevant to the study of media audiences;,Remember,,Invalid
"Critically evaluate their own actions, leadership skills, and professional development since commencing their internship",Evaluate,,Invalid
Conduct research in the operation of relevant law in a practical setting based on knowledge of appropriate research principles and methods.,Apply,Correct answer: Apply,Apply
"Articulate how the body, mind and environment interact in dynamic ways to impact movement outcomes",Understand,Answer: Create,Create
"Describe the role of database, communication and network technology in the development, implementation and utilisation of information systems;",Understand,"Describe the role of database, communication and network technology in the",Invalid
"Translate, evaluate and integrate varied green chemistry knowledge to find green chemistry solutions;",Evaluate,- label: Create,Create
"demonstrate an appreciation for the complex historical, philosophical, political and pedagogical debates and issues in school health education",Apply,,Invalid
Investigate and critique current governance structures for complex global health issues,Analyze,Correct label: Evaluate,Evaluate
Evaluate models of care available in the maternity services and explain how cultural diversity can influence the care for pregnant women and consider approaches to paramedic care in a variety of situations;,Evaluate,,Invalid
"Understand and develop strategies for preparation and participation in classes, seminars and independent learning activities at a postgraduate level;",Understand,"Understand and develop strategies for preparation and participation in classes, seminars",Understand
"Have developed skill and confidence in applying their theoretical knowledge to the neuropsychological assessment and treatment of individuals with relatively uncomplicated neurological, psychiatric, developmental and general medical issues;",Apply,,Invalid
"understand the implications of professionalism and ethics in interdisciplinary work for children, their families and the community.",Understand,The label for this learning outcome is: Understand,Understand
Identify and discuss the trends and policies for fertility regulation within populations,Understand,,Invalid
"Present the project methods, synthesised findings and the arising recommendations needed to influence practice change.",Create,"Present the project methods, synthesised findings and the arising recommendations",Invalid
"Accurately describe and report on injuries to the teeth, cranio-facial skeleton, and soft tissues of the face;",Evaluate,"Accurately describe and report on injuries to the teeth,",Invalid
"Apply elements of intercultural theory in the critical analysis of a variety of texts in order to understand how cultures are expressed, negotiated and intersect;",Apply,,Invalid
effectively communicate research in academic and professional contexts to diverse audiences;,Create,The label for this learning outcome is: Create,Create
Describe the fundamental concepts related to nanotechnology and nanomaterials.,Understand,"Label:

Understand",Understand
Construct larger fields from smaller fields (field extensions and splitting fields);,Create,,Invalid
Explain the role played by the radiographer in the application of safety principles within the MRI suite.,Understand,Response:Understand,Understand
enable effective analysis and understanding of the implications of various sources of start-up capital,Analyze,Correct Label: Analyze,Analyze
Demonstrate a critical understanding of key theoretical and practical teaching approaches related to young children's language and literacy development,Understand,,Invalid
"Apply the integral theorems of Green, Gauss and Stokes;",Apply,"Identify the boundary conditions for the integral theorems;
Use",Invalid
"Use cognitive, technical and creative skills to generate and evaluate at an abstract level complex ideas and concepts relevant to the operation in practice of the systems of dispute resolution and determination in Australia.",Apply,Correct Answer: Create,Create
"Utilise research skills including database searches to synthesise and interpret information related to scientific research, using appropriate conventions for scientific attribution;",Apply,,Invalid
identify and discuss the communicative and creative role of media analytics in contemporary media environments and business contexts;,Understand,,Invalid
recognise differences in market structures and understand how those differences affect firms' competitive behaviour and performance,Understand,"I will label ""Understand"".",Understand
"Demonstrate basic skills in digital rendering of 3-dimensional CAD models (using industry standard hardware/software) and the associated use of post-production software (such as the Adobe suite, for example);",Apply,,Invalid
"Design a unit of work that includes strategies to promote a range of mathematical proficiencies including understanding, fluency, problem solving and reasoning capacities",Create,Create,Create
Critically evaluate solutions for practical challenges and opportunities for developing and sustaining cultural economies;,Create,The label for the learning outcome is Evaluate.,Evaluate
apply acquired unit knowledge to develop appropriate strategies for building and managing brand equity.,Apply,"___
Apply",Apply
"Evaluate the prevailing attitudes which dominate current thinking about native title from a range of disciplinary perspectives, including law, history, anthropology and archaeology.",Evaluate,The label for this learning outcome is: Evaluate,Evaluate
Apply the Kalman filter to random systems;,Apply,- label: Apply,Apply
use high-performance computing clusters to run large materials analysis computations in parallel,Apply,"Label:

Apply",Apply
"Recognise and reflect on Aboriginal and Torres Strait Islander ways of knowing being and doing in the context of history, culture and diversity, and affirm and protect these factors through ongoing learning in health care practice.",Remember,Correct Answer: Understand,Understand
Design and synthesize the training and deployment of neural networks using a high-levelprogramming language.,Create,Solution: Create,Create
Generate research findings that are well supported by primary and secondary sources and references;,Create,,Invalid
demonstrate well developed workplace etiquette;,Apply,,Invalid
Identify appropriate and cost-effective investigation strategies.,Remember,"___
Apply",Apply
Discuss the development of ecological and evolutionary ideas and current questions in the field;,Understand,"The label for this learning outcome is: Evaluate

Question:",Evaluate
Assess and discuss the capabilities and limitations of an information system;,Evaluate,- label: Evaluate,Evaluate
Safely and independently operate a scanning electron microscope (SEM) at MCEM.,Apply,,Invalid
Constructively critique game designs based on understanding of good game design principles;,Evaluate,Constructively critique game designs based on understanding of good game design,Invalid
"Describe various non-relational database systems, including NoSQL;",Understand,Discuss the advantages and disadvantages of using non-relational databases;,Invalid
"understand that principal legal rights, obligations and remedies available to parties in fundamental international commercial contracts and a familiarity with fundamental documents and instruments used in these transactions",Understand,,Invalid
collaborate on a small evaluation project applied to a real life issue,Evaluate,Correct answer: Create,Create
Use appropriate statistical summaries to explore data;,Apply,,Invalid
differentiate learning experiences for children with a wide range of experiences and abilities.,Analyze,"___
Understand",Understand
Perform some of the basic tasks required in the development of a web-based application;,Apply,"Identify the different components of a web-based application;
Understand the",Understand
explain the policy consequences of consumption and investment decisions,Understand,Answer: Evaluate,Evaluate
Understand the nature of the design process and apply methodical steps in response to design problems;,Understand,Understand the nature of the design process and apply methodical steps,Apply
Critically reflect the inter-relation between theory and practice in achieving unique innovations for the food industry.,Analyze,"Response:
Evaluate",Evaluate
"Apply knowledge of anatomy, physiology, biomechanics and kinesiology to the musculoskeletal system;",Apply,"Analyze the effects of exercise on the musculoskeletal system;
Evaluate",Evaluate
Propose modifications to hit molecules necessary to map their structure-activity relationship (SAR). Utilise SAR maps in hit-to-lead and lead-to-drug optimisation.,Create,"Label:

Create",Create
Apply power flow analysis to power networks,Apply,,Invalid
Apply theoretical models of risk communication to appropriately communicate the principles of effective management of environmental health risks,Apply,,Invalid
Apply the rules of occupational health and safety appropriate to the discipline practice.,Apply,"___
Apply",Apply
"demonstrate knowledge and understanding of key science concepts, substance and structure of the content and teaching strategies in early childhood and primary science",Understand,,Invalid
"Demonstrate how blockchain systems can be applied into different disciplines such as healthcare, supply-chain.",Apply,"Label:

Apply",Apply
"Demonstrate capability in organising, developing and planning methodologies associated with the major project which will help to successfully determine a viable outcome;",Apply,The label for this learning outcome is: Create,Create
Articulate different approaches and paradigms in translation studies using a metalanguage;,Understand,,Invalid
Identify and analyse significant patterns of hazards and risks to health from work in Australia;,Analyze,Identify and analyse significant patterns of hazards and risks to health from,Invalid
"Demonstrate appreciation of the involvement of metabolic interrelationships in health and disease, including vitamins, micro and macro minerals and also some organ functions;",Apply,Demonstrate appreciation of the involvement of metabolic interrelationships in,Invalid
"Examine and compare the pathogenesis of different disorders of the immune system such as autoimmunity, allergy, inflammatory diseases, immunodeficiency, leukemia/lymphoma and transplant rejection.",Analyze,"___
Analyze",Analyze
"Optimise environmental systems design and improve the sustainable performance of buildings by applying integrated understanding of material properties, construction processes and structural systems;",Apply,,Invalid
Identify and explain the theories of security and successfully apply them to contemporary global crises,Remember,Correct label: Create,Create
Accurately distinguish between cardiac and vascular structures in the modification of standard MR scanning techniques,Analyze,"Correct Label:

Analyze",Analyze
communicate in semi-authentic situations with Indonesians living in Melbourne;,Create,The label for the learning outcome is: Create,Create
"Evaluate the use of textual sources and archaeological evidence to aid the reconstruction of ancient societies, focussing on the Minoan and Mycenaean cultures.",Evaluate,"___
Evaluate
___
The answer should be exactly as",Evaluate
"use randomisation methods to assess uncertainty in relation to parameter estimates, hypothesis testing, predictions and model assessments",Apply,,Invalid
Continue to develop critical skills and their abilities to communicate effectively. Specifically to: (a) develop a topic for investigation; (b) familiarise themselves with a wide range of sources; (c) recognize and be able to present a logically ordered argument.,Create,Create,Create
"Demonstrate a developing awareness of the role of law in facilitating the formation, operation and regulation of private legal entities, and the commercial significance of law's role in this respect",Apply,Remember,Remember
Explain the relevance of lifespan theory to counselling,Understand,,Invalid
investigate the behavioural aspects of decision making and decision makers,Analyze,,Invalid
Apply an appropriate range of discipline knowledge and interdisciplinary processes to generate prototype solutions to complex problems;,Apply,Generate prototype solutions to complex problems using an appropriate range of discipline,Invalid
"Investigate, analyse and synthesise critical issues and major trends in conflict resolution policy and theory.",Analyze,Correct answer: Analyze,Analyze
design comprehensive survey instruments,Create,___ Create,Create
Students will develop competencies in editing photos for publication in a variety of media using industry-standard software.,Apply,Label: Apply,Apply
"An understanding of the historical, cultural and social contexts in which these theoretical approaches emerged",Understand,,Invalid
Choose appropriate demographic methods to calculate demographic measures.,Apply,"Label:

Apply",Apply
"Demonstrate an ability to identify and research a business / industrial / economic story, conduct interviews and gather appropriate evidence in the appropriate medium;",Apply,- Conduct interviews and gather appropriate evidence in the appropriate medium;,Invalid
Perform competently in a chosen/approved music ensemble;,Apply,- label: Create,Create
Discuss the relevance of these concepts to core debates in bioethics;,Understand,,Invalid
"Discuss the complexities in defining addiction, and the many behaviours which may come under this heading;",Understand,"Discuss the complexities in defining addiction, and the many behaviours which",Invalid
Evaluate the advantages and disadvantages of gradient and spin echo recovery techniques,Evaluate,,Invalid
"Understand the nature of school leadership in the Victorian context, and leadership as a socially and institutionally constructed phenomenon",Understand,,Invalid
Communicate experimental results in the format of scientific figures and written reports.,Create,"Label:

Create",Create
Understand transportation design styling terms;,Understand,,Invalid
"Develop skills in a range of visual art practices and creative pedagogical approaches that connect art with environment, community and sustainability awareness within local and global contexts",Apply,Create,Create
"critically appraise regulatory compliance, compliance processes and organisational roles in the compliance function",Evaluate,Correct Label: Evaluate,Evaluate
Identify and critically evaluate the extant literature about this issue;,Understand,"- label: Evaluate

Question: How does the integration of",Evaluate
"Comprehend and evaluate the implications of specific processes, constructs and elements of organisational communication in terms of: + Roles and functions + Organisation structure + Organisation culture",Evaluate,,Invalid
"Examine the complex interactions of contextual factors related to the client (such as culture, cultural relationships, policies and human diversity), using an evidence based international model.",Analyze,Context: The learning outcome is part of a nursing curriculum focused,Invalid
"apply critical thinking, problem solving and presentation skills to individual and/or group activities dealing with corporate finance and demonstrate in an individual summative assessment task the acquisition of a comprehensive understanding of the topics covered by BFC2140.",Apply,"Correct label:
Apply",Apply
Describe the concept of product lifecycle management.,Understand,"___
Understand",Understand
Identify and classify small- to large-scale geological structures and interpret their significance;,Analyze,Identify and classify small- to large-scale geological structures and interpret,Invalid
"Apply and implement the fundamentals and technologies of the network layer, including packet-switching and queueing concepts;",Apply,Understand the network layer's role in the OSI model and,Understand
Demonstrate the capability to avoid IT systems failure using IT governance;,Apply,Demonstrate the capability to avoid IT systems failure using IT,Invalid
"identify teaching strategies that are responsive to the needs of students from diverse linguistic, cultural, religious and socio-economic backgrounds.",Remember,"___
Understand",Understand
Develop consensus statements based on evidence from the scientific literature and from a range of different perspectives (team/discussion) on a controversial topic in nutrition.,Create,___ Create,Create
Undertake a supervised research project and contribute to project design and management;,Apply,"Develop a research proposal and conduct a literature review;
Conduct a",Invalid
"Demonstrate your awareness of the historical precedents for, and dimensions of, your own practice.",Apply,"Label:

Understand",Understand
"4.Analysea variety of communication skills to effectively engage and interact with children, their families and the multidisciplinary health care team",Analyze,4.Analyze a variety of communication skills to effectively engage and,Analyze
demonstrate knowledge of relevant discipline areas associated with the teaching and learning of accounting and related studies across Years 7 to 12,Apply,The label for the learning outcome is: Remember,Remember
"Proficiently perform biomedical techniques for study at the level of tissues, organs and systems, and conduct research methods applicable to biology, biotechnology and biomedical science.",Apply,"Remember
 Understand
 Apply
 Analyze
 Evaluate
 Create",Create
Be familiar with neurogenetic disorders and their manifestation in brain anatomy.,Understand,"___
Understand",Understand
"Apply an understanding of sustainable design principles to improve the environmental, social and healthy performance of architectural design and construction;",Apply,Analyze the relationship between architectural design and construction and sustainable design principles,Analyze
"Examine the nature of Australian policy debate, particularly with respect to the role of the state in society and economy;",Analyze,"Examine the nature of Australian policy debate, particularly with respect",Invalid
develop knowledge of the seminal articles in accounting research across its many sub-disciplines and how they have established the basis for established and emerging research areas,Understand,,Invalid
Analyse and explain the broader scientific and social aspects of research in their chosen field;,Analyze,- Understand the scientific and social aspects of research in their chosen,Understand
"Explain and understand the concepts taught in the unit, including astronomical instrumentation, data processing, photometry and spectroscopy;",Understand,"- Understand the concepts taught in the unit, including astronomical instrumentation",Understand
Evaluate the validity and relevance of literature evidence when answering clinical questions.,Evaluate,"___
Evaluate",Evaluate
Demonstrate an ability to manage data collection and analysis;,Apply,- label: Apply,Apply
use visualisation and modelling to effectively communicate results of investigations,Apply,Correct Answer: Create,Create
research and analyse innovative solutions to sustainable development challenges in global contexts,Analyze,Correct Answer: Analyze,Analyze
engage in critical explorations and reviews of research and materials for the teaching and learning of languages.,Evaluate,The label for this learning outcome is: Analyze,Analyze
Integrate first and second year studies into whole design tasks involving a combination of individual and group work,Create,,Invalid
link the everyday world of the learner with biology in ways that are meaningful and relevant,Analyze,"Answer:
Create",Create
"Apply knowledge and skills in relation to facilitative support programs for family, friends, teachers and others working with exceptional individuals",Apply,,Invalid
"Integrate and critically reflect on peer, collaborator and supervisor feedback to refine their research processThemeslabel Inquiry and innovation",Analyze,,Invalid
research and design innovative teaching and learning procedures and plans to engage and motivate students which respond to the diverse abilities and interests of all learners,Create,Create,Create
"Differentiate between the models of health funding in physiotherapy including WorkCover, Private Insurance, Chronic Disease Management and NDIS and analyse the impact on practice;",Analyze,,Invalid
Evaluate appropriate tools and techniques to investigate specific neurological/ neuropsychiatric disorders and diagnose and predict patient treatment outcomes.,Evaluate,"___
Evaluate
___",Evaluate
"examine neurodevelopmental, neurocognitive, behavioural, and psychological disorders",Analyze,"in children and adolescents

Remember
Understand
Apply
Analyze",Analyze
read and critically analyse scholarly publications in communications.,Analyze,"___
Evaluate
___",Evaluate
"Critically reflect on the uses of health education, community organisation, communication and social marketing strategies to achieve individual, social, and policy changes;",Analyze,"- Critically reflect on the uses of health education, community",Invalid
"analyse and synthesise complex business situations by drawing on the knowledge bases of Leadership, Corporate Finance, Innovation and Entrepreneurship, and Commercialisation of Technology",Analyze,,Invalid
"develop the ability to identify problems, to synthesise, analyse, and summarise quantitative and qualitative information",Analyze,,Invalid
articulate the research underpinnings of pedagogical models common to history education and enact effectively such models in diverse learning settings,Understand,"Example:
""Compare and contrast the research foundations of constructiv",Invalid
Compose arguments on health systems and policy development.,Create,Label: Create,Create
Select the appropriate MSCT protocol and post processing techniques for core and fine needle biopsies; angiographic studies and virtual colonoscopies from within an evidence - based framework.,Analyze,"Remember
 Understand
 Apply
 Analyze
 Evaluate
 Create",Create
Explain organisational development + Apply communication intervention techniques.,Apply,Label: Apply,Apply
Address research questions in the digital humanities which require non-textual data;,Understand,- Understand the importance of non-textual data in digital humanities,Understand
Identify and explain corporate and advocacy advertisements;,Remember,"Analyze the effectiveness of these advertisements;
Evaluate the impact of these",Evaluate
"Identify key frameworks, guidelines and actions used in health promotion and prevention.",Remember,"___
Understand",Understand
Analyse and interpret data using an evidence based approach to understand patient symptoms.,Analyze,"___
Analyze",Analyze
"Communicate in written, verbal and graphic formats on social and community planning issues",Create,"Correct label:

Create",Create
critically evaluate your practicum experiences of teaching legal studies and law-related studies in schools and other settings.,Evaluate,"I will choose ""Evaluate"" as the Bloom's Taxonomy",Evaluate
Compile media kits for launches and events;,Create,,Invalid
understand how local and national curricula link with policy documents and how these position teachers and teachers' work,Understand,,Invalid
Analyse experimental data using numerical modelling and other computational techniques.,Analyze,"___
Analyze",Analyze
Identify and analyse key factors that contribute to your own and children's health,Analyze,,Invalid
Demonstrate an understanding of issues of sustainable development in relation to structural system design;,Understand,Demonstrate an understanding of issues of sustainable development in relation,Invalid
critically assess the strengths and weaknesses of the different approaches to Corporate Social Responsibility,Evaluate,Correct Label: Evaluate,Evaluate
Analyse power systems subject to symmetrical and unsymmetrical faults,Analyze,,Invalid
"analyse techniques used for provision of security, confidentiality, authentication, non-repudiation and message integrity",Analyze,Correct answer: Analyze,Analyze
acquire the basis for more advanced studies in economics,Remember,Correct Answer: Understand,Understand
"Select and apply tools to acquire, store, consolidate, analyse, manipulate and visualise data.",Apply,"___
Apply",Apply
Formulate research questions that are congruent with a chosen research approach,Create,Answer: Create,Create
"Generate membranes and membrane processes suitable for specific applications, including gas separations, water treatment and desalination, fuel cells and etc.",Create,Create,Create
Synthesise and present experimental findings in the context of relevant scientific literature.,Create,Correct answer: Create,Create
Understand the process of creating a cost model for your design outcome;,Understand,Understand the process of creating a cost model for your design outcome,Understand
Analyse and design software systems taking into consideration various quality attributes and requirements;,Analyze,,Invalid
"Exhibit key skills in the calculus of functions of several variables including the computation of partial derivatives, finding tangent planes and identifying stationary points, root finding, and convexity for optimisation;",Understand,Exhibit key skills in the calculus of functions of several variables,Invalid
Exhibit laboratory skills required to culture and identify micro-organisms.,Understand,"___
Apply",Apply
"review critically, analyse, consolidate and synthesise knowledge of advanced quantification techniques to provide information for management decision-making and give advice",Analyze,Correct Answer: Evaluate,Evaluate
begin to understand and critically interpret relevant curriculum documents,Understand,,Invalid
Evaluate and integrate current knowledge on the genetic drivers of cancer to design trials to assess new cancer therapeutics;,Evaluate,,Invalid
demonstrate understanding of assessment and reporting making consistent and comparable judgement on children's learning and achievements.,Understand,The label for this learning outcome is: Evaluate,Evaluate
"Be familiar with important concepts, ideas, and analytical tools used to understand the structures and processes of different types of political systems in the developing world and particularly in Africa;",Create,,Invalid
Articulate key concepts and methods for understanding cultural difference;,Understand,,Invalid
"Describe the biological basis, epidemiology, pathophysiology and course of disease for common acute and chronic health issues that occur across the lifespan.",Understand,"___
Understand",Understand
"Explain the core foundations of finance, as appropriate to key financial analysis and decision making;",Understand,"- Understand the core foundations of finance, as appropriate to key",Understand
Articulate the connections between robust curriculum development and innovative practice,Understand,,Invalid
Describe the principles of 'lifespace' work,Understand,Answer: Understand,Understand
Compare different rotating equipment used in chemical processes.,Analyze,Response:Compare different rotating equipment used in chemical processes.,Invalid
"understand and identify the fundamental contracts needed to start and grow a business, including founders agreements, client contracts, privacy considerations and online transactions",Understand,,Invalid
analyse principles of sociocultural diversity and inclusion using an intersectionality framework.,Analyze,"___
Analyze",Analyze
explain and critique the theory of capital markets,Evaluate,Correct label: Evaluate,Evaluate
Formulate appropriate patient-centred management plans and discuss management issues,Understand,,Invalid
Critically analyse national and international frameworks for primary health care and health promotion initiatives with special references to the work of the World Health Organisation (WHO);,Analyze,,Invalid
"An ability to experiment with a range of writing structures and techniques, and to assess these writing strategies in terms of their effectiveness and creativeness;",Evaluate,"The student will be able to:
- Experiment with a range",Invalid
articulate the fundamental concept associated with rhythmic and expressive movement,Understand,Response:Understand,Understand
"Assess the economic feasibility of a hydro (or pumped hydro) project based on CAPEX, OPEX and projected revenue",Evaluate,Label: Evaluate,Evaluate
Design a clinically relevant question and set of experiments.,Create,"Example: ""How does the presence of a specific protein affect",Invalid
apply appropriate methods of analysis,Apply,,Invalid
Design experiments to evaluate the performance of polymer based devices,Evaluate,,Invalid
Develop simple physical models and apply these to problem solving;,Apply,"- label: Create

Explanation: The learning outcome involves developing",Create
"Critically evaluate the law of evidence, its practice and contemporary developments, drawing upon broader theoretical and comparative perspectives;",Evaluate,Analyze the impact of the law of evidence on the administration of,Analyze
interpret and analyse the results of a regression analysis and their value when applied in business.,Analyze,Correct Label: Evaluate,Evaluate
Devise solutions to design problems that respond to advances in knowledge within the discipline;,Create,Devise solutions to design problems that respond to advances in knowledge,Invalid
Plan literacy lesson sequences to address specific learner needs,Create,,Invalid
"understand how to map out appropriate analyses, and to define what we would expect to see in the data",Understand,,Invalid
Assess different project management techniques.,Evaluate,"___
Evaluate
___
Create
___
Understand",Create
identify and critically analyse the key conceptual frameworks of audience engagement in contemporary networked environments;,Understand,Identify and critically analyze the key conceptual frameworks of audience engagement in,Analyze
Understanding of how orthogonal frequency division multiplexing and multiple input multiple output (MIMO) multiple antenna systems can be used in modern communication systems and the advantages and limitations of their use,Understand,Answer: Understand,Understand
"demonstrate a capacity to draw on a range of teaching approaches, including the use of information and communication technologies (ICTs), in ways that align with pedagogical intentions",Apply,,Invalid
identify and explain various laws relevant to corporate criminality,Remember,Correct Label: Analyze,Analyze
"apply the proficient or advanced knowledge of one of the following languages to research or translation: French, German, Italian, Spanish.",Apply,"Solution:
Apply",Apply
"Select and use appropriate tools, techniques and strategies to manage project resources, including time and personnel;",Apply,Identify and resolve issues and risks that arise during the project lifecycle,Invalid
Communicate critical arguments or key concepts and findings to a professional audience in oral and written formats,Create,"Correct Label:

Create",Create
Synthesise technical knowledge to generate engineering designs that meet justified performance requirements.,Create,Correct answer: Create,Create
Identify common causes of developmental motor delay.,Remember,"___
Understand",Understand
"Apply sophisticated stochastic modelling skills within a variety of contexts, from population biology to finance to management science, and more.",Apply,"Output:
Apply",Apply
Recognise aurally and perform vocally elements of chromatic harmony and rhythm.,Remember,"Label:

Remember",Remember
Design and develop a learning package targeting advanced clinical decision making relevant to speciality nurse practitioner practice,Create,,Invalid
Discuss the core concepts and terms adopted and investigated by industrial and organisational psychologists.,Understand,"Remember
 Understand
 Apply
 Analyze
 Evaluate
 Create",Create
"understand, design and implement relevant curriculum frameworks and pedagogies which reflect early childhood policy directions and initiatives",Understand,The label for the learning outcome is: Create,Create
Be able to describe various mental health care systems and models of service.,Understand,"Label:

Understand",Understand
Distinguish between different kinds of research evidence and understand how evidence from research differs from other kinds of evidence,Understand,,Invalid
Explain and illustrate key concepts and debates in studies of global indigeneity;,Understand,- Explain and illustrate key concepts and debates in studies of global,Invalid
Assess the risks in designing experimental strategies or identify the shortcomings in justifying the results;,Remember,The label for the learning outcome is: Evaluate,Evaluate
Present and communicate conservation issues to the general public and other stakeholders in written and oral formats.,Create,Present and communicate conservation issues to the general public and other stakeholders,Invalid
Apply the principles of ethics and privacy to all bioinformatics data analysis and reporting.,Apply,"___
Apply",Apply
Identify when community resilience is compromised and what is needed to build that resilience;,Remember,- Evaluate,Evaluate
"Explain and use the most common computational techniques for use in Bayesian analysis, especially the use of simulation from posterior distributions based on Markov Chain Monte Carlo (MCMC) methods, with emphasis on the practical implementation of such techniques in the WinBUGS package.",Understand,Label: Create,Create
"demonstrate the ability to conduct and understand regression analyses, as well as interpret the findings and communicate their business value",Analyze,Analyze,Analyze
Conduct research into corporate and white collar crime based on knowledge of appropriate research principles and methods,Apply,,Invalid
"Investigate, analyse and synthesise complex information, problems, concepts and theories in relation to the protection of Indigenous rights in four jurisdictions.",Analyze,Correct answer: Create,Create
"Determine stresses and strains (and their relationship) in two dimensions utilising the concepts of principal stress and Mohr's circle, and select and use appropriate failure theories for engineering materials.",Apply,Correct Answer: Create,Create
Critically analyse and discuss the nature of air pollutants and its effects on human health and environment.,Analyze,Label: Evaluate,Evaluate
Translate the result of optimisation into the application domain,Apply,"Example:
""Given the optimal solution, explain how it can",Invalid
demonstrate knowledge of relevant discipline areas associated with the teaching and learning of accounting and related subjects across Years 7 to 12,Apply,The label for the learning outcome is: Remember,Remember
"Apply sophisticated stochastic modelling skills within a variety of contexts, from a wide range of scientific areas of knowledge.",Apply,"___
Apply",Apply
"Understand contemporary debates relevant to crime, punishment and criminal justice;",Understand,Understand the role of the media in shaping public perceptions of crime,Understand
Situate environmental issues and responses and building system design within an historic and contemporary understanding of architectural developments;,Understand,,Invalid
"Formulate a range of operations research problems as linear programming problems, and be able to solve them computationally;",Create,Identify the most suitable linear programming model for a given problem;,Invalid
Describe how pharmacologically active chemicals might affect living systems through interactions with receptors;,Understand,The label for this learning outcome is: Understand,Understand
"Identify common radio channel impairments such as noise, fading and interference to synthesise theoretical channel models.",Remember,Response:Create,Create
Explain translation techniques and translation theories,Understand,Answer: Understand,Understand
solve engineering problems involving the simple free and forced vibration of single masssystems,Apply,Correct Answer: Apply,Apply
"evaluate, assess and communicate personal progress and learning, thus engaging in meaningful reflective practice of one's self and the outcomes and process of the projects.",Evaluate,"Reflective practice, self-assessment, and communication of progress",Invalid
"Use a range of information and communication technologies (ICTs) in accessing relevant research literature, to support learning and in presenting evidence of your own learning in the area of literacy.",Apply,Correct Answer: Apply,Apply
Justify the application of bioinformatic research methodologies to visualise translational bioinformatics data.,Evaluate,Justify,Invalid
identify significant ethical issues that arise in various business context and explain the implications of applying different ethical theories for business enterprises,Understand,Correct Label: Evaluate,Evaluate
critically evaluate a contemporary marketing law development and write a research paper on the topic.,Evaluate,Correct Answer: Evaluate,Evaluate
Demonstrate an appreciation of the difference between professional practice in your discipline and research in your discipline.,Apply,Label: Evaluate,Evaluate
Assess risk factors and causal pathways leading to important chronic diseases.,Evaluate,"___
Evaluate
___
Evaluate
___
Create",Create
"synthesise research and teaching approaches relating to curriculum and pedagogical innovation in STEM, exploring how these may enrich STEM learning in early childhood",Create,,Invalid
"Analyse and describe the technical, professional and socio-economic contexts that motivate research, and the implications of research outcomes;",Analyze,Identify the main characteristics of the research problem and the research questions,Invalid
contrast and critique state responses to a variety of legal and illegal drugs;,Evaluate,The label for the learning outcome is: Evaluate,Evaluate
"Explain spatial statistics, assumptions and how they are used to characterise spatial patterns and processes.",Understand,"Remember
 Understand
 Apply
 Analyze
 Evaluate
 Create",Create
Discuss how cultural diversity can influence the care for pregnant women and consider approaches to paramedic care in a variety of situations.,Understand,The label for this learning outcome is: Evaluate,Evaluate
Explain how food legislation is enacted and enforced in Malaysia and internationally;,Understand,,Invalid
"Examine environmental, social and economic dimensions of sustainability, and their interactions, through analysing different philosophical and ideological values and perspectives on sustainability and sustainable development.",Analyze,,Invalid
"Describe the microorganisms and microbial enzymes associated with food spoilage, and evaluate the impact of spoilage on global food production;",Understand,,Invalid
"Organise, plan and successfully execute laboratory experiments relevant to molecular cell biology, as well as analyse and report the results in a meaningful way;",Analyze,The label for this learning outcome is: Create,Create
Demonstrate a wider comprehension of architectural media;,Apply,- Understand the significance of architectural media in conveying architectural ideas and,Understand
Develop a differential diagnosis (list) and justify the most likely options relevant for the patient,Evaluate,,Invalid
Articulate the management and technical requirements of formal quality accreditation in forensic science laboratories.,Understand,Response:Create,Create
"critically analyse fundamental historical/political contexts, and how authors engaged with these;",Analyze,"critically analyse fundamental historical/political contexts, and how authors",Invalid
understand the various components of a brand and how they interact,Understand,,Invalid
"Demonstrate the practice of evidence-based nutrition, professionalism, teamwork and communication skills in the field.",Apply,Correct Answer: Create,Create
display confidence in your capacity to engage in mathematical activity and in your ability to continue to learn mathematical subject knowledge for teaching,Apply,,Invalid
"Plan and produce a project to a high standard with a degree of independence, originality, accountability and (if relevant) collaboration with other parties and stakeholders;",Create,"The label for the learning outcome ""Plan and produce a project",Invalid
Comprehend and interpret those obligations.,Understand,"Label:

Understand",Understand
Demonstrate critical reflective practice skills as a result of completing an internship.,Apply,Correct Answer: Create,Create
"Describe concepts and perform calculations in quantum mechanics, using the Dirac and Schrodinger formalism, and apply this knowledge to the analytical solution of model quantum systems.",Apply,Label: Apply,Apply
Select the appropriate research tools to design and implement an efficient research strategy to answer research questions,Analyze,Label: Create,Create
"Generate creative solutions using engineering design processes, whilst considering societal, health, safety, legal, cultural, ethical and environmental factors.",Create,The label for the learning outcome is: Create,Create
A grounded working knowledge of the major theoretical and methodological approaches on sex and the media;,Understand,A grounded working knowledge of the major theoretical and methodological approaches on,Invalid
Apply sector-relevant transferable skills to your professional development and career plan  ,Apply,,Invalid
"critically evaluate different languages methodologies, programs and models on an F-12 continuum",Evaluate,Correct Answer: Evaluate,Evaluate
"Justify your conceptual, material and logistical approaches to your cultural production in relation to a range of diverse public platforms;",Evaluate,"Justify your conceptual, material and logistical approaches to your cultural",Invalid
Comprehend and evaluate appropriate ethical standards of conduct of lawyers and other professionals working with non-adversarial processes;,Evaluate,,Invalid
manage large data files using a standard database language.,Apply,"Label:

Apply",Apply
Apply critical thinking to problems in stochastic calculus and financial mathematics.,Apply,Example label: Apply,Apply
"Contrast and compare the structure, development and function of body systems before and after birth.",Evaluate,"___
Understand",Understand
"effectively work in a team to produce an innovation that delivers value to customers, end-users and society.",Create,The label for the learning outcome is: Create,Create
Critically analyse data visualisations;,Analyze,,Invalid
Describe the main loads and load combinations relevant to structural design.,Understand,Remember,Remember
"Discuss jazz music with reference to various sociological, biographical and historical contexts;",Understand,"- Discuss jazz music with reference to various sociological, bi",Invalid
Demonstrate the ability critically to assess victimisation risk and to develop victimisation vulnerability profiles,Apply,,Invalid
Model and design flexible software at the architectural level using various tools and techniques;,Create,The student will be able to design and implement software architecture using,Invalid
"Identify contemporary OHS data sources, and evaluate and explain their merits and limitations;",Understand,,Invalid
Demonstrate the intellectual and legal skills to interpret judicial decisions and legislation;,Apply,Analyze the impact of judicial decisions on the development of the law,Analyze
feel confident in planning and executing a formal assessment of a patient presenting with each syndrome,Create,Correct Answer: Apply,Apply
Discuss the relativistic paradoxes in an informed way;,Understand,Analyze the implications of these paradoxes on our understanding of space,Analyze
"Describe the epidemiology and clinical aspects of disease state management for cardiovascular conditions, including primary and secondary prevention strategies",Understand,"Remember
Understand
Apply
Analyze
Evaluate
Create",Create
"debate and critically evaluate contemporary themes of human resource management, such as diversity management, digitalisation, and career management, and assess how these have impact on human resource policies and practice of contemporary organisations.",Evaluate,Evaluate,Evaluate
Apply advancing report-writing skills to practice,Apply,"Report writing skills
Writing skills
Writing
Writing skills",Invalid
Demonstrate an understanding of the motivation for engineers to carry out mechatronics design.,Understand,Response:Understand,Understand
Apply stereographic projection and its properties;,Apply,,Invalid
Examine coping mechanisms and adjustment disorders in radiation oncology patients in a culturally competent manner.,Analyze,Correct Answer: Analyze,Analyze
"Explain how IT applications are developed, including all aspects of the development process;",Understand,"Identify the main components of IT applications;
Describe the role of",Invalid
"apply critical thinking, problem solving and presentation skills in individual and/or group activities dealing with property investment and demonstrate in an individual summative assessment task the acquisition of a comprehensive understanding of the topics covered by BFX3355.",Apply,"Appling critical thinking, problem solving and presentation skills in individual",Invalid
"understand and develop effective, mutually beneficial relationships, particularly in team contexts",Understand,,Invalid
Utilise and value transdisciplinary modes of design enquiry and apply them in inventive ways;,Apply,,Invalid
"Apply knowledge and understanding of recent developments to the death penalty from legal, political and advocacy perspectives.",Apply,The label for the learning outcome is: Apply,Apply
Explore and develop differentiated instructional strategies and curricula which challenge a range of abilities and are suitable for mainstream classrooms.,Create,Correct Answer: Create,Create
Draw on the framework of the finite element method.,Apply,Solution: Create,Create
Use the subjunctive in subordinate clauses;,Apply,"Use the indicative mood in subordinate clauses;
Use the subjunct",Invalid
"Learn to design, develop and budget a research project;",Create,,Invalid
evaluate the strengths and weaknesses of the various systems and models;,Evaluate,,Invalid
"Solve engineering problems involving: displacement, velocity and acceleration, simple vibrating systems of masses, springs and dampers, and analysis of simple engineering mechanisms.",Apply,Solution: Apply,Apply
Distinguish between 'European' and 'national' responses to the crises and the inter-play between these two levels of European Union governance;,Analyze,,Invalid
Identify and apply appropriate evidenced based or best practise interventions to specific paediatric conditions.,Apply,"___
Apply",Apply
Use gender perspectives to analyse global policy problems and/or political issues.,Analyze,"___
Analyze",Analyze
know local human service systems relevant to the needs of the professional psychologist,Understand,Correct Answer: Remember,Remember
"demonstrate a high level of skills appropriate to working in a collaborative, team based environment;",Apply,demonstrate a high level of skills appropriate to working in,Invalid
"investigate and evaluate different aspects of cultural production and consumption across different projects, sites and communities in the city;",Evaluate,,Invalid
"Conceptualise, design and manage an independent research project;",Create,,Invalid
"Appreciate the fundamental concepts in all aspects of geothermal engineering, from exploration to development and energy production.",Understand,"The label for the learning outcome ""Appreciate the fundamental",Invalid
Apply the knowledge of the nutritional science to human health across the lifespan.,Apply,"___
Apply",Apply
"Identify the benefits and ethical issues involved in randomisation as a mechanism for reduction and balancing bias, and implement a variety of randomisation schemes.",Remember,Correct answer: Apply,Apply
Interpret the findings from the literature review and communicate these to a specialist health management audience.,Evaluate,Label: Evaluate,Evaluate
"Develop an understanding of the selected area/topic,",Understand,"and be able to apply this knowledge to solve problems.

Label",Apply
Demonstrate the use of a particular model for deciding the most appropriate therapeutic medication for a particular condition,Apply,Correct Label: Apply,Apply
Appreciate the iterative relationship between research and practice,Understand,,Invalid
"Produce high level critical and/or creative written practice, in or about literary genres such as fiction, poetry and creative nonfiction;",Create,"Produce high level critical and/or creative written practice, in or",Invalid
"Describe the reliability basis for limit state design and its use in bridge assessment, including descriptions of the basic variables.",Understand,"Remember
Understand
Apply
Analyze
Evaluate
Create",Create
"Conceptualise, design, develop and apply creative computing techniques to a problem or situation requiring an interdisciplinary response;",Apply,,Invalid
Explain the notion of proof in mathematics and be able to carry out basic proofs;,Understand,,Invalid
"Identify and differentiate between the roles and responsibilities of those involved in supervised professional practice placement - the university, the student, and the host organisation by participating in tutorial/briefing activities",Understand,Correct answer: Understand,Understand
discuss the international financial environment and the importance of foreign exchange risk management,Understand,"Answer:
Understand",Understand
Critically evaluate the concept of organisational informatics;,Evaluate,,Invalid
Explain the role of statistical methods in evidence-based health care.,Understand,"Label:

Understand",Understand
be able to make judicious policy predictions and undertake independent research studies in the unit.,Evaluate,Correct Answer: Create,Create
"obtain and process data using descriptive analytics (e.g. charts, association and clustering visualization) and predictive analytics (e.g. regression, decision trees, classification and forecasting modelling) with a focus on strategic and operational management",Apply,,Invalid
"Edit, proof and prepare copy for publication;",Create,"Edit, proof and prepare copy for publication;

Answer:
Create",Create
Develop a professional report/policy brief and recommendations using appropriate language and presentation,Create,"Format your answer as follows, with the label in single quotes",Invalid
"work reflectively, independently and collaboratively with peers to conceptualise and design a VR media project;",Create,The label for the learning outcome is: Create,Create
Describe different modes of imaging nanotechnology-based therapies. Themeslabel Pharmaceutical Science,Understand,,Invalid
"Articulate ideas and arguments effectively in written, spoken, visual and/or audio-visual forms",Understand,Correct label: Create,Create
"Investigate, analyse and synthesise complex information, problems, concepts and theories in relation to the process of workplace investigations including the nature of the investigating body and its powers, the right of representation, relation of the investigation to civil and criminal proceedings, and evidentiary and natural justice issues;",Analyze,- Understand the nature of the investigating body and its powers;,Understand
A range of statistical techniques and when it is appropriate to use them.  Students are also required to demonstrate their ability to develop a research proposal.,Create,,Invalid
"Demonstrate technical skills in experimental methods and the ability to collect, analyse and interpret data using methods relevant to the discipline of Immunology;",Apply,,Invalid
"Demonstrate effective presentation skills in written, visual and verbal modes",Apply,"Correct label:

Create",Create
Develop a preliminary regulatory and reimbursement strategy for registration of a medical technology in a number of jurisdictions.,Create,"Label:

Create",Create
Critically analyse the multifaced nature of implementing changes to current norms and standards of practice.,Analyze,Response:Evaluate,Evaluate
"Apply knowledge and understanding of the common law, constitutional and statutory framework that has applied to Indigenous people of Australia, and compare with selected common law countries particularly Canada and New Zealand;",Apply,"- Compare the common law, constitutional and statutory framework that has",Invalid
Discuss current archaeological methods and theories used to study ancient EgyptianCulture,Understand,,Invalid
Analyse and debug existing e-Business applications;,Analyze,,Invalid
Apply basic knowledge of land economics and conduct feasibility analyses,Apply,,Invalid
"Use cognitive, technical and creative skills to generate and evaluate, at an abstract level, complex ideas and concepts relevant to the facilitative mediation model.",Apply,Solution: Create,Create
Elaborate key moments in the history of curating and of prominent historical and contemporary curators;,Create,Analyze the impact of curatorial practices on the art world and,Analyze
"Describe how plastic deformation of metallic materials proceeds by the process of slip, and how the motion of dislocations can be impeded by structural defects.",Understand,Correct Answer: Analyze,Analyze
apply tools in development practice.,Apply,"Example: ""Write a program using Python to solve a given",Invalid
"Explain the concepts of state sovereignty, common concern of humankind, sustainable development, common but differentiated responsibilities, intra- and inter-generational equity, the precautionary principle, climate justice, compliance and enforcement, and apply them to the problem of climate change;",Apply,The correct label for the learning outcome is: Create,Create
Apply advanced forensic imaging skills to the principles of forensic photography.,Apply,Example label: Apply,Apply
Appreciate the international sources of collective labour rights and assess the compliance of Australian law with specified international labour standards;,Understand,,Invalid
"understand the Australian Competition and Consumer Commission (and its predecessor, the Trade Practices Commission)",Understand,"The label for the learning outcome ""understand the Australian Competition",Understand
utilise research-informed evidence base to critique or justify a range of teaching and learning approaches within scenarios/case studies or role-playing,Evaluate,Correct Label: Evaluate,Evaluate
Apply their knowledge to execute an observing program and use astronomical imaging to understand the nature of a celestial object;,Apply,"Identify the celestial object as a star, planet, or galaxy",Invalid
explain Industry 4.0 and its impacts on engineering fields,Understand,Answer: Understand,Understand
To gain an understanding of the basic syntax system of Modern Standard Chinese and of the similarities between it and English.,Understand,"Remember
 Understand
 Apply
 Analyze
 Evaluate
 Create",Create
"Identify the anatomical, hormonal and molecular components of the male and female reproductive system",Remember,Remember,Remember
Display evidence of written and verbal knowledge and critical thinking skills.,Apply,"Label:

Evaluate",Evaluate
"Critically appraise adjunctive/alternative therapies used in wound care, including suggested mode of action and level of evidence to support use.",Evaluate,"Remember
Understand
Apply
Analyze
Evaluate
Create",Create
Skilfully and expressively use both informative and artistic modes to create a holistic vision of the world of typography;,Apply,,Invalid
have a basic understanding of the methodology and principles of economics,Understand,I will use the correct terminology and concepts when discussing economic theories,Invalid
Critically analyse donors' positions and activity within global health contexts.,Analyze,"___
Evaluate",Evaluate
Evaluate the effectiveness of exposure protocols for all general and contrast radiographic imaging in terms of image quality and radiation protection for patients;,Evaluate,,Invalid
demonstrate an ability to work independently and to participate effectively in diverse group tasks,Apply,,Invalid
develop an ongoing capacity to create units of work in response to changing educational policy and theory for secondary school students,Create,,Invalid
Research and develop appropriate public relations strategies for an organisation;,Create,,Invalid
Apply power conversion techniques to a renewable energy system.,Apply,Example label: Apply,Apply
"Evaluate ethical conduct, social and professional responsibilities in the workplace.",Evaluate,"___
Evaluate",Evaluate
explain creative industries structures and markets;,Understand,"explain creative industries structures and markets;
explain creative industries",Invalid
Apply high-level critical thinking skills to using and analysing data collections both in the library and on the Internet;,Apply,Analyze the strengths and weaknesses of different types of research methods;,Analyze
"Analyse basic musical elements including intervals, chords andbasic functional progressions;",Analyze,,Invalid
Infer the characteristics of a population based on a sample of that population drawing on appropriate statistical techniques,Analyze,Correct answer: Analyze,Analyze
Explain the importance of micro-organisms in human health and disease;,Understand,The student will be able to explain the importance of micro-organ,Invalid
"Evaluate the key factors in shaping the evolution of cinema as a technology, as a business and as an art;",Evaluate,"Analyze the impact of cinema on society and culture;
Create a",Create
Demonstrate an awareness of the relations between modern critical/narratological theory and creative practice,Apply,Answer: Understand,Understand
acquire skills to conduct high quality independent qualitative research,Apply,Example label: Create,Create
Apply an evaluation planning process and develop an evaluation plan tailored to a health promotion or public health program.,Apply,"I will label this as ""Apply"".",Apply
Critically examine the representation of Pacific encounters in the development of academic knowledge regarding human difference;,Analyze,The label for this learning outcome is: Evaluate,Evaluate
Research and measure corporate reputation and identity;,Create,"Analyze the impact of corporate reputation on business performance;
Evaluate the",Evaluate
Appreciate the major theories explaining Middle Eastern political realities.,Understand,"___
Evaluate
___
Create
Understand
Apply",Create
define and describe the concepts and debates in the field of development economics,Understand,"I will label the learning outcome as ""Understand"". This is",Understand
Skills in the critical assessment of academic contributions to issues of economic development and growth,Analyze,,Invalid
understand the roles and responsibilities of the corporate treasurer and the credit controller and identify approaches to managing a corporate treasury and credit control department within the organisation and within the department itself,Understand,The label for the learning outcome is: Understand,Understand
"Analyse and evaluate the operating principles of the cloud computing, grid computing, clustering, and web services middleware used to implement large distributed systems, including basic security mechanisms;",Analyze,,Invalid
Describe historical and contemporary trends in the field of youth sociology;,Understand,Identify the key sociological theories that have shaped our understanding of,Invalid
analyse and explain the key concepts from reading and scholarship in the area of communications and media studies;,Analyze,,Invalid
"Use cognitive, technical and creative skills to generate, articulate and evaluate complex ideas and concepts relevant to business and human rights",Apply,,Invalid
acquire advanced knowledge and skills in understanding research articles,Remember,,Invalid
Critically appraise the impact of criminal victimisation on the rights of the individual and that of a just society,Evaluate,,Invalid
"Effectively communicate (both orally and in writing) legal information, principles, arguments, strategies and theories of justice with a wide range of audiences involved in the justice system, be it in terms of individual casework or wider policy advocacy;",Understand,,Invalid
Students will be able to work within the ethical parameters of photojournalism.,Apply,Correct Answer: Apply,Apply
Apply sophisticated tools of mathematical analysis to understand manifolds in a variety of settings,Apply,Example: Use the concept of homology to determine the number,Invalid
"Acquired knowledge about the challenges to cultural nationalism by transnational cultural flows, and the role of electronic media, especially the Internet in this;",Remember,- Acquired knowledge about the challenges to cultural nationalism by trans,Invalid
"Examine some characteristic industry problems involving semi-structured data, and analyse the suitability of different algorithms.",Analyze,Correct answer: Analyze,Analyze
"Compare and contrast the difference between biological (e.g. for food and reproduction) and non-biological needs (e.g., for gaming, shopping) in the consolidated and emerging process addictions.",Evaluate,"Answer:
Analyze",Analyze
"Demonstrate an understanding of the relative legislative, administrative and organisational policies and processes relevant to early years settings.",Understand,"Remember
 Understand
 Apply
 Analyze
 Evaluate
 Create",Create
"Demonstrate delivery of non-credentialed activities under direct supervision, by applying the knowledge and skill gathered from units over the duration of the courseThemeslabel Professional experience",Apply,,Invalid
identify cross-linguistic patterns in morpho-syntax and discuss claims of universality;,Understand,,Invalid
Complete a thorough and accurate written evaluation of a client.,Evaluate,"___
Evaluate
___
Evaluate
___
Create",Create
demonstrate knowledge and evaluation of the impact of AI on law and the legal profession;,Apply,demonstrate knowledge and evaluation of the impact of AI on,Invalid
"apply critical thinking, problem solving and presentation skills in individual and/or group activities dealing with research skills and demonstrate in an individual summative assessment task the acquisition of a comprehensive understanding of the topics covered by BFX4000.",Apply,"Correct label:
Apply",Apply
identify both market failure and government failure and understand the causes of each.,Understand,Correct answer: Understand,Understand
"Distinguish the anatomical features and recognise associated common radiographic pathologies of the axial skeleton and musculoskeletal system, the thorax, abdomen and pelvis.",Analyze,Remember,Remember
Design experiments to assess the performance of energy storage and conversion devices.,Create,"Label:

Create",Create
"Evaluate debates about 'imperialism', 'colonialism', 'race', 'gender', 'modernisation' and 'globalisation';",Evaluate,"Analyze the impact of British colonialism on India;
Compare the",Analyze
"Identify and deploy relevant general capabilities including literacy, numeracy and the use of ICT for teaching and learning",Understand,,Invalid
"Apply thematic and content knowledge, and setting-specific knowledge in the field of specialised interpreting;",Apply,Demonstrate the ability to apply the skills of specialised interpreting,Apply
"Appraise public health strategies and policy processes in addiction, critiquing how individual, community and institutional forces can shape policy direction and focus.",Evaluate,Correct Label: Evaluate,Evaluate
demonstrate a sound understanding of clinical psychological principles and how these are implemented within service delivery systems.,Understand,Correct Label: Understand,Understand
Describe the importance of safety and quality in health care with in a risk management framework.,Understand,"___
Evaluate
___",Evaluate
"Demonstrate a range of skills and techniques in communication, negotiation and mediation.",Apply,Correct answer: Create,Create
"Apply a variety of assessment approaches in the arts, design, health and physical education.",Apply,___ Apply,Apply
Recognise the basis of human rights in health care.,Remember,"___
Understand",Understand
Evaluate the kinetics of physicochemical changes in food during processing.,Evaluate,"___
Evaluate",Evaluate
Gained a holistic appreciation of international relations and will be in a position to apply that analytical tool to the study of other international relations units.,Apply,,Invalid
Demonstrate critical and independent thinking in the synthesis of research reports and scientific presentation.,Apply,Correct answer: Create,Create
Develop leadership skills and confidence to work independently and as a member of a team,Apply,,Invalid
Appraise the diurnal cycle of the terrestrial boundary layer and the evolution of the maritime boundary layer during warm and cold air advection;,Evaluate,The label for the learning outcome is: Evaluate,Evaluate
"Perform key skills in the calculus of functions of several variables including the calculation of partial derivatives, find tangent planes and identify stationary points.",Remember,"Label:

Apply",Apply
Critically analyse clinical issues that support or complicate nurse practitioner practice,Analyze,"Correct label:

Analyze",Analyze
"Explain the rationale of current regenerative medicine approaches, including cell and gene therapy, immunotherapy, and bone marrow transplantation.",Understand,Understand,Understand
"Demonstrate ability to design a research project suitable for honours level and to write a research project proposal which includes a literature review, research aim and/or question/s and appropriate qualitative and/or quantitative methodology.",Apply,"Appearances can be deceiving, so it's important to",Invalid
"Be proficient at using at least two different statistical software packages (e.g. Strata, Excel) to perform survival analysis.",Analyze,"___
Apply",Apply
Summarise the impact of these cardiovascular disorders during the perioperative period and develop a framework for the assessment of these increasingly complex patients.,Create,Create,Create
Acquire a conceptual overview of the art circuit and its functionality in the media industry.,Apply,Solution: Understand,Understand
Describe the role of clinical governance in the prevention and minimisation of clinical risks and adverse outcomes in nursing practice.,Understand,Response:Evaluate,Evaluate
Describe observations and critique these in relation to developmental theories about typical childhood occupations,Understand,"Correct label:

Evaluate",Evaluate
Critically reflect on the basic syntax system of Modern Standard Chinese and on the similarities and differences between it and English.,Analyze,"Correct label:

Evaluate",Evaluate
"Determine the extent to which Australian workers are impacted, if at all, by any non-compliance by Australian law with international standards;",Apply,"Determine the extent to which Australian workers are impacted, if at",Invalid
Discuss the concept of evidence based practice and its application to clinical practice;,Understand,,Invalid
"Describe the structure and function of each major cell, tissue, organ and organ system considered within the unit;",Understand,The label for the learning outcome is: Understand,Understand
formulate and apply a framework for ethical decision making when dealing with an ethical dilemma in business,Apply,Correct Label: Create,Create
Analyse a clinical situation and logically articulate the underlying pathophysiology,Analyze,,Invalid
"Convey their findings in both written and verbal formats, and critique and evaluate the work of others.",Evaluate,"Correct label: Evaluate

Question: How would you assess the",Evaluate
Provides structured and effective case presentations and justifies reasoning,Apply,,Invalid
"Explain and apply the social work framework stages of change to construct intervention plans, case management and referrals.",Apply,"Social work framework stages of change: Precontemplation,",Invalid
"Use cognitive, technical and creative skills to generate and evaluate at an abstract level complex ideas and concepts relevant to transnational labour law and the influence of the international norms on the development and reform of national laws and practice.",Apply,Remember,Remember
Show appropriate skills in applying methods and techniques relevant to your chosen project.,Apply,"Label:

Apply",Apply
synthesise findings and information in the research literature about how young children learn mathematics and effective strategies for promoting their ability to think mathematically,Create,,Invalid
Describe strategies to evaluate dietary and lifestyle factors in epidemiological studies.,Understand,"___
Evaluate
___",Evaluate
"Apply the concept of loads and load paths, calculate shear stresses in thin-walled sections and predict stress and strains in non-circular cross-sections members under torsional loading.",Apply,"Answer:
Apply",Apply
relate management theory to varying and different cultures,Apply,Answer: Understand,Understand
Propose an appropriate design methodology to achieve design requirements.,Create,"Label:

Create",Create
Explain the mechanisms involved in the storage and processing of metabolic fuels;,Understand,The label for the learning outcome is: Understand,Understand
comprehend the nature of international public policy research and reporting;,Understand,demonstrate an understanding of the key concepts and theories in,Invalid
"use cognitive, technical and creative skills to generate and evaluate at an abstract level complex ideas and concepts relevant to migration and human rights.",Apply,The answer is: Create,Create
analyse and problematize common misconceptions about emotions and leadership and articulate how they relate to your own leadership contexts,Analyze,,Invalid
"Demonstrate in-depth knowledge of a chosen topic, for example, the history, style and context of a selected music genre, instrument, ensemble or repertoire;",Apply,- Discuss the chosen topic in a coherent and structured manner;,Invalid
demonstrate an emerging knowledge of ICT resources that engage students in learning,Apply,,Invalid
Understand how sociocultural perspectives apply to language pedagogy,Understand,,Invalid
"understand the influence and develop an appreciation of the role of media and emerging information and communication technologies (ICTs) can have on the arts, sustainability, health and wellbeing, intercultural understanding and Indigenous Australian and Asian people's cultures and perspectives",Understand,,Invalid
Display an ability to critically engage with written and visual texts in a clear and confident manner in both written and oral presentation.,Apply,Correct answer: Evaluate,Evaluate
employ sophisticated research and critical thinking skills.,Apply,"Label:

Evaluate",Evaluate
"Investigate, analyse and synthesise complex information, problems, concepts and theories in relation to international trade law;",Analyze,- Compare and contrast the different approaches to international trade law;,Invalid
"Acquire an advanced knowledge of legal research principles and methods, evidenced by their ability to locate, update and apply the law in their chosen area of research;",Understand,- Demonstrate an understanding of the importance of staying current with,Invalid
Conduct research into issues relating to the application of comparative law and policy to the rights to privacy and data privacy.,Apply,The label for this learning outcome is: Create,Create
Practice design to a standard of professional competency; engaging collaboratively and independently in the resolution and communication of design concepts;,Apply,,Invalid
analyse key elements of a variety of digital communication;,Analyze,identify and evaluate the strengths and weaknesses of different digital communication platforms,Evaluate
provide an understanding of how to conduct data analysis,Understand,Response:Understand,Understand
"Recognise the limitations of the student's medical knowledge, and how this relates to scope of practice, patient safety and their role within the broader health care team.",Remember,Correct label: Evaluate,Evaluate
Explain fundamental concepts in political philosophy,Understand,,Invalid
Demonstrate a command of historical and contemporary approaches to the regulatory contexts shaping planning systems;,Apply,Demonstrate a command of historical and contemporary approaches to the,Invalid
"Interpret and demonstrate software engineering principles of maintainability, readability, and modularisation;",Evaluate,,Invalid
understand the function of financial markets and intermediation in the modern economy,Understand,___ Understand,Understand
Estimate quantities of interest and evaluate hypothesis with appropriate statistical methods;,Evaluate,The label for this learning outcome is: Evaluate,Evaluate
"understand fully the role of a clinical psychologist at an organisational level, and the contributions that a clinical psychologist makes to a service delivery system.",Understand,The answer is: Understand,Understand
"Design a creative and empirical way to build on previous research to study a particular aspect of consciousness, based on both their own subjective experience and theories/models taught.",Create,"Remember
 Understand
 Apply
 Analyze
 Evaluate
 Create",Create
Demonstrate the ability to critically assess aspects of architectural production;,Apply,"- Critically assess aspects of architectural production;
- Critically",Invalid
have acquired a good understanding of current theories and models of recovery of brain function after neurological damage;,Understand,have acquired a good understanding of current theories and models of recovery,Invalid
Actively demonstrate competencies in practical components,Apply,of the course.,Invalid
Be able to engage in comparative analysis of philosophers and mystics from the different traditions,Analyze,Analyze,Analyze
"Interpret information that describes intersections of different aspects of food chemistry and biochemistry, including data generated from practical testing and analysis, and relationships to innovation;",Evaluate,- Understand the role of food chemistry and biochemistry in food,Understand
Effectively use the elements and principles of design;,Apply,,Invalid
Apply philosophical discussions about consciousness and cognition to human behaviour in general,Apply,Example label: Apply,Apply
be able to critically evaluate the different global institutional responses to global ecological problems,Evaluate,Correct Label: Evaluate,Evaluate
Examine the pharmacological properties of drugs and select appropriate statistical approaches to assess therapeutic efficacy,Analyze,Correct answer: Analyze,Analyze
Competently perform select repertoire in an online setting with recorded outcome;,Apply,"- Remember
- Understand
- Apply
- Analyze",Analyze
Discuss the limitations of techniques available to manipulate reproduction in animals,Understand,Answer: Evaluate,Evaluate
Demonstrate fundamental understanding of jazz arranging styles and methodologies as informed by historical and contemporary practices;,Understand,,Invalid
Perform and accurately record an appropriate physical and mental health examinationThemeslabel Theme IV,Apply,"Remember
Understand
Apply
Analyze
Evaluate
Create",Create
Application of the knowledge and skills acquired during their academic studies to the practical requirements of the workplace;,Apply,"- Apply

Question: How would you classify the learning outcome",Apply
Demonstrate the ability to work effectively as a part of a team.,Apply,"Label:

Create",Create
Formulate responses to specific legal problems emerging from the use of the WTO agreements in dispute resolution.,Create,Response: Create,Create
Discuss the strengths and weaknesses of different travel survey methodologies and interpret travel survey data.,Understand,"Label:

Evaluate",Evaluate
"Describe the basic features of human anatomy, cell and biomolecule structure and function and their interactions with biomaterials.",Understand,Remember,Remember
Reflect upon their own relationship with gender and the way in which gender affects everyone,Analyze,Correct label: Evaluate,Evaluate
Demonstrate an understanding of pathogenesis of disorders of the immune system and strategies for immunosuppression and immunopotentiation to correct these disorders;,Understand,,Invalid
"Use cognitive, technical and creative skills to generate and evaluate at an abstract level complex ideas and concepts relevant to Workplace Bargaining and Agreements Law.",Apply,Solution: Create,Create
"Identify different phases in soils and determine their densities, void ratios, porosities",Analyze,"and permeabilities.

Remember",Remember
Differentiate a range of corrosion types and the principles behind corrosion mitigation.,Analyze,"Label:

Analyze",Analyze
Evaluate various types of air conditioning systems used in industry and determine the optimal choice for a particular situation,Evaluate,"I will use the label ""Evaluate"" for this learning outcome",Evaluate
"Locate suitable resources, software and tools for a data science project.",Remember,"___
Remember
___
Understand
___
Apply",Apply
critically examine the major explanations of the dynamics of growth and change in the economy over the last centuries,Analyze,I will Evaluate,Evaluate
Identify and discuss select composition genres;,Understand,,Invalid
Effectively communicate medical information to patientsThemeslabel Theme IV,Create,"Remember
Understand
Apply
Analyze
Evaluate
Create",Create
Evaluate and select the optimal test for printed circuit boards through a deep comprehension of ATE architecture and familiarity with real-world test equipment.,Evaluate,Correct Answer: Evaluate,Evaluate
Interpret and communicate the results of epidemiological studies,Evaluate,Label: Evaluate,Evaluate
"Identify the different delivery platforms for multimedia design, including digital video, the internet, smart devices, site-specific installations, and other technologies;",Remember,,Invalid
Employ sophisticated research and critical thinking skills in analysis of aspects of Japanese culture and society.,Apply,"Label:

Analyze",Analyze
"Describe the burden, distribution and determinants of chronic disease within their own country and internationally",Understand,Answer: Understand,Understand
"Apply evidence-based educational practices to plan, design and implement an education session for health care practitioners.",Apply,Response:Apply,Apply
describe the impact of networks and role of networking on managing the innovation process.,Understand,"___
Understand",Understand
Demonstrate the ability to think creatively and communicate effectively in professional documentary formats that are appropriate for dispute resolution practice;,Create,,Invalid
Comprehend the principles of stratigraphy and how geologists determine the age of sedimentary and volcanic rocks;,Understand,Understand the significance of fossil records in interpreting Earth's geological history;,Understand
"Apply geological principles to explore for and manage the resources and uses of sedimentary basins, including water and mineral resources, carbon capture and storage, and geothermal energy.",Apply,"Example: ""Design a water filtration system using principles of fluid",Invalid
Discuss the multifactorial and complex nature of nutritional issues that are major challenges for nutrition interventions in the community.,Understand,"Answer:
Evaluate",Evaluate
Apply the knowledge of green materials and technology to the solution of complex problems involving buildings and structures.,Apply,"___
Apply",Apply
"Candidly identify the values in your projects, especially related to gender, class and ethnicity and consider the possible case against the assumptions of your practice;",Remember,,Invalid
Critically evaluate their observations in discussion and in written assignments,Understand,,Invalid
"describe the merits, and regulatory and financial reporting implications of various forms of business structures",Understand,Answer: Evaluate,Evaluate
"Investigate, analyse and synthesise complex information, problems, concepts and theories in relation to relevant human rights jurisprudence from comparable domestic legal system such as the United States, Canada, New Zealand and the UK to apply in the Australian context",Apply,"Remember
Understand
Apply
Analyze
Evaluate
Create",Create
Demonstrate understanding of how the variable nature of different legal systems andunderstandings of jurisdiction affects the application of laws and principles underpinning theprotection or limitation of human rights.,Understand,"Remember
 Understand
 Apply
 Analyze
 Evaluate
 Create",Create
"Describe the advantages, drawbacks and pitfalls of the visual presentation of data as compared to its presentation using other media.",Understand,The label for this learning outcome is: Analyze,Analyze
recognise how adult attachment style can affect relationships,Remember,"Question:
What is the Bloom's Taxonomy classification for the",Invalid
Establish studio processes that generate ongoing creative enquiry in printmaking;,Analyze,,Invalid
Assess potential hazards using an industry-accepted framework and mitigate these hazards as part of the detailed design process.,Evaluate,Correct Answer: Evaluate,Evaluate
"Apply these theories to a range of contemporary issues of crime, risk and security;",Apply,"Analyze the strengths and weaknesses of different theoretical approaches to crime,",Analyze
"consolidate your content knowledge, develop subject matter and pedagogical content knowledge and skills relevant to teaching senior secondary physical education",Evaluate,,Invalid
Use modern high-level languages and technologies to document the architecture of complex reactive software systems;,Apply,Use modern high-level languages and technologies to document the architecture of,Invalid
possess the skills necessary to evaluate critically contemporary innovations in Australia's trade policies.,Evaluate,"___
Evaluate",Evaluate
Analyse the effective use of digital video/audio in multimedia;,Analyze,,Invalid
Determine theoretical error-performance of wireless systems for comparison against practical measurements.,Apply,"Label:

Evaluate",Evaluate
"Identify, investigate and resolve issues of private international law arising in transnational commercial disputes;",Remember,"- Understand
- Create
- Evaluate
- Apply",Create
"Use a range of specific teaching and learning skills such as reflection, problem solving, negotiation, risk taking, innovation, and creativity",Apply,Label: Create,Create
"Demonstrate an awareness of local, national and international people and events relevant to current issues and media issues related to Reporting the Arts Circuit.",Apply,"Remember
 Understand
 Apply
 Analyze
 Evaluate
 Create",Create
Explain the relationship between theory and practice in performance and apply it to the analysis and evaluation of their practice;,Understand,Understand the relationship between theory and practice in performance and apply it,Apply
apply suitable statistical techniques for describing and forecasting time series data,Apply,Example label: Apply,Apply
"articulate key features of ‚Äòbig data' versus traditional data, together with the opportunities and challenges that big data present to business and society",Understand,,Invalid
Demonstrate effective interpersonal skills in caring for patients and their families and working with members of the multi-disciplinary team.,Apply,Correct Answer: Apply,Apply
Discuss the processes that lead to soil and regolith formation.,Understand,"___
Understand",Understand
"Analyse the physiological requirements of gametes, cleavage embryos and blastocysts and how these are addressed in ART culture systems.",Analyze,"___
Analyze",Analyze
Analyse the life cycle of a mining project and understand the fundamentals of systems engineering.,Analyze,"___
Analyze",Analyze
"Apply problem solving methods, synthesise design resolutions and communicate solutions using models, presentation and technical drawings;",Apply,"Analyze the design solutions and evaluate their performance, using appropriate tools",Evaluate
Perform and interpret analysis of variance and multiple regression where conditions are appropriate forthese statistical analyses;,Analyze,The label for this learning outcome is: Apply,Apply
Design a research plan of experiments to test whether a drug target is suitable,Create,"for drug development.

Example 1:
Learning Outcome: Explain",Invalid
Demonstrate practical laboratory skills in anatomy & developmental biology;,Apply,,Invalid
"Understand specific basic knowledge and display key technical skills in optimisation, model fitting, dynamical systems, and partial differential equations, and their applications;",Understand,"Understand the basic concepts of linear algebra, probability, and statistics",Understand
Analysise global issues in a comparative and transnational framework;,Analyze,"- Compare and contrast the global issues in different countries;
-",Invalid
Communicate effectively in both written and oral formats;,Create,,Invalid
develop an ability to interpret statistical output from a marketing perspective.,Create,"Label:

Evaluate",Evaluate
identify and describe the way in which economists apply economic theories and concepts to analyse various behaviours and issues,Understand,Correct Answer: Analyze,Analyze
Critically assess the works of other historians;,Evaluate,I want you to label the learning outcome provided above. Your,Invalid
develop capabilities to work effectively in a group; and/or demonstrate effective individual research skills to produce a professional quality business document to solve a valuation problem; and/or deliver a professional quality presentation; and/or develop oral communication skills and demonstrate independent thinking through contributions to class discussions; and demonstrate in individual summative assessment tasks the acquisition of an comprehensive understanding of the topics covered by this unit.,Create,"Remember
 Understand
 Apply
 Analyze
 Evaluate
 Create",Create
Identify modes of heat transfer in energy-related processes.,Remember,"___
Understand",Understand
Work in teams to solve problems collectively.,Apply,"___
Create",Create
Develop a plan for their first internship.,Create,"___
Create",Create
Critically evaluate your role within a group setting and manage group dynamics.,Evaluate,Correct answer: Evaluate,Evaluate
Identify and determine appropriate shear strength parameters of soils/rocks for engineering design,Understand,Correct answer: Apply,Apply
Discuss elements of the ancient Egyptian world view and how this influences our interpretation of their culture and artefacts,Understand,,Invalid
Identify crucial and relevant elements of a range of Asian societies,Remember,,Invalid
"basic essay-writing skills and an ability to engage in informed discussion of German culture, using appropriate terminology and applying the range of language skills pertinent to component 1.",Apply,"Remember
 Understand
 Apply
 Analyze
 Evaluate
 Create",Create
Design a health education plan with a focus on long term change in a complex environment.,Create,Correct Answer: Create,Create
Carry out extensive literature searches to research particular topics relevant to clinical neuropsychology.,Analyze,The label for this learning outcome is: Apply,Apply
Exercise critical thinking and professional judgement by developing a plan for a final project relating to an internship;,Apply,- Develop a plan for a final project relating to an internship,Invalid
Describe and demonstrate how to apply the principles of evidence-based practice using best evidence available for practice.,Apply,"Label:

Apply",Apply
develop appropriate techniques and teaching strategies for engaging primary school learners in HASS learning including inquiry based approaches,Create,Answer: Create,Create
"Use and explain HCI theories, principles and guidelines;",Understand,,Invalid
critically read publications in the area of child language acquisition and psycho-linguistic in the linguistic literature;,Remember,,Invalid
Theme 1: Personal and Professional Development  Identify the issues surrounding care and treatment of the patient with stable or progressive neurological disease; Demonstrate a range of strategies that enable effective communication with clients with stable or progressive neurological disease and their caregivers; Identify and explain the life-time burden imposed on people with chronic disability and their families; Distinguish and compare the roles and responsibilities of the physiotherapist and other members of the health care team in the management of the patient with stable or progressive neurological disease. ,Evaluate,"Remember
Understand
Apply
Analyze
Evaluate
Create",Create
"Evaluate techniques used to assess food consumption at national, household and individual levels.",Evaluate,"___
Evaluate",Evaluate
Identify and discuss issues that legal and financial texts pose for translation;,Understand,"Analyze the translation strategies used to overcome these issues;
Evaluate the",Evaluate
"Discuss how the interplay between structures, affordances and practices shape communicative events involving digital language;",Understand,"Discuss how the interplay between structures, affordances and practices shape",Invalid
propose innovative solutions to ethical and sustainability issues that arise in a business environment.,Create,"Question: ""What Bloom's Taxonomy classification would you assign",Invalid
Critique the major theoretical models on the aetiology of co-occurring disorders and how these determine priorities for clinical management and policy.,Evaluate,Correct Label: Evaluate,Evaluate
consolidate your understanding of professional knowledge and professional practice in second languages education,Evaluate,I will: demonstrate my understanding of professional knowledge and professional practice,Invalid
Demonstrate the ability to contribute to scholarly debate in Urban Planning and Design;,Apply,- Critically assess the impact of urban design on community well,Invalid
Apply a range of analytical frameworks to seminal works;,Apply,"Analyze the implications of the author's arguments;
Evaluate the author's contribution",Evaluate
Analyse the significance of the case study using the literature around education for sustainable development,Analyze,,Invalid
recognise practical problems of conducting scientific research and propose solutions,Remember,"Example:
""Students will be able to identify common challenges faced",Invalid
"Compare health systems with regard to structure, performance, and context.",Analyze,"___
Evaluate
___",Evaluate
Explore design solutions that utilise sound and motion as core components to their outcome;,Analyze,- Create a storyboard for a short film that incorporates sound and,Create
Communicate scientific information effectively through written and verbal communication;,Create,,Invalid
"Evaluate the communication strategies adopted by a range of local and international health communication examples as well as a range of health communication materials (print-based, electronic and web-based).",Evaluate,"___
Evaluate",Evaluate
"Formulate technical reports and communicate effectively in team assignments, interpreting and analysing experimental data, utilising basic analysis software packages and relating results to the theory taught.",Create,Correct Answer: Create,Create
"identify and appraise the key issues in management control systems, including technical and behavioural aspects",Remember,Correct Label: Evaluate,Evaluate
Research and report on the considerations affecting the development of biosimilars.  Themeslabel Pharmaceutical Science,Create,,Invalid
Articulate an informed position in relation to key issues in communication design discourse;,Understand,,Invalid
demonstrate a sound understanding of the historical evolving of the Chinese economy in the context of global business and economy,Understand,"I will classify the learning outcome as ""Understand"". The student",Understand
"Demonstrate teamwork, leadership and the professional attributes that are essential in the intensive care setting.",Apply,The label for the learning outcome is: Create,Create
Critique the relevant legal and constitutional issues;,Evaluate,"Identify the key players and their roles;
Analyze the impact of",Analyze
"Estimate and classify human skeletal and dental development, using appropriate forensic age estimation methods;",Analyze,Identify and describe the normal and pathological development of the human skull,Invalid
Apply critical thinking in the field of advanced mathematics and its applications.,Apply,"Example: ""Given a complex mathematical problem, use logical reasoning",Invalid
Describe and discuss legal and ethical concepts pertaining to the delivery of paramedic care,Understand,Answer: Understand,Understand
"Discuss the physiological and physicochemical factors affecting drug absorption across the small intestine, via selected alternative pathways and via parenteral drug delivery;",Understand,Discuss the physiological and physicochemical factors affecting drug absorption across the,Invalid
Identify and analyse intercultural differences in specific multicultural context;,Analyze,- Reply:Analyze,Analyze
Understand the importance of and develop techniques for adopting inclusive practices in relation to the teaching and learning of mathematics.,Understand,Response:Understand,Understand
"grasp some of the theories, models and frameworks for understanding digital technology in education and society",Understand,"I will understand the theories, models and frameworks for understanding digital",Understand
Communicate research in oral and written formats.,Create,"Label:

Create",Create
Critically apply theoretical approaches and an analysis of the translation brief and purpose to formulate and justify translation solutions;,Apply,,Invalid
critically assess the purpose and value of current and future technology use in educational settings,Evaluate,Correct Label: Evaluate,Evaluate
"Describe the role, relevance and significance of occupational therapy research in clinical and professional settings.",Understand,Remember,Remember
Critically reflect on the link between the broad determinants of health and health promotion,Analyze,Learning Outcome: Evaluate,Evaluate
"Understand from first-hand experience a variety of the tasks and problems that constitute cultural production within a professional workplace, and be able to communicate this through a reflexive journal;",Understand,The label for the learning outcome is: Understand,Understand
Formulate solutions using computer-based techniques (such as Matlab).,Create,"Label:

Apply",Apply
reflect upon a health and wellbeing framework or practice to demonstrate an understanding offoundational health concepts,Apply,I will: Reflect upon a health and wellbeing framework or practice,Invalid
"Acquire footage, incorporate graphics and manage a variety of media sources into a video sequence;",Apply,"- Understand
- Apply
- Analyze
- Evaluate",Evaluate
discuss and apply an actuarial control cycle in a variety of practical commercial situations,Apply,"I will classify the learning outcome as ""Apply"".",Apply
apply knowledge and skills to resolve practical problems and cultural conflicts in various contexts;,Apply,- Apply,Apply
Discuss and apply links between growth and development and health (including nutrition) and human behaviour across the lifespan;,Apply,Discuss and apply links between growth and development and health (including,Apply
"Engage with and understand print, interactive and online digital production methods;",Understand,"Understand the role of digital production in the media industry;
Understand",Understand
Describe the modern scope of scientific inquiry in the field of ecology;,Understand,The student will be able to describe the modern scope of scientific,Invalid
"describe different ways of becoming multilingual, and the merits and pitfalls of each approach;",Understand,,Invalid
"Evaluate a range of research tools and paradigms used within different domains of cardiovascular research, encompassing cellular through to in vivo through to the population.",Evaluate,___ Evaluate,Evaluate
"develop confidence and a capacity to effectively communicate your advanced physics knowledge using a diverse range of appropriate methods, while planning lessons which encourage purposeful and critical thinking in your students",Create,Correct Answer: Create,Create
Identify the inter-sectorial and multi-disciplinary components of the Australian healthcare system.,Remember,"___
Understand",Understand
"The ability to critically investigate, analyse and evaluate, from a comparative perspective, complex national, regional and international responses to specific forms of cybercrime;",Analyze,"The ability to critically investigate, analyse and evaluate, from a",Evaluate
"identify major political, economic and regulatory forces that underpin the globalisation process",Remember,"___
Understand",Understand
Analyse the impact of cancer diagnosis and the effects of radiation therapy on quality of life,Analyze,,Invalid
Relate their observations and practical experience to their own field of interest or discipline;,Apply,,Invalid
"Effectively research the signification and significance of terms, ideas and arguments in political theory.",Analyze,Remember,Remember
understand how markets work,Understand,Correct Label: Understand,Understand
Critically evaluate the ethical and legal implications of research within medical radiation science;,Evaluate,- Critically evaluate the ethical and legal implications of research within,Evaluate
demonstrate an awareness of the complex nature of the Euro and Eurocurrency markets,Apply,"I will label the learning outcome as ""Understand"". The individual",Understand
"Apply a variety of design patterns, frameworks and architectures in designing software;",Apply,,Invalid
analyse and evaluate current theoretical frameworks of 'wellness' in order to understand and devise 'healthy' organisation initiatives.,Analyze,Correct Label: Evaluate,Evaluate
evaluate and contrast research paradigms in auditing and assurance research,Evaluate,,Invalid
"Conduct research in air and space law, based on knowledge of appropriate research principles and methods",Apply,,Invalid
analyse and contextualise their song compositions;,Analyze,,Invalid
"Outline the wide ranging, multidisciplinary nature of human factors engineering and discuss how lessons from other domains have been applied to health.",Understand,"Remember
 Understand
 Apply
 Analyze
 Evaluate
 Create",Create
"understand the role of public policy, and the constraints on its operation, when markets fail",Understand,,Invalid
Plan and conduct a simple scientific experiment using a learner defined conceptual model of hypothesis testing,Create,Correct answer: Create,Create
Use a difference equation to model simple dynamical systems.,Apply,"___
Apply",Apply
Competently resolve the technical and/or structural requirements of the design;,Analyze,- label: Apply,Apply
"Create a patient-centred care plan (Monash Model of CARE plan) which applies established clinical guidelines and evidence-based principles to optimally manage the healthcare needs of a patient in an integrated manner:  Gather and integrate information concerning the pharmacology of medicines, patient-specific factors and evidence-based literature to optimally manage overall patient well-being List and prioritise drug and non-drug therapy options for the management and prevention of unfamiliar and familiar illness Incorporate patient-specific factors and evidence-based principles to justify and defend recommended management options Develop strategies to evaluate responses to a recommended patient management plan Evaluate and justify when a referral is required to other health professionals or care providers to achieve optimal integrated patient care Develop, apply and communicate education strategies that provide support and optimise patient-centred relationships and outcomes Reflect on the development and implementation of the Monash Model of CARE plan Themeslabel Comprehensive care",Evaluate,answer:Create,Create
critically evaluate scholarly and public discourse and come to a considered and justified opinion in relation to educational technology innovations or challenges,Evaluate,Correct Label: Evaluate,Evaluate
Create a model of the current understanding of the central processing of information that relates to appetite from both homeostatic and reward ‚Äì based perspectives.,Create,"Remember
 Understand
 Apply
 Analyze
 Evaluate
 Create",Create
"determine the definitive characteristics of the key classes of materials, recognise common prototype  structures for metallic, ionic and ceramic crystals, and possess an understanding of the factors influencing the development of these structures",Apply,,Invalid
acquire knowledge of contemporary issues in financial institution research,Remember,,Invalid
Plan and conduct written work on how meaning is created in TV shows.,Create,"___
Create",Create
"develop a project plan by identifying the scope, task dependencies, schedule, critical path, and risks",Create,"I will label ""Apply"" as the learning outcome is about",Apply
"Synthesise and explain how the fundamental physical, chemical, and biological processes change the earth's surface over time, including how they affect and shape landforms, ecosystems, weather and climate.",Create,The label for the learning outcome is: Create,Create
read critically and engage with existing research on Japan;,Evaluate,"- critically evaluate the strengths and weaknesses of the research;
-",Evaluate
Design an interface for user diversity and accessibility;,Create,,Invalid
"apply critical thinking, problem solving and presentation skills in individual and/or group activities dealing with research skills and demonstrate in an individual summative assessment task the acquisition of a comprehensive understanding of the topics covered by BFX5000.",Apply,"Correct label:
Apply",Apply
"Understand, design and apply varied pedagogical approaches to integrating the study of English language, literature and language arts across the curriculum.",Understand,"The student will be able to:
- Understand, design and",Understand
Engage with a variety of critical and theoretical debates focused on legal responses to family violence;,Evaluate,Critically evaluate the strengths and weaknesses of different legal approaches to,Evaluate
demonstrate the development of skills and knowledge related to the legal profession and applicable to other workplaces;,Apply,demonstrate the development of skills and knowledge related to the,Invalid
Describe the scientific principles underpinning modern multi-slice computed tomographic scanners;,Understand,The label for the learning outcome is: Understand,Understand
Demonstrate that you have the ability to critically analyse and respond appropriately to a compound brief;,Analyze,- by identifying the key issues and developing a strategic approach;,Invalid
Critically analyse epidemiological papers from the medical research and OHS literature,Analyze,,Invalid
recognise the strengths and limitations of various metrics and models.,Remember,"___
Evaluate
___",Evaluate
Devise various methods for corrosion protection and mitigation and assess their efficacy in real world applications.,Evaluate,Label: Create,Create
"identify the important global trends from current social, economic, political, environmental and financial events and their impact on contemporary business management",Remember,,Invalid
critically examine contemporary global challenges (such as social inequality; discrimination; climate change and sustainability) as they emerge in specific localities and from key cultural texts produced in different European Languages,Analyze,,Invalid
identify and synthesise the foundational and contemporary debates around contemporary challenges in policing and analysis of policing practices and its impact.,Remember,"The correct label for the learning outcome ""identify and synthesise",Invalid
Understand the concept of implicit modelling,Understand,,Invalid
"Construct, articulate and effectively communicate critical and analytical arguments, in oral and written form, relevant to discussions of sustainability worldviews and philosophies.",Create,"Remember
 Understand
 Apply
 Analyze
 Evaluate
 Create",Create
Revise previous drafts in light of improved skills and increased knowledge of the topic area.,Create,Correct answer: Create,Create
Explain the concepts required for efficient persistent and client-side data management;,Understand,"The label for the learning outcome is ""Understand"".",Understand
Assess the process of governance in contemporary political institutions;,Evaluate,,Invalid
develop skills and competencies deemed necessary for business professionals,Apply,Correct Answer: Create,Create
Demonstrate achievement of the NMBA: Nurse Practitioner Standards for Practice.,Understand,"Label:

Remember",Remember
recognise issues affecting businesses operating in an indigenous context,Remember,Correct label: Understand,Understand
Differentiate kinds of statistical learning models and algorithms;,Analyze,,Invalid
Design systems appropriate for the current recordkeeping requirements for specific organisaitons and communities.,Create,"Label:

Create",Create
Identify and evaluate the challenges related to safe prescribing of medications in a custodial environment.,Understand,"___ Evaluate
___ Create
___ Understand
___ Apply",Create
To demonstrate competency in the use of spatial data analysis tools.,Apply,"Label:

Apply",Apply
"evaluate how the globalisation of rules can become a source of competitive advantage for firms, governments and non profit organisations",Evaluate,,Invalid
"Communicate the findings of your research to educators, administrators and the wider community.",Create,Correct answer: Create,Create
"Explain and apply the scientific principles, technological characteristics and relevant applications of digital imaging systems;",Apply,Identify and evaluate the advantages and disadvantages of digital imaging systems;,Evaluate
Demonstrate knowledge of the variety of production methods;,Apply,- label: Understand,Understand
"apply these understandings by developing, implementing and evaluating integrated approaches to curriculum to enhance science learning and teaching.",Apply,The label for this learning outcome is: Apply,Apply
"clearly and effectively communicate solutions, applying the knowledge in above areas, in a distinctly logical manner in relation to activities dealing with the commercial banking and finance and demonstrate in an individual summative assessment task the acquisition of a comprehensive understanding of the topics covered by BFF2401.",Apply,Solution:Create,Create
Construct models of micro/nano components and systems,Create,"Correct
Create",Create
Identify diverse applications of psychological testing.,Remember,"___
Create",Create
Critically analyse historical and current theories of leadership for and within the human services sector,Analyze,Correct label: Analyze,Analyze
Use mathematics to solve complex problems;,Apply,,Invalid
appraise and discuss intercultural issues,Understand,,Invalid
Distinguish between different clinical or translational research and development pathways in medicine to formulate best practice outcomes for end users.,Analyze,"___
Evaluate",Evaluate
Discuss critically the regression methods used in published articles on epidemiological research studies.,Understand,"Label:

Evaluate",Evaluate
demonstrate a sound understanding of what profitability looks like,Understand,"Answer:
Understand",Understand
"Apply practical techniques and tools to conduct an investigation in the laboratory, field or virtual environment;",Apply,"Analyze the results of the investigation and draw conclusions;
Report the",Analyze
Apply sector-relevant transferable skills to yourprofessionaldevelopment and career plan,Apply,"Your response should be exactly one of the labels.
Response:",Invalid
Identify and describe the key debates in medical history;,Understand,,Invalid
Critically assess cyber threats and risks to an organisation's information systems;,Evaluate,"Identify and evaluate the effectiveness of existing security measures;
Develop and",Evaluate
understand and explain the strategies used in a range of digital business situations,Understand,Correct Label: Understand,Understand
An understanding of Jewish responses to the Holocaust across Europe,Understand,,Invalid
"Determine solutions to flow problems, with simplifications as appropriate, using a control volume approach to transport of mass and momentum.",Apply,"Label:

Apply",Apply
"Exhibit a greater awareness of - and interest in - how gender shapes global politics and economics, and in turn, how global politics and economics shape gender relations.",Understand,Remember,Remember
define and provide examples of derived stimulus relations,Apply,Answer: Understand,Understand
Analyse the ethical principles of conducting clinical-based physiotherapy research;,Analyze,,Invalid
understand major topics in the political and social history of modern Israel;,Understand,"understand the major themes in the Hebrew Bible;
understand",Understand
Critically evaluate academic debates and discussions in the field of global studies in education,Understand,Correct label: Evaluate,Evaluate
Evaluate clinical leadership readiness and related skill sets of nurses in practice,Evaluate,,Invalid
Execute various tasks necessary in functioning effectively as a public relations practitioner.,Apply,"Label:

Apply",Apply
"Apply technical, conceptual and design skills as a means of creative expression appropriate to etching, relief printing and the artist book;",Apply,,Invalid
Independently select and apply relevant design methodology/process to resolve and detail your design project;,Apply,"- Independent
- Select
- Apply
- Design methodology",Apply
Develop and practice skills in a range of pharmacy settings by applying the knowledge and understanding learned from other units within the course.,Understand,Correct Answer: Apply,Apply
"critically distinguish between the key business entity types with reference to their benefits and legal problems, and integrate these with factual scenarios.",Evaluate,The label for the learning outcome is: Evaluate,Evaluate
"Demonstrate an informed understanding of the nature and functions of propaganda, how it has been employed to advance political and ideological imperatives and how it combines with specific media to frame the remembering of differing conflicts;",Understand,Demonstrate an informed understanding of the nature and functions of,Invalid
Discuss the role of innate and acquired immunity in health and disease.,Understand,"Label:

Evaluate",Evaluate
Appraise the operation of electronic circuits in the laboratory.,Evaluate,Correct answer: Evaluate,Evaluate
"plan HPE lessons, units of work and curricula that are educative, inclusive, and developmentally appropriate",Create,Answer: Create,Create
"Use cognitive, technical and creative skills to generate and evaluate at an abstract level complex ideas and concepts relevant to the legal protection of commercial innovation.",Apply,Remember,Remember
Demonstrate the impact of the history of web applications development on current web-technology;,Evaluate,Demonstrate the impact of the history of web applications development,Invalid
"Implement a  comprehensive patient assessment during each phase of the perioperative journey: pre-operative, intra-operative and post-operative.",Apply,"Remember
 Understand
 Apply
 Analyze
 Evaluate
 Create",Create
Undertake an education needs assessment (ENA) in your workplace,Apply,,Invalid
"Understand and explain how advances in IT have impacted society, its structures, and the way information is used by its members;",Understand,Understand and explain how the Internet has changed the way people communicate,Understand
demonstrate an awareness of the complex and changing nature of Euro zone banking,Apply,,Invalid
Use relevant theories and concepts to understand and discuss the distinctiveness of Asia as an object of digital media research;,Understand,Analyze the impact of digital media on Asia's cultural identity and,Analyze
"Understand statistical analysis of turbulence and the general properties of turbulent shear flows,",Understand,including the concept of turbulent viscosity and the mixing length hypothesis.,Invalid
"evaluate the role and necessity of regulation and reflect critically on the relationship between law, regulation, ethics, and corporate culture in ensuring a fair, efficient, and resilient financial sector by taking into account the Banking Royal Commission's recommendations",Evaluate,"Regulation
Remember
Understand
Apply
Analyze
Evaluate",Evaluate
"Identify, describe, and interpret the concept of sustainable development in the context of development practice;",Remember,,Invalid
"Review historical and current theory on basic cognitive processes, such as learning, memory and attention",Analyze,,Invalid
"Articulate and contrast contemporary developmental lifespan concepts, theories and research",Understand,,Invalid
Understand the systems of the body that underlie health and disease.,Understand,"___
Understand",Understand
Demonstrate cognitive and creative skills to generate appropriate responses to legal issues;,Apply,"Generate appropriate responses to legal issues;
Create

Create",Create
"Integrate knowledge of common bio-medical, psychosocial and developmental conditions experienced by occupational therapy in order to select and plan occupational therapy interventions.",Create,The label for this learning outcome is: Create,Create
Appreciate different research methodologies and select those relevant or appropriate for their research topic questions;,Understand,,Invalid
"Apply knowledge in computing, mathematics or programming in hardware or software development;",Apply,"Use skills in computing, mathematics or programming in hardware or software",Invalid
"Describe, analyse, apply and evaluate heuristic AI for problem solving;",Apply,"- Describe, analyse, apply and evaluate heuristic AI for problem",Evaluate
Understand the study field of criminal behaviour in South Africa,Understand,,Invalid
"The ability to critically analyse the relationship between political leaders, institutions and the media;",Analyze,To evaluate the impact of media coverage on public opinion and political,Evaluate
Apply project evaluation techniques including the triple bottom line against the overall business model,Apply,Correct label: Evaluate,Evaluate
"Critique the ethical and multicultural dimensions associated with data science decisions, use and quality and their possible impacts on organisations and society;",Evaluate,The label for this learning outcome is: Evaluate,Evaluate
Evaluate collected information to provide evidence based recommendations in a medication management review (MMR) report.,Evaluate,Correct answer: Evaluate,Evaluate
"Identify and provide solutions to ethical and legal issues, and develop skills in ethical decision making in counselling.",Understand,Correct Answer: Create,Create
Describe concepts and fundamentals of deep learning such as the backpropagationalgorithm and adversarial learning.,Understand,"Remember
 Understand
 Apply
 Analyze
 Evaluate
 Create",Create
Apply sophisticated mathematical methods in the setting of graph theory.,Apply,"Example: ""Given a graph G, use the concept of",Invalid
"Demonstrate physiology laboratory skills, including data analysis and presentation;",Apply,"Demonstrate physiology laboratory skills, including data analysis and presentation",Invalid
reflect on understandings of what literacy is and what it means to be literate,Analyze,I will: 1. Reflect on understandings of what,Invalid
Critically analyse relations between indigenes and Europeans in Australia.,Analyze,"___
Evaluate",Evaluate
develop correlations between default rates and recovery,Create,"rates for different loan types

Example 1""""""
""""""
Input",Invalid
Develop and apply written and oral communication skills with peers in a supportive environment.,Apply,Correct label: Create,Create
develop academic writing skills appropriate to the discipline for reporting on business management research projects.,Create,Correct answer: Create,Create
"Describe the signs and symptoms, and diagnostic methods relevant to cardiovascular conditions",Apply,Answer: Understand,Understand
"understand the importance of managerial and marketing decisions for changes in foreign exchange rates, technology, incomes, government regulations, sources of energy, the balance of payments.",Understand,Understood,Invalid
identify and discuss how linguistic features intersect with society;,Understand,,Invalid
Develop an awareness of transferable skills that are informed by design thinking and may be applied in educational and professional settings.,Create,Correct Answer: Understand,Understand
Formulate complex problems using appropriate terminology in algebra,Create,Response:Create,Create
"describe, identify and critically assess the role and contribution of main paradigms in the social and behavioural disciplines to the field of buyer/consumer behaviour and marketing decision making",Understand,Correct Label: Evaluate,Evaluate
Evaluate and critique existing data architectures and processes;,Evaluate,"- Assess the strengths and weaknesses of current systems;
- Pro",Invalid
"Critically assess threats, vulnerabilities and risks to an organisations information assets and propose control technologies and techniques which can be applied to reduce the security risk;",Evaluate,,Invalid
Critically appraise the applications and efficacy of Cognitive Behaviour Therapy and Mindfulness Based Approaches for common presenting issues.,Evaluate,Correct Answer: Evaluate,Evaluate
Demonstrate an awareness of different cultural contexts and their importance in mediating social change.,Apply,"___
Understand",Understand
Critically reflect on their own values and how this impacts on social work practice,Analyze,Correct label: Evaluate,Evaluate
Demonstrate the capacity to apply basic professional standards to production and presentation of television news.,Apply,Label: Apply,Apply
Apply the principles of public health and safety to family violence data.,Apply,"___
Apply",Apply
identify and utilise intercultural competency skills.,Remember,___ Create,Create
Demonstrate an understanding of management skills and relevant government workplace legislation;,Understand,Demonstrate an understanding of management skills and relevant government workplace,Invalid
Calculate thermal performances of various types of air conditioning and refrigerating systems,Apply,"Label:

Apply",Apply
Describe how the institutions and nature of the Chinese legal system shape the content and administration of the law;,Understand,Describe how the institutions and nature of the Chinese legal system shape,Invalid
"articulate how young people's physical, social and intellectual development influences learning",Understand,Correct Label: Understand,Understand
understand the organisational role and context of HRM,Understand,,Invalid
Identify an appropriate analysis technique for different types of data to answer question in psychological science.,Remember,Correct label: Analyze,Analyze
Apply a cogent language for your practice that is defined by appropriate material and conceptual frameworks;,Apply,,Invalid
Formulate models of various power DC/DC and DC/AC electronic converters.,Create,"___
Create",Create
"Recognise and execute the factors essential for successful management of systems development projects, including teamwork and interpersonal communication;",Remember,Identify and evaluate the strengths and weaknesses of the various approaches to,Evaluate
develop specialised knowledge and skills for professional practice and further learning as English language teachers,Apply,,Invalid
critically evaluate current theoretical and empirical research in financial institution research,Evaluate,Correct Label: Evaluate,Evaluate
Conduct research in climate governance and citizen justice based on knowledge of appropriate research principles and methods,Apply,,Invalid
develop marketing mix strategies that are based on an analysis of an organisation's situation,Create,Correct Label: Create,Create
"Demonstrate both self‚Äêdirected and guidedreflections on clinical practice, which aresufficiently insightful to enable adaptivepractice learning and behaviour change.Themeslabel Reflective practice",Apply,,Invalid
Critically analyse historical sources;,Analyze,,Invalid
Discuss the key physicochemical properties of molecules and physiological factors that affect oral absorption,Understand,,Invalid
describe fundamental marketing frameworks and concepts,Understand,"___
Understand",Understand
"Demonstrate specialised knowledge and understanding of the law, policies and objectives that constitute and underlie the regulatory schemes affecting animal welfare outcomes and management in Australia;",Understand,"Demonstrate specialised knowledge and understanding of the law, policies",Invalid
"Demonstrate and apply your understanding of varied methods, practices and research in the teaching and learning of disciplines, subjects and learning areas in primary school settings",Understand,,Invalid
"Develop a responsible, inquiring and adventurous attitude to design problem solving;",Create,,Invalid
Acquire a conceptual overview of digital journalism production and its functionality in the newsroom.,Apply,"Label:

Understand",Understand
"explain and describe the audit process from planning to the completion of the audit, assess audit risk and determine materiality",Understand,I will evaluate the effectiveness of internal controls and assess the risk,Evaluate
Explain the capabilities of these methods;,Evaluate,"- Support Vector Machines (SVMs);
- Random Forest",Invalid
assess the impact and meaning of representations of ethnic and cultural differences;,Evaluate,,Invalid
"Identify the key cells, molecules and processes that comprise the immune system.",Remember,Remember,Remember
Determine the origins of solutes in water and how solute chemistry informs our understanding of hydrological processes;,Apply,Determine the origins of solutes in water and how solute,Invalid
Aquired the skills relevant to group work.,Understand,"Label:

Apply",Apply
Differentiate the roles of nurses working in interprofessional teams who care for people with chronic and/or life limiting illness in different healthcare environments;,Analyze,,Invalid
articulate how your learning experiences in the unit relate to teaching and learning mathematics in early childhood settings and primary schools.,Understand,The label for this learning outcome is: Create,Create
Distinguish the varying status of women in ancient Near Eastern societies;,Analyze,The student will be able to distinguish the varying status of women,Invalid
explain the rise of modern antisemitism and its social function,Understand,"Answer:
Evaluate",Evaluate
utilise meta-cultural writing competence for successful written intercultural communication,Apply,,Invalid
"Apply knowledge of, and understanding of, the facilitative mediation model and the purpose of each stage in the process, with creativity and initiative, to new situations in professional practice.",Apply,Correct Answer: Create,Create
analyse relevant research and competing policy discourses associated with different disciplinary perspectives on health education,Analyze,,Invalid
"employ developing analytical, expository and argumentation skills to read, summarise and synthesise a range of documents, and present on a given topic;",Create,,Invalid
"Locate, retrieve and use resources relevant to occupational science and identify key issues and concepts for practice.",Remember,The label for this learning outcome is: Apply,Apply
"critically evaluate how national culture informs values, socialisation, behaviour, and identity in an international business context",Evaluate,Correct Label: Evaluate,Evaluate
"Understand theories of diversity, inclusion and exclusion as these influence the creation of caring, purposeful and democratic societies",Understand,,Invalid
"Understand the processes involved in the design, development and implementation of a relevant research project;",Understand,"Understand the processes involved in the design, development and implementation of",Understand
Examine issues relevant to a health professional as well as reflect upon work completed as a team after participation in a community-based volunteering experience,Analyze,Correct Answer: Evaluate,Evaluate
"Have developed and demonstrated both intellectual and practical research skills, including the skills needed to identify, evaluate, interpret and synthesise material relevant to the student's chosen research topic;",Apply,"The student will be able to:
- demonstrate an understanding of",Invalid
"Discuss the classic political ideological ideologies of liberalism, conservatism, socialism and nationalism;",Understand,"Compare and contrast the ideologies of liberalism, conservat",Invalid
Apply sophisticated stochastic modelling skills within the context of interest rate modelling.,Apply,Example label: Apply,Apply
"Identify, describe and justify the selection of imaging parameters, equipment and transducers, infection control measures and consent protocols for sonographic examinations of the musculoskeletal system, neonatal brain, hips and abdomen;",Remember,,Invalid
"Plan and conduct written work that draws on film, television and screen studies approaches to critically analyse moving images",Analyze,Answer: Create,Create
Generate a ranked problem list,Create,,Invalid
"Apply strategies of observation, analysis and experimentation across the developmental process;",Apply,"- Understand
- Apply
- Analyze
- Evaluate",Evaluate
recognise the different types of insurance required for construction projects and be able to critically assess the contractual provisions relevant to them;,Remember,The label for the learning outcome is: Evaluate,Evaluate
understand the operation of a version control system,Understand,Example label: Understand,Understand
understand the role of government over consumer protection,Understand,,Invalid
Prepare a hypothetical nursing leadership ‚Äòin the moment' decision and response to serve a major hospital in response to a local disaster or major incident,Create,"Response:
Create",Create
"Use appropriate science and technology ethically, effectively and responsibly when dealing with childhood problems without harming society, the environment or individuals.",Apply,The label for the learning outcome is: Evaluate,Evaluate
"apply, in an industry standard setting, new concepts as well as aspects of theoretical approaches already learned, selecting the most appropriate fit for a specific situation",Apply,,Invalid
analyse and evaluate the contribution that can be made by the HR function to the competitive advantage of the organisation,Analyze,,Invalid
"Explain and apply notions of accuracy, stability and computational cost when solving PDE problems numerically.",Apply,"Correct label:

Apply",Apply
apply theories of innovation and entrepreneurship to evaluate success of start-ups through case studies and site visits,Apply,"I will use the label ""Apply"".",Apply
design a training program targeting particular performance/athlete/learner goals,Create,I will create,Create
"Appreciate the application of concepts of conservation of mass, momentum and energy in fluid mechanics",Understand,Answer: Understand,Understand
Critically assess your design solutions in order to improve your final outcome;,Evaluate,,Invalid
Relate anatomical terminology and osteology to the appendicular skeleton,Apply,Answer: Understand,Understand
Conduct independent research into Australia's international tax rules and its international tax treaties with Singapore and/or Malaysia;,Apply,- Create,Create
Evaluate how public health policy may influence food consumption and nutrition status.,Evaluate,"___
Evaluate",Evaluate
"Reflect on, and evaluate, self-performance related to knowledge, skills and delivery of nursing care",Analyze,"Correct label:

Evaluate",Evaluate
"Describe the functions and architectures of local area networks, wide area networks and the Internet;",Understand,"Identify the advantages and disadvantages of different network topologies;
Compare",Invalid
"An appreciation of the history, philosophy and practice of qualitative social research;",Understand,,Invalid
"Apply core knowledge and understanding of the links between food science, healthy eating and dietary guidelines, and human health in a public health/community organisation or food industry setting.",Apply,"___
Apply",Apply
become familiar with key policy documents and theoretical perspectives influencing adolescent learning,Apply,Correct Label: Understand,Understand
"Import and visualise exploration data in industry-standard 3D modelling packages (LeapFrog Geo, Gocad, Geomodeller, Geoscience Analyst)",Evaluate,"___
Remember",Remember
"Critically review, analyse, summarise and synthesise sociological scholarship and research;",Analyze,"- Critically review, analyse, summarise and synthesise",Invalid
"You will develop their oral presentation skills that enable them to express the concepts they develop, the data required to test the concept, and the outcomes and interpretations of the simulated exploration program.",Create,Remember,Remember
Critically evaluate the role that improvisation plays in contemporary music and theatre performance,Evaluate,Correct label: Evaluate,Evaluate
"Critically assess and evaluate relevant principles, laws and precedents and apply them to resolve legal issues relating to Indigenous people;",Apply,The label for this learning outcome is: Evaluate,Evaluate
"Examine topical issues in health from the perspectives of law, rights and ethics.",Analyze,"___
Evaluate
___
Examine
___
Understand",Evaluate
Communicate effectively and persuasively on issues relating to forensic evidence;,Create,- Understand the importance of forensic evidence in the justice system;,Understand
Develop a development communication plan/program to meet client or organizational needs;,Create,,Invalid
Demonstrate an understanding of the approximations introduced in algorithms and the effects of those approximations on the quality of calculations.,Understand,Correct label: Understand,Understand
be aware of the major developments in the field of macroeconomics in the last ten years,Understand,"I will label this as ""Understand"". The student is expected",Understand
"align methodologies for linguistic analysis (quantitative, qualitative, or mixed) to research questions.",Apply,"I will classify the learning outcome as ""Apply"".",Apply
Gain a greater understanding of historical and contemporary trends in the area of youth sociology;,Understand,"- Understand the impact of social media on youth culture;
-",Understand
Analyse the core technologies that support financial analysis and decision making;,Analyze,,Invalid
"Conduct research in the area of international human rights law, including its relevance to domestic law, based on knowledge of appropriate research principles and methods",Apply,"Remember
Understand
Apply
Analyze
Evaluate
Create",Create
"Analyse and synthesise the impact of adaptive radiation therapy on organs at risk, dose constraints and toxicity and evaluate side effect management strategies.",Analyze,Correct Label: Evaluate,Evaluate
Apply high-level analytical and leadership skills in relation to the implementation of a range of health care projects of relevance to the emergency and trauma context,Apply,,Invalid
"demonstrate advanced written and verbal communication skills in reporting the conclusions of testing for various purposes such as ascertainment for eligibility of funding, curriculum adjustment, or intervention planning and for different audiences such as parents, teachers and other professionals",Apply,Remember,Remember
Determine the likely ongoing management of patients in hospital critical care units using the framework of a trauma system.,Evaluate,"___
Evaluate
___
Create
___
Understand",Create
Have acquired an informed understanding of how different worldviews impact on communications;,Understand,Have acquired an informed understanding of how different worldviews impact on,Invalid
Critically appraise current psychopathology literature.,Evaluate,"___
Evaluate
___
Evaluate
___
Create",Create
"Be able to reflect on and assess their own capabilities and performance, and make use of feedback as appropriate, to support personal and professional development.",Analyze,Correct answer: Evaluate,Evaluate
Identify the policy and related funding issues surrounding care and treatment of the client with stable or progressive neurological disease;,Remember,,Invalid
Utilise technologies to enhance production;,Apply,"Utilise technologies to enhance production;

Answer:
Apply",Apply
"Describe and assess the development of the Union's external policy and treaty-making competences in selected fields, such as trade and investment or anti-terrorism;",Understand,- Assess the Union's external policy and treaty-making competences,Invalid
"Discuss the philosophy of antimicrobial stewardship (AMS), the role of the pharmacist in AMS and potential AMS interventions upon review of antimicrobial prescribing",Understand,in the hospital setting.,Invalid
Describe and explain how changes in normal physiology may lead to a disease state;,Understand,The student will be able to describe and explain how changes in,Invalid
"Apply knowledge of appropriate therapeutic medications in terms of their mechanism of action, important aspects of pharmacokinetics, adverse effects, interactions and contraindications in the patient with complex and/or life threatening illness.",Apply,The label for the learning outcome is: Apply,Apply
"be familiar with current rehabilitative interventions for specific neuropsychological disorders, and the methods commonly used to assess the effectiveness of these interventions;",Understand,,Invalid
articulate an answer to an inquiry question that is based on the literature review,Understand,I label this as: Create,Create
"Apply design features to various public health programs, including critically evaluating differing theoretical approaches to evaluation design.",Apply,"Remember
Understand
Apply
Analyze
Evaluate
Create",Create
"Demonstrate advanced understanding of the complex constraints, issues and opportunities associated with translating the Sustainable Development Goals into practice;",Understand,"Demonstrate advanced understanding of the complex constraints, issues and",Invalid
Draw on earth pressure theories to design basic retaining walls.,Create,"Label:

Apply",Apply
"think reflexively about study, research and changing work practices.",Analyze,Reflexively means: to think about something carefully and thoughtfully,Invalid
Identify issues and employ effective strategies to translate multimodal texts;,Remember,- Identify issues and employ effective strategies to translate multimodal texts,Invalid
Provide an objective analysis of the data.,Create,"Label:

Analyze",Analyze
understand and be ready to implement legislative requirements informing educators' work,Understand,,Invalid
Critique different approaches to mental health policy and promotion designed to assist recovery;,Evaluate,Evaluate the effectiveness of mental health interventions in diverse cultural contexts;,Evaluate
develop an understanding of the nature and roles of accounting and finance in managing in a global environment,Understand,I will label this as: Understand,Understand
Demonstrate knowledge of digital signal processing effects;,Apply,"- Low-pass filter;
- High-pass filter;
- Band",Invalid
Describe the methodology required for their research project and summarise the logistical process involved in data collection;,Understand,The label for this learning outcome is: Understand.,Understand
observe children's play and identify connections with contemporary theories of play,Remember,,Invalid
develop analytical and diagnostic skills and in particular enhance an ability to analyse and resolve problems of practical importance,Analyze,,Invalid
Identify embryo developmental milestones and the concept of 'on time' embryo development,Remember,"Correct label:

Understand",Understand
Conduct research into high conflict dispute resolution based on knowledge of appropriate research principles and methods.,Apply,"Label:

Apply",Apply
Construct written reports.,Create,"___
Create",Create
"Apply the techniques and considerations relevant to a wind engineer to engineering problems and projects including: wind loading, wind and turbine generated noise, wind effects on pedestrians and pollution dispersion.",Apply,"Remember
 Understand
 Apply
 Analyze
 Evaluate
 Create",Create
"Explore colloidal systems involving solid particles, liquid droplets and gas bubbles.",Analyze,"I will classify the learning outcome as ""Explore"".",Invalid
"Assess different components of a road project, within the context of a safe systems approach to design, based on economic, social and environmental considerations",Evaluate,,Invalid
Discuss cultures of consumption in Japan;,Understand,- label: Understand,Understand
Formulate a research question that addresses an evidence gap in health care;,Create,,Invalid
Describe assessment and management strategies for patients with atypical wounds.,Understand,"___
Understand",Understand
Describe and apply the principles of client-centred practice and the clinical reasoning process to occupational therapy practice.,Apply,"Example: ""Explain the importance of client-centred practice in",Invalid
"illustrate emerging approaches and techniques to positively and effectively manage teaching and learning contexts (i.e. teacher presence, learner management, resource management, discourse practices)",Apply,___ Create,Create
summarise and present key model results and measures of interest in tables and graphs,Create,I will be able to summarise and present key model results,Invalid
"Analyse, interpret and present data from a range of experiment types and discuss this in the context of current scientific literature.",Analyze,Correct label: Analyze,Analyze
Demonstrate independent research skills,Apply,Answer: Create,Create
Demonstrate some familiarity with a variety of knowledge traditions,Apply,,Invalid
implement a research proposal,Apply,Correct answer: Create,Create
demonstrate ability to direct one's learning through self-evaluation and the setting of realistic plans for development of innovation and change skills.,Apply,Remember,Remember
"Communicate concepts and information about health and health-related matters as they pertain to health education (e.g. drug education, sexuality education) to a variety of audiences.",Create,Remember,Remember
"prepare and assess group financial statements for wholly-owned and partly-owned subsidiaries, taking into account the effects of intragroup transactions, dividends, preferences shares, interim acquisitions and complex groups",Evaluate,,Invalid
conduct statistical inference in a system of simultaneous equations,Analyze,Answer: Apply,Apply
Assess and manage occupational health and safety issues related to biotechnology activities in the laboratory and in environmental and industrial settings;,Evaluate,"Identify and evaluate the risks associated with biotechnology activities;
Develop and",Evaluate
"Summarise the derivation of the Orr-Sommerfeld equation for a given basic state, and undertake a stability analysis.",Evaluate,Label: Create,Create
Provide appropriate education for clients based upon individual medication regimes.,Evaluate,"Label:

Apply",Apply
Demonstrate an understanding of the selected buildings' contribution to architectural design;,Understand,"The student will be able to:
- Describe the architectural features",Invalid
Reflect critically on his/her writing practice in the light of these developments,Analyze,,Invalid
Describe and decide concrete specifications.,Understand,"___
Evaluate",Evaluate
"Investigate, analyse and synthesise complex information, problems, concepts and theories in relation to will making and estate management;",Analyze,- Compare and contrast different approaches to will making and estate management,Invalid
Identify tasks for data curation and management in an organisation;,Remember,,Invalid
Develop and express an understanding of the socio-cultural context of contemporary France,Understand,,Invalid
Develop a community health services profile.,Create,"___
Create",Create
Be familiar with basic functions of key neuroanatomical brain regions and be able to apply this to brain-behaviour relationships;,Apply,Be able to describe the neuroanatomical basis of neuro,Invalid
Understand the nature of the service design process and apply methodical steps in your own projects;,Understand,Understand the nature of the service design process and apply methodical,Apply
"Demonstrate the ability to be reflective, think critically, learn independently and be innovative in their approach to the research project",Apply,"Reflective, Think critically, Learn independently, Innovative = Create",Create
"Research and integrate comprehensive Tangible Interaction Design concepts, theories and design approaches to design interactive artefacts, systems or services;",Create,,Invalid
"Identify, critically evaluate and select from a range of practice-based research methods and modes for communicating research findings for a performing arts or creative discipline, issue or topic;",Evaluate,- Critically evaluate and select from a range of practice-based,Evaluate
Outline the diagnostic reasoning process that determines the care of patients with respiratory and/or cardiovascular conditions in order to evaluate and justify management.,Evaluate,Label: Evaluate,Evaluate
"Demonstrate their comprehension of basic concepts related to linear transformations and vector spaces, including subspace, span, linear independence, basis, kernel and range;",Apply,Demonstrate their ability to apply the concepts of linear transformations,Apply
A critical awareness of the issues surrounding contemporary forms and styles of environmental governance.,Understand,Label: Evaluate,Evaluate
Knowledge of issues related to the design and implementation of social science research.,Remember,"Label:

Understand",Understand
Review and critique the evidence underpinning complex patient interventions.,Analyze,"___
Evaluate
___
Evaluate
___
Create",Create
"Appraise medico-legal principles and reflect on their application to clinical practice, describing the Australian health care system and its regulation;",Analyze,Identify the roles of the Australian Commission on Safety and Quality in,Invalid
explain the implications of adopting different approaches to Corporate Social Responsibility,Understand,"Answer:
Evaluate",Evaluate
Produce a critical review of existing literature;,Create,,Invalid
Conduct research into labour law of the European Union and Asian countries and its direction based on knowledge of appropriate research principles and methods,Apply,Analyze,Analyze
Present the research findings to staff and students and modify the report with consideration of feedback,Create,,Invalid
work individually and collaboratively to critically examine examples of complex business problems involving GELD issues,Evaluate,Correct Answer: Analyze,Analyze
"Communicate the requirements for the business functionality of an information system in terms of data required, data storage and processing to technical and non-technical stakeholders.",Create,The label for the learning outcome is: Create,Create
"Explain the significance of physiological, behavioural, reproductive and nutritional adaptations in vertebrates in relation to their ecology.",Understand,Response:Understand,Understand
Demonstrate understanding of the changing role of professionals working in diverse legalsystems in a global and digital context.,Understand,"Remember
 Understand
 Apply
 Analyze
 Evaluate
 Create",Create
Interpret and model simple dynamic systems and understand the approach to modelling more complex systems.,Understand,"Label:

Understand",Understand
Use knowledge of the mechanisms of drug action to predict effects in intact organisms;,Apply,,Invalid
Develop and analytically describe simple one-parameter models with conjugate prior distributions and standard models containing two or more parameters including specifics for the normal location-scale model.,Create,Response:Create,Create
Evaluate the likely impact of new land use planning controls on urban development,Evaluate,Correct label: Evaluate,Evaluate
articulate a socio-critical perspective of Health and Physical Education (HPE) as a curriculum area,Understand,Response:Create,Create
Communicate project status and requirements to engineers and society at large.,Create,"Label:

Create",Create
develop skills in team-based decision making that demonstrate effective teamwork and communication skills,Apply,"I will classify the learning outcome as ""Apply"". This is",Apply
"Understand the range of complex environmental, social and economic interrelationships that shape a particular region and to be able to differentiate a cultural landscape from a natural landscape;",Understand,"Understand the range of complex environmental, social and economic interrelationships",Understand
"Identify, investigate and explain a contemporary case involving the real life practice of business and human rights",Remember,,Invalid
identity and analyse processes of social entrepreneurship,Remember,Correct Answer: Analyze,Analyze
Describe typical bioreactor steps employed in a bioprocess operation;,Understand,"The label for the learning outcome ""Describe typical bioreactor",Invalid
apply research skills and provide innovative solutions to complex business problems,Apply,Example label: Apply,Apply
"collaborate with peers to comprehend and interpret emerging challenges and actors in global affairs at the intersection of philosophy, politics and economics;",Understand,,Invalid
organise specific science content into an effective learning and teaching sequence,Create,Correct Answer: Create,Create
"Appropriately and effectively communicate with patients, carers and other health professionals, to ensure a collaborative approach to optimising patient outcomes.",Create,Correct Answer: Create,Create
demonstrate your capacity to research teaching and learning by generating data ethically and analysing its significance,Apply,Correct Answer: Create,Create
Critically reflect on contemporary debates regarding globalization and health.,Analyze,"___
Evaluate
___
Evaluate
___
Create",Create
Demonstrate an appropriate high level of understanding of the material presented in the selected lecture modules - this understanding is demonstrated through the relevant assessment tasks.,Understand,"Remember
 Understand
 Apply
 Analyze
 Evaluate
 Create",Create
Critically reflect on your experiences as science learners and identify implications for your professional identities,Remember,,Invalid
"Investigate, analyse and synthesise complex information, problems, concepts and theories in relation to the legal protection of inventions under the law of patents and trade secrets;",Analyze,- Compare and contrast the advantages and disadvantages of different forms of,Invalid
Conduct hypothesis testing and interpret results;,Apply,"Analyze the assumptions underlying statistical tests;
Evaluate the effectiveness of different",Evaluate
Have the ability to interpret the role of the media in shaping perceptions of the Arab-Israeli conflict.,Evaluate,"___
Evaluate
___",Evaluate
"Develop information technology skills (such as business process modelling, performance enhancement of installed software, updating current software and developing new software) in a complex, corporate business environment;",Apply,"- Develop IT skills in a complex, corporate business environment;",Invalid
"Demonstrate a person-centred approach to assessing, planning, implementing and evaluating care and outcomes through the life-span across all healthcare settings.",Apply,"___
Create",Create
Participate effectively in interviews and write a professional resume;Themeslabel Pharmaceutical Science,Create,,Invalid
Develop and implement plans for health teaching and promotion,Create,,Invalid
"Knowledge of mental health problems, ethical and professional guidelines, and a model of therapy (and the ability to draw on and apply this knowledge when providing psychological interventions) Themeslabel Generic therapeutic competences",Apply,,Invalid
Apply theoretic concepts of paramedicine to a simulated clinical setting,Apply,Example label: Apply,Apply
"Explain the role of key factors influencing the design and operation of health and social care systems (including politics, ideologies, resources and funding).",Understand,The label for the learning outcome is: Understand,Understand
"Describe the variety of the tasks, problems and approaches that constitute urban planning and design practice",Understand,,Invalid
Demonstrate an ability to meet deadlines.,Apply,Label: Apply,Apply
"Creatively generate and evaluate at an abstract level complex ideas and concepts relevant to evidence and proof in litigation, including how miscarriages of justice can be prevented by proper analysis and preparation.",Evaluate,"Answer:
Create",Create
Assess the current explanations for landscape management problems through critical evaluation of the literature and field and laboratory data.,Evaluate,Correct label: Evaluate,Evaluate
"Produce written work and oral presentations to deadline, making effective use of the conventions of scholarly presentation, including citations and bibliography where required;",Create,,Invalid
compare and contrast various protocols used in the Internet and contemporary applications,Evaluate,,Invalid
Propose and develop a mobile or distributed system that is appropriate to a problem domain;,Create,- label: Create,Create
Analyse engineering systems by applying linear time invariant system concepts.,Analyze,"___
Analyze",Analyze
Identify on-going professional development needs in relation to MRI scanning in the cardiovascular and tissue perfusion setting,Remember,,Invalid
Produce a perceptive description of works and imaginatively connect such description with critical awareness;,Create,Create,Create
Develop insightful and persuasive recommendations to improve workplace culture.,Create,"___
Create",Create
Be able to present a sustained argument drawing upon a variety of data.,Evaluate,"Label:

Evaluate",Evaluate
demonstrate empathy and assertiveness when developing and working in cross-functional and intradisciplinary teams.,Apply,"Solution:
Create",Create
critically evaluate government policies affecting labour markets,Evaluate,Correct Label: Evaluate,Evaluate
"Critically analyse how digital technologies, platforms and services capture and use data;",Analyze,"- Understand how digital technologies, platforms and services capture and use",Understand
"Competently apply international protocols, standards, charting methods and the Interpol forms that are used during a DVI incident;",Apply,- Understand the purpose and function of the DVI incident;,Understand
Develop appropriate learning tasks for students that address the numeracy challenges embedded in the curriculum,Create,Create,Create
"Critically evaluate the socio-cultural, legal and ethical issues related to the nursing management of the critically ill patient.",Evaluate,Correct label: Evaluate,Evaluate
Design an appropriate assessment and evaluation strategy for an education program,Create,"Label:

Create",Create
"Consolidated their skills in project formulation, implementation, analysis and reporting",Evaluate,,Invalid
Evaluate the role of Intelligent Transport Systems in Dynamic Traffic Management,Evaluate,,Invalid
identify and examine the role of the various stakeholders in upholding good global corporate governance practices,Understand,,Invalid
"Compare the behavioural and psychosocial interventions in relation to health and disease, and their application to real world scenarios.",Analyze,Correct answer: Create,Create
"Understand the basic concepts of psychopharmacology with particular reference to recent advances in the fields of psychiatric medication, cognitive enhancers and neuroprotective agents, and substance abuse;",Understand,- Understand the basic concepts of psychopharmacology with particular,Understand
"critically evaluate attempts to affect competition in particular industries, e.g. electricity and telecommunications.",Evaluate,Correct answer: Evaluate,Evaluate
"Appraise the history of child and adolescent psychiatry, including the key determinants of personal, developmental, familial, and social factors in influencing and contributing to mental health difficulties in young people within key theoretical frameworks, and resultant models of care across the developmental span between infancy to young adulthood.",Evaluate,Correct Answer: Evaluate,Evaluate
"Appreciate the importance of complex analysis for other mathematical units, as well as for physics and engineering, through seeing applications of the theory;",Understand,"- Understand the importance of complex analysis for other mathematical units,",Understand
Extract arguments from a variety of texts;,Analyze,,Invalid
demonstrate research-informed understandings of how students learn critical and creative dispositions and thinking skills,Understand,"I will label ""Understand"" as the learning outcome is about",Understand
Integrate CT findings with other evidence to present cases in forensic practice;,Create,,Invalid
Identify and apply interpersonal communication skills needed in an organization.,Apply,"___
Apply",Apply
"Propose suitable instrumentation, and perform experimental tests, synthesizing the results.",Create,"Label:

Create",Create
"Recall nutrition labelling, halal food production and regulations and sensory evaluation;",Remember,"Identify the nutritional value of food products;
Compare halal food production",Invalid
"Design simple models relating the conservation of energy, species, or momentum to temperature, composition and velocity fields",Create,Answer: Create,Create
"Practice responsibility of a competent engineer to integrate individual design sections into a Design Project Report including the analysis and review of engineering drawings and calculations. Through this activity, continue to develop positive attitudes to teamwork and responsible engineering practice.",Create,"Remember
 Understand
 Apply
 Analyze
 Evaluate
 Create",Create
"Apply epidemiology, medical and nutritional principles in the nutritional assessment and management of chronic lifestyle related diseases conditions;",Apply,Identify and apply the principles of nutrition and dietetics in the,Apply
Critically analyse the key issues facing the global political economy;,Analyze,"Identify the main actors and their interests;
Evaluate the effectiveness of",Evaluate
Perform data acquisition and signal analysis related to NDT techniques and use these results to predict the health and integrity of the test specimen.,Analyze,"Label:

Apply",Apply
Develop a research project that will answer and is methodically congruent with the research question,Create,,Invalid
Interpret the influence that the principles of circular economy and life-cycle design have on architectural design and performance;,Evaluate,,Invalid
understand and differentiate a supervised learning method from an unsupervised learning method,Understand,Correct answer: Understand,Understand
Identify paediatric conditions and ‚Äòred flags' areas of concern which are appropriate for physiotherapy intervention and recognise the scope of a comprehensive paediatric,Remember,"physiotherapy assessment.



Remember",Remember
analyse and evaluate a range of evidence relating to the history of post-War Europe and European integration;,Analyze,demonstrate an understanding of the historical significance of the Treaty,Invalid
"Describe environmental monitoring techniques and tools for plants, water and soils and demonstrate the ability to implement a multi-disciplinary monitoring programme;",Apply,,Invalid
Demonstrate a discursive approach to the subject of your research and its field of inquiry;,Apply,- Demonstrate a discursive approach to the subject of your,Invalid
Demonstrate and apply specialised knowledge of a range of torts other than negligence as well as of current controversies in torts law;,Apply,Demonstrate and apply specialised knowledge of a range of tort,Apply
"explore and apply approaches related to language learning for diverse learners including decoding/encoding codes, symbols and conventions of written, spoken, visual and multimodal texts in response to contextual factors",Apply,Answer: Apply,Apply
"Summarise, present and interpret data numerically and graphically",Evaluate,Answer: Create,Create
"plan and implement learning experiences that focus on movement, environment and community in outdoor and indoor settings, and which cater for children of diverse backgrounds and abilities and draw on a range of effective and inclusive teaching strategies",Create,Create,Create
"Distinguish between the various components of the IT infrastructure including Network, Virtual Server environment and ICT support mechanisms.",Analyze,I will label this as: Analyze,Analyze
"Demonstrate an understanding of various production methods used in the studio environment, have an appreciation of various mediums, their properties and uses, and be able to work with materials and techniques in an experimental and sustainable manner;",Understand,The label for the learning outcome above is: Understand,Understand
Apply intercultural strategies to resolve a range of practical challenges,Apply,,Invalid
Use database searching and retrieval for compound identification;,Apply,,Invalid
Analyse and evaluate resource allocation in healthcare and the use and role of economic evaluations in decision-making.,Analyze,"___
Analyze",Analyze
Explain the roles of different cellular compartments and organelles in cellular functions.,Understand,"Label:

Understand",Understand
"Describe fetal growth, development and the prenatal diagnosis of fetal abnormality",Understand,Answer: Understand,Understand
Understand the diversity of Pacific peoples' lives;,Understand,Understand the diversity of Pacific peoples' lives.,Understand
"Understand, analyse and critically evaluate cases which apply the law of armed conflict;",Understand,"- Understand, analyse and critically evaluate cases which apply the law",Evaluate
"Demonstrate the utility of digital spatial data handling for mapping and analysis from digital data, referring to themes in environmental science;",Apply,,Invalid
"Generate strategies for solving complex, open-ended separation process problems.",Create,"Label:

Create",Create
"Analyse and critically evaluate the current state of Commonwealth and Victorian constitutional law and practice, and discuss reform issues;",Analyze,Discuss the relationship between the Commonwealth and Victorian constitutions and the,Invalid
Explain the basic principles of bio-climatic design;,Understand,The student will be able to explain the basic principles of bio,Invalid
"Conduct legal research and locate appropriate case law, legislation and secondary materials",Apply,,Invalid
use marketing principles and frameworks to investigate and analyse the issue,Analyze,,Invalid
Understand critical difference in public and private approaches to health and illness issues.,Understand,"___
Understand",Understand
"Describe the characteristic mineralogical, structural and host-rock features of a range of important mineral deposit types;",Understand,"Identify the mineralogical, structural and host-rock features of a",Invalid
"Inquire into, and develop, your professional identity as a specialist teacher",Create,,Invalid
identify skills development and identify process for planning skill development where individual gaps are identified in learning.,Remember,Identify skills development and identify process for planning skill development where individual,Invalid
evaluate different algorithms and analyse their complexity;,Analyze,,Invalid
analyse the rationale for government intervention in the economy and of the extent of that intervention,Analyze,Correct Label: Analyze,Analyze
identify differences between conventional goods allocated efficiently and environmental commodities allocated inefficiently,Analyze,Correct Answer: Analyze,Analyze
"develop an appropriate strategy, supported by relevant research and academic literature, for leading cultural shifts in mathematics teaching and learning, and facilitating improvement in mathematical engagement.",Create,The label for this learning outcome is: Create,Create
Apply knowledge and understanding of recent developments in relation to the rules of precedent and statutory interpretation to new situations in professional practice and/or for further learning with creativity and initiative;,Apply,The label for the learning outcome is: Apply,Apply
To provide students with an understanding of the legal and commercial issues facing partners in their dealings with others and with third parties,Understand,,Invalid
"Identify sources of data such as that provided by the Australian Bureau of Statistics, as well as other public domain and private data, such as from market research and polling.",Remember,Remember,Remember
Apply the basic principles of geological mapping in a variety of settings;,Apply,,Invalid
Apply principles of representing sub-grid scale processes in global models;,Apply,Identify the advantages and disadvantages of different sub-grid scale models;,Invalid
analyse crack growth in aircraft structural members,Analyze,Correct answer: Analyze,Analyze
Use differentiation rules to find derivatives of implicit and explicit functions.,Apply,"Label:

Apply",Apply
Use evidence to develop and sustain theoretical arguments related to gender and sociological theory;,Apply,Analyze the strengths and weaknesses of different sociological theories in explaining,Analyze
Conduct experiments according to industry standards to produce and test productsThemeslabel Pharmaceutical Science,Apply,,Invalid
Use fundamental design and technology skills to communicate ideas;,Apply,"Create a digital story using multimedia elements;
Share the story with",Create
evaluate marketers' use of consumer behaviour insights in the development and implementation of consumer-oriented marketing strategies.,Evaluate,Response:Evaluate,Evaluate
"evaluate the principles of contaminant fate and transport within soil, water and air systems",Evaluate,Correct answer: Evaluate,Evaluate
Possess a deeper understanding in at least one materials engineering topic,Understand,,Invalid
use popular culture or digital technologies and texts to extend and enhance effective middle years learning.,Apply,The label for the learning outcome is: Create,Create
Design and analyse the steel-reinforced concrete structures using the strut-and-tie modelmethod.,Analyze,"Label:

Create",Create
Develop professional knowledges about family violence prevention and associated leadership skills in a range of environments;,Apply,- Understand the importance of family violence prevention and associated leadership skills,Understand
Apply numerical modelling to solve problems in particle physics.,Apply,"Example:
""Students will be able to apply numerical modelling techniques",Apply
Use modern analytical instrumentation;,Apply,- label: Apply,Apply
Engage with debates surrounding the (re-)presentation of the past within the public domain.,Evaluate,"Label:

Evaluate",Evaluate
Construct queries that meet user requirements;,Create,,Invalid
Critically evaluate the epidemiologic principles underlying disease surveillance programs;,Evaluate,,Invalid
interpret and explain models written by others;,Evaluate,- label: Understand,Understand
"Understand the construction, use and interpretation of regression modelling diagnostics.",Understand,"Remember
 Understand
 Apply
 Analyze
 Evaluate
 Create",Create
"Outline different microbial pathogens including bacteria, viruses and parasites, their modes of pathogenesis, diseases caused, epidemiology and treatment;",Apply,"Identify the host immune response to microbial pathogens, including innate and",Invalid
Critically analyse problems arising from the application of statute and case-law to specific banker-customer transactions.,Analyze,Correct label: Analyze,Analyze
understand the structural issues relevant to lessons in visual art and design in relation to classroom practice and prescribed curriculum,Understand,"I will label this as ""Understand"". The student is expected",Understand
"Write compositions of up to 300 words in Spanish, with the help of a Spanish-English dictionary and a reference grammar.",Create,I will write compositions of up to 300 words in Spanish,Invalid
Demonstrate a broader exposure and deeper engagement with architectural production;,Understand,"- Explore the architectural design process;
- Develop a portfolio of",Invalid
"Design and build complex digital systems using programmable logic devices such as PLAs, PALs and FPGAs.",Create,"Label:

Create",Create
"Use essential concepts related to mxn linear systems, including linear independence and basis, and demonstrate a broad appreciation of tensors",Apply,,Invalid
Translate practical problem descriptions into mathematical formulations as discrete optimisation problems and communicate the results to non-technical audiences.,Apply,"Solution:
Create",Create
"Understand how the conceptual, material and logistical approaches to your visual artwork relates to gallery-based programs;",Understand,"Understand how the conceptual, material and logistical approaches to your visual",Understand
"Produce a portfolio that demonstrates engagement with, understanding of, and interpretation of research, knowledge, issues and practices in your discipline;",Apply,,Invalid
"demonstrate the capacity to use curriculum, assessment and reporting knowledge to design learning sequences and lesson plans that are developmentally appropriate for primary years",Apply,Create,Create
interpret and communicate knowledge about STEM learning and leadership in response to contemporary challenges.,Evaluate,"___
Evaluate",Evaluate
"Perform object oriented design and coding to create, test and debug non-trivial, working mobile applications that are maintainable and use the best practices of the development platform;",Create,The label for 'Perform object oriented design and coding to create,Create
"Communicate technical and non-technical information effectively with external associates, including contractors, consultants and regulators.",Create,The label for this learning outcome is: Create,Create
Propose and present ethical and responsible design concepts specific to culture and heritage;,Create,Propose and present ethical and responsible design concepts specific to culture,Invalid
develop analytical skills to plan the future of an organisation in its competitive environment from the viewpoint of the chief executive,Create,"Answer:
Create",Create
Construct causal diagrams and use them to identify potential sources of bias,Remember,"in the estimation of causal effects.

Label:
Create",Create
"Understand how to inform politicians, stakeholders and citizens about necessary government actions",Understand,,Invalid
Draw from your experience through different disciplines in the semester;,Apply,"- label: Create

Question: How would you apply Bloom",Create
Size and design the major components of a turbofan engine using 1D aerothermodynamic principles.,Create,"___
Apply",Apply
Critically evaluate different modes of dispute resolution processes and assess the conditions under which they are likely to be appropriate and effective;,Evaluate,The label for this learning outcome is: Evaluate,Evaluate
"Describe:  A broad understanding of computational chemistry and its application to drug bimolecular problems The molecular interactions (including bonded and non-bonded) which govern drug-target interactions Molecular mechanics energy calculations and the information that these calculations can provide The components making up molecular mechanic force fields including bond stretching, angle bending, dihedral angle terms, and nonbonded interactions (van der Waals and electrostatic) Molecular simulation methods The statistical methods used to develop QSAR equations and their application in drug discovery Quantum mechanical (QM) calculations and the information that they can provide Themeslabel Pharmaceutical Science",Understand,,Invalid
"Describe the processes of bacterial pathogenesis including adhesion, cell invasion, replication and the production of bacterial toxins;",Understand,,Invalid
"Knowledge of the divergent structures, processes, and agendas that exist in multi-issue areas of diplomacy",Remember,,Invalid
"collect, analyse and interpret data related to your independent research project",Analyze,,Invalid
understand contemporary issues related to the management of workplace diversity and inclusion issues,Understand,The label for the learning outcome is: Understand,Understand
Demonstrate an awareness for how different forms of art act(ed) to construct and/or reinforce Indigenous identity;,Apply,Demonstrate an awareness for how different forms of art act,Invalid
"critically reflect on your direct observation of media industries, as a complement to reading and scholarship in the area;",Analyze,,Invalid
develop strategies to identify and meet ongoing professional learning needs,Create,,Invalid
Describe the components and organisation of the Australian healthcare system.,Understand,Solution: Understand,Understand
"Identify, evaluate and critique a range of professional support strategies that can be used to enhance professional practice.",Remember,Correct answer: Evaluate,Evaluate
understand the impact of and strategies to manage risks associated with international business,Understand,"___ Understand
___ Remember
___ Apply
___ Analyze",Analyze
Explain and apply basic elements of statistics which form the basis of research skills used in biological psychology.,Apply,"Label:

Apply",Apply
"demonstrate broad knowledge and technical capabilities driven by an entrepreneurial mindset across a variety of domains including but not limited to the business, professional and public policy communities that we serve",Apply,,Invalid
Present the preliminary findings in a written report also present key results in oral form as a preliminary seminar.,Create,Present the preliminary findings in a written report also present key results,Invalid
Integrate the role of advocate into the professional repertoire.,Create,Solution: Create,Create
"Investigate, analyse and synthesize complex legal and policy issues impacting the evolution of the application of the law to sport, including balancing protection of the 'integrity and spirit of sport' with athlete rights; commercial interests with societal interests; and competition with competitive balance;",Analyze,"- Understand the role of the law in sport, including the",Understand
critically analyse a range of primary source materials;,Analyze,,Invalid
"Demonstrate your awareness of the historical and recent precedents for, and dimensions of, your own practice.",Apply,Label: Evaluate,Evaluate
Effectively communicate complex concepts on scientific content and business processes in written or oral formats.,Create,"Correct Label:

Create",Create
"Identify and apply the basic principles of research design for both qualitative and quantitative studies, including questionnaire design, data entry, and analysis;",Apply,Identify and apply the basic principles of research design for both qualitative,Apply
develop effective report writing and communication skills,Create,Example label: Create,Create
describe you own practices and experiences of health and wellbeing situated in the largernational/international context and meanings,Understand,,Invalid
"Explain key concepts and theories that underpin social entrepreneurship, innovation and design;",Understand,,Invalid
Provide informed advice on appropriate control measures for aviation hazards in workplace and the community,Create,Label: Evaluate,Evaluate
Discuss the multitude of contextual and interpersonal factors which shape communication; and apply this knowledge to intercultural communicative events;,Apply,,Invalid
"Work effectively as a member of a team through well-developed skills in job planning, time management, problem solving, critical thinking and the organisation of work;",Apply,,Invalid
think critically and challenge traditional notions of change in educational settings,Analyze,Correct Answer: Evaluate,Evaluate
"Apply knowledge of sensitivity, specificity, accuracy and search error in the interpretation of x-ray images of the shoulder girdle, upper limbs and the cervical spine of adult and paediatric patients.",Apply,"___
Apply
___
The student will be able to",Apply
"demonstrate understanding of the legal risks, compliance and social responsibility obligations faced by business enterprises arising from global environmental and sustainability challenges",Understand,,Invalid
"Formulate expert solutions to practical financial, engineering or scientific problems using specialised cognitive and technical skills within the theory of discrete-time martingales.",Create,Solution: Create,Create
Evaluate strategies for the public health control of chronic diseases,Evaluate,,Invalid
Read secondary sources critically and confidently,Analyze,Answer: Evaluate,Evaluate
Communicate mathematical results professionally;,Create,,Invalid
"Analyse and appraise the communication techniques utilised to inform, instruct and empower patients to manage their care;",Analyze,,Invalid
critically assess current controversies in monetary policy.,Evaluate,"___
Evaluate
___",Evaluate
"Demonstrate high-level skills in data collection, analysis, interpretation and presentation, and apply these in written scientific reports and oral presentations;",Apply,"Demonstrate high-level skills in data collection, analysis,",Invalid
Generate finite element analysis on anisotropic materials and composite laminate structures.,Create,"Label:

Create",Create
understand the role of being an individual and couples therapist,Understand,,Invalid
"Discuss critically the key issues in the negotiation and implementation of a post-Kyoto international climate change agreement, and evaluate critically the main features of any such agreement;",Understand,The label for this learning outcome is: Evaluate,Evaluate
Create an innovative way of communicating scientific information to patients new to the ART process,Create,,Invalid
Perform hypothesis tests for the mean and proportion;,Apply,"- Understand the assumptions underlying the tests;
- Apply the test",Apply
"gain practical experience in, and understanding of PhD level research work.",Understand,Correct Answer: Apply,Apply
"Evaluate and critique the historical roots, conceptual notions, frameworks and current debates on sustainability and sustainable development.",Evaluate,"___
Evaluate",Evaluate
Analyse formal and informal sources of information guiding health system and policy development.,Analyze,"___
Analyze",Analyze
Evaluate gaps and limitations in translating evidence-based interventions and treatment models for co-occurring disorders into policy and into clinical practice.,Evaluate,I will Evaluate,Evaluate
Apply Sociology of development theories and concepts in the analysis of specific case studies;,Apply,Analyze the impact of social movements on political change in Latin America,Analyze
Comment on historical changes in what is considered abnormal behaviour.,Evaluate,"___
Evaluate
___
Create
___
Understand",Create
Communicate an understanding of the use of research as a basis for decision making in the health care policy and clinical arena particularly in its application to health care practice;,Create,,Invalid
Conduct research in Terrorism and Human Rights based on knowledge of appropriate research principle and methods,Apply,I will label this as: Apply,Apply
understand payments among nations and the monetary approach to the Balance of Payments,Understand,,Invalid
"make recommendations and reports that synthesise fundamental legal principles and knowledge into professional, appropriately structured documents common in legal practice.",Create,The label for this learning outcome is: Create,Create
reflect on and evaluate your teaching experiences in health education,Analyze,Correct answer: Evaluate,Evaluate
"Communicate and collaborate in ways that are effective, appropriate and persuasive.",Create,"___
Create",Create
"An understanding of the structure and operation of the tourism industry globally, and within Australia",Understand,"Remember
Understand
Apply
Analyze
Evaluate
Create",Create
"Describe the physiological mechanisms affected by these disorders, and how these disrupted function/s result in the observed signs and symptoms.Themeslabel Pharmaceutical Science",Understand,"Learning Outcome:
Describe the physiological mechanisms affected by these disorders,",Invalid
develop an understanding of the various theoretical debates surrounding literacy teaching and learning,Understand,Correct Label: Understand,Understand
Evaluate transport and traffic data on the basis of its quality and relevance and interpret that data to identify key insights.,Evaluate,Correct answer: Evaluate,Evaluate
"Describe and apply within a professional standards and ethics context theories of the psychosocial impact on human behaviour, communication and occupational health and safety of the working environment;",Apply,The label for this learning outcome is: Apply,Apply
Identify and explain the core issues that define Southeast Asian cinemas;,Remember,Analyze the impact of colonial history on Southeast Asian film narratives;,Analyze
Reflect on the relevance of Asian experiences of social change to other national and individual circumstances;,Analyze,,Invalid
Conduct research into issues of international investment law based on knowledge of appropriate research principles and methods,Apply,,Invalid
Use 3D imaging software to create 3D animations;,Apply,The student will be able to import images and videos into the,Invalid
Observe the associated challenges to civil society caused by China's rapid technological development and appraise how the legal system responds to civil society issues;,Understand,The label for the learning outcome is: Evaluate,Evaluate
Apply anatomical knowledge to the function of the neurological system;,Apply,Analyze the relationship between the nervous system and the endocrine system;,Analyze
Apply characterisation techniques to both organic and inorganic materials;,Apply,Analyze the results of characterisation techniques to determine the composition of,Analyze
"Use cognitive, technical and creative skills to generate and evaluate at an abstract level complex ideas and concepts relevant to case law, statutory interpretation, and advanced legal research.",Apply,Solution: Create,Create
Conduct research into cybercrime based on knowledge of appropriate research principles and methods,Apply,Correct label: Create,Create
Evaluate the psychological and physiological responses of children to illness and injury compared to the adult population;,Evaluate,Assess the effectiveness of various therapeutic interventions for children with chronic illnesses,Invalid
critically evaluate the role of globalisation and technological disruption and their impact on business,Evaluate,,Invalid
Explain how leadership theories and leader attributes influence teamwork in nursing and midwifery practice.,Understand,Label: Understand,Understand
Demonstrate a high level of proficiency and autonomy in interior architectural production;,Apply,"- Design and develop interior architectural projects;
- Create interior architectural",Create
"critically discuss the status of international business entities in international law, and the relevance of international regulatory institution for transnational corporations",Analyze,Correct Label: Evaluate,Evaluate
"Review scientific literature, with particular reference to the identification of key information; access information databases in an efficient manner;",Analyze,"- label: Understand

Question: What is the primary purpose",Understand
"Be able to develop and apply parametric methods of inference, with particular reference to problems of relevance in biostatistical contexts.",Apply,Correct Answer: Apply,Apply
"Demonstrate understanding of the research topic, critical engagement with relevant theoretical material, analysis of sources and or data through the completion of an extended research essay.",Understand,Understand,Understand
Construct and estimate various volatility processes such as ARCH and GARCH.,Create,"Label:

Create",Create
"enhance skills in understanding and developing effective, mutually beneficial relationships, particularly in team contexts",Create,,Invalid
critically evaluate empirical research and develop an ability to identify major research questions in financial accounting research,Create,Correct Label: Evaluate,Evaluate
Identify relevant published scientific literature and critically analyse and evaluate the content in the context of the discipline Anatomy and Developmental biology;,Understand,Identify relevant published scientific literature and critically analyse and evaluate the content,Evaluate
Identify issues in quality assurance in the provision of sexual assault services;,Remember,,Invalid
Clearly communicate to peers nutritional issues across the life span.,Create,"___
Create",Create
Critically reflect on their individual learning process and progress in clinical competence.,Analyze,Correct answer: Evaluate,Evaluate
apply knowledge and skills in the use of Excel and Visual Basic,Apply,Example label: Apply,Apply
develop teamwork skills and present the insights from Big Data to the targeted audience.,Create,"Label:

Create",Create
identify and understand the statistical and computational constraints for different types of data problems,Understand,"I will classify the learning outcome as ""Understand"". The student",Understand
"Investigate, analyse, synthesise and discuss the complexities of International Refugee Law and Practice problems, concepts and theories",Analyze,"Labels:

Analyze",Analyze
Explain the physiology of body systems,Understand,Answer: Understand,Understand
research and evaluate theoretical and critical debates about the laws governing parents and children and the adequacy of current laws and procedures,Analyze,Correct Label: Evaluate,Evaluate
"Critically reflect on leadership, management, teamwork and inter-professional collaboration in the provision of quality patient care.",Analyze,"___
Evaluate
___
Create
___
Understand",Create
"Demonstrate the ability to execute laboratory experiments relevant to advanced molecular microbiology, as well as analyse and report experimental results by formulating a scientific laboratory report and poster presentation.",Analyze,Remember,Remember
"Describe common and important illnesses, conditions and disorders",Understand,,Invalid
Evaluate the strengths and limitations of different study designs.,Evaluate,"___
Evaluate",Evaluate
"Demonstrate awareness of the varying use of key concepts across the fields (for example, 'medium', 'audience', 'discourse', 'culture', 'genre' and 'power')",Apply,Remember,Remember
Summarise issues of cultural context and ethical principles in health research,Evaluate,,Invalid
"Explain the roles of the cardiovascular, respiratory, lymphatic, endocrine, digestive and urinary systems and how they contribute to homeostasis.",Understand,The label for the learning outcome is: Understand,Understand
Employ exploratory strategies within an iterative design approach;,Apply,,Invalid
"Develop the capability to communicate design outcomes, concepts and solutions by a variety of media;",Create,"- Develop the capability to communicate design outcomes, concepts and solutions",Invalid
Read and comprehend newspaper articles and narrative and descriptive literary texts of up to 1000 words in Spanish.,Understand,Correct label: Understand,Understand
Analyse and discuss the broader functions and institutions of the art industry;,Analyze,"Discuss the role of art in society;
Discuss the role of",Invalid
"Demonstrate advanced skills in the written and oral presentation of mathematical arguments that enable mathematical concepts, processes and results to be communicated effectively.",Understand,"Remember
 Understand
 Apply
 Analyze
 Evaluate
 Create",Create
Apply a range of radiation protection measures applicable to CT in simulated situations;,Apply,,Invalid
Evaluate different survival techniques on land and in sea;,Evaluate,- Compare and contrast the advantages and disadvantages of each technique;,Invalid
understand the roles of verbal and non-verbal communication and interpersonal communication in business contexts,Understand,I will understand the roles of verbal and non-verbal communication,Understand
Compare the functions of the endocrine and nervous systems and describe the underlying physiology that allows communication between body tissues and the environment.,Analyze,Label: Analyze,Analyze
Design and conduct an assessment of a local traffic network.,Create,"___
Create",Create
Apply basic predictive modeling and data analysis methods;,Apply,,Invalid
"Critically appraise strategies to engage, promote change and support the perpetrators of family violence and those they target;",Evaluate,The label for this learning outcome is: Evaluate,Evaluate
Explain behaviours involving electromagnetism and do appropriate analysis and calculations,Understand,Correct answer: Analyze,Analyze
understand the use of equation of value in actuarial pricing and appraisal.,Understand,Question: What is the learning outcome for understanding the use of,Invalid
Evaluate the contribution of teamwork and interdisciplinary collaboration in the provision of quality nursing care,Evaluate,,Invalid
Apply the Structured Professional Judgement model to risk and threat assessments in family violence;,Apply,,Invalid
understand and critically evaluate theoretical paradigms of leadership development,Understand,Correct Label: Evaluate,Evaluate
"Investigate, analyse and synthesise complex information, problems, concepts and theories in relation to climate governance and citizen justice",Analyze,,Invalid
Evaluate the ways in which the environment shapes adaptive behaviour;,Evaluate,"Analyze the relationship between the environment and adaptive behaviour;
Understand the",Analyze
"Understand, discuss and actively participate in the design, development and implementation of a research project;",Understand,"- Understand, discuss and actively participate in the design, development",Understand
Develop conceptual solutions to projects set across a range of fine art media;,Create,- Develop conceptual solutions to projects set across a range of fine,Invalid
The skills to critically assess the limitations and possibilities of employing Western conceptions of trauma to understanding non-Western contexts.,Evaluate,Correct Answer: Evaluate,Evaluate
Develop survey questions and interview guides that demonstrate an understanding of measurement quality;,Understand,,Invalid
"Conduct research in the empirical and legal bases of sentencing practice, and the different philosophical underpinnings of the sentencing system, based on knowledge of appropriate research principle and methods",Apply,Analyze,Analyze
Reflect on identified strengths and weaknesses to develop Personalised Learning Plans to enhance professional skills required to practice as a pharmacistThemeslabel Professional experience,Create,"Remember
Understand
Apply
Analyze
Evaluate
Create",Create
"Debate different views regarding social responsibility, cause marketing, corporate societal investment and corporate philanthropy.",Evaluate,"Social responsibility, cause marketing, corporate societal investment and corporate philanth",Invalid
Acquire the essential skills required for Yiddish conversation.,Understand,"Label:

Apply",Apply
"An understanding of the of the practice of qualitative research, and the role of ethics in conducting that research.",Understand,Remember,Remember
Discern shear strength of soils and rocks.,Analyze,"___
Understand",Understand
study the operation of foreign exchange markets and alternative exchange rate systems,Remember,,Invalid
"Generate a report on the project, demonstrating critical analysis and discussion of findings in the context of prior research showing due regard to relevant stylistic conventions;",Create,"Generate a report on the project, demonstrating critical analysis and discussion",Invalid
"Use prescribed academic research skills to locate, analyse and communicate information.",Analyze,"Label:

Apply",Apply
Examine the role of the media in the construction of health issues.,Analyze,"___
Evaluate
___
Examine
___
Analyze",Evaluate
Explain the system of courts and their operation at the state and national level;,Understand,"Identify the roles and responsibilities of judges and lawyers;
Describe the",Invalid
demonstrate knowledge of the role of the advocate in the adversarial system of justice including some of the ethical duties of an advocate;,Apply,,Invalid
articulate the theories of career development and demonstrate familiarity with career counselling techniques,Understand,Correct Label: Understand,Understand
"Solve elementary partial differential equations, apply boundary and initial conditions as appropriate, and use the method of separation of variables with the wave equation, heat equation and Laplace's equation",Apply,Label: Apply,Apply
"Identify and discuss how basic neuroscience, developmental psychology, behavioural research, and clinical research inform and complement each other in the understanding of mental health issues;",Understand,"Identify and discuss how basic neuroscience, developmental psychology, behavioural research",Invalid
Critically assess policies and principles relating to the criminal law,Evaluate,,Invalid
"use various approaches to plan and deliver movement experiences that are challenging, safe and well structured",Apply,Answer: Create,Create
"Describe the normal structure and function of cells and tissues, and the associated nursing and midwifery practice considerations;",Understand,The label for this learning outcome is: Understand,Understand
Identify and explain the nature and types of cybercrime,Remember,,Invalid
"Integrate robotic mechanisms, sensors and actuators into a functioning robot system.",Create,Response:Create,Create
Analyse the role of community practice in social work settings.,Analyze,"___
Analyze",Analyze
"compare and critique theories, models and frameworks used to inform inclusive teaching approaches",Evaluate,Correct Label: Evaluate,Evaluate
"Demonstrate critical thinking, communication skills relevant to peers and patients and problem-solving, with a focus on infectious diseases related and antimicrobial related topics.",Apply,Remember,Remember
Critically assess taxation law policies and principles and generate appropriate responses to technical legal problems and issues relating to taxation law;,Evaluate,,Invalid
"have developed and demonstrated the ability to independently research, analyse and write on issues in Remedies Law",Apply,Answer: Create,Create
identify and apply prescribed grammatical items;,Apply,,Invalid
"Demonstrate clear understanding of planning, implementation and evaluation of nutrition programs/interventions for a specific group, community or population.",Understand,"Remember
 Understand
 Apply
 Analyze
 Evaluate
 Create",Create
"to formulate and critically evaluate concepts for understanding differences, similarities, connections and contestations between cultures;",Evaluate,"to formulate and critically evaluate concepts for understanding differences, similarities,",Evaluate
describe the criminal and other penalties which may be imposed on corporations and individuals,Understand,Correct answer: Understand,Understand
"Conceptually design, appraise and evaluate ITS applications on the basis of their performance, economic, environmental and social impacts.",Evaluate,Correct Answer: Create,Create
Describe and analyse the pharmacological management of common clinical cases;,Analyze,,Invalid
Describe how international human rights regimes have evolved;,Understand,The student will be able to describe how international human rights regimes,Invalid
Determine the interaction between structural and geomaterials using computational and analytical methods.,Apply,"Label:

Analyze",Analyze
"design, evaluate and recommend marketing strategies that solve the identified core marketing problem",Evaluate,Correct Label: Create,Create
demonstrate awareness of self and inclusive management practices,Apply,Correct Label: Understand,Understand
"Analyse South African case studies relating to corporate identity, image, branding and reputation.",Analyze,"___
Analyze",Analyze
understand and critically analyse business and government relations in the location visited,Understand,The label for the learning outcome is: Analyze,Analyze
critically analyse the strategic nature of organisational leadership,Analyze,Correct Label: Analyze,Analyze
Carry out tissue bath experiments to elicit drug effects.,Apply,"Label:

Apply",Apply
"Demonstrate a sound understanding of fundamental aspects of climate law, regarding key climate change bodies, fundamental principles of international climate change law, and the relationship between international, supra-national and national climate change responses",Understand,,Invalid
"Evaluate different programming options of ability grouping, enrichment, extension and acceleration and how they apply to the educational needs of gifted students",Apply,Correct answer: Evaluate,Evaluate
"Have a good understanding of the framework of laws for environmental planning, development control, environmental impact assessment, heritage conservation and pollution regulation",Understand,I will be able to explain the framework of laws for environmental,Invalid
To acquire knowledge of a grammatical framework with which to analyse and describe the vernacular Chinese under study.,Analyze,Remember,Remember
plan a research proposal,Create,Correct Answer: Create,Create
Identify emerging trends and priorities in health promotion.,Remember,"___
Evaluate
___
Create
___
Understand",Create
Analyse the key elements of family-centred practice.,Analyze,"___
Analyze",Analyze
"Explain the impact of social and environmental determinants of health on health status in marginalised groups, including the Indigenous population.",Understand,"Remember
 Understand
 Apply
 Analyze
 Evaluate
 Create",Create
Describe the business and marketing skills required for physiotherapy practice;,Understand,"Identify the key competencies needed for physiotherapy practice;
Explain the",Invalid
Interpret and present empirical results in an academic style in the format of an empirical journal article.,Evaluate,"Label:

Create",Create
"Demonstrate familiarity with aircraft engine components, their operation and relationships.",Apply,Remember,Remember
Explain the physical and chemical characteristics of aquatic systems;,Understand,- Understand,Understand
Demonstrate an understanding of the impacts of resource limitation on experimental design and implementation;,Understand,,Invalid
plan engaging units of work linked to curriculum and best practice,Create,"___
Create",Create
Able to conduct scientific literature search related to a research topic in nutrition.,Apply,"Question: ""Able to conduct scientific literature search related to a",Invalid
"Negotiate complexity, uncertainty and risk while practicing multi-disciplinary decision making.",Evaluate,Correct answer: Evaluate,Evaluate
Integrate core values of mental health nursing into care provision with consumers; in scenario work and in mental health nursing workplaces.,Create,The label for this learning outcome is: Create,Create
developed an awareness of the intricacy of the therapeutic relationship and of the contribution of their personal qualities to it. Their contribution to service delivery should reflect the principles of best practice and their role within an agency should be equivalent to that of a junior employee. ,Understand,,Invalid
demonstrate a detailed understanding of professional communication issues in the contemporary global context;,Understand,demonstrate a detailed understanding of professional communication issues in the,Invalid
Generate a high-quality technical report as part of a group to summarise the design of a building structure.,Create,Correct answer: Create,Create
Relate the anatomy and physiology of the pancreas and liver with diagnostic procedures to determine pathology ,Apply,"Remember
 Understand
 Apply
 Analyze
 Evaluate
 Create",Create
"demonstrate accounting knowledge in areas such as company operations, taxation, property, plant and equipment, acquisitions, group accounting and financial statement analysis",Understand,,Invalid
"Evaluate the limitations, appropriateness and benefits of data analytics methods for given tasks;",Evaluate,,Invalid
"Identify, research and edit a lifestyle journalism story for a magazine or website to a deadline;",Remember,- Research and edit a lifestyle journalism story for a magazine or,Invalid
Demonstrate advanced academic writing skills by producing a thesis and/or manuscripts appropriate for publication in the field of chemistry;,Apply,,Invalid
a demonstrated ability to apply the principles of microstructural design for mechanicalapplications,Apply,,Invalid
Demonstrate basic problem solving skills with GIS and remote sensing;,Apply,- Create a map showing land cover changes over the past decade,Create
Apply the principles of fluid flow (including air-moisture behaviour) relevant to a ventilation system.,Apply,Response:Apply,Apply
develop capabilities to work effectively in a group; and/or demonstrate effective individual research skills to solve management accounting problems and demonstrate in an individual summative assessment task the acquisition of a comprehensive understanding of the topics covered by ACF5955.,Apply,"Solution:
Create",Create
Design and construct a professional portfolio to demonstrate the ability to come up with resources and solutions to challenges in the biotechnology industries.,Apply,Label: Create,Create
"demonstrate an understanding of various theoretical perspectives related to how middle and upper primary children develop their literacy knowledge, skills and understanding",Understand,"I will choose ""Understand"" as the label for the given",Understand
Evaluate and communicate the potentials of architectural techniques;,Evaluate,"- Evaluate and communicate the potentials of architectural techniques;

Answer:",Evaluate
Successfully demonstrate a 3D replication of a transportation design concept;,Apply,The student will be able to demonstrate a 3D replication,Invalid
"Use a binary phase diagram to quantitatively describe equilibrium states and understand the microstructures to be expected forvarious binary material systems exhibiting, in particular complete solid solubility, eutectic, eutectoid, and peritectic reactions",Understand,"Remember
Understand
Apply
Analyze
Evaluate
Create",Create
"Comprehend other areas of law and legal policy as they apply to the health care system including restrictive trade practices, contract law, professional registration and malpractice, drugs and poisons law and therapeutic goods law",Understand,,Invalid
Conduct research into the current and emerging OHS legislation and case law in Victoria based on knowledge of appropriate research principle and methods,Apply,,Invalid
"Determine the impact of the global political, economic, and social order on the shape of international frameworks and mechanisms governing health.",Evaluate,The label for this learning outcome is: Evaluate,Evaluate
Understand methodology as a critique of method and be able to practice criticism in your chosen field;,Understand,Understand the importance of the concept of methodology in the social sciences,Understand
Identify contemporary issues related to feminisms in an Asian context;,Remember,,Invalid
Refine a research question grounded in the critical review of the literature.,Create,"Label:

Evaluate",Evaluate
Recognise the major sites and features of the Etruscan and Roman cultures;,Remember,Identify the main characteristics of the Etruscan and Roman,Invalid
"Apply knowledge and understanding of the nature, sources and fundamental principles of Islamic law;",Apply,Demonstrate an understanding of the historical development of Islamic law,Invalid
"Be familiar with the main conceptual issues relevant to the Unit: development, sustainable development, under development, theories and concepts relating to late developing states, and key societal factors relevant to development, such as the role of the state, economic growth, education, food and hunger, development aid, civil society, gender issues, health, education, food and hunger, and international development.",Understand,"Remember
 Understand
 Apply
 Analyze
 Evaluate
 Create",Create
explain the arguments for and against privatisation,Understand,Answer: Evaluate,Evaluate
"Describe how risk perception is affected by psychological, cultural and personal experiences",Understand,Answer: Understand,Understand
Implement quantitative techniques supporting financial analysis and decision making;,Apply,,Invalid
understand legal/ethical/cultural issues in interventions and safeguards against the use of restricted practices,Understand,The label for this learning outcome is: Understand,Understand
Design and develop dynamic webpages using animation and visual effects;,Create,,Invalid
"By applying some basic concepts relating to text analysis and translation strategy to weekly project-based translation practice and class discussion, students are also expected to improve their ability to determine correct translation strategies for specific professional purposes;",Apply,"The label for ""By applying some basic concepts relating to text",Invalid
"Reflect on the critical differences between polysaccharide and protein classes of biopolymers, to relate and link together structure, functionality and application.",Analyze,"Reflect
Understand
Apply
Analyze
Evaluate
Create",Create
"Build an academic argument through clear argument structure, topic placement and framing of key issues;",Create,,Invalid
Write a final report to the approving ethics committee describing completion of the project.,Create,Solution: Create,Create
"Analyse selected major jazz genres, composers and works;",Analyze,"Compare and contrast the musical styles of different jazz artists;
Evaluate",Evaluate
"Distinguish between normal and abnormal anatomical and pathological structures as shown on CT images displayed in a variety of relevant formats including MPRs, MIPs, SSDs and volume renderings.",Analyze,"Remember
 Understand
 Apply
 Analyze
 Evaluate
 Create",Create
apply the tests of professionalism,Apply,Correct Label: Apply,Apply
"Developed a detailed and extensive research skills for gathering knowledge about identity in the 21st century, and to demonstrate a capacity to work with these skills in a group work assessment context",Apply,"Answer:
Create",Create
"Organise, manage and analyse research data using techniques required",Analyze,"to meet the research objectives.

Label: Apply",Apply
"Demonstrate stagecraft, interaction, artistic expression and technical proficiency at an intermediate level;",Apply,"- Demonstrate stagecraft, interaction, artistic expression and technical",Invalid
"Interpret, analyse and synthesise the importance of supervision when undertaking supervised professional practice placement through participation in tutorial/briefing activities",Analyze,Analyze,Analyze
"Understand the major chronic diseases that affect morbidity and mortality, that is, cancer and cardiovascular disease, from a behavioural perspective.",Understand,"Remember
 Understand
 Apply
 Analyze
 Evaluate
 Create",Create
"demonstrate a critical understanding of contemporary trends in, and approaches to, social education teaching in Australia",Understand,Correct Label: Analyze,Analyze
"evaluate the multifaceted nature of leadership in Australia and internationally, and enhance students' own leadership skills in the process",Evaluate,Answer: Evaluate,Evaluate
identify relevant literature for critical debates on the terminology of human rights discourse;,Remember,,Invalid
"Review and critique Computer Science research literature, research design and reported findings;",Analyze,"- Review and critique Computer Science research literature, research design and",Invalid
Respond creatively to design briefs of advanced complexity;,Create,"Generate innovative solutions to design challenges;
Produce original designs that push",Invalid
Analyse the behaviour of complicated reactors.,Analyze,"___
Analyze",Analyze
Critically evaluate background literature or information relevant to the public health issue or problem.,Evaluate,"___
Evaluate
___
Create
___
Understand",Create
Explain how metabolic processes are integrated and regulated;,Understand,"- label: Understand

Question: How does the integration and",Understand
critically evaluate competitive marketing decision situations and craft innovative and systematic solutions for which personal responsibility is taken,Evaluate,,Invalid
Create a written report that meets the academic standards associated with a research-informed investigation.,Create,Correct label: Create,Create
"Theme 2: Population, Society and Health  Discuss and compare a range of health promotion theories of change ranging from an individual to population-wide focus; Summarise the medical, behavioural and socio-environmental approaches to health promotion; Devise strategies for integrating health promotion into a selected area of health and social care practice, and across a range of settings; Design and present a community-based health promotion program that addresses selected components of a health promotion model. ",Evaluate,"Solution:
Create",Create
"Develop and implement patient centred nursing care appropriate to the needs and wishes of the patient and their family/carer, regardless of race, age, gender, culture, sexual orientation, disability or other diverse needs",Create,,Invalid
Appreciate the difference in sampling methods applicable for various resource types.,Understand,"Label:

Understand",Understand
Create a scholarly report demonstrating the capacity to effect change to practice within a collaborative framework,Create,Correct answer: Create,Create
Apply critical thinking to problems in statistical learning that relate to financial models.,Apply,Example label: Apply,Apply
"Identify, research, synthesise and evaluate relevant legal, factual and policy issues, including interpreting and applying relevant provisions of the Corporations Act;",Remember,"- Understand the Corporations Act and its implications;
- Apply",Apply
Communicate the project outcomes in written and oral form;Themeslabel Pharmaceutical Science,Create,,Invalid
Write technical reports and documents.,Create,Example: Create,Create
become adept at being both a leader and a team player.,Understand,"Label:

Create",Create
"Select, measure, prescribe and use appropriate assistive equipment to create recommendations for increased occupational participation and performance in typical client scenarios;",Analyze,The label for this learning outcome is: Create,Create
analyse patterns and relationships in problem solving and decision making processes,Analyze,Correct Answer: Analyze,Analyze
"Develop an understanding of how to use quantitative sources effectively in history-writing, as well as how to effectively make quantitative judgements in their research",Understand,Correct label: Understand,Understand
"develop a self-awareness of students; personality, values, attitudes, and leadership styles in the context of sustainability.",Create,The label for this learning outcome is: Create,Create
Develop skills in computational modelling that are fundamental to the study of astrophysics.,Apply,"Label:

Create",Create
"understand the key features and phases involved in motion regeneeration development, testing and simulation in order to represent accurate movement in soft-real time",Understand,,Invalid
Have the ability to make informed judgements about those ethical issues.,Evaluate,"___ Evaluate
___ Understand
___ Create
___ Remember",Create
apply strategic management concepts in particular cases.,Apply,"Example: ""Apply the five forces model to analyze the competitive",Analyze
Critically discuss the major legal issues that may affect IT systems and operations;,Analyze,The student will critically discuss the major legal issues that may affect,Invalid
"Analyse and discuss the legal, ethical and professional responsibilities associated with prescription and administration of medications according to state and federal legislation;",Analyze,"Analyze and discuss the legal, ethical and professional responsibilities associated with",Analyze
"Demonstrate consideration of the critical roles played by aspects such as human intellect, knowledge, values, emotion, learning, organisational culture and climate in developing individual, organisational and professional learning.",Apply,"Answer:
Create",Create
Engage in research fieldwork;,Analyze,,Invalid
understand the core concepts and theories of business-to-business marketing,Understand,,Invalid
Plan and execute the assessment and management of a paediatric patient with a complex illness or injury.,Create,Correct Answer: Create,Create
build upon existing concepts developed in previous courses and to outline the basic principles underlying more advanced methods of inference,Create,,Invalid
"Relate the structure of the major bones, joints and muscles to the functions of support and movement;",Apply,"Identify the major bones, joints and muscles of the upper and",Invalid
Create packaging solutions for products that are responsive to environmental issues and consumer needs;,Create,,Invalid
Determine soil consolidation time and associated settlements.,Apply,"Label:

Evaluate",Evaluate
"Explain contemporary research, theoretical and applied issues in counselling psychology.",Understand,"Remember
 Understand
 Apply
 Analyze
 Evaluate
 Create",Create
"use speaking, listening, reading and writing skills (and appropriate vocabulary) to communicate effectively in Indonesian in a range of situations and on a range of topics;",Apply,,Invalid
"Write appropriate scientific reports, both interim and final.",Create,"Label:

Create",Create
produce innovative solutions to problems through critical reflection and policy modelling;,Create,,Invalid
Compare and evaluate assessment processes in terms of strengths and weaknesses,Evaluate,"Correct label:

Evaluate",Evaluate
"The ability to think critically and analytically about gender representation in the world around them, and to articulate those thoughts in writing",Analyze,Answer: Analyze,Analyze
Execute and analyse algorithms for solving various graph optimisation problems.,Analyze,"Label:

Apply",Apply
critically reflect on the role of business in contributing to sustainable development innovation and solutions,Analyze,Correct Label: Evaluate,Evaluate
Prepare legal arguments by applying an intellectual and practical synthesis of: a thorough understanding of law relevant to complex international disputes; firm grasp of a complex factual scenario; and an appreciation of policy and principles behind development of the law including Human Rights; a thorough understanding of contemporary developments in international law and its professional practice.,Apply,"Remember
 Understand
 Apply
 Analyze
 Evaluate
 Create",Create
Apply structural analysis theory to predict performance and reliability of structures under a combination of different loadings.,Apply,Response:Apply,Apply
Identify and discuss select composition materials;,Understand,Analyze the effectiveness of different composition materials in conveying a message;,Analyze
"devise operational and practical solutions to address gender inequalities, exclusions and differences.",Create,"___
Create",Create
"Demonstrate skills in independent problem-solving and experimental design, and in data collection, analysis and interpretation;",Apply,"Demonstrate skills in independent problem-solving and experimental design,",Invalid
Demonstrate the delivery of complex nursing care and apply appropriate principles of prioritising and time management according to the clinical setting,Apply,,Invalid
"An understanding of the difficulties in fabrication, manipulation, and imaging of components at the micro scale and beyond",Understand,,Invalid
analyse the factors that drive organisational transformation,Analyze,Answer: Analyze,Analyze
"Use cognitive, technical and creative skills to generate and evaluate at an abstract level complex ideas and concepts relevant to energy law, regulation and policy.",Apply,"Remember
 Understand
 Apply
 Analyze
 Evaluate
 Create",Create
provide an understanding of common statistical methods used in business and economic forecasting,Understand,Correct Label: Understand,Understand
Examine the notion of 'Burden of Disease' (BoD) as it relates to different communities.,Analyze,"___
Understand",Understand
Be able to explain and respond to theoretical and practical issues raised by clients in commercial mediation and alternative dispute resolution settings,Evaluate,Correct answer: Evaluate,Evaluate
extract preproprocessed data and signals using interactive Graphical User Interfacing (IGUI) programming to reconstruct movement models,Analyze,"Label:

Apply",Apply
"Develop communication materials, utilising digital technologies, that demonstrate capacity for working with a range of media and communities to influence decision-makers and healthy public policy.",Apply,Correct Answer: Create,Create
Apply knowledge of pathophysiology and clinical manifestations associated with specific disorders and disease states across the lifespan,Apply,,Invalid
Outline the breadth of statistical tests and evaluate their applicability to common research methodologies,Evaluate,Correct answer: Evaluate,Evaluate
Use specific example of cardiovascular physiology to explain how different body systems work together;,Apply,The answer is: Create,Create
"inquire into and develop your professional identity as prospective teachers of English language, literature and literacy",Create,,Invalid
"Explain the functions and controls of the cardiovascular, renal, respiratory, endocrine, reproductive and digestive systems in the human body;",Understand,The label for this learning outcome is: Understand.,Understand
Apply the same principles used in implementing the common data structures to implement other data structures and design and implement new data structures;,Apply,,Invalid
"apply knowledge and understanding of research strategies, research design and research ethics in political studies to the planning and writing of a Honours thesis;",Apply,,Invalid
Describe techniques used by various theoretical approaches to counselling;,Understand,,Invalid
Analyse the results of single subject experiments to identify functional relations,Analyze,,Invalid
Developed the ability to communicate in both oral and written formats about this issue;,Create,- Create,Create
"critically understand the principles of curriculum design, the content of current senior physics curricula and the pedagogy of physics education",Understand,Correct Label: Understand,Understand
"Understand and appraise the manner with which the law has evolved and adapted in its application to sport's 'specificity' (its unique social, cultural and political standing, need for 'competitive balance' and 'culture of risk');",Understand,The answer is: Understand,Understand
Identify a range of critical perspectives onto the history of Australian art;,Remember,"Analyze the influence of historical events on Australian art movements;
Evaluate",Evaluate
Write well-structured essays,Create,Correct,Invalid
Appraise the framework used to undertake urban transport planning and its capacity to deliver sustainable transport outcomes,Evaluate,,Invalid
"Demonstrate knowledge and understanding of the concepts, substance and structure of the mathematical content underpinning statistics and probability in the primary school curriculum",Understand,,Invalid
Strategically apply feedback to improve capabilities and performance of tasks.,Apply,"Correct label:

Apply",Apply
Undertake a critical analysis of the research literature in response to the proposed research question;,Analyze,- Analyze,Analyze
"demonstrate the link between environmental problems and the economic concepts of property rights, externalities and non-excludability",Apply,"I will choose ""Analyze"" as the label for the given",Analyze
"communicate complex ideas in both spoken and written forms, drawing on advanced linguistic ability and consolidating the language skills already acquired in Chinese Advanced 3;",Create,,Invalid
Explain the mechanisms that enable cells to move in response to external stimuli;,Understand,The student will be able to describe the cellular processes involved in,Invalid
critically reflect upon and evaluate the effectiveness of implemented plans and utilise informed approaches to refine and improve planning for learning.,Evaluate,Correct Answer: Evaluate,Evaluate
"Demonstrate the integration of theoretical knowledge of anatomy, physiology and ultrasound instrumentation in abdominal ultrasound scanning to a beginner sonographer level.",Apply,The label for this learning outcome is: Create,Create
Appreciate the engineering principles of the resources sector and their contributions to global economic and social development,Understand,,Invalid
Demonstrate knowledge and aptitude in documenting client assessments and recording details of the engagement demonstrating the AASW Code of Ethics and common agency protocols,Apply,,Invalid
apply professional ethics standards for media and communications research.,Apply,"Example: ""Design a survey to collect data on consumer preferences",Invalid
Describe the application of composite materials in modern industries and explain the advantages of applying composite materials in structures.,Understand,Label: Understand,Understand
"Appraise medico-legal principles and reflect on their application to clinical practice, describing how the system of health care is regulated in Australia;",Analyze,The label for this learning outcome is: Evaluate,Evaluate
Use archaeological and historical data to present a detailed analytical discussion of a specific research question.,Apply,Label: Analyze,Analyze
Predict and optimise the delay in multiple paths of a VLSI design.,Evaluate,"Label:

Evaluate",Evaluate
Propose a method to test hypotheses relevant to the science question.,Create,"___
Create",Create
"evaluate the contribution of the fields of philosophy, politics and economics to solving local and global dilemmas;",Evaluate,The label for the learning outcome is: Evaluate,Evaluate
"Demonstrate advanced skills in interpreting civil liability legislation, tort law cases, academic commentary and law reform materials and applying them to evaluate complex and novel tort law issues;",Understand,,Invalid
produce an assessable research project in a format consistent with the specifications of the Publication Manual of the American Psychological Association (APA),Create,The label for the learning outcome is: Create,Create
Investigate and analyse the barriers and enablers to implementing quality care as described in the ‚ÄòRespectful Maternity Care' charter;,Analyze,- Understand the barriers and enablers to implementing quality care,Understand
"understand the general principles, advantages and disadvantages underlying the most common modelling techniques used in materials science and engineering and the time and length scale at which they are applicable",Understand,"I will classify the learning outcome as ""Understand"". The student",Understand
Work both individually and collectively with staff and fellow students on the synthesis of mathematical knowledge and the application of mathematical skills to problem solving.,Create,Correct Answer: Create,Create
"Demonstrate understanding of the relationship between jurisprudential models and ADR, as well as intercultural aspects of mediation by applying these independently in a range of relevant contexts.",Understand,Correct Answer: Apply,Apply
Analyse the specific cultural environment in which that language is deployed;,Analyze,,Invalid
"acquire an understanding of climate change mitigation with respect to political, environmental, regulatory and economic impacts on business in the Australian and global context",Understand,,Invalid
"Identify ways design contributes critically, ethically and responsibly to the preservation and promotion of culture and heritage in the Galleries, Libraries, Archives and Museums (GLAM) sector;",Remember,,Invalid
"This unit contributes to the making of responsible and effective global citizens who: + engage in an internationalised world, + exhibit cross-cultural competence, and + demonstrate ethical values. (Cf. Monash Graduate Attributes). Having a basic grasp of the world's religions is part of cross-cultural competence (and is a basic requirement for responsible and effective global citizens). And the development of tolerance of diverse religious beliefs is a basic component of ethical maturity.",Apply,"Remember
 Understand
 Apply
 Analyze
 Evaluate
 Create",Create
"demonstrate critical knowledge and understanding of the concepts, substance and structure of thecontent and teaching strategies of the Technologies teaching area",Understand,,Invalid
"Understand the tensorial development of the governing conservation equations for aerodynamics problems,",Understand,and the physical meaning of the principal invariants of the strain,Invalid
"Critically analyse the main instruments of European human rights law, especially the European Convention of Human Rights;",Analyze,"- Critically analyse
- Main instruments
- European human",Invalid
"develop the skills to present an area of research in the discipline of econometrics or statistics in a non-technical manner, both written and oral",Create,,Invalid
demonstrate the ability to use reflective thinking with respect to the development of employment skills,Apply,"Reflective thinking is a form of metacognition, which",Invalid
Understand the uses and limitations of basic illustration materials on both traditional and experimental levels;,Understand,"Understand the importance of color, texture, and line quality in",Understand
"Research, interpret and apply property law principles to generate appropriate responses to problem scenarios and legal issues",Apply,Correct label: Create,Create
Identify bottlenecks and other factors that set operational constraints and apply strategies that offer solutions to optimise the production system;,Apply,Identify bottlenecks and other factors that set operational constraints and,Invalid
An understanding of event marketing and communication techniques and the implications of contemporary digital technologies;,Understand,,Invalid
Identify and assess a range of writing structures and techniques;,Understand,Evaluate the effectiveness of these structures and techniques in achieving the writer,Evaluate
"Plan a community work intervention in ways that consider common community development challenges, such as social exclusion, poverty and geographical disadvantage.",Create,The label for this learning outcome is: Create,Create
The ability to use these approaches to analyse a variety of areas in which sexuality is experienced in social life.,Analyze,"The student will be able to:
- Analyse the relationship between",Invalid
"Develop, implement and evaluate injury prevention programs and frameworks for countermeasure development;",Evaluate,"Develop, implement and evaluate injury prevention programs and frameworks for counter",Evaluate
Develop skills in theoretical and computational physics that are fundamental to the study of contemporary physics.,Apply,Label: Create,Create
"Demonstrate appropriate professional, inter-professional and teamwork behaviours within the community and primary health care settings;",Apply,,Invalid
Recognise the importance of a team-based approach to the development of web-based applications.,Remember,Question: What is the Bloom's Taxonomy classification for the,Invalid
To appreciate the development of the international discourse around human rights and genocide prevention,Understand,,Invalid
critically analyse the development of leadership in relation to research outcomes and practical applications.,Analyze,"___
Evaluate
___",Evaluate
Demonstrate sophisticated cognitive and creative skills in approaching legal and ethical issues and generating appropriate responses and developing new understandings;,Understand,"Generate innovative solutions to complex problems;
Develop new understandings;",Invalid
"Apply prior knowledge of core concepts in nutrition, behaviour and health, counselling technique and nutrition education in real-life setting.",Apply,"___
Apply",Apply
"Demonstrate the ability to source, evaluate and use information from a range of sources to critically analyse socially relevant drug controversies;",Analyze,"Demonstrate the ability to source, evaluate and use information",Evaluate
organise core problems and applications in NLP;,Create,,Invalid
Have a good understanding of key aspects of the regulatory framework of the Australian health system;,Understand,Understand the roles and responsibilities of key players in the Australian health,Understand
Evaluate how altered structure and/or function of these body systems may lead to disease;,Evaluate,"Analyze the relationship between body systems and their functions;
Create a",Create
"begin to develop your learners' study, career, leisure and life skills through the knowledge, skills, values, attitudes and behaviours associated specifically with the study of history",Apply,,Invalid
"demonstrate autonomous, collaborative and active research and professional skills to generate and communicate international business strategy knowledge, skills and ideas to others.",Apply,"Remember
 Understand
 Apply
 Analyze
 Evaluate
 Create",Create
Compare and utilise methods and tactics involved in architecture culture;,Apply,"- Understand
- Apply
- Analyze
- Evaluate",Evaluate
implement counter-anti-security technologies to combat the anti-security techniques deployed by attackers.,Apply,"Label:

Apply",Apply
"Ability to write process notes, report and refer problems experienced by the child client;",Create,,Invalid
"Communicate in ways that are effective, appropriate and persuasive with submit-ting authors, reviewers, Faculty advisors and members of the student editorial committee. [TLO5]",Create,Answer: Create,Create
"Medical Surgical Nursing Perform and document a thorough complex patient health assessment utilising the head to toe systematic approach on a range of patients.Demonstrate an advanced knowledge of the typical human anatomy and physiology.\nDifferentiate the underlying pathophysiological process, aetiology and clinical manifestations related to a range of different disease presentations.\nDiscuss any relevant Monash Health policies and procedures in relation to patient care and assessment.\nUtilise assessment data and patient disease manifestations in patient centred care.\nImplement appropriate nursing plans and interventions related to the management of the medical surgical patients utilising evidence based practice.\nDemonstrate effective communication, increased professionalism and clinical leadership within their clinical environment.\nExplore and evaluate the clinical application of nursing research to the management of medical surgical patients.\nArticulate and demonstrate the principles used to manage a medical emergency.",Apply,Create,Create
develop the required abilities to read and develop financial statements and to use this capability to inform strategic and operational decision-making,Create,,Invalid
Execute a final project with a degree of independence and accountability relating to an internship.,Apply,Solution: Create,Create
Build your own teaching philosophy to demonstrate applied understandings and approaches to your own teaching practice.,Apply,Solution: Create,Create
Demonstrate familiarity with positive psychology measures;,Apply,,Invalid
To understand the building blocks of human musculo-skeletal biomechanics.,Understand,"___
Understand",Understand
"Critically evaluate concepts of mental illness and recovery using dimensions such as gender, class, diversity and spirituality.",Evaluate,Correct answer: Evaluate,Evaluate
To be able to recognise an additional 500 Chinese characters (900 in total) .,Remember,Remember,Remember
Conduct research in designs law based on knowledge of appropriate research principles and methods,Apply,Correct label: Create,Create
analyse the concept of globalisation and its impact on businesses worldwide,Analyze,Correct Label: Analyze,Analyze
Understand the relationship of various software applications for electronic publishing to the design and production of printed material;,Understand,Understand the relationship of various software applications for electronic publishing to the,Understand
Formulate a research project;,Create,The answer is: Create,Create
demonstrate the role of Human Resource Management in achieving organisational objectives,Apply,Correct Label: Evaluate,Evaluate
explain and evaluate the influence of key contextual variables on a business' strategy,Evaluate,Correct Label: Evaluate,Evaluate
Apply technical and legal knowledge to analyse the way in which future technological directions may develop and how these should be regulated by law.,Apply,Correct label: Apply,Apply
"Demonstrate mastery of all presentation skills: verbal, graphic and 3-dimensional;",Apply,"- Presenting a PowerPoint slide deck;
- Presenting",Invalid
"Show technical skill in designing, conducting and reporting on an independent research project",Apply,Correct label: Create,Create
Construct applications using VBA as the language for enhancing the appearance and usability of spreadsheet and database systems.,Create,"___
Create",Create
Critically reflect upon practical social innovation challenges within different cultural contexts;,Analyze,"- Evaluate

Example:
Learning Outcome: Design a marketing strategy",Evaluate
Critically evaluate controversial nutrition issues in local and international settings.,Evaluate,"___
Evaluate
___
Create
___
Understand",Create
"accurately read, understand and interpret a range of data commonly found within educational settings",Understand,Correct Label: Understand,Understand
describe the legal framework that regulates the relationship between employer and employee in Malaysia and Australia,Understand,Answer: Understand,Understand
"Integrate knowledge in the identification, description, analysis and solution of a research problem in the field of human nutrition.",Create,Correct Answer: Create,Create
"explain and calculate income tax (including CGT), GST and FBT.",Understand,Taxation,Invalid
Develop and implement a publication strategy;,Create,,Invalid
identify effective teaching strategies and resources for learning,Remember,,Invalid
Identify and describe different illness behaviours including those impacting on medicine use,Understand,,Invalid
understand a range of learning approaches applied as pedagogy to foster children's scientific and technological skills and knowledge development.,Understand,Understood,Invalid
acquire an understanding of the grand theories that strive to explain business globalisation and the rules that govern this process,Understand,Answer: Understand,Understand
Demonstrate a critical approach to the analysis of bibliographic and other empirical sources;,Apply,Demonstrate a critical approach to the analysis of bibliographic,Invalid
Apply theoretical methods in the creation of a piece of theatre;,Apply,"Analyze the effectiveness of different theatrical styles in conveying themes;
Evaluate",Evaluate
demonstrate knowledge and understanding of research into how students learn science and the implications for science teaching,Understand,Correct Label: Understand,Understand
critically evaluate research and commentary on approaches and models for leading cultural shifts in mathematics teaching and learning,Evaluate,Correct Label: Evaluate,Evaluate
Explain the clinical reasoning processes used in occupational therapy;Themeslabel Fundamental knowledge for the Health Sciences,Understand,,Invalid
Explain the characteristics of radiopharmaceuticals used diagnostic imaging and for therapeutic purposes;,Understand,The label for the learning outcome is: Understand,Understand
Recognise and interpret the process occurring between child and clinician and analyse the data this provides;,Analyze,Recognise and interpret the process occurring between child and clinician and,Invalid
describe and differentiate major lifespan theories,Understand,___ Create,Create
examine different forms of documentation of children's play with the purpose of identifying their strengths and challenges,Remember,Correct Answer: Analyze,Analyze
Distinguish the application of Clinical Forensic Medical services and apply them to the Australian Criminal Justice and Coronial legal systems.,Apply,Correct Answer: Apply,Apply
demonstrate the ability to manage a consulting client relationship,Apply,,Invalid
"identify and critically reflect on the values, ethics and political dimensions of all curricula and assessment practices",Understand,,Invalid
Develop and document evidence of the impact of your teaching practice on the learning outcomes of the students you teach,Create,,Invalid
Have developed the capacity to reflect on the implications between personal attitudes and views and broader patterns of culture and discourse.,Analyze,Correct Answer: Evaluate,Evaluate
"Compare and contrast the way political parties deal with social policy issues, and evaluate the key trends and philosophies underlying the positions of major Australian political parties",Evaluate,Correct Label: Evaluate,Evaluate
"Describe the impact of brine geochemistry on geothermal systems, its role in resource classification, scale and corrosion, and mineral co-production.",Understand,Label: Create,Create
"Explain how value can be added to the data in any information management system with geocodes, by implementing digital spatial data analysis;",Understand,The label for the learning outcome is: Create,Create
"Analyse factors relevant to managing small to medium-sized projects for in-house or contract software development, software outsourcing, package acquisition and implementation;",Analyze,Assess the impact of these factors on the success of the project,Invalid
Demonstrate language proficiency equivalent to Common European Framework of Reference (CEFR) level A2-.,Apply,"Label:

Remember",Remember
"Identify differences in thermodynamic properties using equations of state, charts, andtabulated data.",Analyze,"I will label this as ""Understand"". The student is expected",Understand
"Develop and document a project plan including key milestones, deliverables and timelines.",Create,"___
Create",Create
Address an open-ended problem by designing a solution and validate the solution using lab-scale equipment.,Understand,"Correct label:

Create",Create
"appraise the strength and limitations of situational, social and developmental crime prevention strategies;",Evaluate,The label for the learning outcome is: Evaluate,Evaluate
"identify and analyse taxation law issues relating to the workplace covering employers, employees and contractors including salary packaging and FBT, PAYG Withholding, superannuation and termination payments",Analyze,,Invalid
"Predict the physiological and clinical consequences of molecular, cellular and organ dysfunction",Evaluate,Correct,Invalid
design and conduct research into the field of geography education,Create,Correct Answer: Create,Create
"Describe more advanced algorithms in areas such as: graph theory (shortest path etc), pattern searching, data compression (precise selection of advanced algorithms will vary from year to year);",Understand,"- Understand the basic concepts behind these algorithms;
  -",Understand
complete a research project using sources in Indonesian.,Apply,"___
Create",Create
Identify personal clinical leadership goals;,Remember,,Invalid
"Explain the structure and function of the human body at cellular, organ, system and whole body levels.",Understand,"___
Understand",Understand
Describe and critique the principles and practice of traffic management.,Evaluate,"___
Evaluate
___
Create
___
Understand",Create
"Apply a range of theoretical approaches such as transnationalism, intermediality, digital aesthetics, media archaeology and realism to a wide range of digital and internet media;",Apply,"Analyze the relationship between digital media and the wider cultural, social",Analyze
explain the main determinants of a country's trade,Understand,,Invalid
Assess the performance of bioreactors and troubleshoot operational problems,Evaluate,,Invalid
identify and assess the different meanings and limitations of regulation and regulatory factors in different contexts,Understand,I will use Bloom's Taxonomy to classify the given learning,Invalid
"Engage with clients to provide a broad applied knowledge of the various substantive laws relating to entrepreneurial activities and businesses, including commercial law and how it impacts entrepreneurial activities and plans",Create,,Invalid
Appreciate the broad range of techniques used by archaeologists to infer behaviour from Aboriginal and Torres Strait Islander cultural sites and material culture.,Understand,The label for the learning outcome is: Understand,Understand
describe the components and importance of successful performance management andsupervision (and the risks of ineffective performance management) in the professional practice ofapplied behaviour analysis,Understand,,Invalid
understand and implement likelihood-based hypothesis testing and quasi-maximum likelihood inference,Understand,Correct Label: Understand,Understand
"Articulate contemporary developments in the law and practice of ""sports law"" as well as an insight into the future direction of the law;",Understand,"Identify the key players in sports law;
Understand the role of",Understand
Analyse operational considerations of the Smart Grid,Analyze,,Invalid
Determine the impact of working with the disturbed child including the disturbed child in special situations and advance an  understanding of the child and the therapeutic process.,Evaluate,The label for this learning outcome is: Evaluate,Evaluate
"Demonstrate satisfactory progress in the planning, implementation and reporting of their research;",Apply,- label: Apply,Apply
Demonstrate an ability to conduct research and develop a critical argument in a manner appropriate to second year study;,Apply,The label for this learning outcome is: Create,Create
Explain the pathological processes and causes underlying clinical signs and symptoms for specified illnesses and conditions.,Understand,"Label:

Evaluate",Evaluate
Identify when further expertise is required to measures and/or control workplace hazards.,Remember,"___
Evaluate
___
Create
___
Understand",Create
Propose design solutions to mitigate vibration responses to acceptable limits.,Create,"Label:

Create",Create
Conduct research on new materials and construction appropriate for concept;,Apply,sheets and student projects.,Invalid
"Explain how behaviour can be influenced by genetic makeup, environmental and social factors and drugs",Understand,Answer: Understand,Understand
demonstrate and apply knowledge and understanding to curriculum and lesson planning,Understand,Correct Label: Apply,Apply
"Integrate advanced knowledge, problem solving and current best evidence in formulating wound management plans.",Create,The label for the learning outcome is: Create,Create
Be able to demonstrate a mastery of reading and writing Yiddish script.,Apply,Correct answer: Create,Create
Demonstrate practical legal skills as appropriate to the clinical placement undertaken.,Apply,Correct answer: Apply,Apply
"Develop skills to process regional geophysical datasets, develop strategies to interpret geology from regional aeromagnetic and gravity data, integrate geological data into the geophysical interpretation, practical experience in geophysical interpretation and best practices in modeling geophysical data.",Create,Remember,Remember
Critically appraise the application and effectiveness of current regenerative medicine approaches in the treatment of specific human diseases,Evaluate,,Invalid
"Recommend intervention goals and strategies based on such factors as client preferences, supporting environments, risks, constraints, and social validity",Create,,Invalid
Present and communicate results of others and one's own experimentations in a scientific form.,Create,Present and communicate results of others and one's own experimentations in,Invalid
synthesise a complex business situation and develop recommendations,Create,,Invalid
Utilise evidence based practice in the management of complex wounds.,Apply,Response:Apply,Apply
"Appraise and reflect on issues associated with the implementation, quality assurance and evaluation of ART.",Analyze,Correct label: Evaluate,Evaluate
Demonstrate the ability to identify and manage selected emergencies in a simulated setting,Apply,Correct answer: Apply,Apply
"demonstrate appropriate communication, collaboration, cooperation and related skills required to work effectively in team environments.",Apply,The label for this learning outcome is: Create,Create
apply analytical skills developed through an analysis of continuing change in the labour market and labour market policy.,Apply,The label for the learning outcome is: Apply,Apply
Determine steel and timber members considering strength and serviceability needs.,Apply,"Label:

Apply",Apply
Create drawings in a variety of scales and media;,Create,,Invalid
review market failures and consider the potential for solving these failures in the collective or political setting,Understand,Correct answer: Evaluate,Evaluate
Critically evaluate the clinical management principles of the acutely deteriorating patient,Evaluate,,Invalid
Determine the relationship between structure and metamorphic assemblages;,Understand,Analyze the implications of these relationships for geological history reconstruction.,Analyze
"demonstrate advanced understanding and application of operations and logistics theory, challenges, methods, tools and frameworks",Understand,I will: demonstrate advanced understanding and application of operations and logistics,Invalid
Explain the role of the consumer and carers in mental health care,Understand,Answer: Understand,Understand
"appreciate the challenges and issues facing young people as they navigate complex transitions through schooling levels, from school to work, tertiary education and adulthood",Understand,,Invalid
examine the liability of foreignness and the impact of different modes of foreign operations on firms' effectiveness in emerging markets,Analyze,"Answer:
Analyze",Analyze
Self-edit and revise writing in an academic context.,Create,"Correct label:

Create",Create
Evaluate the performance of the system in order to mitigate or eliminate potential weaknesses in an engineered system,Evaluate,"Correct label:

Evaluate",Evaluate
appraise the characteristics of a range of passenger and freight modes,Evaluate,Correct Answer: Evaluate,Evaluate
Reflect on their communication and counselling skills with respect to the provision of medicines used for endocrine and renal conditions,Analyze,,Invalid
Use a variety of techniques to enhance working co-operatively and managing conflict as part of a team;,Apply,,Invalid
"Investigate, analyse and synthesise complex information, problems, concepts and theories in relation to expert evidence and social science research in a range of topics in family law decision making under the Family Law Act 1975 (Cth);",Analyze,- Understand the Family Law Act 1975 (Cth,Understand
"Work independently and collaboratively in learning and production processes, including online forums, to produce print and online journalism;",Apply,To be able to work independently and collaboratively in learning and production,Invalid
"Demonstrate ethical behaviour, professional practice and initiative in research;",Apply,"Demonstrate ethical behaviour, professional practice and initiative in research",Invalid
Perform in a chosen/approved music ensemble with a critical awareness of the various roles involved;,Apply,,Invalid
Identify the unique aspects of infectious disease epidemiology and their practical relevance;,Remember,,Invalid
calculate the arithmetic and geometric sequences and series and apply them in financial mathematics.,Apply,"Example: ""Given the first term and the common ratio,",Invalid
"Apply scholarly principles of referencing, quoting, paraphrasing;",Apply,"and plagiarism avoidance to a research paper.

Label: Apply",Apply
Analyse the operation of micro and nanodevices.,Analyze,"___
Analyze",Analyze
"Critically reflect upon multi-disciplinary radiation therapy practice and identify on-going professional development needs with respect to planning, treatment and patient management;",Remember,The label for this learning outcome is: Evaluate,Evaluate
"Describe the role of health care services in maintaining health and in monitoring, managing and preventing disease.",Understand,Label: Understand,Understand
"apply knowledge to evaluate how certain technologies might best address particular business needs, distinguishing between competing options by assessing the legal, ethical and regulatory issues that each alternative presents.",Apply,The label for this learning outcome is: Evaluate,Evaluate
"Communicated arts based research through clear presentation, proficient and appropriate writing, cohesive and selective use of images.",Create,"Answer:
Create",Create
"Apply a variety of expert algorithms for different algebraic objects, in particular, groups",Apply,", rings, fields, and vector spaces.

Label:
Apply",Apply
Demonstrate competence in laboratory procedures for handling and processing microbiological specimens.,Apply,"Label:

Apply",Apply
identify important pedagogical strategies in visual art and design (including those that incorporate ICTs) that meet the needs of a diverse range of students,Remember,,Invalid
Critique the work of peers in a professional manner,Evaluate,"Correct label:

Evaluate",Evaluate
Communicate knowledge in oral and written form for specialist and non-specialist audiences,Create,Correct label: Create,Create
"Demonstrate the ability to execute pharmacological experiments to obtain, analyse and interpret data and present this in a written report;",Analyze,,Invalid
"Complete a statistical analysis on probability distributions, time series, and multi-variate data.",Analyze,"Label:

Apply",Apply
Critically analyse complex information relevant to an advanced specialist domain and identify information requirements interpreting how they may be of benefit to an organisation or a community;,Analyze,The label for this learning outcome is: Analyze,Analyze
Understanding and critical evaluation of the development and operation of the Environmental Impact Assessment process both nationally and internationally;,Understand,- Understand the development and operation of the Environmental Impact Assessment process,Understand
Appreciate that numeracy learning occurs in multiple contexts and in multiple ways,Understand,Answer: Understand,Understand
"Critically reflect on key principles, philosophies and approaches that underpin the care of patients requiring acute or persistent pain management, oncology, palliative and end of life care;",Analyze,"- Critically reflect on key principles, philosophies and approaches that",Invalid
"analyse the impact of broader structures, contexts and cultures upon young people's lived experiences and broader issues of justice;",Analyze,,Invalid
Critique competing policy options;,Evaluate,"Identify the strengths and weaknesses of each option;
Assess the potential",Invalid
"Critically evaluate, analyse and discuss various orchestration techniques from written score and audio media;",Analyze,"- Critically evaluate, analyse and discuss various orchestration techniques",Evaluate
critically engage with recent debates and developments in language testing research and practice,Evaluate,Correct Label: Evaluate,Evaluate
"Appreciate the role, limitations and complexity of using research evidence to improve practice and develop policy",Understand,,Invalid
Discuss ways in which under-nutrition and over-nutrition contribute to the global burden of disease;,Understand,Analyze the relationship between dietary patterns and the incidence of chronic diseases,Analyze
Demonstrate broad knowledge of assessment and evaluation strategies that can be used to evaluate teaching programs to improve student learning,Apply,Correct Answer: Evaluate,Evaluate
"Demonstrate an understanding of the concept of intertextuality in film and television studies and its relation to genre through the categories of quotation, allusion, translation and adaptation;",Understand,,Invalid
Demonstrate the planning and implementation of care for a patient experiencing a respiratory emergency and accurately document and communicate the care provided.,Apply,Label: Apply,Apply
"Demonstrate an understanding of the historical, ethnic and religious diversity of the Middle East upon which contemporary political complexity is based.",Understand,"Remember
 Understand
 Apply
 Analyze
 Evaluate
 Create",Create
"Describe the epidemiology and clinical aspects of disease state management for endocrine and renal conditions, including primary and secondary prevention strategies",Understand,"Remember
 Understand
 Apply
 Analyze
 Evaluate
 Create",Create
Design products to a high standard of technical and aesthetic performance;,Create,,Invalid
"Present, analyse and interpret experimental data.",Analyze,"___
Analyze",Analyze
Contrast leadership styles and discuss the effectiveness and appropriateness of each in specific settings.,Analyze,"___
Evaluate
___
Create
___
Understand",Create
Perform routine transabdominal and transvaginal scanning of the female pelvis and routine sonographic examinations of the scrotum safely and to a standard and ethical conduct expected of a competent sonographer;,Analyze,The label for the learning outcome is: Apply,Apply
"Tailor knowledge and skills to effectively assess patient needs, including selection of relevant measures of health indicators and outcomes.",Evaluate,The label for this learning outcome is: Evaluate,Evaluate
Identify and evaluate the issues which arise in working with adolescents in therapeutic contexts;,Understand,,Invalid
"Identify, synthesise and apply knowledge of key concepts relating to international investment law",Remember,,Invalid
"examine the role of communication in management, particularly in leadership, decision making, conflict resolution, creativity and problem-solving",Analyze,"I will choose ""Analyze"" as the label for the given",Analyze
Develop an appreciation of appropriate professional behaviour in a number of potentially complex situations.,Create,Correct label: Evaluate,Evaluate
Critique transnational legal practice from the perspective of ethics and accountability,Evaluate,Correct label: Evaluate,Evaluate
Determine confidence intervals;,Remember,- label: Apply,Apply
"Recognise and demonstrate respect for indigenous knowledge, culture, and values and their relationship to contemporary curatorial practice;",Apply,,Invalid
Evaluate a range of local and international disease aetiologies and epidemiologies that impact on a community setting and the role pre-hospital professionals play in addressing these diseases.,Evaluate,"___
Evaluate",Evaluate
Conduct regular self-assessment and peer-assessment of individual and team performance as a primary means of tracking continuing professional development.,Evaluate,Correct answer: Evaluate,Evaluate
Construct communication design solutions utilising the media and processes expected in your specialisation;,Create,You should now write exactly one of the labels mentioned before in,Invalid
Identify the special needs of people from an indigenous and culturally diverse backgrounds,Remember,,Invalid
Critically reflect on their ability to work in groups and engage in a leadership role,Analyze,Correct label: Evaluate,Evaluate
identify and understand significant issues that surround effective teaching and learning in music and communicate these understandings as a clear and coherent exposition of knowledge and ideas to a wider audience,Understand,Correct Answer: Create,Create
"critically evaluate the effect, direct or indirect, of accounting issues, practices and policies on organisational performance",Evaluate,Correct Label: Evaluate,Evaluate
"Generate models of chemical and biological processes respecting conservation laws, apply suitable constraints and constitutive relations and determine an appropriate solution algorithm.",Apply,Label: Create,Create
"Articulate their learning in respectful, culturally appropriate and sensitive ways.",Understand,"___
Create",Create
Evaluate and select research methods and techniques of data collection and analysis appropriate to a particular project;,Evaluate,,Invalid
Understand and articulate what a medium is both conceptually and practically;,Understand,Demonstrate an understanding of the different types of media and,Invalid
Demonstrate knowledge of progressive ergonomic analysis;,Apply,"- Identify ergonomic hazards;
- Conduct ergonomic risk assessments;
-",Invalid
Demonstrate advanced scientific writing skills.,Understand,"Label:

Create",Create
critically examine the impact of contemporary issues and policy on the development of curriculum and pedagogy in outdoor and environmental studies,Analyze,Correct Label: Evaluate,Evaluate
develop an understanding of the framework within which bank lending decisions are made,Understand,Correct Label: Understand,Understand
select and apply quantitative modelling concepts to problems arising from business,Apply,"data

Label: Apply",Apply
Explain how observational data may be exploited to infer the physical properties of cosmic objects.,Understand,"Label:

Understand",Understand
"Compare and contrast how macromolecules (lipids, carbohydrates, proteins, DNA) contribute to cell structure and function",Evaluate,Answer: Analyze,Analyze
Draw on learning in the unit to articulate the transferable skill acquired in expressing physical ideas symbolically and using mathematical logic to gain useful insight.,Apply,The label for the learning outcome is: Create,Create
Derive the structural chemistry of transition metal complexes using various analytical techniques;,Apply,The label for this learning outcome is: Apply,Apply
Demonstrate a clear and coherent exposition of the knowledge you have gained in written and oral forms,Apply,Answer: Create,Create
Critically evaluate policy reports and articles;,Evaluate,"- Critically evaluate policy reports and articles;

Answer: Evaluate",Evaluate
Effectively and appropriately contribute to case discussions regarding formulation and diagnoses and reflect upon and evaluate own and others' assessment/clinical interviewing skills,Understand,,Invalid
"Investigate the foods, food ingredients and historical influences on eating patterns found in Malaysia and other parts of the world.",Analyze,"I will classify the learning outcome as ""Investigate"". Investig",Invalid
"Derive and explain the significance of Rayleigh's inflexion point criterion, Fjortoft's theorem and Squire's theorem.",Understand,Response:Create,Create
explain and appropriately use discipline-specific technical terms and notation conventions introduced in the unit;,Understand,explain and appropriately use discipline-specific technical terms and notation conventions,Invalid
Apply advanced knowledge of how the major regulatory bodies [e.g. TGA (Therapeutic Goods Administration); FDA (Food & Drug Administration); CTN (Clinical Trial Notification Scheme)] deal with specific innovations in the biotech / medtech sectors;,Apply,- Understand the regulatory landscape and how it impacts the development and,Understand
Apply electronic and mechanical principles in design projects;,Apply,,Invalid
"use curriculum, assessment and reporting knowledge associated with the Technologies learning area to design learning sequences and lesson plans",Apply,Correct Answer: Create,Create
Contextualise the historical representation of the figure in western art and consider the role and influence of the genre in the context of contemporary culture;,Apply,"The label for the learning outcome is ""Analyze"".",Analyze
analyse and evaluate how trust and tolerance can help economic development.,Analyze,"___
Analyze",Analyze
Prove the correctness of programs and reason about their space and time complexities.,Evaluate,Correct label: Evaluate,Evaluate
understand and be able to explain the various goals of remedies,Understand,,Invalid
"Extract and formulate legal propositions from judicial decisions, and assess their scope, legal validity and weight",Analyze,Correct label: Create,Create
"Manipulate sets, relations, functions and their associated concepts, and apply these to solve problems in mathematics and computer science;",Apply,,Invalid
identify the types of Islamic banking facilities,Remember,Answer: Identify,Invalid
"Demonstrate midwifery competency based upon the Nursing and Midwifery Board of Australia (NMBA) Midwife standards for practice and Code of conduct for midwives, and the International Confederation of Midwives (ICM) Code of ethics for midwives.",Apply,Output: Create,Create
appreciate the important role and impact of taxation law in structuring common commercial transactions;,Understand,The label for the learning outcome is: Understand,Understand
Evaluate the role of the policy making process.,Evaluate,___ Evaluate,Evaluate
"develop the theoretical and empirical tools to understand the labour market effects of a range of policies and economic changes. Example of such policies or economic changes include, but are not limited to: minimum wage laws, technological changes, welfare programs, educational and on-the-job training programs, affirmative actions",Apply,Create,Create
Identify and articulate some of the many social origins of demographic trends,Understand,,Invalid
Employ a broad graphic vocabulary and perceptual approaches and representations of the body;,Apply,Employ a broad graphic vocabulary and perceptual approaches and representations of,Invalid
"Demonstrate knowledge and understanding of curriculum (e.g. as enacted, actual, hidden, take-home, contested)",Understand,"Remember
 Understand
 Apply
 Analyze
 Evaluate
 Create",Create
Critically compared the design constructs of object oriented model and relational model design;,Analyze,- Critically compared the design constructs of object oriented model and,Invalid
Display an increasingly personalised artistic expression and sophisticated creative digital media approach which can be applied to self-promotion and publishing strategies for marketing and visual communication;,Apply,"The label for the learning outcome ""Display an increasingly personalised artistic",Invalid
identify and discuss the communicative role of specific digital media and different uses of digital storytelling;,Understand,,Invalid
"Demonstrate advanced and integrated knowledge of criminal law and procedure, building upon learning in previous units;",Understand,- Apply the principles of criminal law and procedure to hypothetical scenarios,Apply
Critically analyse the implications of medication use across the lifespan;,Analyze,"- Critically analyse

Answer:
Analyze",Analyze
"identify, source and utilise relevant academic literature to explain the advantages and challenges associated with applying the Sport Education model in schools",Apply,Response:Create,Create
Understand children's learning of different aspects of mathematics through the innovative use of ICTs and their implications for teaching,Understand,,Invalid
"Demonstrate good interpersonal skills andpresent in a professional manner. Studentsshould demonstrate the ability to buildrapport and maintain working relationshipswith a range of clients and stakeholders. Verbal and written communication is clear,coherent and well organised.Themeslabel Communication and interpersonal relationships",Apply,,Invalid
"Synthesise system analysis, design, and performance evaluation to complete the implementation of a controller on digital hardware.",Create,Correct Answer: Create,Create
Apply the relevant theories of intelligence and appreciate group differences in the testing process;,Apply,The answer is: Apply,Apply
"Apply a logical method to the radiographic evaluation of bones, soft tissues and joints of the skeletal system, chest and abdomen.",Apply,The label for the learning outcome is: Apply,Apply
"Record, through a fieldwork experience logbook, their field-based learning and self-reflections on their developing knowledge and skills in professional practice.",Create,The label for this learning outcome is: Create,Create
explain how marketing creates value for an organisation and its stakeholders,Understand,Answer: Understand,Understand
Apply knowledge of both the historical context of regulatory activities as well as current controversies in regulation with creativity and initiative to new situations in professional practice,Apply,,Invalid
evaluate and weigh information so as to make judgements and arrive at decisions about ethics in business,Evaluate,Correct Answer: Evaluate,Evaluate
"develop problem-solving, negotiation and team-work, presentation, research and writing skills.",Create,"The label for 'develop problem-solving, negotiation and team-work",Invalid
Identify problems in teaching adolescents and apply effective teaching strategies to support their learning,Understand,Correct label: Apply,Apply
Apply the process of scaling to simplify the governing equations for viscous and inertia dominated flows;,Apply,Analyze the effects of different scaling parameters on the accuracy of the,Analyze
identify potential interventions based on assessment results and the best available scientificevidence,Remember,,Invalid
Personal and Professional Development 1. describe ethical and legal issues pertinent to a practicing occupational therapist; 2. demonstrate effective communication and interview skills for practice; Theme,Apply,Remember,Remember
Describe Aboriginal and Torres Strait Islander healing ways pre-colonisation to the present.,Understand,"Label:

Understand",Understand
understand the basic principles of strategic analysis including solution concepts,Understand,The label for this learning outcome is: Understand,Understand
Apply basic parametric and non-parametric statistics;,Apply,Analyze the results of parametric and non-parametric statistics;,Analyze
"Describe the epidemiology and clinical aspects of the management for acute and chronic pain conditions and dermatological conditions such as acne and dermatitis, minor wounds and burns.",Understand,"Solution:
Understand",Understand
recognise teaching practices that may exclude some students from participating in learning and teaching activities,Remember,"I will label ""Evaluate"" as the learning outcome for this",Evaluate
Competently perform experimental techniques in accordance with ethical and OHS standards to collect scientific data.,Apply,Label: Apply,Apply
"Collaborate constructively with fellow students in learning and discussion processes, including online forums;",Apply,,Invalid
"Have developed skills in constructing evidence-based arguments using a variety of primary and secondary sources, and demonstrated an ability to reflect critically on what they have learnt;",Apply,The label for 'Have developed skills in constructing evidence-based arguments,Invalid
describe the main features of Egyptian culture from the emergence of a unified state to the end of the Middle Kingdom;,Understand,,Invalid
"Conduct, interpret and analyse a laboratory experiment to understand two widely-used surface treatments for the production of surface with useful engineering properties.",Analyze,"Label:

Analyze",Analyze
"Explain the competing models of political economy: liberal and neo-classical approaches, Keynesian theories, Marxist and neo-mercantilist approaches;",Understand,,Invalid
A stronger understanding of the ethical challenges of disaster response;,Understand,,Invalid
Identify key performance characteristics of an advanced practice physiotherapist,Remember,,Invalid
"Express themselves, both orally and in writing, correctly, fluently and appropriately, on a wide range of topics and in different contexts including situations in which instructions are given or requested, events are retold and chronological information provided, or refused, discourse is reported, described or commented upon, proposals are made and accepted or rejected, discourse has to be structured logically and hypotheses formulated, logical arguments are conveyed, accepted or refuted, information is processed, ideas presented or reported orally, and ideas are presented or reported in writing;",Apply,"- Express themselves, both orally and in writing, correctly,",Invalid
Identify and recognise the role of instrumentation and monitoring in the product design cycle.,Remember,"___
Understand",Understand
"Produce creative digital images with an increased conceptual understanding of representational issues, visual language and communication;",Create,,Invalid
Reflect on the development and implementation of the Monash model of CARE plan and the development of other skills relevant to pharmacy practice.,Analyze,"Reflect

Answer:
Evaluate",Evaluate
Analyse and describe how the ACS Code of Professional Conduct applies to IT professionals in a variety of scenarios. In this context discuss what professional associations are available to IT professionals and why they are important;,Analyze,The label for this learning outcome is: Analyze,Analyze
Communicate engineering information effectively in written and oral formats,Create,"Correct Label:

Understand",Understand
Understand and be able to analyse and discuss short literary texts (short stories and/or plays) in Spanish;,Analyze,- Understand and be able to analyse and discuss short literary texts,Understand
categorise and apply selection and combination of techniques and test related measures;,Apply,"to assess the effectiveness of the intervention;
to evaluate the impact",Evaluate
Apply critical thinking to problems in partial differential equations that relate to financial derivatives.,Apply,Example label: Apply,Apply
Acknowledge and critically examine the difference between white Australia's representational constructs of Indigenous people and the historic and contemporary realities of Australia's Indigenous peoples'.,Analyze,"Example 1:
Input: Explain the significance of the Treaty",Invalid
"Explain quality assurance requirements in radiation therapy, reflecting on the impact of implementation of these on radiation therapy service delivery",Understand,Correct answer: Evaluate,Evaluate
obtain insights about contemporary career and employability theories and concepts,Apply,"I will label this as ""Understand"". The student is expected",Understand
"An ability to discuss particular examples of Asian Cinema and Television texts in ways that show some understanding of generic considerations, cultural differences and historical specificity;",Understand,The student will be able to discuss particular examples of Asian Cinema,Invalid
"Critically evaluate the formulation, character, objectives and value of events, exhibitions and festivals and their role in the cultural economy - locally, nationally and globally;",Evaluate,"- Critically evaluate the formulation, character, objectives and value",Evaluate
Demonstrate how a given text exemplifies or challenges contemporaneous theories of poetics,Apply,Answer: Analyze,Analyze
Appreciate and develop mathematical proofs and the use of rigorous mathematical arguments;,Understand,- Understand,Understand
"Identify, describe and justify the selection of imaging parameters, equipment and transducers, infection control measures and consent protocols for sonographic examinations of the female pelvis and the scrotum;",Remember,,Invalid
Accurately interpret statistical methods and results reported in health publications.,Evaluate,"Label:

Evaluate",Evaluate
Explain with nuance the diverse postcolonial situations in New Caledonia;,Understand,"- Remember
- Understand
- Apply
- Analyze",Analyze
Develop a comprehensive evaluation plan.,Create,"Label:

Evaluate",Evaluate
Implement and manipulate document-store and column-store database systems;,Apply,,Invalid
Create a detailed research proposal based on a selected research topic within medical imaging which reflects a critical awareness of sound scientific approach including ethical responsibilities;,Create,The label for the learning outcome is: Create,Create
"Apply the knowledge and concepts of basic biological, psychological and social science to common and important clinical conditions.",Apply,"___
Apply",Apply
"Interpret and apply the mathematics of deep learning, such as stochastic optimisation.",Apply,"Label:

Apply",Apply
Demonstrate understanding of blockchain technology by responding to emerging legal and economic issues related to the use and application of blockchain in a range of contexts.,Understand,Correct Label: Understand,Understand
Communicate the use of research as a basis for decision-making in health care policy & practice;,Create,,Invalid
Explain evidence based physiotherapy interventions relevant to the management of the neurological client;,Understand,,Invalid
describe and critique the principles and practice of traffic management,Evaluate,Correct Answer: Evaluate,Evaluate
Conduct research in women's rights with reference to international human rights norms based on knowledge of appropriate research principles and methods,Apply,,Invalid
"Analyse compare and evaluate the legal rules that a court in Australia, Canada, the European Union, Malaysia, Singapore, the UK and the US will apply to address these issues;",Analyze,"- the right to privacy;
- the right to freedom of",Invalid
Discuss the levels of climate literacy that exist within Australia compared to other nations around the world;,Understand,,Invalid
demonstrate a depth and breadth of content mastery and pedagogical skills of relevance to teaching senior secondary health education,Apply,Correct Label: Create,Create
"Explain the role of the midwife in assessment of foetal and maternal well-being during pregnancy, labour, birth and the puerperium;",Understand,,Invalid
use consumer behaviour concepts to evaluate and enhance the effectiveness of marketing strategies,Evaluate,Correct Label: Evaluate,Evaluate
"justify the use of appropriate computer modelling techniques and experimental methods, whilst ensuring model or test applicability, accuracy and limitations of the methods.",Evaluate,The label for the learning outcome is: Evaluate,Evaluate
"apply time series techniques of indexing, deflating, and forecasting to business and financial series, and interpreting the results.",Apply,"Example: ""Given a time series of stock prices, apply",Apply
Nominate and explain contemporary media developments or issues that reflect the condition of the public sphere and structure and inform understandings of that concept;,Evaluate,Nominate and explain contemporary media developments or issues that reflect the,Invalid
Formulate a research question that addresses an evidence gap in the health care literature;,Create,The label for this learning outcome is: Create,Create
"Discuss the way in which DNA is replicated within the cell, the mechanisms for maintaining DNA integrity and the implications of acquiring errors in the DNA sequence.",Understand,Correct Label: Evaluate,Evaluate
"Use cognitive, technical and creative skills to generate and evaluate at an abstract level complex ideas and concepts relevant the law of anti-discrimination and an ability to apply the law to workplace anti-discrimination problems.",Apply,"Remember
 Understand
 Apply
 Analyze
 Evaluate
 Create",Create
"Exercise critical and reflective thinking, and professional communication and judgement skills in the development of and reporting on the media project;",Evaluate,,Invalid
"explain the political, sociocultural and organisational issues surrounding bi/multilingualism and bi/multilingual education",Understand,"Answer:
Evaluate",Evaluate
identify an education-based inquiry question relevant for the leadership of mathematics education,Remember,I will use the label: Create,Create
develop an understanding of the retail industry and identify the different retail formats in Australia and abroad,Understand,I will label this as: Understand,Understand
Critically analyse social and political factors that influence use of medications;,Analyze,- Analyze,Analyze
"describe the key features of the responsible conduct of behaviour analysts, including how toidentify your own scope of competence",Understand,,Invalid
To acquire familiarity with the basic linguistic features of Chinese business text through discourse analysis,Understand,Label: Understand,Understand
Evaluate the relationship between counselling and broader social issues through group discussion,Understand,Correct answer: Evaluate,Evaluate
identify unit operations within chemical engineering processes and select suitable equipment for an operation,Remember,Correct Answer: Apply,Apply
Formulate strategies to address an identified risk in health care delivery using a continuous quality improvement process,Create,"Correct Label:

Create",Create
Articulate a scientific question from the review of literature;,Understand,"The label for the learning outcome ""Articulate a scientific",Invalid
develop the ability to conduct and manage a planned study,Create,,Invalid
Access and critically analyse sources of scientific information;,Analyze,,Invalid
Demonstrate an advanced level of skill in critical evaluation of previous research and communication of findings to a broad audience.,Apply,Correct Answer: Evaluate,Evaluate
Implement appropriate interprofessional communication strategies when determining x-ray findings.,Apply,"Label:

Apply",Apply
"Conduct independent research, work collaboratively in teams, and communicate effectively and with cultural sensitivity in written and oral form.",Apply,"___
Create",Create
"develop, design and plan resources for particular audiences.",Create,"___
Create",Create
Assess public health programs addressing health issues at a national and global level including the program's capacity to address health inequities and the appropriateness of design,Evaluate,"and implementation of the program.

Remember
Understand
Apply",Apply
Describe and perform calculations associated with fundamental concepts in classical mechanics.,Understand,"Label:

Apply",Apply
"Provide a fluent, accurate, effective and simultaneous interpretation of a complex speech of up to 15 minutes into the target language;",Evaluate,- The speech may contain specialized terminology and idiomatic expressions;,Invalid
"Initiate, develop and express personal aesthetic solutions in the medium of glass blowing;",Create,,Invalid
develop a deeper understanding of the difference between theory and practice,Understand,Correct Label: Understand,Understand
Understand leadership and management in local and international education settings,Understand,,Invalid
Define the mechanisms of inflammation used in a range of immune based diseases of conditions;,Understand,,Invalid
Examine the inter-sectoral and interdisciplinary systems that comprise good public health and implications for the workforce.,Analyze,"___
Analyze",Analyze
Discuss the advantages of using a multidisciplinary approach in the care of a patient with a diabetes-related foot wound.,Understand,Response:Evaluate,Evaluate
"Describe technical knowledge in the main areas of materials extraction, use and recycling.",Understand,"___
Understand",Understand
Be aware of the impact of contemporary ideology and religious beliefs on the interpretation of the ancient past.,Understand,Label: Understand,Understand
"Demonstrate insight and synthesise knowledge of their own behaviour and mental processes, and apply effective strategies for self-management and self-improvement;",Apply,Demonstrate insight and synthesise knowledge of their own behaviour,Invalid
describe key marketing concepts,Understand,"___
Understand",Understand
Distinguish anatomical features on radiographic images and recognise common radiologic pathologies or traumatic appearances in terms of the clinical question being asked;,Analyze,Distinguish anatomical features on radiographic images and recognise common,Invalid
Use the computer algebra system GAP to compute with groups and related structures.,Apply,"___
Apply",Apply
utilise knowledge regarding literacy support to interpret student reading assessment data,Apply,Correct Answer: Analyze,Analyze
"Identify and describe common healthcare issues in primary care, by demonstrating safe and systematic procedures for the supply of medicines and the provision of professional advice.",Understand,"Identify and describe common healthcare issues in primary care, by demonstrating",Invalid
"Demonstrate an ability to identify and research a news story, conduct interviews and gather appropriate evidence",Apply,,Invalid
critically assess the strengths and weaknesses of national culture assessment tools.,Evaluate,"___
Evaluate
___",Evaluate
identify and explain the ways that corporations and their stakeholders are regulated by the law (legislation and case law) in Australia,Remember,The label for the learning outcome is: Evaluate,Evaluate
"Evaluate the evidence-base for management strategies or interventions with children, adolescents and their families presenting with mental health difficulties.",Evaluate,The label for this learning outcome is: Evaluate,Evaluate
"Understood the significance of major events for relations between the Muslim Middle East and the West, primarily the United States.",Understand,Understood the significance of major events for relations between the Muslim,Invalid
"understand the random processes such as Random Walk, Brownian Motion and Diffusions and be able to apply them for modelling real life processes and risk models",Apply,,Invalid
demonstrate intellectual and creative skills to articulate the diverse ideological character and claims of the modern environment movement and the major lines of contestation in the broader global environmental debate,Apply,Correct Label: Create,Create
"Understand how chemical rate analysis is performed, and analyse the kinetics of advanced chemical processes.",Understand,Correct Label: Understand,Understand
Recognise and use industry-standard story documents in writing for both non-fiction and fiction screen-based media;,Remember,,Invalid
apply a control typology to recommend management control systems suitable for organisations facing different contexts,Apply,A: Create,Create
"demonstrate in an individual summative assessment task, a comprehensive understanding of the topics covered in the unit. This is demonstrated by the requirement that the student must attain a mark of at least 40% in the final summative assessment task.",Understand,Remember,Remember
Quantitatively describe patterns in populations and communities;,Understand,"Analyze the factors that affect population growth and decline;
Evaluate the",Evaluate
"identify key critical debates concerning a range of supernatural fantasy works or a range of Dark Heroes, and explain their relevance to course texts;",Remember,,Invalid
"Use cognitive, technical and creative skills to generate and evaluate at an abstract level complex ideas and concepts relevant to trade marks and commercial designations",Apply,,Invalid
"formulate, structure, and present in writing a close analysis of European cultural and creative cities;",Create,"formulate, structure, and present in writing a close analysis",Invalid
Develop capacity to provide effective peer feedback.,Create,"___
Create",Create
Initiate a self-motivated of artwork that engages experimental studio processes appropriate to the rationale of a studio program;,Create,"The label for the learning outcome ""Initiate a self-m",Invalid
"Proficiently perform biomedical techniques for study at the molecular and cellular level, and conduct research methods applicable to biology, biotechnology and biomedical science.",Apply,"Remember
 Understand
 Apply
 Analyze
 Evaluate
 Create",Create
Explain the physiological and biochemical processes associated with the digestion and metabolism of food,Understand,Response:Understand,Understand
Demonstrate an in depth knowledge of sociological theories in general and applying them to specific sociological topics.,Apply,Correct answer: Create,Create
Use the fundamental processes intrinsic to time-based design and motion graphics;,Apply,- label: Apply,Apply
"recommend intervention goals and strategies based on such factors as client preferences, supporting environments, risks, constraints, and social validity",Create,Correct Answer: Create,Create
Provide a high level explanation of the pathophysiology of injuries.,Evaluate,"Label:

Understand",Understand
identify and analyse the consumer protection laws and apply those laws to a range of marketing and advertising strategies,Apply,Correct Answer: Apply,Apply
Describe the development and permit requirement for a mining or renewable energy project;,Understand,The label for this learning outcome is: Understand,Understand
Understanding of the ways in which performance codes of historicized texts might be translated into the processes of contemporary theatre,Understand,Answer: Understand,Understand
understand the relevance of lifespan theory to counselling,Understand,,Invalid
demonstrate high-level observational and analytical skills in examining children's learning of science and technology in everyday environments.,Apply,Label: Analyze,Analyze
"Implement strategies to empower consumers and carers, service providers and community leaders, to determine and set priorities for change, facilitate decision making and advocate service options through the sharing of resources in a mutual educational process.",Apply,Create,Create
Examine legal responsibilities associated with the administration and safe keeping of drugs within paramedic practice;,Analyze,Examine legal responsibilities associated with the administration and safe keeping of,Invalid
critically analyse case study situations to create community networks for support and resourcing as identified and investigated to solve problems and make decisions,Analyze,Correct Label: Create,Create
evaluate challenges faced by those in the work place and those seeking employment,Evaluate,I will: 1. Identify the challenges faced by employees,Invalid
Perform a comprehensive search of the medical literature,Create,to identify the most recent research on the efficacy of a new,Invalid
"Interpret confidence intervals, p-values and sample size and communicate their meaning.",Evaluate,"Label:

Evaluate",Evaluate
Give examples of the applications of recombinant DNA technology in medical and industrial settings;,Understand,The student will be able to give examples of the applications of,Invalid
Understand and compute the convergence properties of infinite series;,Understand,"Understand and compute the convergence properties of infinite series;
Understand and",Understand
Demonstrate an understanding of the content of a communication strategy;,Understand,"- Understand the content of a communication strategy;

Label: Understand",Understand
Explain the differences between biological and personal identity.,Understand,"___
Understand",Understand
"Identify the basic concepts and appraise the theories of Sigmund Freud, Anna Freud and John Bowlby relevant to child development, and in relation to contemporary advances in psychoanalytic and developmental theory",Remember,,Invalid
develop familiarity with the mathematical tools and techniques of modern macroeconomic theory,Apply,"I will classify the learning outcome as ""Understand"". The student",Understand
"discuss the key aspects of the Conceptual Framework relating to the definitions and recognition criteria of the elements, as applied to the various spectrum of accounting topics",Understand,,Invalid
Write an essay in Japanese on a topic related to Japanese literature/film;,Create,The label for this learning outcome is: Create,Create
Incorporate theories of behaviour change and learning theory in counselling and education skills to support effective dietetic case management.,Create,Incorporate theories of behaviour change and learning theory in counselling,Invalid
Judge the limitations of these methods;,Evaluate,,Invalid
Generate code to complete computer vision programming exercises in programming languages such as C and MatLab.,Create,"Label:

Create",Create
Describe the factors that cause liquids to spread and adhesives to bond on a variety of surfaces of different structure and surface energy.,Understand,"I will choose ""Understand"" as the label for this learning",Understand
discuss the significance of Yiddish as a literary and cultural phenomenon;,Understand,The answer is: Create,Create
Demonstrate appropriate sample size calculation for a study design.,Apply,"Label:

Apply",Apply
Construct construction-standard details and drawings of the design.,Create,"Example: ""Draw a house with a blue roof and a",Invalid
Propose and evaluate strategies to prevent or mitigate environmental change and its impacts on biota.,Evaluate,Label: Evaluate,Evaluate
analyse a given practical situation in terms of the statutes and common law regarding the various business forms,Analyze,,Invalid
Summarise the structures of the cardiovascular and respiratory systems and explain how their integrated functions facilitate transport and maintain homeostasis;,Evaluate,The label for this learning outcome is: Understand,Understand
"Evaluate and select research methods and techniques of data preparation and analysis appropriate to a particular project, and practice these ethically and professionally;",Evaluate,Analyze and evaluate the strengths and weaknesses of a particular research design,Evaluate
demonstrate a systematic and comprehensive knowledge of strategies and form used in popular songwriting;,Apply,demonstrate a systematic and comprehensive knowledge of strategies and form,Invalid
analyse landscape of information organisations in socio-cultural contexts;,Analyze,,Invalid
develop skills in self-awareness,Apply,Answer: Create,Create
"Assess, plan, implement and evaluate culturally relevant and age specific nursing interventions for patients requiring medical and/or surgical care.",Evaluate,Correct Answer: Evaluate,Evaluate
Demonstrate advanced communication skills and a sophisticated appreciation of negotiation and process management objectives,Apply,,Invalid
"Research how web search engines and search algorithms are constructed, utilised and deployed;",Analyze,- Understand the basic concepts of web search engines and search algorithms,Understand
Apply self-reflection practices in academic and clinical settings.,Apply,"___
Apply",Apply
Identify and describe fundamental concepts of network security including common threats and countermeasures;,Understand,,Invalid
"Demonstrate sensitive and appropriate communication at all times when working with children, their parents/carers",Apply,,Invalid
"Demonstrate a depth of knowledge ofintervention theories and strategiesincluding their evidence base, and applythese confidently to high prevalencedisorders. Show skilled use of therapeutictechniques, and the ability to developtheoretically driven formulations and treatment plans and evaluate theeffectiveness of interventions.Themeslabel Intervention strategies",Apply,"Remember
Understand
Apply
Analyze
Evaluate
Create",Create
Customise data analysis strategies for specific research questions in regenerative medicine,Create,"Label:

Create",Create
evaluate decision-making strategies,Evaluate,Correct Label: Evaluate,Evaluate
Explain at molecular level the building blocks of protein and the influences of genetic inheritance as well as other endogenous and exogenous factors on nutrition.,Understand,The label for this learning outcome is: Create,Create
solve for the equilibrium outcomes of interactions using basic algebra,Apply,Correct answer: Apply,Apply
"Investigate, analyse and synthesise complex information, problems, concepts and theories in relation to the protection the main features of the United Nations Framework Convention on Climate Change and the Kyoto Protocol;",Analyze,- Compare and contrast the main features of the United Nations Framework,Invalid
"Locate, assess, and analyse historical evidence and debates;",Analyze,- label: Analyze,Analyze
"compare and contrast approaches to funds design and decision making in terms of fund allocation, portfolio optimisation and portfolio monitoring, along with current trends in the funds management industry",Evaluate,,Invalid
Communicate biotechnology findings effectively in the form of oral and written scientific reports.,Create,"___
Create",Create
"Perform integration and system testing on a moderately-sized software system, using continuous integration frameworks and tracing tests back to requirements;",Apply,"Identify and resolve integration issues, ensuring system stability and performance;",Invalid
"Describe ATSI key concepts of health and wellbeing and the influence of culture, family and connection to country in health practice;",Understand,,Invalid
"Define theoretical models of communication, social change and marketing in relation to health and their application in approaches to health promotion.",Understand,"The correct label for the learning outcome ""Define theoretical models of",Invalid
Critically evaluate your own practice through the lens of medical ethics and law.,Evaluate,"___
Evaluate
___
Evaluate
___
Create",Create
"Understand that how people experience literacy and what counts as literacy is shaped in different social, cultural and linguistic contexts",Understand,Response:Understand,Understand
Construct a project proposal;,Create,Solution: Create,Create
"demonstrate ability to recognise and evaluate technological advances and changes in the economic, political, social and environmental context to the contemporary practice of accounting",Apply,,Invalid
Interpret the knowledge provided in the course to model both common and complex mechanical systems.,Evaluate,"Label:

Create",Create
develop the ability to undertake research as well as the skills to analyse and resolve disputes relating to corporations and trusts by applying the relevant Australian laws in order to reach a final outcome,Apply,Correct Label: Create,Create
explore ways of stimulating and enriching children's natural curiosity by presenting a broad range of learning experiences,Analyze,Response:Create,Create
Identify the conservation laws relevant to thermodynamics and gas dynamics.,Remember,"___
Evaluate",Evaluate
Develop and communicate a business case for sustainability.,Create,"___
Create",Create
"analyse a range of learning theories, contemporary theoretical perspectives and practicalapproaches to fostering positive interactions",Analyze,,Invalid
"Implement causal inference methods, using software, for single time point and longitudinal exposures, and for mediation analyses",Apply,Label: Apply,Apply
Describe the chemistry of atoms and molecules,Understand,Answer: Understand,Understand
"Identify, evaluate and interpret a range of relevant curriculum documents and resources for teaching the arts, design, health and physical education",Remember,,Invalid
examine the relationships between different managerial communication theories and concepts,Analyze,Correct Label: Analyze,Analyze
"collaborate constructively with fellow students in learning and discussion processes, including online forums;",Apply,,Invalid
engage with and evaluate the perspectives and contemporary issues facing inclusive educators,Evaluate,Correct Label: Evaluate,Evaluate
Practice basic laboratory techniques and communicate experimental findings;,Create,,Invalid
examine the financial risk management function and its evolution in the corporate world,Analyze,,Invalid
"Devise, prepare and complete a research project.",Create,"___
Create",Create
understand the concept and application of Chi-square test for independence between business variables.,Understand,Question: What is the learning outcome for understanding the concept and,Invalid
Critically assess a workplace environment;,Evaluate,Identify areas for improvement and propose solutions.,Invalid
Apply concepts they learned to a specific stream of music study,Apply,"Example: ""I will be able to apply the concepts of",Apply
develop awareness of approaches to learning materials and teaching practices which take account of the diversity in cultural backgrounds and experiences of learners in all classes across the school curriculum,Understand,,Invalid
Argue for and against ethical concerns raised by current and future ART practices,Evaluate,Correct answer: Evaluate,Evaluate
"Integrate personal, social, clinical, cultural, physiological, ethical, environmental and economic factors into clinical reasoning and decision making in case management.",Create,The label for this learning outcome is: Create,Create
"Critically reflect on personal strengths and weaknesses as a health professional, and skills and capacities necessary for graduate employment.",Analyze,Correct answer: Evaluate,Evaluate
"Reflect upon and make critical use of a range of resources including, where relevant, on-line materials",Apply,"to support your learning and development.

Remember
Understand
Apply",Apply
"The ability to make critical choices between approaches, methods and designs before committing to any one of them.",Analyze,Solution: Evaluate,Evaluate
Understand young people's varying social and cultural expressions and experiences,Understand,,Invalid
Explain the ethical and professional issues that may arise in IT research and demonstrate them in practice;,Apply,,Invalid
"Explain quantitative, genomic and experimental approaches to measuring genetic variation and studying evolution in natural populations.",Understand,"Label:

Understand",Understand
apply data visualisation techniques to describe business intelligence,Apply,Example label: Apply,Apply
"Apply legal requirements, ethical considerations and regulatory standards to the delivery of person-centred care in the perioperative setting.",Apply,The label for the learning outcome is: Apply,Apply
Discuss government initiatives and policies in relation radiation oncology service delivery,Understand,,Invalid
"Compare, contrast and evaluate the adversarial and non-adversarial systems, including the rationales and needs for each system and their various functions.",Evaluate,Correct answer: Evaluate,Evaluate
Advise a company or other organisation on its obligations regarding the selection and introduction of a 'Safety Management System'.,Create,Correct Answer: Evaluate,Evaluate
Determine potential quantities of recycled wastewater and recovered biosolids based on designs of secondary wastewater treatment plant.,Apply,"___
Apply",Apply
Explain the implications of the Victorian Mental Health Act (2014) for nursing practice in line with recovery oriented mental health practice,Understand,"Remember
Understand
Apply
Analyze
Evaluate
Create",Create
"Investigate, analyse and synthesize complex information, problems, concepts and theories in relation to international, regional and local approaches to the rights of sexual minorities;",Analyze,- Develop a critical understanding of the issues and challenges facing sexual,Invalid
"Demonstrate strong competence in methodological approaches used in the plant sciences, including the field collection, interpretation, analysis and synthesis of biological data;",Apply,Demonstrate strong competence in the use of plant science laboratory,Invalid
understand how technological disruption and innovation allow for the development of capabilities that provide value for business,Understand,,Invalid
Understand and apply principles of Graphic User Interface;,Apply,"Understand and apply principles of Human Computer Interaction;
Understand and apply",Apply
"apply analytical and critical skills,",Apply,to assess the effectiveness of a marketing campaign.,Invalid
Comprehend and explain the contribution of rock breakage to the mining process,Understand,Answer: Understand,Understand
"Critique applications of genomic techniques in the areas of medical research, agriculture, biotechnology and environmental management;",Evaluate,- Critique applications of genomic techniques in the areas of medical,Invalid
Show their developing competency in presenting literature and stories to children in a variety of ways that promote oral and written literacy,Create,,Invalid
Perform basic genomic analyses associated with functional characterization of variants.,Analyze,"Label:

Apply",Apply
Describe the basic concepts of field mapping techniques;,Understand,,Invalid
Use research processes with due regard to ethical procedures,Apply,,Invalid
Critically appraise ancient sources and modern scholarship and combine a variety of types of evidence in the analysis of ancient cultures,Evaluate,,Invalid
"Knowledge of the role that advanced technology is playing, and will play, in the transport/traffic area",Remember,Answer: Understand,Understand
Interpret primary source materials;,Evaluate,,Invalid
be able to effectively conduct customer and end-user interviews to inform developmentof minimum viable products (MVP),Apply,The label for this learning outcome is: Apply,Apply
"Critically evaluate scar management interventions including medical/surgical management, pressure therapy, massage, silicone, exercise and splinting and demonstrate their appropriate use.",Apply,"___
Evaluate",Evaluate
Understand how theories of authorship have changed in the movement from Romanticism to structuralism;,Understand,Analyze the influence of Romanticism on the development of structuralism,Analyze
demonstrate advanced undergraduate-level skills in the reading and interpretation of literary texts,Understand,Correct Label: Create,Create
communicate this clearly in interactions with your peers and in written assessment tasks. ,Create,"###
Remember",Remember
Communicate assertively in written and oral formats using non-technical language.,Create,"___
Create",Create
critically evaluate the impact of contemporary management practices on employee experiences of being managed,Evaluate,Correct Label: Evaluate,Evaluate
"Synthesise and critique new discoveries from the scientific literature in molecular, developmental and cellular genetics.",Evaluate,___ Create,Create
"Analyse and explain the long history of slavery from the classical era to the present day, including contemporary controversies about the legacy of slavery for our world.",Analyze,Correct Label: Analyze,Analyze
"Apply knowledge and skills of research design, methodology and data analysis in the practice of public health/epidemiological research",Apply,,Invalid
Apply time management and problem solving skills in the delivery of patient care.,Apply,"___
Apply",Apply
"describe and apply definitions and recognition criteria for assets, liabilities, incomes and expenses as specified in the Conceptual Framework",Apply,"Correct Answer: Understand

Question: Explain the Bloom's Tax",Understand
Compare and contrast approaches to health and consider their impact upon health and wellbeing of individuals and groups,Evaluate,,Invalid
"understand the determinants of health, international differences in the pattern of disease and the link between health and development",Understand,The label for this learning outcome is: Understand,Understand
demonstrate and apply knowledge and understanding of research into how students learn science and the implications for teaching,Understand,Correct Label: Apply,Apply
"develop critical thinking skills and experience business decision-making from a long-term, senior manager's perspective and improve team skills.",Create,Remember,Remember
"Diagnose, manage and communicate effectively information about medicines for a simple healthcare issue in relation to pain, dermatological, cardiovascular, respiratory or gastrointestinal conditions.",Analyze,The label for the learning outcome is: Create,Create
Explore a selected music teaching and learning approach and apply it to a particular music education setting.,Apply,Correct Answer: Apply,Apply
discuss the theory and background to group structures and preparing group financial statements,Understand,Correct Label: Understand,Understand
"explain the relationship between ethics, morals and values in the workplace",Understand,Correct Answer: Understand,Understand
define different sampling techniques and use Excel to generate samples from these techniques,Understand,Correct Answer: Apply,Apply
Analyse the fundamentals and technologies of cabled and wireless data-link layer;,Analyze,Understand the fundamentals and technologies of cabled and wireless data-link,Understand
"Demonstrate critical insight into the competencies, limitations and social and professional implications of reporting practices in the field of investigative journalism.",Apply,Correct Label: Evaluate,Evaluate
"Explain the professional, legal and ethical responsibilities associated with the nurse practitioner role to stakeholders",Understand,Answer: Evaluate,Evaluate
"Identify and use appropriate techniques, resources and modern engineering tools to achieve the design requirements.",Remember,___ Create,Create
"Take responsibility for own attitudes and behaviour, as demonstrated by acknowledging prejudices, limitations, and lack of knowledge, and commitment to change and growth as a result of professional development, and reflective learning.",Apply,Remember,Remember
"Demonstrate that you have acquired an intermediate level of competence in a range of skills in verbal, graphic and 3-dimensional presentation;",Apply,- Demonstrate your ability to use a range of presentation skills,Invalid
engage in critical reflection as a professional teacher and understand contemporary trends in practice and research at the national and international level,Understand,,Invalid
Describe and understand the difference between environmental and sustainability education,Understand,,Invalid
Employ effective qualitative and quantitative research skills in analysing nutrition-related data.,Apply,"Example: ""Design a survey to collect data on dietary habits",Invalid
"Use cognitive, technical and creative skills to generate and evaluate ideas and arguments relating to international litigation and arbitration effectively and persuasively to specialist or non-specialist audiences and peers.",Apply,Solution: Create,Create
"Develop and demonstrate high level skill in sourcing, reading and synthesising relevant psychological literature into a coherent research review",Apply,Correct answer: Create,Create
"Have an understanding of the historical and contemporary role of cities as drivers of economic, social and cultural change, with an emphasis on the developing world;",Understand,- Understand the historical and contemporary role of cities as drivers of,Understand
Demonstrate and evaluate independent triage practice based on the Australasian Triage Scale.,Apply,"Correct label:

Evaluate",Evaluate
"Utilise appropriate procedures and parameters when revising and editing your own and your peers' translations in order to identify and correct errors, as well as provide peer feedback.",Apply,"Correct label:

Apply",Apply
discuss the importance of packaging as an element of product design,Understand,"Label:
Evaluate",Evaluate
"communicate effectively with policy makers, industry and other stakeholders.",Create,"The label for: communicate effectively with policy makers, industry and",Invalid
evaluate development policies in a country specific context.,Evaluate,"___
Evaluate",Evaluate
gain knowledge about how children are moral and ethical global beings who belong to diverse communities incorporating Aboriginal and Torres Strait Islander perspectives,Understand,I will remember the importance of children's moral and ethical development and,Remember
discuss and analyse the patterns and structures that distinguish the main standard varieties of English from each other and from other important varieties;,Analyze,discuss and analyse the patterns and structures that distinguish the main,Invalid
"Recognise Indigenous ways of knowing being and doing in relation to history, culture and diversity.",Remember,The label for the learning outcome is: Understand,Understand
Critical relevance of the theoretical debates in connection with their own thesis research projects.,Evaluate,"___
Evaluate",Evaluate
Explain the benefits of statistical modelling to answer research questions in the health sciences,Understand,Answer: Understand,Understand
Be able to explain the principles of wireless communication;,Understand,,Invalid
"Recognise and articulate the impact of refugee, asylum seeker and migration on mental health, and apply this to examining topical issues.",Apply,Correct answer: Create,Create
Develop a therapeutic alliance with clients in direct practice from the beginning phases of engagement. ,Create,,Invalid
"Discuss key media studies, popular music and cultural studies theories associated with popular music activity;",Understand,"- Discuss key media studies, popular music and cultural studies theories",Invalid
Relate scientific knowledge and skills gained in coursework to productive employment experience;,Apply,,Invalid
Apply knowledge and understanding of the phenomenon of climate and its effects on enjoyment of internationally recognized rights of citizens;,Apply,- Apply knowledge and understanding of the phenomenon of climate and its,Apply
Construct and critique strategies for clinical development through leadership;,Evaluate,"- Develop a plan for clinical development;
- Critically evaluate",Evaluate
Critically analyse literature and evidence supporting clinical and nursing practice,Analyze,,Invalid
"Manage a research project effectively within technical, budgetary, risk and time constraints.",Apply,"___
Create",Create
"Apply knowledge and understanding of recent developments in relation to, Australian defamation law with creativity and initiative to new situations in professional practice and/or for further learning;",Apply,The label for the learning outcome is: Apply,Apply
Describe the clinical manifestations of the selected medical conditions commonly encountered in paramedic practice;,Understand,The label for the learning outcome is: Understand,Understand
Critique information on ITS obtained from the world wide web,Evaluate,"Correct label

Solution:
Evaluate",Evaluate
apply the concept of integrated logistics and supply chain management to solve an organisational problem.,Apply,"Solution:
Apply",Apply
Demonstrate music listening skills through verbal and written critiques.,Apply,"Label:

Evaluate",Evaluate
apply the principles of double-entry accounting and appraise the relative merits of accrual and cash accounting,Apply,"I will classify the learning outcome as ""Apply"".",Apply
Plan an evidence based MR practice project that addresses a specific MR practice issue,Create,"Answer:
Create",Create
Predict lift and drag for three-dimensional wing geometries using vortex lattice methods.,Evaluate,"___
Apply",Apply
Understand the nature and use of a theoretical framework in a research project;,Understand,Understand the nature and use of a theoretical framework in a research,Understand
"Identify, research, evaluate and synthesise relevant legal and policy issues regarding the formation and operation of businesses and the regulation of business structures and transactions;",Remember,- Understand the legal and policy issues surrounding business formation and operation,Understand
demonstrate an understanding of how language-subject area teacher collaboration can support students in content-based programs,Understand,Correct Label: Understand,Understand
Describe some methods of drug delivery,Understand,Answer: Understand,Understand
"Write clear, creative and persuasive opinions and critical essays demonstrating an advanced understanding of contemporary torts and torts-related issues.",Create,"Remember
 Understand
 Apply
 Analyze
 Evaluate
 Create",Create
Apply counting principles in combinatorics;,Apply,,Invalid
"Critique the different and additional manifestations and impacts of family violence on diverse individuals and communities including Aboriginal and Torres Strait Islander peoples, refugee and immigrant women, LGBTIQ+ individuals, and women with disabilities.",Evaluate,"Correct label:
Evaluate",Evaluate
Critically evaluate research and practice in the use of digital technologies in STEM curriculum,Evaluate,,Invalid
"Investigate, analyse and synthesise complex information, problems, concepts and theories in relation to international commercial contracts and specialized types of contracts;",Analyze,- Compare and contrast the advantages and disadvantages of different types of,Invalid
"Developed an ability to identify, explore and make judgments in finding innovative solutions to research problems related to the concepts learned in this unit",Evaluate,Correct answer: Create,Create
Critically assess contributions to development as an academic field that explores the history of development thinking and the spatial patterns of development in practice;,Evaluate,Critically assess contributions to development as an academic field that explores,Invalid
"Use appropriate environments and strategies for sensitive and effective communication and interaction with others in clinical environments (patients and carers, peers and health care professionals)Themeslabel Theme I: Personal and Professional Development",Apply,"Remember
Understand
Apply
Analyze
Evaluate
Create",Create
Understand and address ethical and practical considerations in clinical research,Understand,,Invalid
"Identify, describe and analyse different processes of development at all levels of society;",Analyze,- Analyze,Analyze
Demonstrate use of advanced mathematical methods to analyse fluid flow.,Analyze,"Label:

Analyze",Analyze
Appraise the ethical principles which underpin good forensic mortuary practices.,Evaluate,"___
Evaluate
___
Create
___
Understand",Create
Compare and contrast safe and effective approaches to manual handling when managing low acuity patients.,Evaluate,"Question: ""Compare and contrast safe and effective approaches to manual",Invalid
critically analyse research papers examining current issues in asset pricing and investments,Analyze,Correct Label: Analyze,Analyze
"Analyse, compare, critique and discuss key aspects of Spanish/Latin American cultures and societies through analyses of their cultural products (films/literature);",Analyze,,Invalid
Apply practical counselling experience after learning in the field,Apply,"Example: ""After completing the course, students will be able",Invalid
Demonstrate a knowledge of the range of perspectives of stakeholders actively engaged in mental health care delivery,Understand,,Invalid
Integrate and synthesise inter-disciplinary perspectives to resolve legal problems arising in professional practice,Create,,Invalid
"Critically reflect on, analyse, evaluate and undertake tasks relevant to the workplace.",Analyze,Correct label: Evaluate,Evaluate
locate and modify a variety of quality mathematics teaching resources for teaching children with diverse abilities,Create,Correct Answer: Create,Create
develop a perspective of socially responsible and culturally sensitive global marketing practitioners.,Create,"___
Create",Create
"Will have gained an understanding of different genres of text circulating in Medieval and Renaissance Italy (chronicle, letter, diary, tract, sermon, poem, play, dialogue, treatise, monument, visual representation).",Understand,"Remember
Understand",Understand
Demonstrate legal research and reasoning skills and professional judgment to generate appropriate responses to complex legal problems,Apply,,Invalid
Discuss the major issues relating to the sustainable use of biological resources;,Understand,Identify the major issues relating to the sustainable use of biological resources,Invalid
"Discern the various causes and manifestations of corrosion, in particular with regards to metallic corrosion. Draws on practical examples from the built environment.",Evaluate,Correct label: Analyze,Analyze
define the purpose and scope of the international legal framework in which trade between nations takes place,Understand,Response:Understand,Understand
demonstrate an awareness of the ways in which science education research helps inform teacher practice to enhance student understanding of science concepts across a range of disciplines,Understand,,Invalid
explain the importance and role of planning within the teaching and learning practice,Understand,"Answer:
Understand",Understand
To be familiar with some important techniques of translation between Chinese and English;,Understand,"To be able to translate Chinese characters into English words;
To",Invalid
Construct written reports;,Create,,Invalid
Develop schemes for various geotechnical construction projects execute performance monitoring and appraisal of geotechnical structures,Create,Correct answer: Create,Create
"Analyse the literary, intellectual, and political culture emerging across the ""Hellenistic"" world",Analyze,,Invalid
"To understand the geographical concepts of distance, adjacency and interaction and how fundamental they are in performing spatial data analysis.",Understand,"Remember
 Understand
 Apply
 Analyze
 Evaluate
 Create",Create
Develop an appreciation and understanding of the cultural heritage value of Indigenous art in a global sense;,Understand,,Invalid
Apply problem solving and decision-making methodologies to discuss and analyse contemporary research and theoretical issues in key defined areas of neuroscience;,Apply,"Analyze the impact of neuroscience research on society and culture;
Create",Create
Design products to meet recyclable eco-design.,Create,"___
Create",Create
"Create design structures, grids, layout and composition;",Create,"Generate thumbnails, sketches, color palettes, and mood boards;",Invalid
identify literacy and numeracy learning opportunities within different learning areas and through integrated approaches across the curriculum,Remember,,Invalid
Finalise the ethics approval process for the project;,Create,,Invalid
"Justify capital and operating cost estimates, as well as the financial viability of the project, and determine the sensitivity to various engineering and commercial factors, and appraise the project viability.",Evaluate,"Justify capital and operating cost estimates, as well as the",Invalid
Show understanding of the relationship between mystical literature and the religious tradition from which it emanates.,Apply,"___
Understand",Understand
explore and apply creative counselling techniques for children such as play/art therapy in enhancing mental health state of children,Apply,Correct Label: Create,Create
Interpret critical components of public law; in particular public international law,Evaluate,Answer: Understand,Understand
Critically evaluate and summarise new discoveries from the scientific literature in the field of applied evolutionary genetics.,Evaluate,Correct answer: Evaluate,Evaluate
Recognise and write approx. 90 new kanji (approx. 240 in total by the end of this unit).,Remember,I will be able to recognise and write approx. 90,Invalid
Conduct a small-scale research project in a selected research methodology,Apply,"to investigate a topic of interest, and present findings in a",Invalid
"Apply knowledge and understanding of the law relating to the undertaking of science and the development and sale of products of science and technology, demonstrating advanced awareness of the policy concerns underpinning the law's response to developments in science and technology;",Apply,"The student will be able to:
- Apply knowledge and understanding",Apply
use evidence-based strategies to enhance participation of excluded learners (including learners with behavioural issues and autism spectrum disorders),Apply,The label for this learning outcome is: Apply,Apply
"develop, through experience and personal inquiry of a variety of learning and teaching strategies, a personal approach to teaching mathematics.",Create,"Remember
 Understand
 Apply
 Analyze
 Evaluate
 Create",Create
Explain the importance of communication between key stakeholders in clinical trials.,Understand,"___
Understand",Understand
"The ability to write and speak effectively in standard modern Chinese on a range of intellectual and literary issues, and basic analytical and critical skills required for academic research in Chinese Studies.",Create,Remember,Remember
"Evaluate the use of interpretation in therapy by analysing its timing, content and intention;",Evaluate,,Invalid
Determine ground movements and settlements associated with various geotechnical structures in and on grounds,Apply,"Label:

Evaluate",Evaluate
"Design solutions to real-life problems in finance and related areas based on financial thinking, modelling techniques and mathematical and statistical skills acquired throughout the programme;",Create,The label for the learning outcome is: Create,Create
Develop and apply skills in recipe modification to meet specific nutritional goals.,Apply,"Label:

Apply",Apply
Understand the range of cultural experiences within Australian and global communities and the ways in which many cultures have changed the nature of Australian society.,Understand,The label for the learning outcome is: Understand,Understand
"develop an advanced understanding of language curriculum, its design and implementation",Understand,,Invalid
Design policies and programs that can yield ongoing public benefit,Create,Label: Create,Create
demonstrate an understanding of the significance and functions of corporations as legal structures and how they facilitate the carrying on of a business,Understand,"Answer:
Understand",Understand
"Outline the role of the Sponsor, the investigator, the institutional review board/ independent ethics committee and the local regulators.",Apply,Remember,Remember
Develop and demonstrate critical reading skills by interpreting primary and secondary sources relevant to the history of IT in society;,Apply,"Analyze the impact of IT on society and culture;
Evaluate the",Evaluate
"Engage with recent trends in education and leadership theory and practice, as these apply in the Victorian and wider national and global contexts",Apply,,Invalid
Evaluate appropriate tools and techniques for use in immunotherapy in the clinical setting.,Evaluate,___ Evaluate,Evaluate
Perform routine laboratory measurements and manipulations;,Apply,- label: Apply,Apply
Deconstruct the skills involved in being literate;,Analyze,Deconstruct the skills involved in being literate;,Invalid
"Show the ability to collect, organize and evaluate nutrition and health related data of the members of a community.",Evaluate,"___
Evaluate",Evaluate
 Identify an issue of relevance to the practice of perioperative medicine capable of further investigation and research within the context of a capstone project. ,Analyze,Solution: Create,Create
"Appraise the history of psychosomatic medicine and theories of adaptation to illness, including the key determinants of personal, developmental, familial, and social factors in adjusting to medical illness within key theoretical frameworks, and resultant models of care across the developmental lifespan.",Evaluate,Correct Answer: Evaluate,Evaluate
"Demonstrate effective group/team work by contributing to the planning, research, analysis, and reporting components of a group project, and supporting and encouraging other group members;",Apply,,Invalid
Skills in linking files through unique and non-unique identifiers.,Apply,"Label:

Apply",Apply
appraise the solutions through the use of sensitivity analysis,Evaluate,Correct Answer: Evaluate,Evaluate
Advanced skills in the use of computer-aided drafting and design (CAD),Apply,,Invalid
"Understand the specialised roles identified in the multimedia design industry, and identify which role best matches your set of skills;",Understand,,Invalid
"Describe the principles of ""Good clinical research"" as described by the NH&MRC, with an emphasis on research in community-based emergency health.",Understand,,Invalid
Understand the competing narratives and claims of all parties to the conflict and how the past informs current perceptions of the conflict,Understand,,Invalid
Understand the role of expertise in shaping policy design and implementation;,Understand,Understand the role of expertise in shaping policy design and implementation;,Understand
"assess the benefits and limitations of innovative technologies and tools, such as BIM, laser scanning, UAS and VR/AR",Evaluate,,Invalid
Critically assess and evaluate the role and contribution of Australian climate change law in the context of regional or national responses to climate change;,Evaluate,The label for this learning outcome is: Evaluate,Evaluate
"understand the derivation of binary and ternary alloy phase diagrams from the laws of thermodynamics, based on the concept ofGibbs free energy",Understand,,Invalid
recognise the centrality of literacy and numeracy for effective use of digital technology,Remember,Correct Answer: Understand,Understand
"Critically evaluate scholarly perspectives on the impact and the role of film festival culture on world cinema, the mediaindustries and society;",Evaluate,Critically evaluate scholarly perspectives on the impact and the role of,Evaluate
"Identify the specific function of each creative writing type, and techniques unique to it (I.e. poetry);",Remember,Analyze the effectiveness of different creative writing techniques in conveying themes and,Analyze
"Discuss bridge inspection and management procedures, including levels of assessment and condition rating approaches.",Understand,"Label:

Evaluate",Evaluate
"organise, analyse, and interpret the results of functional behaviour assessments",Analyze,Correct Answer: Analyze,Analyze
"Analyse, interpret and present the results of survey data, taking the sampling strategy into account.",Analyze,Correct answer: Analyze,Analyze
Understand the combined value of emerging and traditional approaches to mould making and casting in design;,Understand,"Understand the importance of mould making and casting in design;
Understand",Understand
develop communication skills that foster relationships with internal and external organisational stakeholders,Create,Correct Answer: Create,Create
"Demonstrate skills in research, data and information gathering, collation and organisation suitable for the preparation of a scientific report.",Apply,Label: Create,Create
Design and implement and analyse spreadsheet-based simulations and mathematical optimisation models;,Analyze,"Analyze the results of the simulations and mathematical optimisation models;
Evaluate",Evaluate
Understand and observe ethical and legal obligations associated with the production of long-form journalism,Understand,,Invalid
explain how the economy and the environment interact,Understand,Answer: Understand,Understand
Communicate ideas and arguments in written and verbal form;,Create,"- label: Create

Explanation: The learning outcome involves the",Create
"Effectively communicate research outcomes in verbal and written form using appropriate tools to a scientific audience, including writing up scientific work in a potentially publishable way;",Create,The label for this learning outcome is: Create,Create
"Define and calculate pharmacokinetic parameters, predict drug concentrations in plasma and estimate bioavailability.",Apply,Remember,Remember
Develop and demonstrate use of innovative practices including ICTs.,Apply,___ Create,Create
Critically analyse TV shows by drawing upon skills in textual analysis;,Analyze,- Critically analyse TV shows by drawing upon skills in textual,Invalid
Analyse and explain the impact of technological change on the formulation and protection of the rights studied,Analyze,,Invalid
Developed their critical reading skills,Apply,Answer: Understand,Understand
articulate the design aspects of an inquiry project in order to secure appropriate evidence to use to examine the challenge,Understand,Answer: Create,Create
Design efficient solutions combining basic abstract data types and applying the concepts of complexity while understanding its implications in practical situations.,Apply,Label: Create,Create
"Explore and develop your own skills and pedagogical practices in the arts, design, health and physical education",Create,,Invalid
Have an understanding of the relationship between and mutual influences informing the various traditions,Understand,of Buddhism.,Invalid
Articulate and investigate conceptual and practical challenges and issues in cultural development and sustainability;,Understand,Analyze the impact of cultural development on society and the environment;,Analyze
interpret business and economic data using appropriate descriptive techniques,Evaluate,Correct Label: Apply,Apply
Critically evaluate public health nutrition priorities and policies in Malaysia and at international level.,Evaluate,"___
Evaluate",Evaluate
"apply and critically analyse business strategy formulation, implementation and evaluation concepts and the relationships between them to different contexts",Apply,,Invalid
Appreciation of the inter-relationship between evolving media technologies and digital literary genres from 1980s to the present;,Understand,,Invalid
Understand the importance of product Engineering Drawing as a significant component of the industrial design process;,Understand,Understand the importance of product Engineering Drawing as a significant component of,Understand
Demonstrate argumentation and critical reflection in the development of an academic essay.,Apply,"Label:

Evaluate",Evaluate
Communicate complex ideas on mathematical treatment of fluid dynamics.,Create,"Label:

Create",Create
"independently and collaboratively evaluate an enterprise's compliance function and formulate proposals for practical changes accounting for risk, value and a culture of accountability and integrity.",Evaluate,"___
Evaluate",Evaluate
Demonstrate how to conduct IT research;,Apply,"Conduct IT research;
Research IT topics;
IT research skills;",Invalid
Explain concepts in prevention science and approaches used in health promotion.,Understand,"Label:

Understand",Understand
"demonstrate knowledge of teaching strategies that are responsive to the learning strengths and needs of Indigenous students from diverse linguistic, cultural, religious and socioeconomic backgrounds",Apply,"I will classify the learning outcome as ""Understand"". The student",Understand
Critically evaluate the values and assumptions underpinning various theoretical approaches to human development.,Evaluate,"___
Evaluate
___
Create
___
Understand",Create
"Demonstrate intellectual and practical skills to justify and interpret theoretical propositions, legal methods and conclusions.",Apply,Correct label: Evaluate,Evaluate
"construct summative assessments, marking rubrics and marking keys to evaluate children's learning",Create,,Invalid
Perform matrix algebra.,Apply,"Label:

Apply",Apply
Demonstrate the knowledge and skills required to resuscitate and stabilise a newborn infant;,Apply,- label: Apply,Apply
Analyse observations and critique these in relation to developmental theories about typical childhood occupations;,Analyze,,Invalid
Devise writing strategies which utilise in direct or modified ways (oppositional or ironic) aspects of a given poetics within their writing practice,Create,,Invalid
"Communicate chemistry, and discuss the social and environmental responsibility of chemists in the global community.",Understand,Correct Answer: Create,Create
Identify and evaluate commercial and ethical decision-making crossroads in translational research.,Understand,"___
Evaluate",Evaluate
"understand and apply the various purposes for different written, spoken, visual and multimodal texts and how these texts are used across cultures and diverse contexts",Apply,,Invalid
Demonstrate sound awareness of ethical principles in research practices.,Apply,"___
Evaluate
___
Evaluate
___
Create",Create
compare and contrast the key features of various sports markets in Australia and overseas,Evaluate,"I will label the learning outcome as ""Analyze"". This is",Analyze
Recommend evidence based approaches to manage patients requiring antimicrobial treatment.,Create,"___
Evaluate
___
Create
___
Understand",Create
Apply the object-oriented design principles to a multiple-class object-oriented program;,Apply,,Invalid
Evaluate and critique existing data architectures and processes;,Evaluate,"- Assess the strengths and weaknesses of current systems;
- Pro",Invalid
apply principles of selected Accounting Standards and prepare financial statements for business entities including service and retail organisations,Apply,"I will label this as ""Apply"". The student is expected",Apply
"Demonstrate initiative, problem solving and decision making skills.",Apply,"___
Create",Create
correctly apply the appropriate statistical methods for designs commonly encountered in psychological research,Apply,Correct label: Apply,Apply
examine the purpose and rationale for teaching outdoor and environmental studies in senior years,Analyze,I will use the label: Evaluate,Evaluate
consolidate your understanding of professional knowledge and professional practice in health education,Evaluate,Correct Answer: Understand,Understand
Describe the major historical events and political conflicts of the twentieth century as studied in the unit;,Understand,The label for this learning outcome is: Understand,Understand
Evaluate a range of instrumental methods and how different instruments operate;,Evaluate,Compare and contrast the advantages and disadvantages of different instrumental methods;,Invalid
"Demonstrate project management skills by proactively negotiating, documenting and meeting group timelinesThemeslabel Inquiry and Innovation",Apply,,Invalid
develop skills in the application of economic principles to wider social issues,Apply,Correct Label: Apply,Apply
"Demonstrate an understanding of sleep and circadian rhythms research and its importance for optimal general health, cognitive function, and mood.",Understand,"Remember
 Understand
 Apply
 Analyze
 Evaluate
 Create",Create
Review and critique recent biorefinery research literature to systematically synthesise the finding and insights to design a solution to a problem and/or the project,Analyze,,Invalid
Recognise when modifications to routine scanning approaches are required and describe the limitations of ultrasound in regards to imaging the breast and thyroid.,Remember,Label: Evaluate,Evaluate
"Critically evaluate basic clinical scanning protocols, digital image processing techniques and equipment, image display and reconstruction routines used in CT",Evaluate,,Invalid
critically assess key theoretical debates surrounding topics introduced in the unit with reference to the organisational/socio-cultural interface,Evaluate,Correct Label: Evaluate,Evaluate
Evaluate the historiographical debates about popular unrest;,Evaluate,Analyze the causes and consequences of the Peasants' Revol,Analyze
Describe and explain basic risk and emergency management principles.,Understand,"Label:

Understand",Understand
"Appreciate the nature of algebraic proofs, be able to use a variety of proof-techniques unique to working with groups;",Understand,"- Understand the nature of algebraic proofs, be able to",Understand
"apply critical thinking, problem solving and presentation skills to activities dealing with corporate finance and demonstrate in an individual summative assessment task the acquisition of a comprehensive understanding of the topics covered by BFS2780.",Apply,Correct Answer: Apply,Apply
Employ critical and scientific writing and communication skills to document and report findings of project in professional and scientific fora.,Apply,Correct answer: Create,Create
compare and contrast theory and practice,Evaluate,,Invalid
"Demonstrate familiarity with specific methodologies, including, for example, ethnography, case study, survey, textual-, thematic-, discourse- audience- and quantitative content analysis",Apply,Remember,Remember
"Describe the principles underpinning advanced digital image processing, image distribution, data transfer and storage options used in medical imaging (including the DICOM standard and PACS and RIS infrastructure).",Understand,The label for the learning outcome is: Create,Create
have gained a good understanding of the law of remedies as a legal discipline and an area of practice,Understand,Answer: Understand,Understand
To consider the relation between theory and practice in the field of communication and an appreciation of how they can productively inform each other;,Apply,To consider the relation between theory and practice in the field of,Invalid
translate conceptual ideas and practical processes about music and music engagement into classroom learning activities for students,Apply,Correct Answer: Create,Create
"Conduct dietary, hydration and anthropometric assessments for active individuals.",Evaluate,"Label:

Apply",Apply
Develop a toolkit to identify specific legal/commercial issues that entrepreneurs need to deal with at various stages of venture development,Create,"Answer:
Create",Create
appraise the various techniques for synthesis and characterisation of nanomaterials and appraise the advantages and limitations of each method,Evaluate,Correct Answer: Evaluate,Evaluate
"Effectively apply problem solving strategies to identify, consider and resolve problems relating to conventional and Islamic international banking and finance law",Apply,,Invalid
apply the principles of double-entry and accrual accounting,Apply,"Example:
""Given a set of transactions, record them in",Invalid
Communicate philosophical and ethical arguments in writing,Create,"Correct label:

Create",Create
Formulate complex mathematical arguments using ideas from low-dimensional topology.,Create,"Example: ""Given a torus knot, demonstrate how its",Invalid
Engage in critical analysis and make reasoned and appropriate choices among alternatives;,Evaluate,- Evaluate the strengths and weaknesses of different approaches to solving a,Evaluate
Demonstrate capability in planning design research;,Apply,"- [ ] Remember
- [ ] Understand
- [",Understand
Synthesise clinical aviation medicine issues related to the major body systems,Create,,Invalid
"Describe the diversity of microorganisms and discuss their relationships in the context of food, nutrition, health and disease.",Understand,"___
Understand",Understand
"Evaluate and select research methods and techniques of data collection and analysis appropriate to particular research designs, projects and disciplines;",Evaluate,"Analyze the strengths and weaknesses of different research designs, projects and",Analyze
demonstrate written and verbal communication skills in reporting the conclusions of cognitive assessments,Apply,Correct Label: Create,Create
"Conceptualise, design and manage an academic research project.",Create,"Label:

Create",Create
Collaborate effectively in teams to conduct research and produce media content;,Create,,Invalid
"Develop their capacity to analyse critically, reflect on and synthesise information, problems, policies, concepts and theories, evidenced by their ability to develop and sustain a convincing 'thesis' throughout their research;",Analyze,"- Develop their capacity to analyse critically, reflect on and synthes",Invalid
demonstrate an understanding of the empirical research in the field of inclusive education and/or applied behaviour analysis,Understand,I will understand the empirical research in the field of inclusive education,Understand
"Demonstrate the intellectual and practical skills needed to justify and interpret theoretical propositions, legal conclusions and professional decisions, as well as to identify, research, evaluate and synthesise relevant factual, legal and policy issues;",Apply,The label for this learning outcome is: Analyze,Analyze
"Organise, analyse, and interpret the results of functional behaviour assessments",Analyze,"to inform the development of behaviour intervention plans.

Label: Analyze",Analyze
"Be able to identify, articulate and effectively communicate complex legal and policy issues in a manner that is succinct, scholarly and persuasive;",Understand,"- Be able to identify, articulate and effectively communicate complex legal",Invalid
demonstrate in an individual summative assessment task the acquisition of a comprehensive understanding of the topics covered by BFM5973.,Understand,The label for the learning outcome is: Understand,Understand
apply counselling skills directly through the application of those skills in a counselling setting,Apply,"Example: ""I can apply active listening skills in a counselling",Apply
"Effectively communicate the basis of the scientific method from building a hypothesis, to testing the ideas through experimental methods;",Create,"- Understand the scientific method;
- Communicate the basis of",Understand
"Perform textual analysis and summaries of complex written passages, demonstrating recognition and use of 1,000 ky≈çiku kanji and the ability to use a range of specialized dictionaries;",Analyze,,Invalid
"apply critical thinking, problem solving and presentation skills in individual and/or group activities dealing with issues in banking and demonstrate in an individual summative assessment task the acquisition of a comprehensive understanding of the topics covered by BFX4080.",Apply,"The label for the learning outcome is:
Apply",Apply
"demonstrate ability to recognise and evaluate technological advances and changes in the economic, political, social and environmental context to the contemporary practice of governance, business continuity and crisis management",Apply,Correct Answer: Evaluate,Evaluate
analyse and critically evaluate policies designed to affect individual behaviour and market outcomes.,Analyze,"___
Analyze",Analyze
"Use cognitive, technical and creative skills to generate and evaluate at an abstract level complex ideas relevant to the limitations of Australian designs protection and proposals for reform.",Apply,Solution: Create,Create
Demonstrate awareness of scientific computing methods and visualization;,Apply,"Demonstrate awareness of scientific computing methods and visualization;

Label",Invalid
form factual assessment and constructive criticism of public policy and debate concerning open economy issues,Evaluate,Correct Label: Evaluate,Evaluate
"develop competence in planning and implementing lessons and units of work, including assessment strategies, that embrace the diverse social and cultural backgrounds and personal experiences of students",Create,,Invalid
Produce models for predictive statistical analysis;,Create,The answer is: Create,Create
"analyse the extent to which firms are exposed to economic or operating exchange risk, evaluate their systems in place to manage it, and recommend alternative approaches",Analyze,,Invalid
Demonstrate the ability to produce an environmental improvement plan for a process and carry out a HAZOP of a part of a process and draw a fault-tree diagram.,Apply,Remember,Remember
Summarise and communicate evidence for professional audiences,Create,,Invalid
"Strategically respond to complex problems and develop appropriate planning responses, processes and outcomes relevant to compact cities;",Create,"Strategically respond to complex problems and develop appropriate planning responses,",Invalid
"critically analyse health/wellbeing, physical culture and HPE curriculum and practice",Analyze,,Invalid
Design and implement primary lessons and units of work using discipline-based or integrated approaches,Create,Correct answer: Create,Create
Use simulator programs to model computer system components.,Apply,"___
Apply",Apply
"to enhance the ability of students to engage in critical reflection and produce reasoned, soundly structured and well presented debate on the role of Washington in the contemporary international system",Evaluate,,Invalid
Analyse media industries and their policy frameworks;,Analyze,"Discuss the impact of media ownership on content diversity;
Evaluate the",Evaluate
Identify various compositional techniques employed to support and underpin various narrative structures;,Remember,,Invalid
critically analyse strategies in business and society,Analyze,,Invalid
"interpret and evaluate relationships between variables for business decision-making, using the concept of correlation and simple linear regression",Evaluate,Correct Label: Evaluate,Evaluate
Implement information retrieval systems for the retrieval of audio-visual information;,Apply,,Invalid
"reflect on your own language learning experiences, styles and achievements",Analyze,Correct answer: Reflect,Invalid
describe and apply techniques for analysing a delay (or run-of) triangle and projecting the ultimate position,Analyze,Answer: Apply,Apply
Clearly articulate a design methodology and its critical application to the discourse of a design practice.,Analyze,Correct label: Create,Create
"transform the intended learning of the primary mathematics curriculum into effective lessons that encourage positive dispositions, curiosity and engagement, including use of digital technologies to expand learning opportunities for learners",Create,Create,Create
Have a high level of understanding of the central ideas of just war theory,Understand,,Invalid
"Identify and discuss the differences among the various psychological approaches (i.e. psychodynamic, developmental cognitive, behavioural, social, personality, etc.), and how each is related to occupational therapy thinking and practice;",Understand,Identify and discuss the differences among the various psychological approaches (i,Invalid
"be able to formulate, investigate and critically consider complex problems relating to the issues identified in the synopsis;",Create,"- be able to formulate, investigate and critically consider complex problems",Invalid
"Describe some examples of microbial pathogens including bacteria, viruses, fungi and parasites, the diseases that they cause, their mechanisms of pathogenesis, and treatment;",Understand,"Describe some examples of microbial pathogens including bacteria, viruses, fungi",Invalid
"Undertake complex nursing activities in a range of clinical settings and effectively apply prioritising, problem solving and time management skills",Apply,,Invalid
Familiarity with the theoretical foundations of human rights.,Understand,Label: Understand,Understand
Develop an application with a database backend;,Create,- Create,Create
"Develop, modify and adapt radiographic skills required and techniques for paediatric and adult patients, particularly in emergency and mobile examinations;",Create,,Invalid
evaluate and improve the efficiency of models by applying different model transformations.,Evaluate,"___
Evaluate",Evaluate
"Construct a framework of analysis that involves identifying a research topic, literature review, key concepts as theoretical tools and media texts (for textual analysis);",Create,"- Identify a research topic;
- Conduct a literature review;",Invalid
Demonstrate confident understanding of discipline content and competency as a creative mathematics learner who can foster these attributes in your own learners,Understand,Correct answer: Create,Create
demonstrate competence and professionalism in structuring and delivering persuasive messages,Apply,Correct Label: Create,Create
Recognise the breadth of analytical and data analysis techniques and their applicability to biotechnology research;,Remember,Understand the importance of data-driven decision-making in biotechnology and the,Understand
Demonstrate an understanding of current approaches to teaching music,Understand,Answer: Understand,Understand
Design and analyse plastically reinforced concrete slabs using Hillerborg method and yield line theory.,Analyze,"Applikation
Analyze",Analyze
"Construct design solutions using two and three dimensional design elements, image making, typography and time-based media;",Create,,Invalid
Outline the processes involved in assessing children when there are concerns of neglect.,Apply,"___
Remember
Understand
Apply
Analyze
Evaluate",Evaluate
"Understand the basic laws of probability, and the calculus basis of expectation and distribution theory.",Understand,"Remember
 Understand
 Apply
 Analyze
 Evaluate
 Create",Create
"Describe the epidemiology, population health and pathology related to injuries and commonly encountered in paramedic practice.",Understand,Response: Understand,Understand
"Explain the chemistry of macronutrients, micronutrients and non-nutrients in food.",Understand,"Correct label:

Understand",Understand
demonstrate an advanced understanding of contemporary approaches and trends in geography education in Australia and internationally,Understand,I will use Bloom's Taxonomy to classify the learning outcome,Invalid
"Identify the breadth of opportunity students have as graduates, as well as review and plan towards the specific routes into professional psychology.",Remember,"Identify the breadth of opportunity students have as graduates, as well",Invalid
"Produce the ability to produce short texts (400-600 characters) in several genres including explanatory essays, poetry and position papers.",Create,Remember,Remember
"Use strategies and skills for effective, efficient and critical reading of academic texts;",Apply,"- Understand the meaning of words and phrases in context;
-",Understand
Discuss key ethical challenges facing interpreters and translators in the 21st century;,Understand,,Invalid
Analyse film and media as a global cultural form in relationship to the local cultures of screen cities; ,Analyze,Assess the impact of film and media on the cultural identity of,Invalid
Recognise the influence of personal values and belief systems to the counselling process;,Remember,,Invalid
"Recognise risk factors for disease or injury, while using appropriate screening tools to be able to triage patients to remain in their home, refer to general practice or other appropriate health services.",Remember,Correct answer: Apply,Apply
"Implement continuous integration (CI) at unit, integration & system testing level using a CI server such as Jenkins to automatically run regression test suites on the system under test.",Apply,"Remember
 Understand
 Apply
 Analyze
 Evaluate
 Create",Create
Critique and apply current scientific and medical research related to Patient Safety.,Evaluate,Correct label: Evaluate,Evaluate
Organise a concert recital or produce a recording of original work;,Create,- Create,Create
"within parameters that provide some initial guidance, be able to frame a more specific research question and address that question effectively in a longer essay;",Create,The label for this learning outcome is: Create,Create
Discuss mechanisms for control of metabolic reaction sequences;,Understand,"Identify the role of enzymes in metabolic pathways;
Explain the concept",Invalid
critically evaluate the literature and present in written and/or oral form key arguments related to the selection of methods for the research project.,Evaluate,"___ Evaluate
___ Create
___ Understand
___ Apply",Create
"Explain how digital spatial data handling is different from other digital data handling challenges, and how the theory on which it is based is central to spatial data handling for environmental science.",Understand,"Example 1:
Learning Outcome: Describe the process of photos",Invalid
Demonstrate some creative writing skills (for creative writing stream students only).,Apply,"Correct label:

Create",Create
"illustrate the ecological role of microorganisms, including analysis of interactions between microorganisms and the host (including interactions with humans) and the principles of immunology and epidemiology.Themeslabel Pharmaceutical Science",Apply,"Rules:
- Return ONLY one label.
- Do not explain",Invalid
"Distinguish between sensitivity, specificity, accuracy, search error, detection error and interpretation error in relation to the interpretation of general radiographic images.",Analyze,The label for the learning outcome is: Evaluate,Evaluate
critically and creatively analyse cultural texts of historical relevance.,Analyze,"Correct label: Analyze, Create
Answer: Analyze",Create
analyse survey data using experimental design techniques and analysis of variance methods (both for unranked and ranked data),Analyze,Correct Label: Analyze,Analyze
Determine an appropriate choice of optimisation approach based on problem characteristics.,Analyze,"Label:

Evaluate",Evaluate
"Describe the basic biology of newborn, adult and tissue-specific stem cells and the status of research into their characterisation and role in health and disease;",Understand,The label for this learning outcome is: Understand,Understand
"Describe fundamental mathematics and physics concepts relevant to medical radiation physics, focussing on mechanics, waves and particles, thermal physics, electricity, magnetism and electromagnetism",Understand,Remember,Remember
"Integrate, design, monitor and perform analysis methodologies to develop systems to meet specified sustainable requirements, including innovative approaches to synthesise alternative solutions",Create,,Invalid
Demonstrate that you are conversant with procedures for dealing with emergencies;,Apply,- Remember,Remember
"Collect, analyse, and interpret experimental data while considering variability inherent in working with biological tissue.",Analyze,Label: Analyze,Analyze
Identify and define basic terms and concepts used in I/O Psychology.,Understand,"___
Remember",Remember
Develop awareness of the role of law in regulating and facilitating commercial transactions.,Understand,"___
Understand",Understand
Explain the current hypotheses for genesis of a range of mineral deposit types;,Understand,,Invalid
analyse and critically assess the nature of explanation from a range of perspectives,Analyze,Correct Label: Analyze,Analyze
Design spectroscopic experiments to monitor compound concentration and compound solubility.      Themeslabel Pharmaceutical Science,Create,,Invalid
"Critically assess the resolution of your packaging solutions, rationalising its environmental impact, materiality and purpose;",Evaluate,- Evaluate the effectiveness of your packaging solutions in terms of environmental,Evaluate
Judge whether a particular real-world problem or application can usefully be modelled as a MAS,Evaluate,,Invalid
Critically analyse the relevant academic literature;,Analyze,,Invalid
Delineate the processes of gametogenesis and fertilisation in the context of male and female reproductive structures;,Understand,Identify the stages of embryonic development and the genetic basis of,Invalid
"assess the implications of political violence outcomes in developing robust, responsive and legitimate governance at the local and national level, as well as a more stable international system.",Create,The label for this learning outcome is: Evaluate,Evaluate
critically reflect on the role of organisations in contributing to sustainable development solutions,Analyze,Correct Label: Evaluate,Evaluate
Conduct an assessment of an individual's fitness to be interviewed or detained in custody;,Evaluate,- Understand the legal and ethical considerations involved in conducting such an,Understand
"Produce reports, policy briefs, and other works that positively promotes a safer, more equitable, and ethical workingenvironment;",Create,Analyze the impact of the company's policies on employee well-being and,Analyze
"Demonstrate a good understanding of howpolicies, procedures and work practicesrelate to underlying ethical and legalprinciples, and demonstrate some ability toapply principles to dilemmas in practice.Adheres to routine ethical practicestandards such as confidentiality andeffective note taking. Demonstratesappropriate professional conduct at alltimes.Themeslabel Legal, ethical and professional matters",Understand,,Invalid
Demonstrated an advanced knowledge of the main and current issues of the Asian legal systems;,Apply,- Demonstrated an advanced knowledge of the main and current issues,Invalid
identify the key sustainability issues that should be addressed in different phases of the buildinglifecycle,Remember,,Invalid
An understanding of contemporary debates relevant to global criminal justice issues from an African perspective;,Understand,,Invalid
"Understand and apply heat integration, water integration and process stream recycling in chemical engineering processes to achieve increased raw materials and energy efficiencies and waste reduction",Apply,,Invalid
Demonstrate knowledge of the various tools and techniques used for digital video effects and sound composition;,Apply,,Invalid
Evaluate different methodological approaches depending on the nature of the discipline involved,Evaluate,,Invalid
Will have developed the capacity to detect the resonances of language and code embedded in particular texts and their relationship to social context.,Analyze,Label: Evaluate,Evaluate
"Describe the functions and architectures of local area networks, wide area networks and the Internet;",Understand,"Identify the advantages and disadvantages of different network topologies;
Compare",Invalid
"Recognise a wide range of lived experiences of gender, across the categories of class, ethnicity and sexuality",Remember,,Invalid
"Use well-developed research skills to undertake rigorous, in-depth analysis of current bioethical issues.",Apply,"___
Evaluate",Evaluate
"describe computer security and controls (general and application), and apply that knowledge in order to assess the relevant audit risks and to make recommendations, as an external auditor, for the improvement of security and controls in simulated simple and advanced CIS environments and networks",Apply,,Invalid
discuss the relationships between languages in this area and identify phenomena resulting from language contact;,Understand,,Invalid
Demonstrate how the immune system responds to infection and disease;,Apply,- Remember,Remember
"identify the key usability factors that determine good digital design, production and presentation;",Remember,,Invalid
Explain the key concepts and theories that underpin social enterprise;,Understand,,Invalid
Discuss broader topics about Japanese culture with Japanese native speakers;,Understand,,Invalid
"demonstrate skills in adopting and adapting strategies for ongoing, effective critical reading of academic work",Apply,Correct Label: Apply,Apply
"identify, evaluate and interpret a range of relevant curriculum documents and resources for teaching health and wellbeing",Remember,,Invalid
"discuss and analyse these texts from literary, theoretical and critical perspectives;",Analyze,"discuss and analyse these texts from literary, theoretical and critical",Invalid
"design, administer, and analyse survey research;",Analyze,"demonstrate understanding of the principles of survey research;
dem",Invalid
An understanding of the special area of study addressed.,Understand,Correct label: Understand,Understand
Describe how host and pathogenic factors of micro-organisms affect the outcome of infection;,Understand,The label for this learning outcome is: Understand,Understand
Understand and evaluate the efficacy of your own design concepts;,Understand,,Invalid
identify the distinct ethical considerations that may arise within public relations practice;,Remember,The label for the learning outcome is: Analyze,Analyze
"Describe the underlying physical principles of optical subsystems, and apply this understanding to predict and quantify the effect on optical fibre communication system performance.",Understand,"Example 1
Learning Outcome: Explain the concept of photos",Invalid
"understand the characteristics of various types of data sources including experiments, observational studies, surveys, sampling and sensors",Understand,"I will label this as ""Understand"".",Understand
"Demonstrate an ability to set and meet deadlines, and produce under pressure;",Apply,"Demonstrate an ability to set and meet deadlines, and",Invalid
Articulate theories of adolescent development from a scientific viewpoint,Understand,"Correct label:

Evaluate",Evaluate
Communicate the principles of sustainable chemistry to a broad audience.,Create,Example: Explain the concept of green chemistry to a group of,Invalid
"Evaluate teacher beliefs, competencies and strategies for teaching gifted students effectively and reflect on self-beliefs and competencies as teachers",Analyze,,Invalid
Analyse the performance of a range of estimation methods,Analyze,in terms of their accuracy and computational efficiency.,Invalid
Apply designerly processes that result in the creation and communication of design research outcomes;,Apply,"Understand the importance of design research in informing design decisions;
Create",Create
"Identify foods sources of particular nutrients, and recognise the clinical signs and symptoms of particular nutrient deficiencies and excesses, and explain the reason for their development.",Remember,"Remember
 Understand
 Apply
 Analyze
 Evaluate
 Create",Create
"Demonstrate skills in library and field research, data and information gathering, collation and organisation suitable for the preparation of a scientific report;",Apply,,Invalid
model a discrete optimisation problem using a mix of basic and more advanced modelling techniques in a high level modelling language;,Create,The label for the learning outcome is: Create,Create
Undertake a biopsychosocial assessment identifying the risk and protective factors that impact on the client's development and reinforce the continuation of presenting issues.,Apply,The label for this learning outcome is: Apply,Apply
conduct a small independent research project in an area of your own choosing,Apply,I will create a research project.,Create
"To design, build and train the Artificial Neural Network to solve a variety of multi-disciplinary engineering and business problems.",Create,"Remember
 Understand
 Apply
 Analyze
 Evaluate
 Create",Create
describe the dynamics of different selling situations,Understand,Answer: Understand,Understand
Describe the management of cardiovascular implantable electronic devices that are commonly encountered during perioperative care.,Understand,"Label:

Understand",Understand
"Explain how different theoretical, methodological and disciplinary perspectives on migration lead to alternative policy proposals and arrangements in different places, and at different urban, national, regional, and global levels of migration governance;",Understand,The label for this learning outcome is: Analyze,Analyze
"Demonstrate familiarity with the field of the history of everyday life, the varied methodologies that historians have used to research this history, and the intersections between political and social history;",Apply,- Understand the importance of everyday life in the context of historical,Understand
"Explain historical, social and political factors that have contributed to contemporary mental health practice and policy.",Understand,"___
Evaluate
___
Create
Understand
Apply",Create
"develop an understanding of the strategies, operations, and performance of leading local and global companies",Understand,"Answer:
Understand",Understand
outline and apply operations management concepts in delivering value to customers,Apply,Example label: Apply,Apply
Express verbally and in writing critical points of connection between art and social change;,Understand,"Analyze the relationship between art and social change;
Create a visual",Create
Apply to ethics committees for research approval as necessary,Apply,Example label: Apply,Apply
"Identify the components of change in the size, structure and composition of the population",Remember,,Invalid
"Capacity to articulate critical and imaginative interpretations of performance texts and processes in systematic written argument and clear, concise oral presentation.",Evaluate,Correct label: Evaluate,Evaluate
Devise a self-directed program that identifies different phases of experimentation and consolidation within a field of research;,Create,Devise a self-directed program that identifies different phases of experimentation,Invalid
Be able to interpret and integrate information obtained during neuropsychological assessment to formulate a comprehensive analysis of an individual's neuropsychological function;,Create,The label for this learning outcome is: Analyze,Analyze
understand the impact of capital movements and migration on domestic economic outcomes,Understand,,Invalid
evaluate information/data and the inquiry process using self-determined criteria developed within structural guide lines,Create,Correct label: Evaluate,Evaluate
Undertake hydrological investigations of natural and urban catchments.,Apply,"___
Apply",Apply
"analyse and evaluate how entities apply the IFRS topics dealt with in this unit in their annual financial reporting, including the recognition, measurement, disclosure and presentation of these topics",Evaluate,,Invalid
understand the theoretical structure of an open economy with particular emphasis on monetary policy formulation and implementation,Understand,"I will label this as ""Understand"".",Understand
Use trees and graphs to solve problems in computer science;,Apply,,Invalid
"Create game programs that demonstrate an understanding and working knowledge of advanced rendering principles, such as shaders;",Apply,"The label for the learning outcome ""Create game programs that demonstrate",Create
To have acquired a basic understanding of theoretical and practical issues in modern Chinese translation practice and studies;,Remember,To have acquired a basic understanding of theoretical and practical issues in,Invalid
Synthesise contemporary research and theoretical issues in key areas of neuroscience,Create,,Invalid
Reflect on the experimental process and on group participation and learning,Analyze,,Invalid
Demonstrate high level research skills and the reasoning and professional judgment required to formulate appropriate responses to complex legal problems involving forensic evidence;,Apply,,Invalid
"Investigate, analyse and synthesise complex information, problems, concepts and theories in relation to issues that impact on construction projects such as variations, land defects, delays and defective works and the legal ramifications of each;",Analyze,"- Understand the legal implications of land defects, delays and defective",Understand
"Will have developed the capacity to read 'against the grain' in relation to the Medieval and Renaissance Italian social, political and social contexts.",Apply,Will have developed the capacity to read 'against the grain',Invalid
Describe the current software technologies and standards used in mobile application development;,Understand,The label for this learning outcome is: Understand.,Understand
"Demonstrate the ability to plan, design and implement a spatial data analysis project.",Apply,Correct Answer: Create,Create
use economic principles to critically appraise policy alternatives for health sector reform and understand practical methodologies for the application of economic principles particularly when data availability is extremely limited,Understand,Correct Label: Evaluate,Evaluate
Use evidence-based approach in recommending dietary changes.,Apply,"___
Apply",Apply
examine the legal differences between partnerships and corporations,Analyze,Correct Label: Analyze,Analyze
collect and display evidence of the ongoing development of research and professional teaching practice skills,Apply,"I will classify the learning outcome as ""Apply"". This is",Apply
synthesise and evaluate research on reading interventions,Evaluate,Correct Answer: Evaluate,Evaluate
Assess the results of an analysis;,Evaluate,,Invalid
Explain the importance of quality assurance in software engineering;,Understand,The label for the learning outcome is: Evaluate,Evaluate
"Design high-level vision processes such as model-based vision, surfaces and outlines, graphs, range data, templates and classifiers and learning methods.",Create,"Remember
 Understand
 Apply
 Analyze
 Evaluate
 Create",Create
Reflect critically on practice and propose knowledge and skill gaps and methods for ongoing learning;,Analyze,,Invalid
Analyse the parameters that are important to system performance,Analyze,,Invalid
Reflect on identified strengths and weaknesses to develop Personalised Learning Plans to enhance professional skills required to practice as a pharmacistThemeslabel Experiential Placements ,Create,,Invalid
"Investigate, analyse and synthesise complex information, problems, concepts and theories in relation to comparative corporate regulatory systems",Analyze,,Invalid
Critique surgical sperm extraction and preparation techniques of testicular and epididymal samples.,Evaluate,"___
Evaluate
___
Create
Understand
Apply",Create
Discuss mechanisms by which drugs can act to produce changes in living systems;,Understand,Identify the different types of drugs and their effects on living systems,Invalid
Manage the relationship between analytical methodologies and real-world aircraft design.,Apply,"___
Apply",Apply
Produce ‚Äòfit for purpose' translations of medical and scientific texts at a level of quality appropriate for their stage within the degree according to industry-specific standards.,Create,"Remember
 Understand
 Apply
 Analyze
 Evaluate
 Create",Create
"Describe the geometric meaning behind vectors and matrices, and create code that demonstrates how these can be applied practically in game programming, including for object movement and collision;",Understand,Create,Create
"Explain core principles of social scientific theory, research design, and data analysis;",Understand,,Invalid
"Explain the impact of renal, hepatic and gastrointestinal dysfunction on the patient during the perioperative period. ",Understand,Remember,Remember
"apply skills in journalism practice, research and/or project management, in direct observation of international organisations;",Apply,,Invalid
"develop educational planning, programming and evaluation techniques and skills",Create,,Invalid
Determine physical and mechanical properties of soil and rock materials that can be used in geotechnical analysis and design,Apply,,Invalid
"Summarise and synthesise the unique challenges of supporting individuals and families with co-occurring disorders, relating to those with mental health or alcohol and other drug (AOD) disorders alone.",Create,The label for the learning outcome is: Create,Create
"Critically examine the fundamental principles of international law; the theoretical framework of international law and its relationship with domestic law; the crucial role of States, international institutions and individuals in the international legal system;",Analyze,"- Understand the fundamental principles of international law;
- Understand the",Understand
"Apply critical thinking to problems in Markov chains in general, and in the theory of random walks in particular.",Apply,"Remember
 Understand
 Apply
 Analyze
 Evaluate
 Create",Create
"Develop critical approaches to analyzing the socio-cultural contexts of fashion, communication design and interior practices;",Create,"Analyze the socio-cultural contexts of fashion, communication design and interior",Analyze
Solve new problems in physics related to the core concepts of the unit by drawing on the theoretical underpinnings that illustrate the physics.,Apply,Label: Create,Create
"Use image editing software to skilfully create, adapt, edit, manipulate and compose images;",Apply,- Create,Create
An acquaintance with and critical appreciation of the range of alternatives to commercial litigation,Understand,Answer: Evaluate,Evaluate
"understand IT systems, hardware, software and the cloud at a level appropriate for business students and see how digital technology is affecting different business disciplines",Understand,,Invalid
Effectively participate in a range of two way oral and written communication forms using appropriate intrapersonal and interpersonal communication skills and technologies;,Create,The label for the learning outcome is: Create,Create
Advocacy: Describe advocacy for equitable outcomes and social justice in regard to Aboriginal and Torres Strait Islander Health,Understand,,Invalid
Demonstrate research skills by conducting an ethnographic project.,Apply,"___
Create",Create
Describe dermatological conditions using appropriate morphological terms to peers or patients.,Understand,"Label:

Understand",Understand
Explore the concept of patient focused care and the biopsychosocial determinants of health.,Apply,"___
Understand",Understand
"Use high level techniques to manage examination-in-chief, cross examination and re-examination.",Apply,"Label:

Apply",Apply
gain an understanding of venture funding,Understand,Correct Label: Understand,Understand
identify and explain the theoretical frameworks that have shaped debates over issues related to political violence;,Remember,Identify and explain the theoretical frameworks that have shaped debates over issues,Invalid
Compare the methods of transmission of communicable disease using appropriate examples of infections of global importance;,Analyze,,Invalid
graphically represent the relationship between variables,Create,Answer: Create,Create
"Design, code and test basic e-Business applications using current industrial strength techniques;",Create,,Invalid
"Critically analyse, communicate and apply secondary research to inform the design process;",Analyze,"- Critically analyse, communicate and apply secondary research to inform",Apply
"Exercise professional judgement to formulate and evaluate responses to factual scenarios, based on both jurisprudential and practical considerations;",Apply,"Assess the strengths and weaknesses of arguments presented in court;
Evaluate",Evaluate
Compare and contrast intercultural psychology with particular focus on Australian Indigenous psychologies and mainstream psychological understandings;,Evaluate,,Invalid
demonstrate understanding of complexities in this field,Understand,Correct Label: Understand,Understand
Demonstrate an understanding of how bilingual education and/or content-based programs are positioned in the field of second language acquisition and applied linguistics,Understand,,Invalid
Convey to a non-specialist audience the relevance and value of genetics and biotechnology to human society.,Create,Response:Create,Create
communicate ideas to others using an appropriate range of verbal and nonverbal communication strategies and collaborative techniques,Create,Correct Label: Create,Create
Analyse and explain the social and historical developments that have informed the development of electronic music,Analyze,,Invalid
Describe the key trends and philosophies underlying the positions of major political parties;,Understand,The label for 'Describe the key trends and philosophies underlying the,Invalid
examine the relationship between packaging and branding,Analyze,,Invalid
critically examine the relationship between Europe and the rest of the world,Analyze,,Invalid
"Demonstrate project management to identify a feasible scope, timeline and resources needed to execute the project;",Apply,"Identify the project stakeholders and their roles;
Establish the project",Invalid
Translate problem statements into algorithms and implement them in a high level programming language;,Apply,The label for 'Translate problem statements into algorithms and implement them,Invalid
"Design, analyse and communicate a research project relating to sustainability of the Earth;",Analyze,"Analyze the impact of human activities on the environment;
Evaluate the",Evaluate
Apply scientific thinking to data-oriented projects and tasks;,Apply,"Analyze the strengths and weaknesses of different scientific approaches;
Evaluate the",Evaluate
analyse qualitative data using a number of different analytical techniques,Analyze,"Example:
""Students will be able to analyse qualitative data using",Invalid
"Selects and justifies their choice of medication, dose and mode of administration for the patient, including empirical choice of 'best guess' antibiotic",Analyze,,Invalid
Demonstrate skills relating to research design and analysis of neuroscientific technologies that are incorporated across the graduate psychology program.,Apply,Label: Create,Create
Justify a role for functional foods in the prevention and/or delay of onset of specific health disorders or disease syndromes;,Evaluate,Justify a role for functional foods in the prevention and/or,Invalid
"apply critical thinking, problem solving and presentation skills to individual and/or group activities dealing with behavioural finance and demonstrate in individual summative assessment tasks the acquisition of a comprehensive understanding of the topics covered in BFW3851.",Apply,"Correct label:
Apply",Apply
"Determine elastic and inelastic stresses, deflections in simple and compound beams, pressure vessels and flat plates.",Apply,Response:Apply,Apply
Apply elements of intercultural theory for conflict negotiation and crisis resolution,Apply,,Invalid
pitch and communicate ideas to stakeholders effectively.,Create,"Solution:
Create",Create
Demonstrate critical understanding of the real-world challenges associated with addressing sustainable development;,Understand,Demonstrate critical understanding of the real-world challenges associated with,Invalid
"Perform basic statistical analysis by hand, using spread sheets and statistical software;",Analyze,"- Understand
- Apply
- Analyze
- Evaluate",Evaluate
Conduct a critical review of the potential of outdoor education contexts in relation to specific environments and communities,Analyze,,Invalid
Evaluate current high-throughput techniques to generate omics data and apply standard workflows to analyse them;,Apply,Analyze the strengths and weaknesses of current high-throughput techniques to,Analyze
plan a strategy for assessing organisational capability and developing capacity in a particular context.,Create,The label for this learning outcome is: Create,Create
Apply basic tools for managing and processing big data;,Apply,,Invalid
"Research a contentious topic in the area of physiology, and debate and communicate the findings of such research, at an appropriate scientific level.",Create,Correct answer: Create,Create
demonstrate the use of computer simulation to explore theoretical concepts.,Apply,"Label:

Apply",Apply
Competently perform specified clinical procedures and tasks in simulated environments.,Apply,"Label:

Apply",Apply
Have an understanding of the importance of teamwork and the skills necessary to implement this understanding;,Understand,- Understand the importance of teamwork and the skills necessary to implement,Understand
Describe the social basis of behaviour and psychopathology.,Understand,"___
Understand",Understand
"Apply feedback, stability and dominant pole compensation to operational amplifier structures.",Apply,Response:Apply,Apply
Demonstrate the ability to recognise and appropriately address ethical issues generated in preparing for and participating in negotiation;,Apply,Demonstrate the ability to recognise and appropriately address ethical issues,Invalid
Outline common investigative options relevant to area of specialist practice.,Apply,"Label:

Understand",Understand
describe semantic image and video understanding techniques,Understand,"___
Understand",Understand
"Converse in Spanish about past, current, future and hypothetical issues, as well as engage in more complex discussions about historical, political, social and cultural matters;",Apply,"Converse in Spanish about past, current, future and hypothetical",Invalid
Conduct self-directed legal research.,Evaluate,"___
Create",Create
design an appropriate process for screening a new product service idea through to introduction,Create,Answer: Create,Create
"understand the role, limitations and usefulness of economic analysis and economics as a way of thinking, particularly when applied to the health care sector",Understand,,Invalid
Communicate their ideas through concept presentation sketches and renderings;,Create,,Invalid
"Analyse policies, guidelines and evidence based resources within healthcare contexts in relation to leading change.",Analyze,"___
Analyze",Analyze
critically analyse and appraise the relationship between theory and practice in the field of communications;,Analyze,"You should prefix the label with a capital letter, like this",Invalid
Evaluate issues underpinning the relationship between brain processes and cognition and behaviour,Evaluate,,Invalid
Manage different stages of the development process in an experimental manner;,Apply,,Invalid
"Demonstrate satisfactory progress towards the Level 3 professional competencies outlined by the Australian Psychology Accreditation Council, as determined by University professional experience staff and/or supervisors",Apply,"Remember
 Understand
 Apply
 Analyze
 Evaluate
 Create",Create
Develop an application for approval by an ethics committee and understand the process and requirements of ethical approval.,Create,Solution: Create,Create
Critically evaluate and manage psychological assessment referrals.,Evaluate,"___
Evaluate
___
Evaluate
___
Create",Create
Critically appraise common screening and assessment tools for cognitive impairment in this population and discuss how treatment approaches may need to be adapted.,Understand,Correct Label: Evaluate,Evaluate
identify sources of connectedness in a complex economy-society-plant system through an economic lens,Remember,,Invalid
"Develop a project proposal with appropriate research questions, aims, hypotheses and methodological approaches",Create,"Correct label:

Create",Create
Design environments with clearly indicated game challenges (time and intrinsic stress involved) and game balancing;,Create,,Invalid
"Investigate and interpret the relationship between human rights, legal theory and the law in order to develop evidence-based discussions that draw convincing conclusions.",Create,Correct Label: Evaluate,Evaluate
Apply principles of environmental scanning and scenario writing;,Apply,"Analyze the strengths and weaknesses of the chosen scenario;
Evaluate the",Evaluate
"Demonstrate effective teaching skills such as planning and organisation; monitoring and assessing learning; meeting diverse student learning needs; effective classroom management; and developing collaborative, integrated and negotiated curriculum",Apply,":


Remember",Remember
"Use cognitive, technical and creative skills to generate and evaluate at an abstract level complex ideas and concepts relevant to government law and administration.",Apply,Correct Answer: Create,Create
"demonstrate familiarity with the curricula policies related to the teaching of psychology, both nationally and internationally",Apply,"I will classify the learning outcome as ""Understand"". The student",Understand
Understand and apply a range of contemporary theories in television studies;,Apply,Understand and apply a range of contemporary theories in television studies;,Apply
Develop frameworks for dealing with complexity in social work and the ability to develop appropriate strategies and interventions.,Create,Label: Create,Create
"Solve systems of simple ordinary differential equations, establish and use their eigenvalues, solve simple second-order boundary-value problems",Apply,Label: Apply,Apply
"Critically assess, and communicate both orally and in writing, developments and challenges in relation to gender and the law.",Evaluate,Correct label: Evaluate,Evaluate
"Demonstrate core knowledge of the normal structure, function and development of the human body at all stages of life.",Apply,Remember,Remember
Understand the philosophy and theoretical basis of applied movement contexts,Understand,,Invalid
Critically evaluate the evidence for the success of the treatment of overweight and obesity.,Evaluate,"___
Evaluate
___
Create
___
Understand",Create
Apply quantitative methods to evaluate research hypotheses in Developmental Psychology.,Apply,Correct Answer: Apply,Apply
Apply broad knowledge and understanding of legislative requirements and teaching strategies that support participation and learning of diverse students including those with special needs and with disabilities,Apply,,Invalid
"Appreciate the practical and theoretical nature of industrial design, in particular the intimate relationship between rational processes and inspirational factors in design;",Understand,Understand the importance of industrial design in the development of products and,Understand
"Understand, discuss and analyse different cinematic genres and styles of contemporary French cinema",Understand,,Invalid
"Understand the processes involved in the design, development and implementation of a research project;",Understand,"Understand the importance of ethical considerations in research;
Understand the role",Understand
Critically review scientific literature in the discipline area of research;,Analyze,,Invalid
Explain the role of the law and the criminal justice system in society.,Understand,"Label:

Understand",Understand
Demonstrate the ability to communicate engineering tasks to relevant parties and the ability to write technical reports.,Apply,Label: Create,Create
Critically analyse contemporary approaches to mental health service delivery;,Analyze,,Invalid
"Create game programs that demonstrate an understanding of Direct 3D rendering, including geometry, models, cameras, textures and lighting.",Apply,I will create game programs that demonstrate an understanding of Direct,Create
Understand expressions from different genres;,Understand,"- Understand expressions from different genres;

Remember",Understand
"Create evidence-based teaching resources relevant to curriculum design, transition planning, professional collaboration or the use of technology and reflect upon their use using professional practice frameworks.",Create,Solution: Create,Create
"Analyse thermodynamic systems using concepts of thermo-fluid properties, systems and control volumes.",Analyze,"___
Analyze",Analyze
Present and deliver audio/visual content in both live and pre-recorded formats;,Create,"- Remember
- Understand
- Apply
- Analyze",Analyze
"Investigate, analyse and synthesise complex information, problems, concepts and theories in relation to international banking and finance law, regulation and practice",Analyze,,Invalid
"Plan, design and develop a research project",Create,Example label: Create,Create
"Use those same skills to advise clients on trade mark registration in other countries and via international conventions, including Paris convention trade mark applications, Madrid Protocol applications and European Community Trade Mark applications.",Apply,Appling,Invalid
design and manage a client project;,Evaluate,,Invalid
"discuss intellectual traditions in European languages beyond Europe (such as mestizaje, cr√©olit√©, m√©tissage, third spaces, magical realism, etc.)",Understand,"___
Understand",Understand
Select approaches that maximise the potential for program sustainability;,Analyze,"Select approaches that maximise the potential for program sustainability;
Select approaches",Invalid
"Synthesize and interpret advanced knowledge in theoretical, computational and/or experimental physics.",Evaluate,Correct answer: Create,Create
understand and apply the core principles of and approaches to data analytics in the context of accounting,Apply,,Invalid
"identify and research a news story, conduct interviews and gather appropriate evidence;",Understand,,Invalid
demonstrate skills in the critical assessment of alternative solutions and trade-offs in the traffic system,Apply,Correct Answer: Evaluate,Evaluate
Plan and critically evaluate the existing literature for the implementation of a group therapy program for a relevant child or adolescent clinical presentation;,Evaluate,,Invalid
Integrate sociological theories into core research interest.,Create,"Solution:
Create",Create
Understand the numerical methods behind solutions of equations regularly encountered in methods in biostatistics.,Understand,Response:Understand,Understand
Synthesise data from a range of instruments and sensors to report on performance against standards.,Create,Correct label: Create,Create
Implement network management protocols and security requirements.,Apply,"Label:

Apply",Apply
Critically evaluate the interaction between governance approaches and their realisation in practice in terms of sustainability outcomes.,Evaluate,Correct Label: Evaluate,Evaluate
"Communication: Recognise culturally appropriate, safe and sensitive communication that facilitates trust and builds respectful relationships with Aboriginal and Torres Strait Islander peoples.",Remember,Correct Label: Understand,Understand
Identify and comprehend the relationship between program plans and evaluation plans,Understand,,Invalid
consolidate the core principles underlying econometric and statistical analysis,Evaluate,Correct Answer: Understand,Understand
Apply a range of disciplinary approaches to understanding business institutions and organisations in a Japanese context,Apply,,Invalid
"understand purposes, principles and approaches in educational research",Understand,"___ Understand
___ Remember
___ Apply
___ Analyze",Analyze
Understand tail risk concept and quantify it based on either heavy tail distributions approach or extreme value theory.,Understand,"I will label this as ""Understand"". The student is expected",Understand
"In the context of a health care consumer and the wider community: (i) Outline and demonstrate the key principles of good communication, and recognises the importance of this in pharmacy practice (ii) Communicate basic information about medicines or healthcare issues (iii) Effectively communicate a health care issue and some basic medicines information to a peer (iv) Comprehend basic ethical principles related to pharmacy  (v) Describe concepts of cultural competence and their importance for health service providers (vi) Identify and articulate your cultural values in the context of health and illness behaviours (vii) Describe elements of behavioural psychology that impact effective communication (viii)Observe, evaluate and reflect on a pharmacist delivering patient-centered careThemeslabel Professional practice (what pharmacists do)",Apply,"Professional practice (what pharmacists do)
Professional practice (what pharmacists",Invalid
Understand the policy environment and how it affects policy outcomes;,Understand,Understand the role of the media in shaping public opinion and policy,Understand
To communicate a historical argument to staff and fellow students in an oral presentation;,Create,To communicate a historical argument to staff and fellow students in an,Invalid
Demonstrate increased cultural capability in relation to Aboriginal health and how to apply a 'strengths based' approach to Aboriginal health issues,Apply,,Invalid
"Develop drawing skills and strategies to translate data, concepts and communication as a formative skill in studio research;",Create,,Invalid
Evaluate theories of development.,Evaluate,"___
Evaluate",Evaluate
apply specialist skills and knowledge to project finance issues and to create solutions to practitioner issues,Apply,Example label: Create,Create
"Compare and contrast alternative forms of modernity and post-modernity currently being examined in non-Western countries through new interpretations of Christian, Islam, Hinduism and other world religions;",Evaluate,,Invalid
Gain experience in identifying research problems in medical ultrasound and developing a research plan that will assist in the resolution of the research question;,Create,"Identify the research question;
Develop a research plan;
Gain experience",Invalid
evaluate unionism and industrial relations as mechanisms of employee protection.,Evaluate,"___
Evaluate",Evaluate
"understand the nature of leadership as a context-bound, attributed status; and leadership as a socially and institutionally constructed phenomenon",Understand,"I will label this learning outcome as ""Understand"". The student",Understand
"Identify and apply fundamental concepts of melody, harmony and rhythm;",Apply,"Demonstrate understanding of musical forms and structures;
Analyze and",Analyze
Apply principles of immunological techniques used in diagnostic and research laboratories;,Apply,,Invalid
Construct a project schedule in Microsoft Project for a given construction project by applying principles around work breakdown structure and relevant productivities.,Apply,"Remember
 Understand
 Apply
 Analyze
 Evaluate
 Create",Create
"Evaluate and apply design research methods to a design project, demonstrating a synthesis of complex theories, concepts and propositions;",Apply,,Invalid
Demonstrate advanced skills of independent research and critical analysis,Understand,"Label:

Analyze",Analyze
Critically analyse and successfully respond to the complex range of issues inherent in an architectural design project;,Analyze,You should now write exactly two characters representing the label you believe,Invalid
apply theory to cross cultural scenarios,Apply,"Example:
""Given a set of data, apply the statistical",Apply
"Effectively communicate (orally and written) aspects of how medicines work to peers, lay people and other healthcare professionals",Understand,"Correct label

Question: How would you classify the learning outcome",Invalid
"Use problem solving skills to define appropriate strategies to meet the needs of clinical imaging through MRI techniques, and to recognize deficiencies in images, such as reconstruction artifacts, and be able to identify the cause of such problems.",Apply,Remember,Remember
Discuss and evaluate the role of molecular techniques in the diagnosis of human diseases and the design of targeted therapies or specific treatments.,Understand,Correct Label: Evaluate,Evaluate
"Recognise and cite evidence for how biomedical research, including cell biology, animal models of disease and human studies are important in defining the pathogenesis of disease and the optimal treatment of disease in a public health context;",Remember,,Invalid
"Be familiar with the research skills and methods of urban scholars, including urban historians and other related disclipines;",Understand,,Invalid
Investigate barriers to effective pain management and develop strategies for overcoming them.,Create,"___
Create",Create
conduct quantitative data analysis of a suitable multivariate data set through a practical research activity,Analyze,"Example:
""identify the most suitable multivariate data set for",Invalid
"Develop an understanding of language as a social, cultural and political practice",Understand,,Invalid
analyse the application of relevant external and internal systems to guide and regulate corporate behaviour,Analyze,Correct Label: Analyze,Analyze
Apply ethical approaches and the law of professional responsibility to generate appropriate jurisprudential and practical decision-making and conduct in lawyering;,Apply,Generate appropriate jurisprudential and practical decision-making and conduct in law,Invalid
Identify and describe key social science perspectives on medicine and health care in contemporary society.,Understand,"___
Understand",Understand
"Evaluate the preservation and condition of human remains, and assess how preservation impacts on techniques employed by forensic anthropologists.",Evaluate,Correct Label: Evaluate,Evaluate
Proficiently present multimedia design concepts in a logical and informed manner that has relevancy to a specified target audience;,Create,,Invalid
apply critical thinking and problem solving to activities dealing with accounting information systems.,Apply,The label for this learning outcome is: Apply,Apply
Have an understanding of the basic concepts of an energy balance (life-cycle analysis) with regards to materials usage,Understand,,Invalid
Apply arranging concepts to the formulation and development of musical works.,Apply,"___
Apply",Apply
"Address the interaction between, often conflicting, requirements in the design of airframes i.e. aerodynamics, avionics and propulsion.",Understand,"The label for the learning outcome ""Address the interaction between,",Invalid
Critically reflect on political theory as an attempt to explain the meaning and advance the possibility of human freedom,Analyze,Correct label: Evaluate,Evaluate
Critically evaluate screen theoretical approaches and employ them to make arguments based on close textual analysis of television programs;,Evaluate,,Invalid
Understand the nature of a social environment and the meaning of a social network.,Understand,"___
Understand",Understand
Discuss concepts of groundwater residence times and how these impact on the sustainable management of water resources;,Understand,,Invalid
Understand modern Korean history and major social issues in Korea in comparison with their own.,Understand,Question: What are the major social issues in Korea and how,Invalid
Utilize teamwork to solve challenges associated with research.,Apply,"Example: ""Work collaboratively with peers to design and conduct a",Invalid
Use well-developed research and collaboration skills to formulate and evaluate possible responses to these challenges.,Apply,"Label:

Evaluate",Evaluate
"Illustrate how the scripting process responds to wider production factors such as pitching, budget, distribution and marketing in different mediums.",Analyze,"___
Create",Create
"demonstrate, describe, apply and evaluate the different research methods used by educators and researchers in the field of inclusive education and/or applied behaviour analysis",Apply,,Invalid
Identify functionally important sequences within a genome and explain how changes in these can impact phenotypes at both the mechanistic and molecular level;,Remember,The label for this learning outcome is: Analyze,Analyze
"Identify and describe potential medico-legal and ethical situations arising from sonographic practice and the communication of sonographic findings to patients, radiologists or sonologists and referring medical practitioners;",Understand,,Invalid
explore the process of value management in a global world,Analyze,,Invalid
"Conduct research into issues relating to how the European Court of Human Rights has consistently updated the obligations on member states in the light of changing circumstances, especially social and cultural values",Apply,,Invalid
"Design an ART laboratory considering personnel, equipment and layout",Create,"Label:

Create",Create
"Explain the chemistry and pharmacological mechanism of action of drugs used in treatment of endocrine and renal conditions, and predict how this leads to the treatment of these conditions and possible side effects",Understand,Correct Answer: Evaluate,Evaluate
"Be able to complete and analyse a set of laboratory-based, computer-based, theoretical or other appropriate studies;",Analyze,- Be able to complete and analyse a set of laboratory-based,Invalid
Employ case studies of rituals and associated cosmologies in a variety of sociocultural settings to examine critically the cultural borders established between the fields of science and spiritual belief.,Apply,Correct Label: Evaluate,Evaluate
Reflect critically on practice and propose knowledge and skill gaps and methods to achieve them;,Analyze,,Invalid
Evaluate and critique the major theoretical and research approaches within cognitive psychology,Evaluate,,Invalid
Apply knowledge and understanding of recent developments in relation to corporate insolvency law with creativity and initiative to new situations in professional practice and/or for further learning;,Apply,- Apply knowledge and understanding of recent developments in relation to corporate,Apply
Describe fundamental principles of kinematics of particles and rigid body motion in a plane.,Understand,"Label:

Understand",Understand
Communicate (in spoken and written form) the core issues and controversies in global governance;,Create,- label: Create,Create
Understand the minimum norms and standards for the care of children in institutions and in the welfare system in South Africa.,Understand,"I will label this as ""Understand"". The student is expected",Understand
analyse the term structure of credit spreads and probabilities of default,Analyze,,Invalid
Apply the concepts of unit operations to combine them into a block flow diagram and process flow diagram of a chemical process.,Apply,"___
Apply",Apply
"Relate presenting complaints and clinical signs to common and important illnesses, conditions and disorders.",Apply,The label for the learning outcome is: Understand,Understand
Apply sophisticated tools of algebraic topology to tackle new problems.,Apply,"Example: ""Given a homology group, compute its Bet",Invalid
Investigate key ways in which screen images are perceived and comprehended; ,Analyze,Analyze the impact of screen images on viewers' emotions and thoughts,Analyze
be familiar with recent research examining plasticity and reorganisation in the primate brain;,Understand,be familiar with recent research examining plasticity and reorganisation in,Invalid
"Apply a range of suitable techniques for the numerical solution of ODEs, including using discrete Fourier transforms, PS and FE methods",Apply,Answer: Apply,Apply
Demonstrate knowledge of the fuels used in aircraft and rocket engines and be able to undertake simple combustion related calculations dealing with these fuels.,Apply,Correct Answer: Apply,Apply
define the purposes and scope of mergers and acquisitions in terms of the legal and economic consequences,Understand,"I will label the learning outcome as ""Understand"". The student",Understand
Demonstrate knowledge of the practice and policy frameworks that animate health and mental health and consumer services in Australia.,Apply,Correct Answer: Understand,Understand
"critically evaluate attempts to increase competition in particular industries, e.g. aviation, electricity and telecommunications, where there are ongoing reforms.",Evaluate,Correct Label: Evaluate,Evaluate
Critically review the scientific literature that underpins the area of the research project;,Analyze,- Critically review the scientific literature that underpins the area,Invalid
appreciate the diversity of EAL learners and plan for multilevel classes,Understand,Answer: Understand,Understand
articulate key concepts through verbal and visual presentations,Understand,Correct Label: Create,Create
Demonstrate effective legal writing and written communication skills by clear and persuasive articulation and application of procedural rules and principles.,Apply,Remember,Remember
Critically assess the role and contribution of Australian climate change law in the context of regional or national responses to climate change,Evaluate,,Invalid
"explain the content of, and regulatory requirements associated with, company financial statements",Understand,Answer: Understand,Understand
Articulate and synthesize the objectives and practice approaches in the service system constructed to meet these mental health challenges and needs.,Understand,The label for this learning outcome is: Create,Create
Analyse the genetic and environmental regulation of organogenesis in the major organ systems;,Analyze,- Analyze,Analyze
"undertake original research, either theoretical or applied.",Apply,"___
Create",Create
"reflect critically on their own, and others' writing practice;",Analyze,"consider the strengths and weaknesses of their writing;
develop strategies to",Invalid
Interpret results of specified investigations and use to guide patient management,Evaluate,"Correct label:

Evaluate",Evaluate
Analyse critically the context and application of information retrieval systems;,Analyze,"Assess the strengths and weaknesses of different information retrieval models;
Evaluate",Evaluate
"Describe Essential Nutrition Actions (ENA) as prescribed by the World Health Organisation, and its relevance to local setting.",Understand,"Remember
 Understand
 Apply
 Analyze
 Evaluate
 Create",Create
"interpret and critically evaluate local, national and international research and policy concerned with English language and literacy education",Evaluate,Correct Label: Evaluate,Evaluate
"Present, analyse and interpret data from a range of experiment types and discuss this in the context of current scientific literature.",Analyze,"Correct answer: Analyze

Question: How would you classify the",Analyze
"demonstrate an awareness of the governance, leadership, ethical and diversity dimensions of complex global business issues in local and international contexts",Apply,"I will classify the learning outcome as ""Understand"". The student",Understand
conduct statistical inference in statistical models with a limited dependent variable (TOBIT and Censored Regression models),Analyze,"I will label this as ""Apply"". The student is expected",Apply
"Apply knowledge and understanding of the principles of human perception, judgment and decision-making used in the legal system;",Apply,"- Apply knowledge and understanding of the principles of human perception,",Apply
"Demonstrate the intellectual and practical skills needed to identify, research, evaluate and synthesise relevant factual, legal and policy issues.",Apply,The label for this learning outcome is: Create,Create
Communicate and present the project design to client and constructors;,Create,,Invalid
Appraise and critique interview techniques for models of real world jobs in the biomedical or biotechnical industries.,Evaluate,"___ Evaluate
___ Create
___ Understand
___ Apply",Create
"Apply critical judgement to the selection of materials and processes for additive manufacturing of medical products in the light of the design, manufacture and regulation requirements of medical devices or implants.",Apply,"Remember
 Understand
 Apply
 Analyze
 Evaluate
 Create",Create
"Understand and appreciate the value of sociocultural diversity in school communities and begin developing a professional capacity to recognise, respond and teach to difference",Understand,,Invalid
demonstrate skills in using the appropriate statistical techniques from a user and provider perspective,Apply,"I will classify the learning outcome as ""Apply"". This is",Apply
Exercise professional judgement in recognising and responding to ethical issues and professional responsibilities that arise in the practice of litigation and dispute resolution and show an advanced and integrated understanding of approaches to professional decision making;,Apply,The label for 'Exercise professional judgement in recognising and responding to,Invalid
"Apply knowledge of the use of intravenous iodinated contrast media in CT angiography, CT pulmonary angiography and perfusion CT studies to the interpretation of these images generated in the emergency and trauma context.",Apply,,Invalid
"an introductory understanding of the cultural, economic, social and religious circumstances that lie behind the spread of politically motivated violence; b. how terrorism is a unique form of political violence, yet one that shares some features, objectives and tactics of guerrilla warfare, organized crime and political assassination.",Understand,"a. Understand

Question: A student is asked to analyze",Analyze
Identify the opportunities and constraints related to development in industrialising countries and disadvantaged indigenous communities living within wealthy nations.,Remember,"___
Evaluate
___
Create
___
Understand",Create
"Explain use and development of the broader applications of MRI, including spectroscopic, dynamic and functional imaging",Understand,"Remember
 Understand
 Apply
 Analyze
 Evaluate
 Create",Create
"Recognise and reflect upon the ethical issues that may arise when forensic evidence is given in legal proceedings, and the professional responsibilities of lawyers in addressing these issues;",Remember,The label for the learning outcome 'Recognise and reflect upon,Invalid
"Critique, interpret, systematise and integrate theoretical analyses and empirical findings and present them in a cohesive written review.",Evaluate,"Correct label: Evaluate

Question: How does the integration of",Evaluate
evaluate digital archiving initiatives/projects in the community and cultural heritage sectors.,Evaluate,"___
Evaluate",Evaluate
Explain the advanced physical principles associated with the medical imaging topic chosen for in-depth study including PET/CT hybridisation;,Understand,The label for this learning outcome is: Understand,Understand
"Communicate effectively and supportively with the multidisciplinary team, patient and family/carers, both written and verbally",Create,Answer: Communicate effectively and supportively with the multidisciplinary team,Invalid
Assess risk of bias across quantitative research designs.,Evaluate,"___
Evaluate
___
Evaluate
___
Create",Create
Assess how smart contracts are executed and the limitations of smart contracts,Evaluate,,Invalid
Demonstrate an ability to research published scientific literature and effectively communicate their findings either orally or in writing.,Apply,Correct Answer: Create,Create
"an appreciation of the history, philosophy and practice of empirical research in Sociology and Anthropology;",Understand,,Invalid
Conduct research into capital punishment based on knowledge of appropriate international andcomparative law research principles and methods.,Apply,Remember,Remember
value the practice of real-world chemistry,Evaluate,Answer: Evaluate,Evaluate
model water flow processes in the unsaturated zone.,Create,"Solution:
Apply",Apply
Knowledge in the design of micro/nano-electro-mechanical-systems and micro/nano-fluidic devices for various bio-applications To develop the ability to:,Create,- Design micro/nano-electro-mechanical-systems and,Invalid
"Analyse and interpret key documents which codify and illustrate international criminal law, through their application to complex case scenarios.",Analyze,Correct Label: Analyze,Analyze
"Plan, conduct and report on research in their Honours discipline;",Create,- label: Create,Create
design and implement effective educational plans to deepen inclusive teaching and learning practices.,Create,"___
Create",Create
"Communicate engineering designs through calculation, drawings, and reports as part of a team.",Create,Correct answer: Apply,Apply
Identify and explain the theory of argument;,Remember,"Identify and explain the theory of persuasion;
Identify and explain the",Invalid
Set up mathematical models for solution in a spreadsheet or other application software;,Create,,Invalid
Compile a data set handbook,Create,"Label:

Create",Create
analyse and interpret the jurisdictional issues and legal procedures relevant to the determination of such disputes,Analyze,Correct Label: Analyze,Analyze
Apply a critically reflective approach towards the management of human resources' issues in the emergency and trauma context;,Apply,,Invalid
Communicate research findings to an audience of peers.,Create,"Example: ""After conducting a literature review on climate change,",Invalid
explore the functions of professional and legal bodies in dealing with ethical matters,Analyze,"I will label the learning outcome as ""Understand"". The student",Understand
"analyse, synthesise and evaluate/reflect upon a business situation",Analyze,,Invalid
Demonstrate exposure to methods and tactics involved in architecture culture;,Apply,Demonstrate exposure to methods and tactics involved in architecture culture,Invalid
"Reflect on their own linguistic repertoire and those of other people, and how these come to bear on our relationships with society;",Analyze,,Invalid
"Utilise and appraise bioinformatic tools to compare DNA and protein sequences, search for genetic variants controlling complex traits, analyse transcriptome data and search for genomic signatures for adaptation;",Apply,Utilise and appraise bioinformatic tools to compare DNA,Invalid
Identify the impact of materials science and engineering on issues relating to energy and sustainability.,Remember,"___
Evaluate
___
Create
___
Understand",Create
"Present the results of the original research in written form as a thesis, and also present key thesis results in oral form as a final seminar.",Create,Present the results of the original research in written form as a,Invalid
"design sensitivity analysis, scenario analysis, stress testing approaches and apply real option analysis to assist corporate treasurers to analyse investment projects",Apply,,Invalid
Utilizing frameworks for evaluating family functioning within their environmental context;,Apply,,Invalid
Review the literature based on a selected topic within medical imaging which reflects a critical awareness of the current ideas and methods of practice;,Analyze,,Invalid
Design and perform an hypothesis-driven experimental approach to investigate physiological processes;,Create,The label for this learning outcome is: Create,Create
evaluate NLP systems.,Evaluate,"___
Evaluate",Evaluate
"Develop evidence based interventions to control simple environmental risks and prevent harm, including strategies for standard setting and systematic management of key personal, social and economic factors, to inhibit, control or reduce potential for harm.",Create,Correct answer: Create,Create
"Apply basic wind turbine aerodynamic models of horizontal wind turbines to estimate turbine aerodynamic performance, including the actuator disc concept and blade element momentum theory, and approaches to aerofoil design.",Apply,"Appl

Question: How would you classify the learning outcome",Invalid
"Evaluate imaging of the gastrointestinal, genito-urinary and hepatobiliary systems in terms of the patient presentation the anatomy and image quality;",Evaluate,The label for the learning outcome is: Evaluate,Evaluate
Identify the factors that influence health across the lifespan;,Remember,,Invalid
Thoroughly assess the theoretical working principles and the limitations of air pollution control systems.,Evaluate,"Label:

Evaluate",Evaluate
Design and analyse reactor systems using numerical methods and commercial software Aspen Plus,Analyze,Correct answer: Create,Create
"Understand how diverse biological, personal, developmental, social and environmental factors combine to impact skill acquisition across a range of abilities",Understand,The label for the learning outcome is: Understand,Understand
Distinguish between employees and other kinds of workers and critically evaluate the implications of the distinction for workers and employers;,Evaluate,Distinguish between employees and other kinds of workers and critically,Invalid
Analyse and discuss digital media user and production cultures;,Analyze,"Discuss the impact of digital media on society;
Evaluate the role",Evaluate
Describe how polymer structure and morphology influences thermal and mechanical properties.,Understand,"Label:

Analyze",Analyze
"Increased knowledge, skills, and attributes necessary for independent research, enhanced capacity to formulate and research communication issues, to analyse and evaluate arguments, and to understand critical approaches to the planning, writing and editing of research;",Analyze,"- Understand the importance of independent research;
- Understand the importance",Understand
"gain an in-depth knowledge of an order structure, topological structure, and linear structure",Understand,,Invalid
Demonstrate language proficiency equivalent to Common European Framework of Reference (CEFR) level A2.,Apply,"Label:

Remember",Remember
Utilise and assimilate the practice and procedures of the International Court of Justice in presenting the written and oral argument;,Apply,Utilise and assimilate the practice and procedures of the International,Invalid
Skills of analysis and interpretation in the study of China through exposure to the textual sources used in this unit.,Analyze,"___
Analyze",Analyze
Analyse the effect of wing geometric variations on spanload.,Analyze,"___
Analyze",Analyze
"conduct in-depth study of either French, German, Italian or Spanish and Latin American cinema",Apply,,Invalid
Evaluate the effectiveness of existing counter-measures against cybercrime,Evaluate,,Invalid
"Review, evaluate and justify appropriate approaches for clinical trial design based on preclinical evidence.",Analyze,"___
Evaluate
___",Evaluate
"demonstrate advanced knowledge of the professional ethical, cultural and psychometric issues that arise when assessing and reporting on the cognitive and academic abilities, and individual differences across the lifespan",Understand,Correct Label: Evaluate,Evaluate
Analyze and contextualize the human and economic cost and causes of workplace injury and death in Australia.,Analyze,"___
Analyze",Analyze
Identify and explain the key rhetoric's informing media regulation and the ways in which they function within and through particular policy debates;,Remember,,Invalid
Address the issues and challenges of managing very large collections of heterogeneous data for information retrieval;,Understand,- Understand the issues and challenges of managing very large collections of,Understand
"Exercise judgment involving a combination of creative, design led, critically informed and self-reflective considerations as part of an iterative process of producing new or novel understandings, interpretations and applications;",Apply,"The student will be able to:
- Demonstrate the ability",Invalid
Demonstrate self-motivation and able to construct a program of work derived from various workshops that reflect a coherent direction which imaginatively addresses your own concerns;,Apply,,Invalid
Demonstrate a growing sophisticated ability to contextualise and communicate the theoretical and material rationale of the artwork within the field of contemporary art practices;,Apply,The student will be able to demonstrate a growing sophisticated ability to,Invalid
"Assess technology building blocks, their functional areas/characteristics and role in the design of emerging intelligent transport system (ITS) applications.",Evaluate,"___ Evaluate

Response:
Evaluate",Evaluate
"Skills in data cleaning, identification of outliers and data trimming using appropriate statistical methods.",Apply,Label: Apply,Apply
"Understand and critically evaluate the principles of human perception, judgment and decision-making used in the legal system;",Understand,"Understand and critically evaluate the principles of human perception, judgment and",Evaluate
"Relate the impact of social and environmental determinants of health on the health status and outcomes for patients across a range of contexts , including marginalised groups and the Indigenous populationThemeslabel Theme II",Apply,"Remember
Understand
Apply
Analyze
Evaluate
Create",Create
Examine the principles of clinical trials and understand their role in informing healthcare practice and policy.,Understand,Correct Label: Understand,Understand
Discuss the different theoretical approaches to the conceptualisation of Europe; and the dynamics between 'European' and 'national' responses to historical challenges and crises,Understand,Analyze,Analyze
critically reflect upon and develop your own personal English and literacy skills,Create,Correct Answer: Evaluate,Evaluate
"understand the roles and dynamic of the start up environment (founders, investors and C-level employees) and create and deliver a compelling pitch.",Understand,"Understood
Create",Create
Demonstrate a basic knowledge of applied mechanics relating to product design materials and structures;,Understand,Demonstrate a basic knowledge of applied mechanics relating to product,Invalid
demonstrate the ability to generate and analyse EViews computer output for business and economic applications.,Analyze,Label: Create,Create
"develop effective skills in applying a range of web tools in teaching English, and reflect on how ICT canfacilitate learning in students' contexts",Apply,,Invalid
Design a research proposal and timeline using appropriate data collection and analysis methodsThemeslabel Inquiry and Innovation,Create,"Remember
Understand
Apply
Analyze
Evaluate
Create",Create
Identify and understand routine transition metal catalysed and organocatalytic chemical reactions.,Understand,I will label this as: Understand,Understand
"identify, scope and deliver on a particular business issue of problem",Remember,"Solution:
Create",Create
"Develop, demonstrate and explain results of analysis, a software prototype or model.",Apply,Correct label: Create,Create
"Communicate in a manner that is effective for the stated purpose, intended audience and designated context of the project;",Create,- Communicate in a manner that is effective for the stated,Invalid
Have a understanding of key neuropsychological syndromes that are regularly encountered in clinical psychology practice;,Understand,,Invalid
"Recognise, define and compute odds, risk, relative risk, absolute risk and parameters associated with diagnostic test accuracy (such as specificity, sensitivity, likelihood ratios)",Remember,Remember,Remember
"demonstrate critical thinking, analytical and problem-solving skills in the context of investment theories and practices",Apply,Correct Label: Analyze,Analyze
Describe different sources of evidence and their roles in paramedic practice.,Understand,"Label:

Understand",Understand
"Critically analyse the meaning of health and the broad principles of public health such as equity, community engagement and partnerships to undertake a health needs assessment.",Analyze,Correct Answer: Analyze,Analyze
Describe how sample and patient witnessing is integrated into the IVF laboratory,Understand,,Invalid
"Demonstrate the ability to complete a written dissertation of 10-12,000 words for quantitative studies and up to 15,000 words for qualitative, including literature review and background information, methodology, results/findings, discussion, evaluation, recommendations and conclusions.",Apply,The label for the learning outcome is: Create,Create
Describe sensory techniques as used in robotics and implement these concepts.,Understand,"Label:

Apply",Apply
Describe the factors that have led to a greater emphasis on quality measurement and improvement in health care.,Understand,"___
Understand",Understand
"demonstrate an ability to engage both professionally and ethically with the complexities of transitions and change for children and families from diverse social, economic, cultural and linguistic backgrounds",Apply,,Invalid
think critically about the legal and ethical issues of digital communication;,Analyze,I will Evaluate the legal and ethical issues of digital communication.,Evaluate
"Extrapolate critical theory approaches to broader European and global challenges, and relate these approaches to their own field of interest or discipline;",Analyze,Extrapolate critical theory approaches to broader European and global challenges,Invalid
Formulate and analyse aerodynamics problems and be able to calculate the forces on aerodynamics problems and be able to calculate the forces on aerodynamic bodies,Analyze,,Invalid
enhance the capability of developing an original research topic,Create,___ Create,Create
Evaluate fundamental principles of pharmacology;,Evaluate,"Assess the impact of drug interactions on patient health;
Critically",Invalid
"demonstrate the application of knowledge and skills that forensic accountants and fraud examiners are expected to possess. These include: investigative techniques, knowledge of auditing, ethics, criminology, accounting, law, and information technology, and communication skills",Apply,,Invalid
Be fluent in the terminology used to navigate the brain and describe brain structures.,Understand,"Label:

Understand",Understand
"Describe the relationship between protein sequence, structure and function and relate this to specific examples in human health and disease;",Understand,"Describe the relationship between protein sequence, structure and function and relate",Invalid
Implement modelling concepts relevant to undertaking feasibility studies of transport proposals.,Apply,"Label:

Apply",Apply
Demonstrate cultural humility and explain behaviours and values required to engage in lifelong learning.,Apply,Correct Answer: Create,Create
"demonstrate knowledge and understanding of the historical, philosophical, curriculum and pedagogical foundations of health education",Understand,,Invalid
"demonstrate skills in building, analysing and using a budget and",Apply,"financial plan

Label: Apply",Apply
"Perform in a selected music ensemble with fundamental ensemble musicianship (for example phrasing, blend, balance, group dynamics, preparation, interaction and participation);",Apply,,Invalid
"Exhibit a critical understanding of the role of the media in the development, representation and ownership of sport",Understand,,Invalid
"Produce a thesis that displays competence in understanding and carrying out research in the field of psychology, but with less emphasis on comprehensive knowledge and originality as required in a research degree such as PhD",Create,"Remember
 Understand
 Apply
 Analyze
 Create",Create
"Evaluate with reference to the evidence-base and personal reflections acute and late radiation therapy side effects, analysing patient care and management strategies related to the above body systems.",Evaluate,,Invalid
Explain the effects of ionizing radiation on cellular matter and the basic principles underlying radiation dose and radiation safety,Understand,"I Review
II Understand
III Apply
IV Analyze",Analyze
"Demonstrate knowledge and understanding of the comparative concepts, content, skills and diversity of teaching strategies relevant to the humanities and social sciences",Understand,,Invalid
practise and critically reflect on strategies that maximise opportunities which encourage language use which matches students' real-life needs,Analyze,Correct Answer: Evaluate,Evaluate
Describe responses to the challenges of chronic disease management as embodied in models such as the chronic care model (Wagner) and their own country's responses to the challenges of this field,Understand,Response: Evaluate,Evaluate
Synthesise and analyse information/data collected from practice and communicate scientifically.,Analyze,Correct label: Create,Create
develop computer skills for forecasting from business and economic time series data,Create,Correct Answer: Apply,Apply
"Understand how observation, analysis, experiment and critique apply to the architectural design process;",Understand,Understand the importance of the architectural design process in the built environment,Understand
Distinguish the economic characteristics of transport operations involving the movement of people or freight;,Analyze,Distinguish the economic characteristics of transport operations involving the movement,Invalid
Evaluate major approaches of IT-based decision support;,Evaluate,Analyze the strengths and weaknesses of major approaches of IT-based decision,Analyze
Critically appraise the role of social work in criminal justice contexts.,Evaluate,"___
Evaluate
___
Create
___
Understand",Create
Apply learned problem solving skills to your data interpretation;,Apply,- label: Apply,Apply
Design and conduct experiments involving the cultivation of living cells and the use of cell assays. Themeslabel Pharmaceutical Science,Create,,Invalid
"Demonstrate an understanding of the processes involved in designing, developing and implementing a supervised research project;",Understand,,Invalid
Select appropriate techniques to suit the nature of the design or the communicative purpose.,Analyze,"Label:

Apply",Apply
Evaluate CT and MRI clinical images to recognise and describe the appearance of anatomical structures displayed in cross sectional imaging and identify abnormal appearances and common pathologies to include a variety of body areas.,Evaluate,Correct answer: Evaluate,Evaluate
Discuss the ethical principles underpinning the research process,Understand,Label: Evaluate,Evaluate
Demonstrate your capacity to generate data ethically and analyse its significance,Analyze,Correct answer: Create,Create
Describe and explain methods used in quality assurance and quality management in the food industry;,Understand,,Invalid
"Reflect on and assess their own capabilities and performance, and make use of feedback to support personal and professional development.",Analyze,Correct answer: Evaluate,Evaluate
Have a understanding of key neuropsychological syndromes that are regularly encountered in clinical psychology practice,Understand,,Invalid
Assess fluid applications and select appropriate techniques to solve the equations governing fluid behaviour for the design or analysis of those applications.,Evaluate,Correct Answer: Evaluate,Evaluate
Demonstrate awareness of scientific computing methods and visualisation.,Apply,"Label:

Understand",Understand
demonstrate the ability to create differentiated curriculum for middle years learners,Apply,Correct Label: Create,Create
communicate understanding of a variety of different international regulatory regimes in the finance and banking industry,Understand,Response:Understand,Understand
"distinguish between the different types and levels of assurance services provided by professional practitioners, including auditors, and describe the assurance framework",Analyze,,Invalid
examine how not-for-profit organisations generate funds and attract human resources,Analyze,Correct Answer: Analyze,Analyze
identify the instances where an auditor will find it effective and efficient to engage other parties to gather evidence and describe the procedures the auditor needs to perform on the work of the other parties.,Remember,,Invalid
formulate a well-structured and organised response to a question in writing;,Create,The label for the learning outcome is: Create,Create
"estimate transition intensities dependent on age (exact or census); understand the principle of correspondence, calculate central and initial exposures, explain the concept of rate intervals, estimate initial and central mortality rates from census data and death data",Understand,Estimate,Invalid
Predict the effect of disrupting cellular processes on cellular and system function and on human health; ,Evaluate,Predict the effect of disrupting cellular processes on cellular and system function,Invalid
recognise and use features of writing in World Englishes across cultures;,Remember,,Invalid
critically evaluate an entity's financial position and performance utilising financial statement analysis.,Evaluate,"___
Evaluate
___",Evaluate
Develop a high level awareness and understanding of the ideas and issues in medical ethics so that in practice the interests of their patients/clients are safeguarded.,Understand,The label for the learning outcome is Evaluate,Evaluate
Describe the pathophysiology of the six disease states under study.Themeslabel Pharmaceutical Science,Understand,,Invalid
acquire practical skills and knowledge for supporting strategic change within a business towards sustainable practice,Apply,Correct Answer: Apply,Apply
Apply the basic principles of structural and life-cycle design to analyse and optimise the resource efficiency of buildings of different typologies;,Apply,Analyze the impact of building design on the environment and society;,Analyze
"Creatively solve complex problems relating to privacy, technology, law and policy",Analyze,,Invalid
Describe key historical and philosophical developments which have resulted into the modern discipline of psychology.,Understand,"___
Understand",Understand
Analyse health literacy as it applies to self-management for people with chronic illness/es,Analyze,,Invalid
Understand the major theoretical and computational issues underlying analyses based on linear models.,Understand,"___
Understand",Understand
"Implement a project plan for a concert performance, based on the original concept and recordings from the previous semester;",Apply,,Invalid
Demonstrate how a given text exemplifies or challenges contemporaneous theories,Apply,"of literary criticism.

Remember
Understand
Apply
Analyze",Analyze
"Develop, implement, evaluate and disseminate information concerning a project that has occupational relevance to a community or population;",Evaluate,- Create,Create
Construct short computer programs that implement these numerical methods.,Create,"___
Create",Create
Respond creatively to design briefs of increasing complexity;,Create,"Generate innovative solutions to design challenges;
Develop original ideas for projects",Invalid
Identify and evaluate film and screen theory in relation to scholarly debates regarding contemporary and historical film and screen examples and methods;,Understand,Identify and evaluate film and screen theory in relation to scholarly debates,Evaluate
use the understanding of buyer-seller relationships and behaviour to develop marketing strategies for dynamic business markets,Apply,The label for this learning outcome is: Create,Create
"identify the implications of these developments for labour management practices, employee voice and participation in the workplace and representative organisations of employers and employees",Remember,,Invalid
describe and explain various aspects of the South African taxation system,Understand,Correct Answer: Understand,Understand
"communicate effectively in Indonesian, using basic speaking, listening, reading and writing skills in a limited range of situations and on a limited range of topics; ",Create,"communicate effectively in Indonesian, using basic speaking, listening,",Invalid
Evaluate a machine learning algorithm in typical contexts;,Evaluate,"- Compare the performance of different algorithms;
- Assess the trade",Invalid
"Conduct independent and ethical research, applying sound principles of study design and appropriate data analysis methods",Apply,,Invalid
Compare different methods of purifying antibodies from a range of different biological sources;,Analyze,,Invalid
assess and develop competencies in the different communication needs of accountants and their diverse stakeholders,Create,Correct Label: Evaluate,Evaluate
evaluate treasury management systems and other decision support systems,Evaluate,,Invalid
"apply critical thinking, problem solving and presentation skills to individual and/or group activities dealing with taxation and demonstrate in an individual summative assessment task the acquisition of a comprehensive understanding of the topics covered in BTS2301.",Apply,Correct Answer: Apply,Apply
"Investigate, analyse and synthesise complex information, problems, concepts and theories of national and international legislation in the core areas of air and space law;",Analyze,- Compare and contrast the main features of national and international legislation,Invalid
develop and evaluate cohesive marketing strategies for organisations involved in global marketing.,Create,Correct Answer: Create,Create
analyse and make recommendations regarding the design of strategic management accounting systems,Analyze,"I will classify the learning outcome as ""Analyze"". This is",Analyze
Describe the principles underlying the operation of a range of separation processes.,Understand,"Label:

Analyze",Analyze
Synthesise the available information on the impact of addictive behaviours on young people and families in order to demonstrate an understanding of the complexity of this issue,Apply,Correct Answer: Create,Create
"Measurement and document structural, lithological and stratigraphic data in the field and use this data to analyse the geological evolution of a region;",Analyze,,Invalid
"Identify and communicate cultural differences and similarities between English, and languages other than English;",Understand,- Understand the importance of cultural awareness in English language learning;,Understand
Apply the theoretical basis of health education and behaviour change in regards to nutrition intervention  ,Apply,,Invalid
Describe the importance of multicultural diversity and cultural relationships to professional practice.,Understand,"___
Evaluate
___
Create
___
Understand",Create
"Independently undertake complex legal research and:a. Assess and articulate options for clients/beneficiaries, including thestrengths and limitations of available legal options;b. Pro-actively develop solutions to complex legal problems;c. Synthesise large volumes of material, identifying key informationrelevant to developing legal material to support casework and/or policyadvocacy materiald. Recognise and appropriately respond to the strategic and ethicalimplications of different legal approaches;e. Critically analyse legal principles and the legal system, from avariety of perspectives including theoretical perspectives, identifyinggaps and inadequacies in the provision of legal support toclients/beneficiaries",Create,"Answer:
Create",Create
Apply differentiation techniques to related rates of change problems and optimisation problems.,Apply,"Solution:
Apply",Apply
"Develop, implement and document a focused research project",Create,"Example label: Create
Example label: Apply
Example label",Create
"Calculate approximations of functions with tangent lines, evaluate power series and construct Taylor series;",Evaluate,"- Use the power series to approximate functions;
  -",Invalid
"understand and appreciate how factors associated with complexity, uncertainty, ambiguity and social choice affect decision making in organisations",Understand,The label for this learning outcome is: Understand,Understand
Analyse the contribution of Italian political thought to the formation and development of modern political ideologies;,Analyze,Analyze the contribution of Italian political thought to the formation and development,Analyze
Effectively communicate scientific knowledge across disciplines and communities of practice in environment and sustainability.,Create,The label for the learning outcome is: Create,Create
"Demonstrate an ability to plan, organise and create a piece of creative nonfiction work from inception to entry level publication standard.",Apply,Solution: Create,Create
Generate appropriate responses to legal problems and communicate them in a form appropriate for legal practice or scholarship,Create,Label: Create,Create
identify and describe key methodological aspects of research and practice in one of the following areas: cultural and literary studies; translation studies,Understand,"Remember
Understand
Apply
Analyze
Evaluate
Create",Create
"critically evaluate organisational behaviour concepts and theories at the individual, team and organisational levels",Evaluate,Correct Label: Evaluate,Evaluate
Analyse stability of soil and rock slopes.,Analyze,"___
Analyze",Analyze
identify and evaluate digital archiving tools and services for users;,Understand,,Invalid
Analyse and critique contemporary issues related to spatial design;,Analyze,Identify and evaluate the impact of different design approaches on spatial design,Evaluate
"develop a clear understanding of the forms and dynamics of inter-partyand intra-party politics, and the impact this has on debates about publicpolicy and governance;",Understand,,Invalid
demonstrate developing communication skills by reporting on an aspect of the work undertaken during the placement.,Apply,Correct Answer: Create,Create
Evaluate and utilise appropriate philosophical foundations of research;,Evaluate,- Understand and apply the concepts of research design and methodology;,Apply
"Demonstrate both single objective and multi-objective optimisation of process models to improve the process objective(s), which assess the sustainability of chemical processes using the life cycle assessment methodology.",Apply,Correct Answer: Create,Create
"Recognise situations where a complex biostatistical data structure can be expressed as a Bayesian hierarchical model, and specify the technical details of such a model.",Remember,Label: Create,Create
"Apply fundamental knowledge of health sciences to determine and perform appropriate musculoskeletal physiotherapy management, including monitoring its effectiveness and utilising re-assessment findings to inform practice;",Apply,"Determine and perform appropriate musculoskeletal physiotherapy management, including monitoring",Invalid
Demonstrate food preparation and food analysis techniques.,Apply,"Label:

Apply",Apply
Critically analyse and assess information technology literature.,Analyze,"___
Evaluate
___
Evaluate
___
Create",Create
Understand and apply the rules of occupational health and safety appropriate to the discipline.,Apply,"Remember
 Understand
 Apply
 Analyze
 Evaluate
 Create",Create
"Design and implement an efficient research strategy to answer a legal research question, using the most appropriate online and paper-based research tools",Apply,,Invalid
"Analyse three-phase systems to calculate voltages, currents, active power, and reactivepower.",Analyze,"I will classify the learning outcome as ""Analyze"".",Analyze
"Develop classroom practice that engages school students in active and inquiry-based learning, so that they may participate in and understand their local, regional and global communities.",Create,Remember,Remember
"Critically assess threats, vulnerabilities and risks to an organisation's information assets, and propose control technologies and techniques which can be applied to reduce the security risk;",Evaluate,,Invalid
Discuss controversies surrounding the commercialisation and ethics of stem cell research and advances and requirements for clinical treatments;,Understand,Discuss controversies surrounding the commercialisation and ethics of stem cell research,Invalid
"Select suitable techniques and methods to conduct analysis, design and implementation activities;",Analyze,"Select suitable techniques and methods to conduct analysis, design and implementation",Invalid
"Explain the methods of conservation at various levels (eg. species, population, community, ecosystem etc.) and discuss the various conservation strategies that are available;",Understand,The label for this learning outcome is: Understand,Understand
Develop studio processes that generate creative research in various sculptural materials;,Create,,Invalid
Complete an adequate assessment of a patient with a psychiatric syndrome.,Evaluate,"Correct label:

Evaluate",Evaluate
Outline how different organelles are formed and positioned within cells and how these organelles respond to a changing environment;,Apply,,Invalid
Identify the key resources relevant to the topic,Remember,Answer: Identify,Invalid
Apply knowledge and skills which demonstrate judgement and defined responsibility in relation to Faculty and department compliance and readiness for placement,Apply,,Invalid
demonstrate the practical application of CBT techniques,Apply,Example label: Apply,Apply
"Conduct an evidence-based, theory-informed social work assessment and intervention plan.",Evaluate,"___
Create",Create
Identify and interpret the changes that have occurred in how the world economy has been governed since the end of the Second World War;,Understand,,Invalid
"Identify the legal and ethical issues that arise from changes to cognition, chronic and life limiting illness and the impact on chronic illness management",Remember,,Invalid
Describe basic principles of radiation protection with regard to the use of unsealed sources justifying the need for a regulatory framework governing their use,Understand,,Invalid
"Formulate a theoretical game design to a specific brief, implementing effective game narrative and balancing;",Create,,Invalid
"Compare, contrast, and critically analyse key interpretive frameworks and techniques through which Indigenous art is (and has been) perceived;",Evaluate,Analyze the impact of colonialism on Indigenous art and artists;,Analyze
Identify and apply social media marketing techniques as used in the industry.,Apply,"___
Apply",Apply
"demonstrate advanced understanding and application of innovation and change management theory, models and frameworks",Understand,I will: demonstrate advanced understanding and application of innovation and change,Invalid
"explain regulations related to equity issues, mergers and acquisitions and share buybacks",Understand,Answer: Understand,Understand
"Select and use appropriate resources and strategies for the teaching of disciplines, subjects and learning priorities in primary schools in varied settings and socio-economic settings within and outside Australia",Apply,,Invalid
"in the decision making context, apply management accounting techniques relating to full and relevant costing, cost volume profit analysis, budgeting, capital management and accounting for sustainability",Apply,,Invalid
Demonstrate an understanding of primary school curriculum relation to literacy learning.,Understand,"___
Understand",Understand
Apply engineering design techniques to solve engineering problems.,Apply,"Example:
""Students will be able to apply engineering design techniques",Apply
Generate simulations of power converters for renewable energy grid integration and various ancillary services in the power system.,Create,Response:Create,Create
Compare and interpret the different approaches taken to a legal issue across various jurisdictions.,Evaluate,"___
Evaluate
___
Create
___
Understand",Create
"Demonstrate skills in self-assessment and be able to act on feedback received, as well as provide constructive feedback to others in a practice situation.",Apply,Correct label: Apply,Apply
"Construct, deliver, and evaluate comprehensive case presentations including comprehensive case conceptualizations and treatment plans;",Evaluate,- Create,Create
"Relate mechanisms of injury and the clinical signs or symptoms of injury with the abnormal x-ray appearances of the pelvic girdle, lower limbs and thoracic and lumbar spine.",Apply,Response:Apply,Apply
"Understand key aspects of health regulation, case law and policy;",Understand,Demonstrate understanding of the role of the Health and Safety,Invalid
Formulate various modelling techniques for the analysis of network performance underincreasingly complex usage scenarios.,Create,Response:Create,Create
"Solve problems in a meaningful, systematic, and structured manner.",Apply,"Label:

Apply",Apply
Design a nanotechnology-based therapy. Themeslabel Pharmaceutical Science,Create,,Invalid
"Apply knowledge of, and understanding of developments in relation to children's rights within the context of international human rights law with creativity and initiative for further learning;",Apply,,Invalid
"Develop media strategies to productively engage with external stakeholders, the public, and the media particularly intimes of crisis;",Create,,Invalid
"Explore a variety of key contemporary health issues, information sources and discourses that influence the health status of a diverse range of people in society",Analyze,,Invalid
Understand and analyse the relationship between politics and ethics in the writings of political theorists,Analyze,,Invalid
critically analyse the strategic management theories and practices to apply to organisational realities,Apply,Correct Label: Analyze,Analyze
cultivate a toolkit of techniques to develop and persuasively communicate optimal solutions to wicked problems,Create,,Invalid
"Systematically assess a patient experiencing a respiratory or cardiovascular emergency, and associate the assessment with respiratory and/or cardiovascular disease pathology",Evaluate,,Invalid
"apply critical thinking, problem solving and presentation skills to individual activities dealing with international financial management and demonstrate in an individual summative assessment task the acquisition of a comprehensive understanding of the topics covered by BFW2341.",Apply,Correct Answer: Apply,Apply
describe teaching strategies that create a supportive learning environment for adolescents.,Understand,"___
Create",Create
Identify population health indicators particularly as they relate to vulnerable groups including Aboriginal and Torres Strait Islander people;,Remember,,Invalid
"Demonstrate in-depth understanding of the curriculum guidelines, documentation, assessment and evaluation policies relevant to local, regional and national context",Understand,,Invalid
Explain why globalization has produced such a diverse group of opponents;,Understand,- Evaluate,Evaluate
Understand the key principles of research presentation.,Understand,"___
Understand",Understand
Interpret legal and spatial codes and legislative standards that avoid risks to human and environmental health;,Evaluate,Analyze the impact of these codes and standards on the design and,Analyze
understand the main features of competition policies in Australia and around the world,Understand,The label for the learning outcome is: Understand,Understand
Have sound oral and written communication skills and be able to utilise these in such debates.,Apply,Correct answer: Create,Create
"Investigate, analyse and synthesise complex information, problems, concepts and theories in relation to advanced commercial negotiation;",Analyze,"- Demonstrate an understanding of the commercial negotiation process;
-",Invalid
"Communicate effectively and persuasively both orally and in writing on issues relating to non-adversarial processes, especially to a non-expert audience;",Create,"- Understand the importance of non-adversarial processes;
-",Understand
"Propose and justify a solution-based approach to a sustainable development challenge, alongside an implementation - change strategy.",Evaluate,Correct answer: Create,Create
Use technical word processing packages and graphics software effectively in the presentation of their work;,Apply,,Invalid
identify factors that help companies to survive and prosper,Remember,,Invalid
"Investigate, analyse and synthesise methods of factual proof according to some of the more complex and contested issues of evidence law applicable in Victoria",Analyze,,Invalid
"Plan change within the student's current work-place to improve chronic disease management, utilising their previous evaluations, known effective interventions and published guides, templates and financial modelling",Create,,Invalid
"Identify and analyse the key concepts of psychodynamic theory that contribute to an understanding of adolescent development, tasks and issues which include, family, culture and ethnic contexts;",Analyze,,Invalid
Effectively communicate in language suitable for the scientific community the results of analyses using causal inference methods,Analyze,,Invalid
Demonstrate safe prescribing practices for commonly used medications and fluids,Apply,,Invalid
Examine and evaluate sustainable energy options,Evaluate,,Invalid
"Determine the governing equations for viscous boundary layer flows, and apply these equations to calculate the drag due to skin friction in laminar and turbulent boundary-layer flows.",Apply,Label: Apply,Apply
Explain the developmental stages of adolescence,Understand,Answer: Understand,Understand
"Describe the normal structure and function of the central and peripheral nervous systems, the cardiovascular and respiratory systems as they pertain to a systematic health assessment;",Understand,The label for this learning outcome is: Understand,Understand
Conduct research in international banking and Islamic finance law and regulation based on knowledge of appropriate research principles and methods,Apply,,Invalid
write and interpret parallel database processing algorithms and methods;,Evaluate,,Invalid
"Describe the functions and processes relating to the complexities of planning and logistics in aeromedical retrieval systems, and their relationships with other health system components;",Understand,,Invalid
"Practice professional attitudes and behaviours including reflection, self evaluation and team work.",Evaluate,Output: Create,Create
"Import and visualise exploration data in industry-standard 3D modelling packages (LeapFrog Geo, Gocad, Geomodeller, Geoscience analyst)",Analyze,"___
Remember",Remember
"identify the strengths and limitations of different measurement systems, select appropriate measurement systems for different dimensions of behaviour, and use continuous and discontinuous measurement systems",Remember,,Invalid
Evaluate genome assemblies and underlying algorithms using short and long read sequencing data;,Evaluate,"- Compare and contrast the performance of different assembly algorithms;
-",Invalid
Demonstrate a basic level of competence in architectural design;,Understand,- label: Apply,Apply
"discuss the key aspects of the conceptual framework (as described in objective 1) as applied to the preparation and presentation of financial statements, as well as the various spectrum of accounting topics dealt with in this unit",Understand,,Invalid
Describe the midwifery skills required to provide comprehensive physical and psychosocial assessments when providing maternity care for women and their babies across the childbearing continuum;,Understand,,Invalid
understand what an interdisciplinary focus means and how it is implemented,Understand,Answer: Understand,Understand
"Identify, research, and evaluate relevant legal, factual and policy issues, including interpretation and application of relevant provisions of the Corporations Act;",Remember,"- Assess the strengths and weaknesses of the proposed solution;
-",Invalid
Appreciate electromagnetic transients in power systems.,Understand,"Label:

Evaluate",Evaluate
"Will acquire knowledge about a broad range of political and social theories, both classical and contemporary, as alternative and differing approaches to analysing social relations, and hence will gain an understanding of how political and sociological knowledge has developed over time;",Apply,Will be able to apply the knowledge acquired to analyse and evaluate,Evaluate
Produce a scholarly essay that clearly and cogently presents the outcomes of the research.,Create,"Label:

Create",Create
"Identify foodsources of particular nutrients, and recognise the clinical signs and symptoms of particular nutrient deficiencies and excesses, and explain the reason for their development.",Remember,"Remember
 Understand
 Apply
 Analyze
 Evaluate
 Create",Create
Assess problems from an engineering perspective and deliberate on the relevant contextual factors. Combine and apply sophisticated data analysis methods and decision-making skills to analyse industrial scenarios and make recommendations that support business growth and development.,Analyze,Correct Answer: Evaluate,Evaluate
Apply printmaking and other creative strategies as a form of expression appropriate to the concepts you are investigating;,Apply,,Invalid
"Understand and be able to apply the rules of occupational health and safety and environment appropriate to this unit of study, particularly those applying to use of computing equipment, access to facilities, and the environment of healthy and safe studio practices.",Apply,Remember Understand Apply Analyze Evaluate Create,Create
Analyse the pathophysiology of common traumatic and environmental conditions as it relates to specific intensive care interventions and clinical management strategies;,Analyze,The label for this learning outcome is: Analyze,Analyze
Analyse examples and case studies including those from high-reliability industries.,Analyze,"___
Analyze",Analyze
Develop a research proposal based on those sources;,Create,,Invalid
Observe and employ occupational health and safety appropriate to studio practice.,Apply,"Label:

Apply",Apply
"Evaluate a range of critical approaches used within film, television and screen studies;",Evaluate,- Compare and contrast the strengths and weaknesses of these approaches;,Invalid
To foster knowledge about Australia's democratic institutions and their inter-relationship with the community and with the processes of government,Remember,,Invalid
Describe and explain the main features that distinguish digital screen media from earlier types of screen production;,Understand,The label for this learning outcome is: Understand,Understand
"Identify, conceive and create design solutions for communicating tangible and intangible cultural heritage, with consideration to collaboration and inter-disciplinary processes;",Remember,"Identify, conceive and create design solutions for communicating tangible and intangible",Create
"Aware of the fundamental elements in various genres of writing commonly associated with the work place, including writing a review, an argumentative piece, a speech, a publicity material, etc;",Understand,,Invalid
"Analyse the treatment system, including the various modalities of treatment in the AOD sector (including face-to-face, telephone and online-based treatments), and describe the social, economic and political influences on a treatment system planning.",Analyze,"Remember
 Understand
 Apply
 Analyze
 Create",Create
Appraise the influence of socio-cultural factors on patient attitudes and responses to radiation therapy.,Evaluate,"___
Evaluate
___
Create
Understand
Apply",Create
be conversant with the evolving research literature that is represented in working papers and formal publications of leading researchers at home and abroad,Understand,Remember,Remember
Critically analyse the strengths and weaknesses of different epidemiological study designs.,Analyze,"___
Evaluate
___
Create
___
Understand",Create
Implement specialist medical diagnostic skills during the acute phase of illness or injury,Apply,,Invalid
Design and generate suitable mitigation strategies to inform management options.,Create,"Label:

Create",Create
Construct a simple simulation using a probabilistic model.,Create,"Example: ""Create a Monte Carlo simulation to estimate the value",Create
"Evaluate the significance of key economic thinkers such as Malthus, Smith, Ricardo, List, Schumpeter, Marx, Keynes and Hayek;",Evaluate,,Invalid
Recognise the value of networking skills and self-promotion in a professional context;,Remember,,Invalid
Identify and explain policy principles,Remember,,Invalid
"Recognise the principles of team-work, and the role of doctors in clinical teams. Theme II: Population, Society, Health and Illness",Remember,"Learning Outcome:
Describe the role of doctors in clinical teams,",Invalid
Demonstrate proficiency in computer-based literature searching word processing and other computer programs commonly used in their chosen chemistry discipline;,Apply,,Invalid
skills enabling them to critically analyse contemporary debates in applied ethics which depend on such issues and concepts,Analyze,Correct Answer: Analyze,Analyze
"Analyse the distinct features, the functional/disciplinary origins, and the key drivers of IT and IKM strategies focused primarily on (1) people, (2) business processes, and (3) content and technology, and the supporting technologies that can facilitate each approach;",Analyze,The label for the learning outcome is: Analyze,Analyze
Determine the impact of key international agencies and processes that influence health at a local level.,Evaluate,Label: Evaluate,Evaluate
An acquaintance with the considerable body of knowledge that has been built up about late medieval and Renaissance Florence (in the context of Italian history in general),Understand,"Remember
 Understand
 Apply
 Analyze
 Evaluate
 Create",Create
Design strategies to assess and improve sustainable lean practices.,Create,"___
Create",Create
Use appropriate data collection and analysis software to collect and analyse data,Apply,"Label:

Apply",Apply
"apply a range of effective classroom pedagogical strategies specifically related to knowledge of practical responses to conflict, harm and challenging behaviour.",Apply,The label for this learning outcome is: Apply,Apply
Critically examine the cultural artefacts and discursive frameworks of political and cultural discourses which accompany and frame the situations of various groups in a postcolonial environment;,Analyze,,Invalid
Identify conserved features in sequences and structures that define the function of macromolecules,Remember,"Correct Label:

Analyze",Analyze
"Illustrate how evolution by natural selection can be detected, and how evolution and genetic diversity are central to the successful management of biodiversity, invasive species and disease.",Analyze,"Solution:
Create",Create
plan and execute original projects on the social impact of media;,Create,,Invalid
"Effectively apply a systematic approach to identify, assess and care for the deteriorating patient",Apply,,Invalid
Undertake collaborative projects with scholars from other disciplines,Apply,to explore interdisciplinary connections and produce innovative solutions.,Invalid
Apply the basic concepts of graph theory;,Apply,"Analyze the properties of Eulerian paths;
Evaluate the efficiency of",Evaluate
"Apply technical skills for synthesising chemicals, interpreting chemical data, and collecting unique data using a range of sophisticated apparatus and technologies;",Apply,,Invalid
address key research questions,Understand,,Invalid
demonstrate in an individual summative assessment task the acquisition of a comprehensive understanding of the topics covered by BFF5902.,Understand,The label for the learning outcome is: Understand,Understand
"Demonstrate the use and principles of orthotic fabrication using low temperature thermoplastic materials and justify design, manufacture and application of a specific orthosis.",Apply,Output: Create,Create
"Debate the benefits and potential drawbacks of genetic modification, organic agriculture, and the use herbicides and pesticides in global food production.",Evaluate,The label for the learning outcome is: Evaluate,Evaluate
"analyse debates about how philosophy, politics and economics shape our understanding of the contemporary world;",Analyze,,Invalid
Interpret Chinese audio-visual news broadcasts;,Evaluate,,Invalid
"discuss the applications for knowledge gained in the unit in applied fields, such as language acquisition and forensic linguistics.",Understand,The label for this learning outcome is: Apply,Apply
Utilise the quality use of medicines principles in medication management decision making;,Apply,,Invalid
"understand the main concepts, theories and models of open economy macroeconomics",Understand,"I will label this as ""Understand"". The student is expected",Understand
"Investigate, analyse and synthesise complex information, problems, concepts and theories in relation to relevant jurisprudence from comparable domestic legal system such as the United States, Canada, New Zealand and the UK to apply in the Australian context.",Apply,"Remember
 Understand
 Apply
 Analyze
 Evaluate
 Create",Create
formulate portfolio management decisions,Create,Correct Answer: Create,Create
"assess various types of environmental impact assessment, risk evaluation andenvironmental management system methodologies",Evaluate,,Invalid
apply concepts drawn from discipline-based art education (DBAE) and other relevant curriculum models to the evaluation of specific examples of visual art and design curriculum practice.,Apply,"___
Apply",Apply
Be able to exchange knowledge and ideas with other scholars in order to achieve a high quality of legal scholarship;,Create,The label for this learning outcome is: Create,Create
Critically analyse a variety of approaches to psychological interventions;,Analyze,- Critically analyse a variety of approaches to psychological interventions;,Invalid
"Understand two and three dimensional spatial relationships in nature, built forms and visual systems;",Understand,"Understand the principles of design and composition;
Understand the principles of",Understand
"Have demonstrable expertise in sustained research, interviewing and composition skills",Apply,,Invalid
describe frameworks that support cross cultural teaching and learning and how they could be used in practice,Understand,Answer: Understand,Understand
Use technical and creative skills to generate and evaluate complex ideas and concepts relevant to International Refugee Law and Practice.,Apply,Correct Answer: Create,Create
Engage with and apply teaching and learning models of curriculum that provide for the educational needs of gifted students.,Apply,"___
Apply",Apply
Engage in critical analysis and exercise professional judgement in make reasoned choices among alternate interpretations and actions,Evaluate,"Correct label: Evaluate

Question: How does the integration of",Evaluate
"Demonstrate developed skills of oral presentation of criminal legal policy, rules and argument in an interactive learning context",Apply,Correct answer: Create,Create
communicate the results of marketing research projects.,Create,"___
Create",Create
"design an individual personal professional plan to support continued, professional learning and growth underpinned by evidence, the Graduate Standards for Teachers and other related professional frameworks",Create,Create,Create
"Outline the clinical presentations, signs and symptoms and treatments associated with various ailments, diseases and conditions commonly encountered in the community practice settings including children and geriatrics.",Apply,Remember,Remember
Acquire skills in the constructive approach to complex situations with competing ethical issues.,Understand,"Label:

Create",Create
Analyse texts in relation to contemporary reformulations of nationalism;,Analyze,Compare and contrast the different approaches to nationalism taken by the authors,Invalid
"Apply a critical understanding of the application of concepts and approaches from diverse disciplines, including history, sociology, anthropology, performance, translation and gender studies;",Apply,- to the analysis of the cultural and political significance of the,Invalid
"Distinguish between individual, couples and group therapy",Analyze,Answer: Understand,Understand
evaluate personal and professional development,Evaluate,Correct Label: Evaluate,Evaluate
"Demonstrate your awareness of the precedents for, and dimensions of, your own exhibition practice.",Apply,The label for the learning outcome is: Understand,Understand
prepare a comprehensive written research project in journal format.,Create,"Label:

Create",Create
develop an original research topic,Create,Correct Label: Create,Create
Competence in meeting the demands of an international professional program or project and being able to reflect critically on those demands.,Evaluate,Correct Answer: Evaluate,Evaluate
Reflect upon skills required to work in the area of sustainable development and identify skills they wish to develop further and;,Remember,Identify the skills and competencies required to work in the area of,Invalid
Build simple quantitative models based on theoretical knowledge or statistical data analysis.,Create,"Label:

Apply",Apply
understand investment characteristics of different asset classes and their implications in portfolio management,Understand,___ Understand,Understand
"Critically apply knowledge of assessment, intervention and referral skills to the field of practice.",Apply,Correct answer: Apply,Apply
Evaluate contemporary theories and review the evidence related to contemporary applied areas of psychology;,Evaluate,"Review the evidence related to contemporary applied areas of psychology;
Review",Invalid
"Work independently and collaboratively in learning and production processes, including online forums, to produce business / industrial/ economic reports;",Apply,The label for the learning outcome is: Create,Create
Use knowledge of the causative factors and pathophysiology in clinical reasoning,Apply,"to diagnose and manage patients with respiratory diseases.

Label: Apply",Apply
"Assess the biopsychosocial development of a child, adolescent and adult using a social work framework and analyse the structural factors that have impacted on the client's biopsychosocial development.",Analyze,Correct Answer: Evaluate,Evaluate
explain the role that records and archives play in organisations and society;,Understand,explain the role that records and archives play in organisations and,Invalid
Critically analyse and evaluate a range of case studies regarding public relations campaigns;,Analyze,,Invalid
Critically analyse various approaches to nursing research.,Analyze,"___
Analyze",Analyze
discuss the potentially controversial implications of political applications of human rights discourse;,Understand,The label for the learning outcome is: Evaluate,Evaluate
"explain and apply the concepts of the ""object-oriented"" style of programming.",Understand,"Label:

Understand",Understand
"apply business analytic tools to produce innovative solutions in finance, marketing, economics and related areas",Apply,"Example: ""Use Excel to analyze sales data and identify trends",Analyze
Have an understanding of the importance of culture - including popular culture - to historical research,Understand,,Invalid
"Research, evaluate and implement narrative techniques used in immersive, interactive and experiential storytelling across diverse media;",Analyze,,Invalid
Undertake original research into emerging digital technologies and associated regulation and policy contexts;,Apply,- Understand the implications of emerging digital technologies and associated regulation and,Understand
Evaluate the effectiveness of public sector reforms in practice;,Evaluate,- Evaluate,Evaluate
Analyse the structure of their own health system.,Analyze,"___
Analyze",Analyze
Select appropriate tools and algorithms to perform forensic investigations and acquire relevant evidence;,Analyze,,Invalid
"Conduct research into a contemporary international sporting issue to: identify relevant factual, legal and policy issues; critically evaluate the existing legal and regulatory regimes; and though the application of legal reasoning, critical analysis and their cognitive and creative skills, generate appropriate jurisprudential and practical responses and/or reforms;",Apply,The answer is: Create,Create
"Explain the principles of cardiac, vascular, perfusion and diffusion imaging in the context of evidence based practice.",Understand,"Remember
 Understand
 Apply
 Analyze
 Evaluate
 Create",Create
"Generate an arithmetic or geometric sequence or series using a recurrence relation, and solve problems in practical contexts.",Create,Correct answer: Create,Create
"The ability to think critically and analytically, and to be able to articulate those ideas.",Analyze,"Critically and analytically thinking, and articulating ideas",Invalid
be familiar with economic factors which are of a major interest to stakeholders in the banking and finance industries.,Understand,The correct label is: Understand,Understand
"Analyse the extent to which chemical reactions proceed, and determine the composition attained at equilibrium.",Analyze,Correct Answer: Analyze,Analyze
Critically analyse the goals and motivations of various actors,Analyze,in the context of the European Union's foreign policy.,Invalid
"Communicate ideas and concepts in order to critically justify designs through a process of observation, reflection, analysis, selection, interpretation and expression;",Evaluate,- Communicate ideas and concepts in order to critically justify designs,Invalid
understand the key principles of utilising systems of support within schools and systems,Understand,,Invalid
assess relevant academic literature and apply the results of the research to the specific issues under review;,Apply,,Invalid
interpret and report the results/findings obtained from qualitative and quantitative data analytic techniques.,Evaluate,"Label:

Evaluate",Evaluate
"implement, critically appraise and apply research in educational and developmental psychology",Apply,"Example label: Create

Question: Design a mixed-methods",Create
Debate contemporary issues in healthcare simulation,Evaluate,,Invalid
Communicate ideas in a range of academic and professional formats ,Create,,Invalid
identify predictors and consequences of 'wellness' and 'toxicity' in the organisational context,Remember,,Invalid
understand the suitability and strengths of group therapy,Understand,,Invalid
"Generate PID and state-space controllers, meeting design specifications, using analytical and computer-based techniques.",Create,"Label:

Create",Create
develop and demonstrate broad knowledge and understanding of contemporary theories of childdevelopment for children's learning,Understand,,Invalid
Knowledge of issues related to the design and implementation of social science research;,Remember,- Understand the importance of research design and implementation in social science,Understand
Identify the normal structure and function of the musculoskeletal system and the nursing/midwifery practice considerations related to associated musculoskeletal conditions.,Remember,"Remember
 Understand
 Apply
 Analyze
 Evaluate
 Create",Create
develop an ability to research and critically evaluate developments in marketing law.,Evaluate,Correct Answer: Evaluate,Evaluate
"Demonstrate a critical awareness of the capacities, limitations and socio-professional implications of online journalistic practices in the African context.",Understand,Label: Evaluate,Evaluate
"Apply professional judgment and critical thinking skills to interpret legal conclusions and legislation, evaluate alternative constructions and justify a considered opinion;",Apply,"Analyze the strengths and weaknesses of a legal argument, including the",Analyze
"Recognise, interpret and analyse traditional and critical theoretical perspectives, and conventional and alternative concepts in the study of International Relations across its four subfields (security studies, international political economy, foreign policy and global governance).",Analyze,Correct Answer: Analyze,Analyze
Demonstrate understanding of legal issues arising in the digital workplace by identifying and evaluating their impact on professional practice.,Understand,Correct Label: Evaluate,Evaluate
"Articulate and apply the fundamental principles of negligence law, false imprisonment, trespass to land and nuisance, including defences and remedies",Understand,"Remember
Understand
Apply
Analyze
Evaluate
Create",Create
Reflect critically on their own performance practice.,Analyze,"___
Evaluate
___
Evaluate
___
Create",Create
Illustrate how to manage power relations and conflict in groups through demonstrated facilitation skills and critical reflection on their group participation.,Apply,"Example 1

Label: Create
Example 2",Create
Critically reflect on decisions and judgements made to demonstrate accountability for informed patient care,Apply,Correct label: Evaluate,Evaluate
Analyse strategies for successful management of stress and fatigue on physical and mental health;,Analyze,,Invalid
"Discuss the process of homeostasis, whereby physiological systems are regulated to maintain a relatively constant internal environment for maintenance of health",Understand,Correct Label: Understand,Understand
Determine greenhouse gas emissions associated with energy use and analyse mitigation strategies.,Analyze,"Label:

Analyze",Analyze
Determine the structural behaviour various bridge types quantitatively and qualitatively using relevant hand- and computer-based methods.,Apply,The correct label is: Create,Create
Consistently apply the rules of occupational health and safety in force in the studio appropriate to a developing interdisciplinary practice.,Apply,The label for the learning outcome is: Apply,Apply
Apply knowledge and understanding of recent developments in relation to banking law with creativity and initiative to new situations in professional practice;,Apply,"- Apply
- Understand
- Create
- Evaluate",Create
Understand the interaction of ionising radiation with materials and the resultant secondary effects; derive the structure factor and extinction law in diffraction events.,Understand,Understand,Understand
"Conduct research in the law of remedies in commercial disputes, based on knowledge of appropriate research principles and methods;",Apply,,Invalid
Demonstrate fundamental skill development in the operations associated with lens-based photography including the principles of photographic representation and technical principles of image production;,Apply,Demonstrate the ability to apply photographic principles and techniques to,Apply
"Apply research skills to independently find relevant information about an essay topic; organise, synthesise and analyse the information and communicate it in written and oral form.",Apply,"Output:
Apply",Apply
Critically analyse scientific literature on the atmospheric boundary layer.,Analyze,"___
Analyze",Analyze
"Knowledge of poststructuralist, cyberculture and contemporary media theories influencing development of digital literatures;",Remember,,Invalid
"be able to clearly and effectively communicate solutions, applying the knowledge in above areas, in a distinctly logical manner in relation to activities dealing with the management of financial institutions and demonstrate in an individual summative assessment task the acquisition of a comprehensive understanding of the topics covered by BFC3170.",Create,Correct Answer: Create,Create
Explain the scientific principles underpinning computed tomography;,Understand,Identify the advantages and limitations of computed tomography in medical imaging;,Invalid
Use research processes with due regard to ethical procedures and academic conventions,Apply,,Invalid
Construct the link between social policy and the goals and values of social work.,Create,The label for the learning outcome is: Create,Create
"Critically evaluate, analyse and interpret the collected results to generalise the rules that govern the analytical technique.",Analyze,Correct answer: Evaluate,Evaluate
"Evaluate, assess and communicate both personal and team progress and learning, thus engaging in meaningful reflective practice of one's self and the outcomes and process of the projects.",Evaluate,"Remember
 Understand
 Apply
 Analyze
 Evaluate
 Create",Create
Identify the conventions associated with film genres;,Remember,,Invalid
Describe the techniques that are available to manipulate reproduction in animals,Understand,Answer: Understand,Understand
Assess whether an estimator has desirable properties,Evaluate,"Correct label

Evaluate",Evaluate
Design approaches for collecting and analysing data for a range of industry problems.,Create,"___
Create",Create
recognise and utilise language learning and communication strategies;,Remember,,Invalid
"Be familiar with the main stages of central nervous system development, and the impact of these stages on normal cognitive functioning;",Understand,,Invalid
Understand how to tune microscope parameters to match the information required from their specimens.,Understand,Remember,Remember
develop communication skills to recommend results-based insights.,Create,"Example: ""Write a report that clearly communicates the findings of",Invalid
Describe the most common data collection and analysis methods used in Computer Science research;,Understand,The label for this learning outcome is: Understand.,Understand
understand the importance of professional investment in wealth creation,Understand,The label for the learning outcome is: Understand,Understand
Evaluate legal principles and policy in light of ethical issues that arise in legal practice or theadministration of justice in the digital environment.,Evaluate,"Legal Principles and Policy Evaluation in Digital Environment
Remember
Understand",Understand
Communicate and present criminal law ideas effectively and persuasively to specified audiences in a format appropriate to criminal law practice,Create,,Invalid
Apply different methodological approaches in international relations research;,Apply,,Invalid
"Apply calculus-based tools to derive key features of a probability distribution, such as mean and variance.",Apply,"Example: ""Given a probability density function, calculate its mean",Invalid
To apply engineering principles to recording and analysis of electrical signals in the body,Apply,,Invalid
"Develop a research proposal which explains the selection of appropriate research questions, designs and implementation plans within a health or community setting;",Create,The label for 'Develop a research proposal which explains the selection,Invalid
Describe and examine evidence and strengths based best practice approaches in Aboriginal and Torres Strait Islander health care.,Understand,"___
Evaluate
___
Create
Understand
Apply",Create
"Apply medical, forensic, and legal principles to the preparation of medico-legal reports.",Apply,"___
Apply",Apply
Develop skills of oral presentation and argumentation in an interactive class context,Create,,Invalid
Appreciate how laboratory environment and operator technique can impact embryo development,Understand,Correct label: Understand,Understand
Appraise your personal role as a professional social work practitioner-researcher,Evaluate,"Correct label:

Evaluate",Evaluate
Explain how these body systems integrate to maintain homeostasis in the body;,Understand,The student will be able to explain how these body systems integrate,Invalid
Analyse and interpret results in terms of related physics theory.,Analyze,Correct answer: Analyze,Analyze
Identify areas of knowledge deficit in community-based emergency health practice and research and plan a study approach to address their learning needs;,Remember,,Invalid
"engage with recent trends in leadership theory and practice, particularly as these apply in a variety of policy contexts and educational and non-educational settings",Apply,,Invalid
"Research, prepare and write program notes directly related to all works included in end-of-semester recital.",Analyze,"___
Create",Create
"Demonstrate appropriate and professional communication with other health care professionals, both internal and external to their own health care setting.",Apply,Label: Create,Create
"Use type to create an emotional and intellectual impact with an understanding of the relationship between type, image and language;",Apply,"- Understand the relationship between type, image and language;
-",Understand
Apply basic predictive modeling and data analysis methods;,Apply,,Invalid
demonstrate understanding of a range of communication skills required in educational and professional settings.,Understand,Correct Label: Understand,Understand
Conduct group research in relation to recent developments in corporate governance and directors' duties based on knowledge of appropriate research principle and methods.,Apply,"Remember
 Understand
 Apply
 Analyze
 Evaluate
 Create",Create
"Explain the mechanisms and consequences of mental/psychosocial, physical and social capacities of humans across the lifespan.",Understand,The label for this learning outcome is: Analyze,Analyze
Identify and critically analyse ethical issues arising in public health practice and policy making;,Understand,,Invalid
Demonstrate a critical awareness of the role and functions of quality journalism in a context of marked environmental and social change.,Understand,Correct Answer: Evaluate,Evaluate
"build understanding of Western and cross-cultural adolescent identities and diversity, particularly in terms of ways that ethnicity, socioeconomic status, gender and sexuality have an impact on adolescence",Understand,,Invalid
"Accurately record, analyse and report experimental outcomes to a variety of audiences; ",Analyze,demonstrate an understanding of the scientific method and the importance,Invalid
"Use a systematic and person centred approach for patient assessment and management, integrating anatomical, physiological, and psychosocial factors.",Apply,The label for this learning outcome is: Apply,Apply
Critically evaluate and interpret a data visualisation;,Evaluate,,Invalid
"Identify the opportunities and challenges of working in local, rural and regional contexts particularly in relation to leadership and community engagement and increasing participation",Remember,,Invalid
"Demonstrate good theoretical knowledge ofassessment techniques and measures, andhave developed confidence in test selectionand interpretation. Demonstrate skill ininterviewing techniques and the ability totest hypotheses and develop a formulationwith assistance.Themeslabel Psychological assessment and measurement",Apply,Psychological assessment and measurement,Invalid
Analyse a real problem and report the results;,Analyze,,Invalid
"Identify important chemical, physical and biological hazards in the environment and analyse related risks to health from environmental factors in Australia.",Understand,The label for this learning outcome is: Analyze,Analyze
Understand the role of web design in multimedia.,Understand,"___
Understand",Understand
Use contemporary technologies to gather and analyse data relating to specialist topics in Physics.,Analyze,"___
Apply",Apply
Develop an appreciation of the richness of Yiddish as a rich literary and cultural tradition.,Create,Label: Create,Create
"Be able to articulate how emerging technologies are used in different contexts including social good, HCI, creativity, and ethics",Understand,"Answer:
Create",Create
"Demonstrate technical skills in designing, conducting and reporting on a research project.",Apply,Correct answer: Create,Create
"Identify, analyse and communicate the underpinning principles of disability discrimination and equal employment legislation and practically apply them to workplace settings;",Understand,"Identify, analyse and communicate the underpinning principles of disability discrimination",Invalid
"Demonstrate understanding of the operation and regulation of listed companies in Australia, and the principal requirements regarding fundraising, capital management, continuous disclosure, related party transactions and takeovers;",Understand,Demonstrate understanding of the operation and regulation of listed companies,Invalid
Synthesise symptoms and signs to determine the most likely diagnosis and relevant differentials.,Create,The label for the learning outcome is: Create,Create
"Carry out reliable measurements, analyse data, estimate uncertainties, interpret physical phenomena and present scientific information in written reports.",Analyze,Correct answer: Create,Create
"have practical experience and awareness of job search, networking, application and recruitment processes including interviews;",Understand,,Invalid
design systems to tackle NLP problems.,Create,"Label:

Create",Create
Communicate ideas and arguments in a variety of formats,Create,"Correct label:

Create",Create
demonstrate inclusive practices in the teaching of science that account for the diverse experiences and social and cultural backgrounds of your students,Apply,Response:Create,Create
"Recognise the historical and contemporary experiences of cultural, linguistic and socially diverse minority groups",Remember,,Invalid
Apply a range of time-based representation strategies and techniques to the development and communication of design schemes;,Apply,,Invalid
Utilise appropriate software tools to develop AI models or software,Apply,,Invalid
Demonstrate an understanding of the major developmental milestones of children and adolescents,Understand,Answer: Understand,Understand
"Demonstrate an ability to meet deadlines, demonstrate an awareness of relevant local and national events in an African context;",Apply,"- Understand
- Apply
- Analyze
- Evaluate",Evaluate
Develop a deeper understanding of theoretical debates in the field of contemporary French cinema and culture.,Understand,Correct answer: Understand,Understand
Demonstrate advanced skills in critical analysis and report/essay writing.,Understand,"Label:

Evaluate",Evaluate
Identify and critically evaluate key ethical concepts and principles used to address issues in research involving humans;,Understand,,Invalid
"Apply skills in typography, layout and page structure to a publication design;",Apply,,Invalid
Communicate ideas to peers via oral presentation.,Create,"___
Create",Create
apply a sustainability impact assessment framework with a business and evaluate the findings,Apply,"Example label: Apply

Question: How would you classify the",Apply
apply engineering design techniques to solve aerospace engineering problems,Apply,Example label: Apply,Apply
Expand on the concept of a world African city and the implications for these settlements.,Apply,"___
Evaluate
___
Create
___
Understand",Create
Think critically about the implications our struggles to come to terms with the past carry in terms of the relationship between politics and time;,Analyze,Think critically about the implications our struggles to come to terms with,Invalid
Developed sufficient rapport with staff members to seek assistance when it is required during later years of the course;,Create,,Invalid
Develop expert skills in independent assimilation of forefront mathematical material.,Create,"___
Create",Create
"Discuss in depth some key contemporary health challenges demonstrating awareness of multiple perspectives, including the ways in which different health professions approach the issues and exploring how integrated approaches to addressing the issues may be mounted across disciplines;",Understand,The label for this learning outcome is: Create,Create
Describe and distinguish how differing arms of the immune response are integrated and regulated;,Understand,"The student will be able to:
- Describe and distinguish how",Invalid
Locate and understand the contemporary nature of your practice in a culturally specific context;,Understand,- Understand,Understand
engage in meaningful reflective practice about personal leadership,Evaluate,Reflective practice is a form of self-examination that helps,Invalid
an appreciation of the meaning and role of both ethics and reflexivity in social research;,Understand,,Invalid
Interpret and apply current legislation concerning offences against children.,Apply,Response:Apply,Apply
"identify key features of the phonology, morphology, syntax and semantics of these languages;",Remember,,Invalid
Acquired an understanding of the context of the delivery of the service and the particular function it serves to the individual and the community at large;,Understand,Acquired an understanding of the context of the delivery of the,Invalid
Understand and be able to apply the rules of occupational health and safety appropriate to the unit of study.,Apply,The label for the learning outcome is: Understand,Understand
"conduct clinical intake interviews, as well as mental status exams",Apply,,Invalid
Interpret the construction of `generalised functions' (distribution) and how it relates to modern notions of derivative and function spaces.,Evaluate,"Label:

Analyze",Analyze
Demonstrate an intermediate level of competence in architectural design;,Apply,- Design a residential building that meets the client's requirements and budget,Invalid
"Demonstrate fundamentals of stagecraft, interaction, artistic expression and technical proficiency;",Apply,"- Demonstrate the fundamentals of stagecraft, interaction, artistic",Invalid
Design an evidence-based experimental approach to solving a problem or research question;  Themeslabel Pharmaceutical Science,Create,,Invalid
Explore and develop your own arts and design skills and pedagogical practices in the arts and design,Create,,Invalid
"Critically evaluate and critique new advances and applications for biorefineries from a technical perspective to devise a strategy based on the economic factors, safety considerations and environmental impacts and use them to inform engineering decision-making.",Evaluate,Correct Answer: Evaluate,Evaluate
"Demonstrate self-management, including application of organisational skills, management of work issues and interpersonal relationships in pharmacy practice.",Apply,"___
Apply",Apply
Demonstrate skills in interpersonal communication and collaboration;,Apply,"- Demonstrate skills in interpersonal communication and collaboration;
- Demonstr",Invalid
"Produce high level critical and/or creative written practice, in or about literary periods, genres, themes;",Create,"Produce high level critical and/or creative written practice, in or",Invalid
the ability to make informed judgments about those ethical and conceptual issues,Evaluate,,Invalid
Become aware of the range of web tools available for teaching English as an additional language and develop effective skills in applying them in your teaching,Apply,,Invalid
"evaluate and weigh evidence, arguments and ethics.",Evaluate,"Learning Outcome: Evaluate and weigh evidence, arguments and ethics.",Evaluate
"Demonstrate further understanding of your mathematical and numeracy content knowledge in line with local, national and international curriculum",Understand,,Invalid
Report on work undertaken for an internship using professional communication skills and reflexive thinking skills;,Create,,Invalid
"Distinguish why different powerplant classes are appropriate to different flight speed regimes, and how fuel use is characterised and to calculate aircraft range and endurance in powered and unpowered flight",Analyze,Answer: Evaluate,Evaluate
Use kanji acquired so far (approx. 300 kanji) and recognise and begin to use additional 150 new kanji (including approx. 70 for recognition only).,Apply,The answer is: Create,Create
Recognise and respond to the deteriorating patient.,Remember,"Correct label:

Respond",Invalid
"Organise, analyse and interpret data meaningfully and according to research norms.",Analyze,"Format: B3

Output: Analyze",Analyze
"describe the transaction flow within a cycle, including a reference to the documents and people involved",Understand,answer: Understand,Understand
Locate and scrutinise sources;,Remember,"Assess their relevance and credibility;
Synthesize information to form a",Invalid
Apply critical thinking to theoretical problems in philosophy or historical studies and clearly synthesise and analyse key elements of those problems in writing.,Apply,Correct label: Create,Create
Contrast various approaches to corrosion mitigation in industrial applications via carefully coordinated guest lectures from key experts outside the University environment.,Analyze,Correct Answer: Create,Create
Present your work in critique sessions with growing confidence as to its theoretical and historical rationale;,Apply,You will be able to present your work in critique sessions with,Invalid
Understand and solve Sturm-Liouville eigenvalue problems and use orthogonal polynomials to find exact solutions of boundary-value problems;,Understand,Understand and solve Sturm-Liouville eigenvalue problems and use,Understand
critically assess the challenges and shortcomings in the mean and variance models,Evaluate,,Invalid
Identify data resources and standards.,Remember,"___
Understand",Understand
Understand the conceptual basis of sustainability,Understand,,Invalid
propose meaningful areas for future research in behaviour analysis,Create,Correct Label: Create,Create
Developed a critical understanding of a specific area of study of French studies as a discipline addressing French culture and society.,Understand,Correct answer: Analyze,Analyze
Assess clinical leadership readiness and related skill sets of nurses in practice;,Evaluate,,Invalid
"Be able to comment on the likely physiological and psychological effects in a particular individual of a specific drug (together with possible drug interactions), and to prepare a written report on the topic;",Analyze,The label for this learning outcome is: Evaluate,Evaluate
"Reflect on and assess their own capabilities and performance, and make use of feedback, to support their personal and professional development.",Analyze,Correct answer: Evaluate,Evaluate
"apply judgement to assess audit risk and determine the appropriateness of audit strategies and procedures, evidence gathered, and conclusions reached",Apply,Correct Label: Evaluate,Evaluate
Report and disseminate information pertaining to a community partnership project using effective verbal and written communication skills.,Apply,"___
Create",Create
"Confidently be able to interpret the results from secondary electron, backscattered electron and energy dispersive X-ray data.",Evaluate,"Label:

Evaluate",Evaluate
Understand the effects of population growth and urbanisation,Understand,,Invalid
"Discuss the commercial lifecycle of a pharmaceutical product, the importance of intellectual property and marketing considerations.",Understand,Label: Evaluate,Evaluate
"Describe the life cycle of a machine leaning system, what is involved in designing such systems and strategy to maintain them;",Understand,The label for this learning outcome is: Create,Create
Evaluate film and television studies methodologies as they pertain to examples of non-fiction.,Evaluate,"___
Evaluate
___
Create
___
Understand",Create
"Explore some of the broader roles of teachers in the life of a school such as meetings, professional development, policy formulation, parent-teacher meetings, extra-curricular activities and community-based activities",Analyze,Create,Create
"Critique data with a view to preparation, analysis and interpretation;",Evaluate,"- Critique data with a view to preparation, analysis and",Invalid
Evaluate radiographs in terms of technical quality and positioning criteria and where necessary devise appropriate problem-solving strategies for less than optimal radiographic projections;,Evaluate,,Invalid
Describe different microorganisms and the relationships that exist between them;,Understand,"Identify the characteristics of microorganisms and their habitats;
Explain the importance",Invalid
Communicate complex information on waves and MHD theory with the use of visualisation methods,Create,Correct answer: Create,Create
Develop an appreciation of the range and magnitude of environmental issues,Create,,Invalid
demonstrate in individual summative assessment tasks the acquisition of a comprehensive understanding of the topics covered in ECW1102.,Understand,The label for the learning outcome is: Understand,Understand
"Using the above knowledge, the ability to undertake a prescribed design task as part of a design team",Apply,Label: Create,Create
Select appropriate pharmacological approaches to the management of specified conditions and diseasesThemeslabel Theme III: Foundations of Clinical Practice,Analyze,"Remember
Understand
Apply
Analyze
Evaluate
Create",Create
Describe the diverse work roles for nutrition practice and the professional attitudes and behaviours required to meet workplace expectations.,Understand,"Answer:
Understand",Understand
"Use negotiation, teamwork and conflict resolution skills to promote best practice.",Apply,"Label:

Apply",Apply
Become able to participate confidently in case discussions;,Apply,- label: Create,Create
Evaluate and assess the key technological issues confronting developers when building applications of this type;,Create,"- Bloom's Taxonomy labels: Remember, Understand, Apply",Apply
Explain the central problem faced by any perceptual system and be able to use this as a framework to think about the evolution of perceptual principles and current theories of perception,Understand,Answer: Understand,Understand
Apply the basic concepts of graph theory.,Apply,Response:Apply,Apply
"Explain and apply the concepts of the ""object-oriented"" style of programming.",Understand,"Label:

Understand",Understand
Develop skills in theoretical and computational physics that are integral to the study of contemporary physics.,Apply,Label: Create,Create
Identify and explain key concepts of globalisation;,Remember,,Invalid
"locate and recognise, contextualise, analyse, critique and formulate hypotheses about, a range of long eighteenth-century texts;",Evaluate,"- locate and recognise, contextualise, analyse, critique and",Invalid
Analyse relevant case studies on topics provided or chosen for assessment;,Analyze,,Invalid
"Identify, evaluate and describe the relative contributions of natural and human processes to changes in the Earth's lithosphere, pedosphere, biosphere, cryosphere, atmosphere, and hydrosphere and describe the implications for ecosystem productivity.",Remember,"Answer:
Evaluate",Evaluate
"Understand the major concepts of international relations, including: the international system, balance of power, hegemony, conflict, human rights, cooperation, interdependence, global economy, dependence, regimes, equality, and justice;",Understand,"Understand the major concepts of international relations, including: the international",Understand
Develop reflective practices in order to identify strength and weaknesses in practice.,Analyze,Reflective practices in order to identify strength and weaknesses in practice,Invalid
Perform numerical calculations based on experimental or theoretical data,Apply,"Label:

Apply",Apply
Implement sound clinical decisions that are cognisant of the impact of social and cultural factors on the health of individuals and communities,Apply,,Invalid
Develop effective lesson plans and teaching strategies tailored to students of various ages and learning characteristics;,Create,,Invalid
Conduct independent research into relevant domestic and international materials on contemporary torts law issues,Apply,Correct answer: Create,Create
Describe and evaluate the role of the forensic anthropology in the analysis and interpretation of skeletal pathology and trauma.,Evaluate,"I will choose ""Evaluate"" as the label for the learning",Evaluate
"Critically evaluate environmental health research evidence and explain the limitations, relevance and application of the evidence to specific situations.",Evaluate,Correct Answer: Evaluate,Evaluate
"discuss, apply, calculate and explain the detailed requirements relating to various IFRS topics, including recognition, measurement, disclosure and presentation of these topics: provisions, contingent liabilities and contingent assets; revenue recognition; income taxes (including deferred tax); leases, non-current assets held for sale and discontinued operations; the effects of changes in foreign exchange rates and hedging; employee benefits; share-based payments; financial instruments; and earnings per share",Apply,"Remember
Understand
Apply
Analyze
Evaluate
Create",Create
"Analyse different narrative genres, devices and techniques;",Analyze,"Compare and contrast the effectiveness of different narrative genres, devices and",Invalid
formulate and implement strategies for SMEs and multinational organisations in a global setting,Apply,Correct Answer: Create,Create
Knowledge of the fundamental limits of communication in noisy band limited channels,Remember,Correct answer: Understand,Understand
"Predict solution behaviour, including vapour pressure, conductivity, and colligative properties;",Evaluate,,Invalid
"Comprehensively understand, explain and demonstrate competence in administering and applying a range of positive psychological tools and techniques.",Apply,Correct Answer: Create,Create
demonstrate analytical skills through written and oral communication.,Apply,"___
Analyze",Analyze
"Identity the significance of the workplace of your choice in terms of its organisational structure, goals and philosophy in relation to your field(s) of study;",Remember,,Invalid
Critically analyse the principles of forensic science generally and its scope.,Analyze,"___
Evaluate
___
Create
___
Understand",Create
"Identify the role of psychological science in shaping  the understanding of human behaviour, cognition, and emotion in work organizations.",Remember,"Remember
 Understand
 Apply
 Analyze
 Evaluate
 Create",Create
Describe the necessary conditions for life and how species evolve,Understand,Answer: Analyze,Analyze
"Discuss recent trends within your health profession with particular reference to simulation, interprofessional and co-designing education with health care consumers.",Understand,The label for this learning outcome is: Create,Create
"Develop professional competence in written, verbal and graphic communication skills;",Create,"- Understand the importance of communication skills in the workplace;
-",Understand
"Describe the normal function, regulation and anatomy of the immune system and how it provides defence against microorganisms;",Understand,"Identify the normal function, regulation and anatomy of the immune system",Invalid
develop evidence-based arguments that engage with and evaluate relevant research.,Create,"Example: ""In my essay, I will analyze the impact",Analyze
"Critique works of design, and articulate these analyses in both spoken and written form;",Evaluate,"Critique works of design, and articulate these analyses in both",Invalid
Understand and apply the rules of occupational health and safety appropriate to the unit.,Apply,"Remember
 Understand
 Apply
 Analyze
 Evaluate
 Create",Create
Construct basic computer codes for data analysis and scientific modelling;,Create,,Invalid
"Strategically respond to complex problems and develop appropriate planning responses, processes and outcomes;",Create,"Strategically respond to complex problems and develop appropriate planning responses,",Invalid
"Describe the principles behind the common experimental designs and be able to implement, analyse and interpret data from a variety of randomised designs.",Understand,Correct answer: Create,Create
Gain an advanced knowledge of local human services systems,Understand,,Invalid
critically analyse how market failures contribute to environmental problems,Analyze,,Invalid
Define the term Nuclear Overhauser Enhancement (NOE) and account for the observation of NOEs in one-dimensional and two-dimensional NMR spectra of both small and large molecules.Themeslabel Pharmaceutical Science,Understand,"label Chemical Sciences
label Life Sciences
label Physical Sciences",Invalid
Elicit and record an accurate clinical history appropriate for the patient and the clinical contextThemeslabel Theme IV,Apply,"Remember
Understand
Apply
Analyze
Evaluate
Create",Create
"Critically evaluate the standard paramedic clinical approach to the assessment and care of patients in the community, hospital or other related health setting;",Evaluate,The label for this learning outcome is: Evaluate,Evaluate
Interpret complex mathematical results and communicate them in written form.,Evaluate,"Label:

Evaluate",Evaluate
Present a mathematical argument in written form;,Create,The student will be able to present a mathematical argument in written,Invalid
Communicate and explain the key concepts and conclusions from translational bioinformatics research literature.,Create,"Label:

Understand",Understand
"Apply best-practice industry knowledge relating to developing and accessing resources, applying for and maximising vocational opportunities, and maintaining professional standards",Apply,I label this as: Apply,Apply
use a range of conventions for writing down sounds and words;,Apply,,Invalid
Work effectively in groups to carry out lab experiment.,Apply,"Label:

Apply",Apply
Analyse experimental data using curve-fitting methods and appropriate statistical analysis. Themeslabel Pharmaceutical Science,Analyze,,Invalid
Review risk assessment tools and prevention strategies for use in the development of a pressure injury prevention plan.,Analyze,"Response:
Understand",Understand
Solve a complex and outstanding problem or problems in the chosen area for original research.,Apply,"Label:

Create",Create
conduct a planned study and manage any practical problems that might arise in the course of data collection,Apply,,Invalid
"Discuss professional responsibility, occupational health & safety and ethical conduct.",Understand,"Label:

Evaluate",Evaluate
Reflect critically on a specific aspect of their personal practice in performance using a chosen framework.,Analyze,Correct label: Evaluate,Evaluate
Critically review the scientific literature in their discipline;,Analyze,"- label: Evaluate

Question: How would you classify the",Evaluate
"Determine the need for a critical understanding of the gender, sex and crime in historical and current social perspectives;",Apply,"Determine the need for a critical understanding of the gender, sex",Invalid
"Design solutions to real-life problems in finance and related areas based on financial thinking, modelling techniques and mathematical and statistical skills acquired throughout the programme.",Create,The label for the learning outcome is: Create,Create
Synthesize and critique new discoveries from the scientific literature in genomics.,Evaluate,Correct label: Create,Create
Evaluate the key debates regarding the origins and impacts of social movements,Evaluate,,Invalid
"Distinguish between the law, legislation and legal processes which shape the delivery of contemporary social work practice.",Analyze,Response:Evaluate,Evaluate
Record live audio to a digital audio workstation and analogue tape;,Create,,Invalid
Critically analyse risks and adverse events associated with client assessments and interventions.,Analyze,"___
Evaluate
___
Create
___
Understand",Create
Locate and evaluate evidence that informs paramedic management used to care for patients with respiratory conditions.,Evaluate,Response:Evaluate,Evaluate
Communicate mathematical ideas and work in teams as appropriate for the discipline of mathematics.,Create,"Solution:
Create",Create
Demonstrate communication skills including the execution of detailed-scaled models or prototypes for presentation purposes;,Apply,,Invalid
Identify and evaluate relevant programs and community resources available to patients and their families,Understand,"Correct Answer:
Evaluate",Evaluate
"To explore how language, history, tradition, material culture, spirituality, kinship, emotion and politics are all ways in which people negotiate a relationship with the environment",Analyze,Answer: Create,Create
Use the knowledge and ideas developed in applications to other areas of mathematics and the sciences.,Apply,"Label:

Create",Create
"identify and analyse the form and nature of documents used in international trade including contracts of sale, shipping documentation, invoices, insurance policies, bills of exchange, documentary collections and letter of credits.",Analyze,"Apperceive
Understand
Apply
Analyze
Evaluate",Evaluate
relate the concepts of finance to other commercial disciplines.,Apply,"___
Understand",Understand
"Describe, analyse and apply basic knowledge representation and reasoning mechanisms;",Apply,"- Describe basic knowledge representation and reasoning mechanisms;
- Analyse basic",Invalid
"An understanding of, and respect for, safety requirements.",Understand,"___
Understand",Understand
Recognise and evaluate the role of cultural and social contexts in the formulation of political ideas.,Evaluate,Correct label: Evaluate,Evaluate
write a scholarly or professional industry report.,Create,"Example: ""write a scholarly or professional industry report."" label",Invalid
show a deep and critical understanding of the relationship between theory and practice,Apply,Correct Label: Analyze,Analyze
Identify and apply the principles of educational assessment in professional healthcare teaching;,Apply,,Invalid
synthesise and apply knowledge to your own professional practice and research scholarship in mathematics education and leadership,Apply,,Invalid
understand and recognise the various processes involved in investment decision making,Understand,The label for the learning outcome is: Understand,Understand
"interpret business data using descriptive statistics techniques, including the use of spreadsheet functions",Evaluate,"Label:

Apply",Apply
Critically analyse the benefits and drawbacks of health system responses to family violence and consider pathways for improvement.,Analyze,Correct Answer: Evaluate,Evaluate
"Describe and explain what magic, ritual and spiritual beliefs mean to people in the modern world;",Understand,,Invalid
"Demonstrate an understanding of sound, performance and video practices in relation to your creative intervention;",Understand,"- Understand the principles of sound, performance and video practices in",Understand
"Explain the chemistry and pharmacological mechanism of action of drugs used in treatment of respiratory and gastrointestinal conditions, upper respiratory conditions, asthma, chronic obstructive pulmonary disease, gastro-oesophageal reflux disease and irritable bowel syndrome and predict how this leads to the treatment of disease and possible side effects.",Understand,Correct Answer: Evaluate,Evaluate
Do indexing for different media;,Apply,"Do indexing for different media;
Do indexing for different media;",Invalid
"Describe a range of clinical indications, patient presentations, patient preparation and positioning methods for MRI studies of the extremities",Understand,Answer: Understand,Understand
Give a basic overview of research methodology and statistical analysis.,Create,"Label:

Understand",Understand
Familiarity with the conceptual frameworks and practical tools to apply sustainability in an organisational setting. Students will share in a participative and collaborative learning environment. Corporate case studies and business speakers will enhance the 'real-world' relevance of the subject material.,Apply,"Remember
 Understand
 Apply
 Analyze
 Evaluate
 Create",Create
"Discuss and critique the role of occupational therapists in population-level service planning, delivery, and evaluation;",Understand,Discuss and critique the role of occupational therapists in population-level service,Invalid
Identify and discuss the diverse forms of human mobility in the contemporary world;,Understand,,Invalid
"Identify, describe and justify the selection of protocols, imaging parameters, equipment and transducers for sonographic examinations of the upper abdomen;",Remember,"Identify, describe and justify the selection of protocols, imaging parameters",Invalid
Demonstrate a basic ability to use the command-line programming platform R to display phylogenetic trees and the use of phylogenetic information to analyse the evolution of traits and the formation of plant communities;,Apply,,Invalid
"Defend their chosen direction in the project against informed criticism, through the synthesis of complex theories, concepts, and design strategies;",Evaluate,The student will be able to defend their chosen direction in the,Invalid
Identify the common situations when the soil becomes a factor in an engineering problem,Remember,"Correct label:

Understand",Understand
Generate appropriate evidence of ability to use the advancing practice competencies embedded in the National Competency Standards Framework for Pharmacists in Australia to successfully complete the full cycle of Continuing Professional Development (CPD).,Create,The label for the learning outcome is: Create,Create
"identify and critically examine concrete and digital resources that support mathematics learning and teaching in the early years of schooling, with reference to the mathematics research literature and contemporary policy advice.",Understand,Correct Answer: Analyze,Analyze
identify and map the relationships between a business and its stakeholders,Understand,Correct answer: Create,Create
Generate an asset management system that covers both mobile and fixed plant that reduces maintenance requirements and optimises lifecycle performance.,Create,The label for this learning outcome is: Create,Create
Review and critically evaluate the literature of development studies in education and education for sustainable development,Analyze,I will critically evaluate the literature of development studies in education and,Evaluate
Critically appraise a range of youth-focused AOD treatment services and key elements of youth-focused service delivery,Evaluate,,Invalid
understand the relevant quantitative techniques used in marketing research,Understand,The label for the learning outcome is: Understand,Understand
Communicate results in a written report;,Create,,Invalid
develop and demonstrate an entrepreneurial mindset,Apply,Correct Label: Create,Create
"Apply knowledge of the digestive tract, genetics, and dietary factors to explain the nature and occurrence of colorectal cancer;",Apply,"Analyze the relationship between colorectal cancer and lifestyle choices, including diet",Analyze
apply economic analysis appropriate to achieving an understanding of the working of the macroeconomy,Apply,,Invalid
"Analyse the biological effects of ultrasound and ionising radiation, radio-sensitivity of specific organ systems and describe the relevant theories of radiation damage and repair mechanisms.",Analyze,"Remember
 Understand
 Apply
 Analyze
 Evaluate
 Create",Create
understand the main economic drivers for a variety of non-renewable and renewable energy sources.,Understand,"I will label this as ""Understand"". The student is expected",Understand
Use 3D imaging software to create environments and objects;,Apply,,Invalid
"Synthesise strategies of observation, analysis, experimentation and critique within a developmental process where deemed appropriate to respond to various assigned presentation contexts;",Evaluate,,Invalid
Design concrete mixes for various applications.,Create,"Label:

Create",Create
"Critique, reflect and respond to aesthetic, functional, sustainable and programmatic aspects in the development of a design proposal;",Evaluate,The label for this learning outcome is: Evaluate,Evaluate
"Develop and demonstrate an explicit understanding of and competence in the theory, research methodology, practices and written and oral discourses of an area of French studies;",Understand,Develop and demonstrate an explicit understanding of and competence in the theory,Invalid
They should have also developed an acute awareness of the formative historical forces which contributed to the development of psychoanalysis in the late 19th and 20th century,Understand,,Invalid
Analyse a 3 phase AC network.,Analyze,"___
Analyze",Analyze
understand basic microeconomic concepts and their application to the health sector,Understand,Correct Label: Understand,Understand
Outline how to manage regulatory documents.,Apply,"___
Remember",Remember
Critically evaluate evidence-based practice to assess and manage patients in a shock state in specialist nursing practice.,Evaluate,Correct Answer: Evaluate,Evaluate
Understand the central philosophical tenets of traditional Indian systems;,Understand,"Understand the central philosophical tenets of traditional Chinese systems;
Understand",Understand
"identify and explore macro contexts encountered in global business, including the political-legal, economic, socio-cultural, technological and environmental",Remember,"- Understand the political-legal, economic, socio-cultural",Understand
Demonstrate an understanding of the purpose of providing timely and appropriate feedback and reporting to students and parents using accurate and reliable records of student achievement.,Understand,"Remember
 Understand
 Apply
 Analyze
 Evaluate
 Create",Create
understand asset and liability management of a financial institution,Understand,Correct Label: Understand,Understand
"enhance your ability to report, interpret and communicate accounting advice and ideas through written and oral presentation",Evaluate,Correct Answer: Create,Create
Perform general radiographic examinations of adult patients at the level of competent student radiographer.,Analyze,"Label:

Apply",Apply
provide meaningful feedback and assess learning through a range of authentic assessment opportunities,Evaluate,Correct label: Evaluate,Evaluate
critically analyse evidence of the impact of your teaching practice on the learning outcomes of the learners you teach,Analyze,Correct Label: Evaluate,Evaluate
"Communicate research findings, orally and in writing, in research settings;",Create,- Remember,Remember
"Integrate knowledge and skills to effectively assess patient needs, including selection of relevant measures of health indicators and outcomes;",Create,,Invalid
"Demonstrate your capacity to incorporate Aboriginal and Torres Strait Islander/First People's histories, cultures and languages into sport and games delivery",Apply,,Invalid
"Produce a thesis that displays competence in understanding and carrying out research in the field of psychology, but with less emphasis on comprehensive knowledge and originality as required in a PhD",Create,"Answer:
Create",Create
"Identify, describe and critically reflect upon legal and ethical issues and dilemmas;",Remember,Critically reflect upon the impact of the law on society;,Invalid
Create and organise multimedia resources;,Create,"Share and evaluate multimedia resources;
Use multimedia resources to support learning",Evaluate
Apply evidence-based practice in patient care.,Apply,Example label: Apply,Apply
Critically analyse and evaluate the experiential implications of design solutions;,Analyze,- Critically analyse and evaluate the experiential implications of design solutions,Evaluate
Effectively communicate (orally and written) aspects of how medicines work,Understand,"Correct label

Solution:
Create

Question: What are the",Create
"apply critical thinking, problem solving and presentation skills to individual and/or group activities dealing with financial technology for financial institutions or business enterprises and demonstrate in an individual summative assessment task the acquisition of a comprehensive understanding of the topics covered in BFF5370.",Apply,Correct Answer: Apply,Apply
Demonstrate the ability to acquire information using Korean for other disciplines they are studying,Apply,Correct label: Create,Create
Analyse and evaluate urban and metropolitan economies,Analyze,,Invalid
"Identify socio-cultural concepts and issues in curatorial studies, including the ethical responsibilities of the profession.",Understand,Correct label: Understand,Understand
"understand career concepts and theories and their application to individuals, focusing on self-assessment, exploring opportunities, decision making and managing transitions;",Understand,"understand career concepts and theories and their application to individuals,",Understand
Apply community shadowing technique to understand stakeholder roles and challenges in local conservation project,Apply,"___
Apply",Apply
Describe the impact of public health policy and the essential roles of systems on the delivery of health care to the individual across a range of contextsThemeslabel Theme II,Understand,"Remember
Understand
Apply
Analyze
Evaluate
Create",Create
"Define and calculate thermodynamic properties, explain laws of thermodynamics and concepts of state functions, and relate thermodynamic concepts to the design and function of pharmaceutical products.",Apply,"___
Evaluate",Evaluate
Critically analyse evidence of the impact of your teaching practice on the learning outcomes of the students you teach,Analyze,Correct Label: Evaluate,Evaluate
develop a conceptual hydrological model,Create,Correct answer: Create,Create
"Accept responsibility for and manage, implement and evaluate their personal and professional development and show a commitment to life-long learning.",Evaluate,Correct answer: Create,Create
Apply the coordinate transformation method for matrix structural analysis.,Apply,Response:Apply,Apply
Discuss and critically evaluate the relevance of these concepts to core issues in contemporary biomedical practice;,Understand,,Invalid
Apply the operational principles of aviation medicine.,Apply,Response: Apply,Apply
Identify and distinguish between different disease mechanisms that cause tissue damage in major organ systems and examine how drugs may interrupt these pathological pathways;,Understand,,Invalid
"Develop a brief; analyse client and user requirements; research and resolve technical requirements; specify materials, finishes; and construction concepts;",Create,,Invalid
develop capabilities to work effectively in a group to produce professional quality research reports; effective individual technical skills to construct consolidated financial statements; and demonstrate in individual summative assessment tasks the acquisition of a comprehensive understanding of the topics covered by the unit.,Create,Remember,Remember
conduct statistical inference in statistical models with a binary dependent variable (LOGIT and PROBIT models),Analyze,Correct Answer: Apply,Apply
"Apply knowledge in basic neurosciences in psychiatry (neuroanatomy, neurophysiology, neurochemistry, genetics and inheritance) to understand psychiatric disorders in clinical practice.",Apply,The answer is: Apply,Apply
use real-life business scenarios to critically appraise compliance expectations and evaluate emerging regulatory risks and trends.,Evaluate,The label for this learning outcome is: Evaluate,Evaluate
Describe and assess the role of advanced technology in addressing transport problems.,Understand,"___
Evaluate
___
Create
___
Understand",Create
Explore possible ways of working with parents as relevant to their particular needs and those of their child/children,Analyze,Answer: Create,Create
"Apply, analyse and critique a professional approach towards the development of web-database applications.",Apply,The label for the learning outcome is: Create,Create
"Investigate, identify and synthesise information relevant to the principles, processes andchallenges of administering human rights law in a range of judicial contexts and generateappropriate and persuasive responses to the problems derived from these investigations.",Remember,Remember,Remember
Produce the life cycle block diagram of a product and determine the main environmental impacts of the life cycle,Create,"of the product.

Label:
Create",Create
compare the philosophical basis and therapeutic effectiveness of CBT with an alternative evidence-based therapy,Analyze,Correct Answer: Evaluate,Evaluate
Describe the diverse structures of eukaryotic cells;,Understand,,Invalid
Analyse 3D flow over a wing using a vortex-lattice method.,Analyze,Correct answer: Analyze,Analyze
Synthesise and critique new discoveries from the scientific literature in genomics;,Evaluate,- Synthesize and critique new discoveries from the scientific literature in,Invalid
"Identify, observe key ethical and legal obligations associated with radio and video journalism, and reflect critically on their own and others' performance in this regard;",Remember,Reflect critically on their own and others' performance in this regard,Invalid
"Review and articulate the ethical framework that governs the conduct of science, in particular in regards to academic and research integrity.",Analyze,"___
Evaluate
___",Evaluate
Judge the need to manage the road system and critique the role of advanced technology in addressing broader transportation issues and challenges,Evaluate,Correct Label: Evaluate,Evaluate
"Research and integrate advanced interactive system design concepts, approaches, theories and principles to your own design practice;",Create,,Invalid
"Use cognitive, technical and creative skills to apply legal principles to specific problems arising from our understanding of the principles of judgment and decision-making.",Apply,"Remember
 Understand
 Apply
 Analyze
 Evaluate
 Create",Create
A broad appreciation of the psychological and socio-cultural mechanisms underpinning understandings of the self and interactions with others.,Understand,Correct Answer: Understand,Understand
Report to and advise management on business process design and re-engineering issues.,Evaluate,"___
Evaluate",Evaluate
"Evaluate issues relating to sexual assault medical service provision, considering theory, models and practice;",Evaluate,"Critically assess the effectiveness of sexual assault medical service provision,",Invalid
"Undertake a research analysis of an important aspect of European integration or a major policy area, utilising primary and secondary-source materials with written feedback.",Apply,"Remember
 Understand
 Apply
 Analyze
 Evaluate
 Create",Create
"Develop an intermediate level of understanding of various forms of political, social and religious thought and activism;",Understand,"Understand the historical development of political, social and religious thought and",Understand
"critically evaluate the opportunities and challenges of the integration of China with the global economy on trade, investment, and international cooperation",Evaluate,I will Evaluate,Evaluate
formally analyse trade-offs in decision-making for policy challenges;,Analyze,,Invalid
"Debate and/or defend your outcomes in an informed critical appraisal; demonstrating a high level understanding and analysis of complex theories, concepts, and design strategies;",Evaluate,"- Understand the importance of the design process;
- Understand the",Understand
Demonstrate an understanding of the ways in which science responds to technological and social change,Understand,,Invalid
Evaluate facial trauma giving consideration to the bio-mechanics of the bones of the facial skeleton.,Evaluate,Correct Answer: Evaluate,Evaluate
Apply sophisticated combinatorial optimisation and integer programming methods to a variety of practical optimisation problems.,Apply,Solution: Apply,Apply
"Understand web page construction and principles, file and site management, and web design for accessibility and usability;",Understand,"Understand the use of HTML, CSS, and JavaScript;",Understand
"Describe the underlying physical principles of optical subsystems, and apply thisunderstanding to predict and quantify the effect on optical fibre communication systemperformance.",Understand,Understand,Understand
Appreciate the occurrence of gases and particulate matter in confined spaces and select appropriate control strategies.,Understand,"Label:

Evaluate",Evaluate
"Describe the signs and symptoms, and diagnostic methods relevant to endocrine and renal conditions",Apply,Answer: Understand,Understand
Design and manage a focused research project;,Evaluate,,Invalid
"discuss the new ways of thinking about literature, the rational and the irrational, history and philosophy, civilisation and nature, that are articulated by authors on the syllabus;",Understand,,Invalid
understand the role of government and the market as allocators of resources and engines of development,Understand,I will understand the role of government and the market as alloc,Understand
"Formulate, review and defend a business case",Create,,Invalid
Use sophisticated mathematical techniques in the analysis of mathematical models in biology.,Apply,"Label:

Analyze",Analyze
Demonstrate proficiency in oral advocacy practical skills associated with international court of justice;,Apply,demonstrate proficiency in oral advocacy practical skills associated with international,Invalid
"Understand and evaluate contemporary theoretical concepts of exceptionality and inclusion in light of related research, and the context of legal, ethical, and systemic factors across a range of systems",Understand,,Invalid
Compare and contrast various models and frameworks of health and describe the value of these.,Evaluate,Answer: Evaluate,Evaluate
Appreciate the historical interplay between mathematics and attempts to understand the physical world;,Understand,Understand the significance of mathematical concepts in the development of scientific theories,Understand
"synthesize and apply knowledge of theory, models and strategies applicable to the field of educational technology",Apply,Correct Answer: Create,Create
Identify the behavioural consequences of brain dysfunction resulting from neurodegenerative disease and neurodevelopmental disorders.,Remember,"___
Evaluate
___
Create
Understand
Apply",Create
To understand the importance of instrumentation in modern manufacturing systems and industrial processes.,Understand,Response:Understand,Understand
"Use peripheral devices (ie. scanners, printers) to acquire, compose and output images;",Apply,,Invalid
Understand language and literacy development in and beyond formal education institutions and workplaces,Understand,,Invalid
"demonstrate accounting knowledge in areas such as company operations, taxation, property, plant and equipment (acquisition and impairment), and group accounting",Understand,Correct Label: Create,Create
Recognise the patient with acute pain and correlate their condition to the underlying pathophysiology.,Remember,The label for the learning outcome 'Recognise the patient with,Invalid
"Critique the various constructions of masculinity with their attendant (de)valorisations in Asia, Africa and the United States;",Evaluate,"Analyze the intersections of race, gender, sexuality, and class",Analyze
List and describe requirements for growth and replication of these microorganisms as well as methods for controlling bacterial and viral growth.,Understand,Response:Understand,Understand
"demonstrate an understanding of the content and structure of the Australian/Victorian Curriculum: HPE, and use it to plan for learning and assessment",Understand,Correct Answer: Understand,Understand
"Identify a range of theoretical perspectives on classroom practice, and critically examine these in light of your own developing practice",Analyze,Correct answer: Analyze,Analyze
Distinguish and classify different cloud types;,Analyze,,Invalid
Determine the transfer of energy in ideal engineering devices using the First Law of Thermodynamics.,Apply,"Label:

Evaluate",Evaluate
Describe the current platform and ecosystem landscape in the mobile application space.,Understand,"___
Understand",Understand
"compare and contrast discrimination, generalisation, and maintenance",Evaluate,"Answer:
Analyze",Analyze
Write and present scientific work in a potentially publishable way;,Create,,Invalid
"Perform operations with two and three-dimensional vectors, interpret them geometrically, calculate dot products, find vector resolutes, and apply them to motion of a particle.",Apply,"Label:

Apply",Apply
Demonstrate the ability to think creatively and communicate effectively in professional formats that are appropriate for trial practice;,Create,Demonstrate the ability to think creatively and communicate effectively in,Invalid
"Conduct critical enquiry relevant to an identified issue, and analyse and evaluate findings;",Apply,"- Conduct critical enquiry relevant to an identified issue, and analyse",Invalid
conduct meaningful statistical inferences on multiple linear regression models,Analyze,Correct Answer: Evaluate,Evaluate
"Design and justify implementations of cutting-edge sensing technology considering technical, user and commercial requirements and limitations.",Evaluate,"Label:

Create",Create
explain in detail the elements of integrated supply chain management,Understand,Answer: Understand,Understand
Conduct research and present original work in relation to legal language and communication based on knowledge of appropriate research principles,Apply,Correct label: Create,Create
"Apply knowledge of pathophysiology associated with conditions of the cardiac, respiratory, respiratory, musculoskeletal, renal and endocrine system to the safe delivery of patient-centred nursing care.",Apply,"Solution:
Apply",Apply
"Communicate scientific findings and their implications, via presentations and written reports.",Create,Correct answer: Create,Create
"Demonstrate achievement of the advanced knowledge, skills and attitudes required of a Nurse Practitioner",Understand,"Correct Label:

Create",Create
"Discuss the role of different microorganisms in air, water environments, and soils, predicting the effects of changes in environmental parameters;",Understand,The label for this learning outcome is: Analyze,Analyze
"demonstrate a critical understanding of contemporary trends in, and approaches to, social education teaching in Australia and internationally",Understand,,Invalid
"Relate the principles and applications of material science in food product design, development and packaging.",Apply,The label for 'Relate the principles and applications of material,Invalid
effectively design social education lessons that integrate information and communication technologies (ICT),Create,Correct Label: Create,Create
understand the theoretical basis of creativity and arts-rich practice in primary educationalcontexts,Understand,,Invalid
An understanding of leading-edge thinking and practice in the highly dynamic field of corporate sustainability management.,Understand,"The student will be able to:
- Understand the importance of",Understand
Employ tools to assist in making robust management decisions and assess their strengths and weaknesses;,Apply,Analyze the strengths and weaknesses of different tools used in management decision,Analyze
demonstrate in an individual summative assessment task the acquisition of a comprehensive understanding of the topics covered by BFC5914.,Understand,The label for the learning outcome is: Understand,Understand
"Perform the design, characterization and preparation of materials for sustainable energy generation and storage system.",Create,"Label:

Create",Create
"develop and present strategic responses to specific issues affecting businesses with due consideration to sustainable, responsible and ethical business practices",Create,,Invalid
understand the seminal classic and recent articles in marketing,Understand,,Invalid
Analyse some causes of intellectual disability.,Analyze,"___
Analyze",Analyze
Demonstrate awareness of the wide diversity of furniture types;,Apply,"Identify the different materials used in furniture making;
Recognize the",Invalid
"critically evaluate the capacities, limitations and socio-professional implications of journalistic practices in audiovisual media.",Evaluate,"___
Evaluate",Evaluate
Be able to describe the keyaspects of each of thecognition domains from the development and/or ageingperspectives.,Understand,"Remember
 Understand
 Apply
 Analyze
 Evaluate
 Create",Create
"Create a rigorous and feasible research proposal, including a protocol that includes data collection methods and participant recruitment procedures. ",Create,,Invalid
Identify and describe common pericyclic reactions;,Understand,,Invalid
"Explain in depth the normal maternal anatomical and physiological adaptations relevant to pregnancy, labour, birth and the puerperium;",Understand,- Describe the normal maternal anatomical and physiological adaptations relevant to pregnancy,Invalid
understand and implement relevant curriculum and pedagogy for learners in the post-compulsory Australian (Years 11 and 12) context and apply your knowledge of curriculum and pedagogy in the development of units of work appropriate for digital technology classes,Understand,,Invalid
Design a biopolymer product to achieve a required performance standard and formulate the most effective composition and process to achieve the required properties.,Create,Label: Create,Create
"identify, evaluate and use different resources for teaching media studies across different year levels",Remember,Correct Answer: Create,Create
undertake sound research in health economics,Apply,,Invalid
Conduct research in Indigenous rights based on knowledge of appropriate international law research principles and methods.,Apply,The label for this learning outcome is: Create,Create
"demonstrate your capacity to incorporate Aboriginal and Torres Strait Islander/First People's histories, cultures and languages into sport and games delivery",Apply,,Invalid
"Demonstrate an advanced level of competence and consolidation of all presentation skills: verbal, graphic and 3-dimensional;",Apply,- Demonstrate an advanced level of competence and consolidation of all,Invalid
Evaluate methods to measure the health impact of chronic diseases,Evaluate,,Invalid
Demonstrate a basic knowledge of some aspects of Japanese society and culture.,Understand,Correct label: Understand,Understand
Identify implications for public policy.,Remember,"___ Evaluate
___ Create
___ Understand
___ Apply",Create
Analyse and interpret NOE data to determine the conformation of small molecules,Analyze,,Invalid
Describe the role human factors have in unmanned aircraft systems.,Understand,"___
Understand",Understand
"Determine potential applications for genomic techniques in the areas of medical research, agriculture, biotechnology and environmental management;",Analyze,Identify the advantages and disadvantages of using genomic techniques in these areas,Invalid
critically evaluate current theoretical and empirical research in corporate finance and governance,Evaluate,Correct Label: Evaluate,Evaluate
explain the purpose of financial management and corporate finance,Understand,Answer: Understand,Understand
Determine how minimum standards for workers are set and enforced;,Apply,"Analyze the effectiveness of these standards in improving working conditions;
Evaluate",Evaluate
Use published literature and formative research to identify determinants of population health needs that can be changed by health promotion action;,Apply,,Invalid
Examine and compare feminist debates in Asian and global contexts;,Analyze,Examine and compare feminist debates in Asian and global contexts;,Invalid
"Discuss and critique screening tests, technologies and interventions during pregnancy, labour, birth and after childbirth",Understand,,Invalid
Find a Regular Grammar for a Regular Language;,Understand,,Invalid
"Research, reason and think critically.",Analyze,"Label:

Evaluate",Evaluate
Demonstrate technical skills appropriate to their area of study.,Apply,"Label:

Apply",Apply
Explain key ethical principles and identify potential ethical dilemmas and their possible solutions.,Remember,"___
Evaluate",Evaluate
Apply principles of sustainable development to develop sustainable designs of products or processes,Apply,"Label:

Apply",Apply
"critically reflect upon and evaluate a variety of health education pedagogies, disciplinary perspectives, programs, and models that seek to influence young people's health",Evaluate,Correct Label: Evaluate,Evaluate
Critically review the literature relevant to the project.,Analyze,"Label:

Evaluate",Evaluate
Describe the role of assessment in influencing student learning behaviour and the learning process;,Understand,,Invalid
"use your developing curriculum, assessment and reporting knowledge to design learning sequences and lesson plans in science",Apply,,Invalid
Design pile foundations for complex loads and ground conditions based on limit state andserviceability requirements.,Create,Remember,Remember
research and source radio and television content for broadcast purposes;,Create,,Invalid
Understand key principles underlying neuropsychological assessment and formulation,Understand,,Invalid
"Analyse the role of mutual aid and peer empowerment in the recovery movement and offer a critical analysis of the evidence for mutual aid groups, in particular 12-step groups.",Analyze,Correct Label: Analyze,Analyze
Appreciation of the relationship of transport/traffic engineering to the profession of civil engineering,Understand,"Correct Label:

Understand",Understand
"Undertake research, investigate, analyse and synthesise complex issues of climate change from a range of primary and secondary materials;",Apply,"- Understand the nature of climate change;
- Understand the causes",Understand
Create a project plan for a distinctive work incorporating instrumental/vocal strategies;,Create,,Invalid
Formulate and present a research plan;,Create,The student will be able to formulate and present a research plan,Invalid
Apply technical solutions in a number of elements of performance through theoretical analysis and practical realisation;,Apply,Analyze the relationship between the elements of performance and the technical solutions,Analyze
Understand current theories that explore the emergence of complex society in the Near East and how the Egyptian evidence might be interpreted in light of these theories.,Understand,"___
Understand",Understand
apply relevant theories and methodologies to research problems in business law.,Apply,"Example: ""Design a marketing strategy for a new product launch",Invalid
To formulate an original project suitable for investigation within an undergraduate research essay (third years).,Create,___ Create,Create
apply techniques such as fog computing with supervised and unsupervised machine learning to analyse IoT data,Apply,"Example: ""Given a dataset, apply linear regression to predict",Apply
"describe key chemical engineering principles, such as heat and material transfer, thermodynamics, fluid dynamics, (bio)chemical reactions engineering and process design/control",Understand,"Remember
 Understand
 Apply
 Analyze
 Evaluate
 Create",Create
Appraise advanced radiographic techniques and radiation protection strategies in professional practice.,Evaluate,Correct Answer: Evaluate,Evaluate
Construct in writing an evidence-based historical argument;,Create,The answer is: Create,Create
"Apply good work habits with regard to your own ""art writing"" practice;",Apply,"- Organize your thoughts and ideas;
- Develop a plan",Invalid
"Distinguish between the range of data collection and analytic methods, so as to be able to select approaches relevant to the practice issue",Analyze,,Invalid
"Explain the three major functions of an operating system (OS), namely, process management, memory management, and file management;",Understand,The label for the learning outcome is: Understand,Understand
Apply accounting principles to analyse basic financial statements that enhance business decision making.,Apply,Correct Answer: Apply,Apply
Apply and extend knowledge obtained through your degree in a professional setting;,Apply,- label: Apply,Apply
"Undertake independent research in literary studies, using print and electronic sources;",Apply,- Create,Create
research a successful PR campaign and develop an oral presentation;,Create,,Invalid
"Apply the themes associated with the sociological imagination to examine the social production, construction and organisation of health locally and globally.",Apply,The label for the learning outcome is: Apply,Apply
Carry out laboratory experiments dealing with key hydrological processes.,Apply,"Label:

Apply",Apply
Analyse factors relating to managing small to medium sized projects for in-house development or software outsourcing;,Analyze,Analyze factors relating to managing small to medium sized projects for in,Analyze
Effectively and appropriately contribute to case discussions regarding formulation and diagnoses and reflect on and evaluate assessment and clinical interviewing skills;,Understand,"Reflect on and evaluate assessment and clinical interviewing skills;
Evaluate assessment",Evaluate
Present an innovative approach to nutrition education for groups;,Create,The answer is: Create,Create
Engage with fundamental programming concepts and apply their techniques to create interactive content;,Apply,,Invalid
Reflect critically upon the solutions to an engineering design problem and on the processes involved in successful teamwork.,Analyze,Correct Answer: Evaluate,Evaluate
"Design the normal project timeline using a GANNT chart, including the hurdles required for financing a new project.",Create,"I will choose ""Create"" as the label for this learning",Create
Identify and utilise skills in intercultural competency.,Remember,"___
Create",Create
Describe what machine learning is;,Understand,,Invalid
"In the context of interdisciplinary patient-centred care:  Outline how pharmacists provide screening tests and point of care testing in the primary care setting, including an understanding of sensitivity and specificity in this context, health promotion and epidemiology Evaluate the processes and skills involved in extemporaneous dispensing and manufacturing Demonstrate skills in performing relevant pharmaceutical calculations Demonstrate cultural capability and professionalism at workplaces and when interacting with Indigenous and culturally and linguistically diverse (CALD) populations Apply clinical reasoning and collaborative decision making to document and communicate a clinical management plan Themeslabel Professional practice (what pharmacists do) ",Apply,"Remember
Understand
Apply
Analyze
Evaluate
Create",Create
Critically analyse image fusion and registration techniques and equipment reflecting on their application to clinical practice.,Analyze,Correct Answer: Analyze,Analyze
Further developed oral communication skills;,Create,,Invalid
define components of competitive intelligence and practice competitor analysis,Understand,Answer: Apply,Apply
Explain and justify the optimal physical design features that enhance operational requirements of a typical clinical MRI system,Understand,Answer: Analyze,Analyze
Identify and apply key concepts in primary mathematics and numeracy pedagogy,Apply,"Correct label:

Apply",Apply
Design and critique demand and operational analyses in public transportation.,Evaluate,"Label:

Create",Create
Respond creatively to design briefs of high intermediate complexity;,Create,"Generate innovative solutions to design challenges;
Produce original design concepts that",Invalid
"Systematically build and validate arguments and opinions by sourcing and critically deconstructing relevant material and information, working both independently and as part of a team;",Evaluate,The label for this learning outcome is: Create,Create
"Communicate research findings orally and in writing, online and using video, in research and industry settings;",Create,"- Communicate research findings orally and in writing, online and",Invalid
"Determine the global structural behaviour of building frames, identifying the role of eachcomponent.",Remember,"Remember
 Understand
 Apply
 Analyze
 Evaluate
 Create",Create
analyse the impact of major contextual issues on a variety of product and service industries,Analyze,Correct Label: Analyze,Analyze
"Research a story, conduct interviews and gather appropriate actuality material in the sound medium to produce an audio broadcast;",Create,,Invalid
Identify and evaluate the contribution of national and international social justice movements;,Understand,- Evaluate,Evaluate
Identify safe and ethical practices in scientific research,Remember,,Invalid
"Apply knowledge and understanding of recent developments in relation to recognition, protection and enforcement of Indigenous rights in context of international law and international fora, with creativity and initiative to new situations in professional practice and/or for further learning",Apply,,Invalid
"understand, discuss and apply key theoretical concepts underpinning contemporary childhood",Understand,"studies

Remember
Understand
Apply
Analyze
Evaluate",Evaluate
"Critically analyse concepts, theories and practice in the highly dynamic field of corporate sustainability management;",Analyze,Identify and evaluate the strengths and weaknesses of the current literature on,Evaluate
critically assess prominent economic policies that address at least one major environmental externality facing the plant,Evaluate,,Invalid
"Design and select sound methodological approaches and frameworks to explaining conceptual challenges in food-related applications, including lab-based testing;",Create,"Select and apply appropriate statistical methods to analyze experimental data;
Evaluate",Evaluate
To acquire proficiency in the use of the pinyin Romanisation system.,Understand,"Label:

Understand",Understand
"understand the ethical aspects of the legal issues that are relevant to entrepreneurial activities and startups especially in frontier technologies like robotics, AI, cyber security and blockchain",Understand,,Invalid
"Select, analyse and apply constitutional law interpretive principles to generate appropriate jurisprudential and practical responses to complex legal issues;",Apply,"Select, analyse and apply constitutional law interpretive principles to generate",Apply
An opportunity to develop team work skills.,Create,I will be able to work effectively with others to achieve common,Invalid
develop knowledge of effective pedagogies for early literacy learning,Understand,,Invalid
identify a research problem/question through inquiry into your own professional practice/context,Analyze,___ Create,Create
Explore and communicate design schemes through appropriate modes of representation;,Create,"- label: Create

Explanation: The learning outcome involves students",Create
implement and extend existing computer vision algorithms,Apply,"to solve new problems in the field of image processing

Label",Invalid
Apply regression methods to epidemiological data.,Apply,"Example: ""Given a dataset of patient ages and cholesterol levels",Invalid
"provide a solid understanding of regression analysis including relationships with dependent variables that can be binary, in unordered categories, in ordered categories and duration variables",Apply,"Remember
 Understand
 Apply
 Analyze
 Create",Create
Critically analyse a practice issue;,Analyze,- Critically analyse a practice issue; (Evaluate),Evaluate
"Evaluate the basic concepts of computer programming, CPU organization, assemblers and compilers, and algorithm design for engineering problems by using software engineering and operating systems concepts",Evaluate,,Invalid
demonstrate critical thinking and professional judgement by developing a report plan for the academic component of the unit;,Apply,demonstrate critical thinking and professional judgement by developing a report,Invalid
"Understand the basic concepts of analysis including limits of sequences and series (of real numbers or functions), properties of functions over the reals;",Understand,Understand the basic concepts of analysis including limits of sequences and series,Understand
"Understand, use and explain the basic concepts and principles of the research literature which underpin the chosen area of research in theoretical, computational or experimental physics.",Understand,The label for the learning outcome is: Understand,Understand
Analyse the strengths and weaknesses of different epidemiological study designs;,Analyze,,Invalid
"Explain the roles of likelihood models, missing data, and Bayesian inference and formalise parameter estimation problems in complex applications using these concepts.",Understand,"Label:

Analyze",Analyze
understand the steps and the logic of the sequence,Understand,Answer: Understand,Understand
document and provide evidence of your professional practice against achievement of the Australian Professional Standards for Teachers at the Graduate level,Analyze,Answer: Create,Create
"Demonstrate effective communication by oral, visual and written means.",Apply,"Label:

Create",Create
"Establish experimental studio processes that generate ongoing creative enquiry in jewellery, body related objects and object based sculpture;",Analyze,,Invalid
"Read and understand Japanese literary works, Japanese captions and related materials with the assistance of dictionaries;",Understand,"- Understand

Question: How would you classify the learning outcome",Understand
"use data to demonstrate the social impact of media, using appropriate data analysis software.",Apply,"Label:

Apply",Apply
Skills to design and simulate modern communication systems using industry standard simulation tools.,Create,"Label:

Apply",Apply
interpret and explain models written by others;,Evaluate,- label: Understand,Understand
provide a historical overview of the evolution of the international business phenomenon,Apply,Response:Create,Create
Design and simulate controllers and observers using computer-aided tools.,Create,"Label:

Create",Create
"compare different building codes and rating systems, and use one of them to appraise thebuilding performance",Analyze,,Invalid
demonstrate the capacity to organise classroom activities where learner's time is spent on learning tasks,Apply,Correct Answer: Apply,Apply
select and review relevant theory and literature,Apply,,Invalid
Describe the principles of designing and deploying specific VR environments and AR applications,Understand,"Label:

Understand",Understand
"Examine long term consequences of burn injury for the individual, carer/family members and health care professionals.",Analyze,The label for the learning outcome is: Evaluate,Evaluate
"Explain the physical principles underpinning digital fluoroscopic imaging systems and the physics of fluid flow, image intensifiers and planar conventional tomography and apply them in clinical situations to produce and evaluate images of the vascular, gastrointestinal, genito-urinary and hepatobiliary systems;",Understand,The label for this learning outcome is: Create,Create
"acquire and demonstrate team skills including planning, collaboration, problem-solving, decision-making, communication and presentation skills.",Apply,The label for this learning outcome is: Create,Create
developan understanding of the key academic literature in a particular area of econometrics or statistical research,Understand,"I will label ""Understand"" as the learning outcome is about",Understand
gain knowledge and understanding of the South African and African economies and their operation in an international environment,Understand,,Invalid
Describe and apply the principles of occupational analysis and grading and adaptation of occupations to a therapy situation,Apply,"Remember
Understand
Apply
Analyze
Evaluate
Create",Create
"apply a range of skills within a team context, including team leadership, collaboration, problem-solving, decision-making and communication",Apply,The label for this learning outcome is: Apply,Apply
"Explain  the relationships between stellar evolution, galactic evolution, and the creation of the elements;",Understand,Identify the main stages of stellar evolution and their impact on gal,Invalid
"Describe the normal structure and function of the urinary system and fluid balance, electrolyte balance and the nursing/midwifery practice considerations involving urinary tract conditions;",Understand,,Invalid
"Describe and contrast the structures and spatial relationships of the tissues, organs, systems, and regions that make up the human body.",Understand,"Answer:
Understand",Understand
Predict mechanical and corrosion failure modes and explain likely causes.,Evaluate,"Label:

Evaluate",Evaluate
"Develop a plan including the essential elements of leadership and management for nursing in disaster prevention, preparedness, response and recovery;",Create,,Invalid
"Design, construct and publish web-database applications;",Create,- label: Create,Create
exercise advanced and integrated professional judgment to evaluate practical considerations arising under the taxation law,Evaluate,Correct Label: Evaluate,Evaluate
Critically review scientific literature in community-based emergency health.,Analyze,"Solution:
Evaluate",Evaluate
apply analysis techniques to financial information and interpret the results,Apply,Example label: Apply,Apply
Construct an informed theoretical critique of issues related to global crime and justice,Create,Correct label: Create,Create
Articulate and communicate complex knowledge and ideas;,Understand,"- label: Create

Explanation: Articulate and communicate",Create
apply CBA to real world problems.,Apply,"Example:
""Given a set of data, use CBA",Invalid
"Apply the principles of thermodynamics to advanced chemical engineering processes,process safety, biological sciences, energy, and environmental sciences.",Apply,"Remember
 Understand
 Apply
 Analyze
 Evaluate
 Create",Create
Explain youth substance abuse in terms of family and social contexts such as trauma and youth disadvantage,Understand,Answer: Understand,Understand
"Describe the fundamental principles underlying infection by all major groups of viruses, and apply this knowledge to understand infection and disease caused by specific pathogenic viruses;",Understand,The label for this learning outcome is: Create,Create
Understand major developments in social ontology,Understand,,Invalid
De-construct existing objects and products with intent of re-purposing them by understanding their making;,Analyze,"- Understand

Question: How can students apply Bloom's Tax",Apply
propose behavioural economics interventions to reduce inefficiencies resulting from cognitive biases.,Create,Correct Answer: Create,Create
Describe Evidence Based Practice in physiotherapy in the context of integrating the best research evidence with clinical expertise and the client's unique values and circumstances;,Understand,,Invalid
apply modern fatigue crack growth theories to ensure the continued airworthiness of aircraftstructural components,Apply,,Invalid
Describe the scientific concepts and analyse the clinical applications of Intensity-Modulated Radiotherapy;,Understand,The label for the learning outcome is: Analyze,Analyze
analyse and predict the key economic variables when the economy is faced with internal and external market shocks,Analyze,Correct answer: Analyze,Analyze
"Explain the importance of psychosocial factors in patient adjustments to illness and dysfunction, treatment and rehabilitation;",Understand,Identify the psychosocial factors that influence patient adjustment to illness and,Invalid
"Describe market and social drivers that determine the development, growth and expansion opportunities of functional foods in a global environment;",Understand,Identify the key players in the functional foods industry and their roles,Invalid
demonstrate an understanding of the role of entry mode choice and other strategic issues in order to succeed in international business.,Understand,Question: What is the Bloom's Taxonomy classification for the,Invalid
Appraise and reflect on issues associated with the implementation multi-modality imaging in planning and treatment in your clinical centre.,Analyze,Correct Answer: Evaluate,Evaluate
"demonstrate ability to recognise and evaluate technological advances and changes in the economic, political, social and environmental context to the contemporary practice of operations and logistics",Apply,,Invalid
"develop a critical understanding of the relationship between tradition, innovation and sustainability",Understand,Correct Label: Analyze,Analyze
Compare and contrast different communication and concurrency schemes;,Evaluate,- label: Understand,Understand
"Analyse the range of different biomedical science techniques used at the level of tissues, organs and systems, to create models pertinent to human health and disease",Analyze,,Invalid
Understand properties of linear transformations and identify their kernel and range;,Understand,,Invalid
"Investigate, analyse and synthesise complex information, problems, concepts and theories in relation to European Union law and policy;",Analyze,- Compare and contrast the EU's approach to human rights and,Invalid
Demonstrate knowledge of the development of furniture design concepts and details to meet selected design requirements;,Apply,,Invalid
"Analyse and utilise solution strategies for a variety of problems in incompressible flow,inviscid flow, ideal fluid flow, boundary layer flow, irrotational flow, and potential flow.",Apply,Output: Analyze,Analyze
develop skills in identifying talent and evaluating the talent renewal needs of professionals,Analyze,Correct Answer: Evaluate,Evaluate
"Understand the dynamics and diversity of individual, couple and group counselling and apply your skills accordingly",Understand,,Invalid
Demonstrate an understanding of the contemporary practices of STEM and how such practices help you to respond to changing technological and social change,Understand,,Invalid
develop a broad understanding of pedagogical tools and methods to assess children's learning through play,Understand,Correct Label: Understand,Understand
"develop your learners' study, career, leisure and life skills through the knowledge, skills, values, attitudes and behaviours associated specifically with the study of history",Create,,Invalid
Appraise the impact of cultural and other demographic factors on cancer control and radiation therapy utilisation,Evaluate,,Invalid
Critically analyse social and political factors that influence use of medications.,Analyze,"___
Evaluate
___
Create
___
Understand",Create
"Explain why conflicts occur among states, firms, international organizations, NGOs and other groups over how the global economy is governed;",Understand,Analyze the causes and effects of the conflict between the United States,Analyze
critically analyse some of the competing demands on business when scrutinising the ethics of business activity in a global context,Analyze,Correct Label: Evaluate,Evaluate
Critically analyse the concept of need and competently do a need assessment and develop community intervention models;,Create,Identify the factors that influence the development of a community's needs,Invalid
recognise regulatory and political environments and how they impact on business.,Remember,"___
Understand",Understand
Explain the molecular and cellular basis of selected diseases and how they can be modulated by drugs.,Understand,"Label:

Understand",Understand
"Critically analyse personal values, experiences and assumptions that align with or diverge from the Australian Association of Social Workers Code of Ethics.",Analyze,Response:Evaluate,Evaluate
"Critically assess the variety of domestic legal forms by which human rights are expressed - constitutional, statutory, interpretive, common law and codes of practice and evaluate their role and effectiveness in implementing Australia's international human rights obligations",Evaluate,,Invalid
"Investigate, analyse and synthesise complex information, problems, concepts and theories in relation to concepts, theories and problems in international litigation and arbitration;",Analyze,- Compare and contrast the advantages and disadvantages of different approaches to,Invalid
"demonstrate in an individual summative assessment task the acquisition of a comprehensive understanding of global financial markets, their products and appropriateness for the investor.",Understand,"Remember
 Understand
 Apply
 Analyze
 Evaluate
 Create",Create
"understand how to investigate the role of voting, interest groups, political competition, and distributional conflicts in affecting public policies",Understand,"I will classify the learning outcome as ""Understand"". The student",Understand
Demonstrate advanced skills in the written and oral presentation of theoretical and applied computational linear algebra problems.,Understand,"Label:

Create",Create
"Apply cryptographic techniques to develop methods to disguise information to ensure its integrity, confidentiality and authenticity;",Apply,Analyze the strengths and weaknesses of different cryptographic techniques and their,Analyze
Clearly communicate the implications and applications of the research to the broader society.,Create,"Label:

Evaluate",Evaluate
"Identify and evaluate the impact on professionals, of working with adolescents;",Understand,"- Understand the importance of working with adolescents;
- Evaluate the",Evaluate
"Evaluate the role of addictive behaviours in contemporary cultural practices, identities, meanings and values, including among specific groups (such as youth, sexual and gender minorities, Indigenous Australians).",Evaluate,"___
Evaluate",Evaluate
Interpret results for a variety of models.,Evaluate,"___
Evaluate
___
Interpret results for a variety of",Evaluate
consolidate your understanding of professional knowledge and professional practice in physical education,Evaluate,Correct Answer: Understand,Understand
Assess relevant academic literature and apply the results of the research to the specific issues under reflection.,Apply,"Label:

Evaluate",Evaluate
"identify, evaluate and use different resources for teaching social education",Remember,,Invalid
"Identify, synthesise and apply advanced knowledge of key concepts relating to Law and Literature and Law and Film;",Remember,demonstrate an understanding of the relationship between Law and Literature,Invalid
Demonstrate that you are prepared for MDes(Res) confirmation.,Apply,"Label:

Remember",Remember
Discuss the role of environmental factors in the spread on communicable disease;,Understand,,Invalid
The skill to plan a self-directed study and allocate time successfully throughout the duration of the study.,Create,The skill to plan a self-directed study and allocate time successfully,Invalid
Develop decision making strategies to assist in the maintenance of ethical conduct.,Create,"___
Evaluate
___
Create
___
Understand",Create
develop an understanding of the role of creativity and the visual arts in young children's learning,Understand,Correct Label: Understand,Understand
"Demonstrate fundamental design technology skills to create, capture, manipulate and edit images, shape and form;",Apply,"Demonstrate fundamental design technology skills to create, capture,",Create
"demonstrate the ability to report, interpret and communicate effectively accounting advice and ideas, through written reports and oral presentations, at a level required for a career in accounting and business",Evaluate,Correct Label: Create,Create
develop an understanding of intellectual property,Understand,,Invalid
Apply knowledge of bioinformatics data exploration and storage using public and private databases.,Apply,"___
Apply",Apply
"Identify and describe the radiographic appearances of pathologies affecting the cardiovascular, respiratory, gastrointestinal, urinary, endocrine and reproductive systems;",Understand,Identify and describe the radiographic appearances of pathologies affecting the,Invalid
Communicate findings verbally and in writing,Create,Answer: Create,Create
Recognise the benefits and drawbacks of different metal additive manufacturing technologies.,Remember,"I will classify the learning outcome as ""Evaluate"". This is",Evaluate
Discuss and apply ethical theories relevant to nursing practice,Apply,Correct answer: Create,Create
Describe the epidemiology and clinical aspects of management to acute care illnesses,Understand,"Label:

Understand",Understand
Demonstrate key communication and assessment skills necessary for effective practice with a range of clients in diverse health settings;,Apply,,Invalid
Demonstrate a capability to research and explore the full range of issues to be considered in an industrial design project;,Apply,"- Understand the nature of industrial design;
- Understand the design",Understand
analyse health and physical education curriculum and practice,Analyze,,Invalid
develop an understanding in a specific subject area of advanced finance of the main theories or methods used in the current academic literature,Understand,"I will classify the learning outcome as ""Understand"". The student",Understand
"Demonstrate the ability to strategically respond to complex problems and develop appropriate planning responses, processes and outcomes;",Apply,Demonstrate the ability to strategically respond to complex problems and,Invalid
"Communicate effectively with a project supervisor, colleagues and technical staff.",Create,"Label:

Create",Create
Describe various models for real world signals,Understand,Answer: Understand,Understand
"Search the scientific literature to obtain related information, and critically review and communicate this literature;",Analyze,- label: Create,Create
understand the main elements behind the concept of opportunity cost and quantifying the cost of proposals for economic decision making purposes,Understand,I will understand the main elements behind the concept of opportunity cost,Understand
Articulate the relevance of psychology to practice including the role of biopsychosocial forces in shaping more approaches to daily life,Understand,Answer: Evaluate,Evaluate
Locate and critically evaluate literature relevant to the chosen research project and generate a written literature review in the style of an academic publicationThemeslabel Inquiry and Innovation,Evaluate,Remember label,Remember
Analyse primary works of modern Korean literature in Korean;,Analyze,"Discuss the influence of historical events on literary themes;
Compare and",Invalid
Evaluate theoretical perspectives on the leadership of educational change,Evaluate,,Invalid
Synthesise and articulate your design process;,Create,- label: Create,Create
"Under supervision, safely conduct radiographic examinations of the respiratory system, pelvis, shoulder girdle, vertebral column, the bony thorax and plain abdomen of an adult patient.",Analyze,"Under supervision, safely conduct radiographic examinations of the respiratory system",Invalid
Review and summarize key research directions in the field of intercultural communication;,Understand,,Invalid
Understand basic moral frameworks and identify moral issues,Understand,,Invalid
Explain how peripheral and central mechanisms sense food intake and match this to body mass and energy stores;,Understand,,Invalid
Describe key elements of motor development during infancy. + Postural control + Transitions between postures + Acquisition of upper limb dexterity,Understand,,Invalid
Review evidence and evaluate contentious theories.,Analyze,"Label:

Evaluate",Evaluate
"Understand and demonstrate understanding of written, audio and video documents;",Understand,"- Understand and demonstrate understanding of written, audio and video documents",Understand
"evaluate and communicate the critical roles that human intellect, knowledge, values, emotion, learning, and organisational culture and climate, play in maintaining and sustaining capable organisations",Evaluate,,Invalid
Define the principles of developmental care and apply these to clinical practice with the neonatal population.,Apply,Correct answer: Apply,Apply
An appreciation of the theoretical understandings of the shift from government to governance in respect of the environment and sustainability.,Understand,Correct Answer: Understand,Understand
"Articulate the role of validation and verification methods in the system development life cycle; key issues in software testing, testing levels and testing techniques;",Understand,,Invalid
"An understanding of the strengths, limitations and appropriate application of quantitative and qualitative approaches to research;",Understand,"The student will be able to:
- Understand the strengths,",Understand
critically assess evidence supporting various theories and thereby evaluate thesetheories.,Evaluate,Correct Answer: Evaluate,Evaluate
"Demonstrate the intellectual and practical skills needed to justify and interpret theoretical propositions, legal methodologies, conclusions and professional decisions, as well as to identify, research, evaluate and synthesise relevant factual, legal and policy issues, including a demonstrated ability to locate, isolate and thoroughly understand appropriate materials such as cases, scholarship, uniform texts and other instruments for use in an international arbitral setting.",Apply,Evaluate,Evaluate
Critically analyse and evaluate philosophical texts;,Analyze,,Invalid
Critically engage with the research ethics literature;,Analyze,"- Critically engage with the research ethics literature;

Answer:",Invalid
Select various fuel delivery system and gas exchange processes based on justification from in depth technical analysis,Analyze,"Correct label

Analyze",Analyze
"Use basic laboratory skills to study polymeric materials, be able to work effectively within a team in carrying out laboratory work, be able to keep appropriate laboratory records and develop skills to communicate the results and conclusions of practical work.",Apply,Remember,Remember
"Critically evaluate the socio-cultural, legal and ethical issues related to the nursing management of medical and surgical patients.",Evaluate,"___
Evaluate
___",Evaluate
Apply estimation and calibration solving skills within the finance context.,Apply,"Example: ""Given a set of financial data, estimate the",Invalid
"Demonstrate knowledge of the professional ethical, cultural and psychometric issues that arise when assessing for psychopathology across the lifespan",Apply,Correct Label: Evaluate,Evaluate
"Interpret sexual violence research, key issues, data and sources.",Evaluate,"___
Understand",Understand
Construct applications using a graph database system;,Create,,Invalid
Critique and extend extant theories using own thesis research as a reference point.,Evaluate,Correct label: Evaluate,Evaluate
Demonstrate competency as a radiography student across the domains of practice and be able to assume an independent role as a radiographer and modelling professionalism within the role.,Apply,Remember,Remember
Employ diverse approaches in the reconstruction of the past,Apply,,Invalid
demonstrate the ability to consume and synthesize the current empirical evidence on specific environmental problems/policies,Apply,"I will choose ""Analyze"" as the Bloom's Taxonomy",Analyze
Critically examine contemporary factors that influence education program development,Analyze,Answer: Evaluate,Evaluate
demonstrate in an individual summative assessment task the acquisition of a comprehensive understanding of the topics covered by BFW1310.,Understand,The label for the learning outcome is: Understand,Understand
"Demonstrate independent research skills including enquiry techniques, critical thinking, and skills of oral and written communication.",Apply,"___
Create",Create
Exhibit the capacity to adopt a sociological perspective in relation to contemporary social justice related issues in a south African and African context.,Understand,The correct label for the learning outcome is: Create,Create
Recognise their own and others' negotiating behaviours and their interplay across a range of contexts;,Remember,- Understand,Understand
demonstrate an understanding of typical challenges faced by children and adolescents,Understand,"Answer:
Understand",Understand
"Critically explain, evaluate and apply appropriate AI theories, models and/or techniques in practice - including logical inference, heuristic search, genetic algorithms, supervised and unsupervised machine learning and Bayesian inference;",Apply,- Demonstrate an understanding of the strengths and weaknesses of these,Invalid
the application of research methods and specialist discipline knowledge to plan and execute a substantial research-based project with a high level of personal autonomy and accountability.,Create,The label for this learning outcome is: Create,Create
A knowledge of the use of computers in automating and increasing the precision of manufacturing (CAM).,Remember,"Remember
 Understand
 Apply
 Analyze
 Evaluate
 Create",Create
Interpret primary and secondary documents through developing critical reading skills;,Create,,Invalid
Demonstrate cultural sensitivity and professionalism in consumer care,Apply,,Invalid
"Name and identify the primary anatomical structures of the head, neck and spine as represented on computed tomography images.",Remember,Response:Identify,Invalid
Describe fundamental concepts of microbiology and host defence mechanisms including immunology and microorganism classification and apply these concepts to the treatment and prevention of infectious diseases.,Apply,Remember Understand Apply Analyze Evaluate Create,Create
The ability to work collaboratively to critically evaluate an argument and debate the implications of research findings;,Evaluate,The ability to work collaboratively to critically evaluate an argument and debate,Evaluate
Develop specialised mathematical knowledge and computational skills within the fields of partial differential equations and probability theory.,Create,Label: Create,Create
Identify and demonstrate an ability to apply the laws that are covered in each topic in terms of their impact on the media.,Understand,Identify and demonstrate an ability to apply the laws that are covered,Apply
Explain the legislative framework governing industrial relations in South Africa.,Understand,Response:Understand,Understand
evaluate investment and financing decisions,Evaluate,Correct Answer: Evaluate,Evaluate
"Demonstrate a critical awareness of the capacities, limitations and socio-professional implications of journalistic practices in in the field of business, industry and economics.",Understand,The label for the learning outcome is: Evaluate,Evaluate
"Write/type simple sentences using hiragana, katakana and approximately 60 kanji,.",Apply,Remember,Remember
"Identify the biotic and abiotic processes which support the development of Earth's biosphere and lead to the formation of soils and sediments, and how they interact to influence water quality and vegetation;",Remember,Identify the biotic and abiotic processes which support the development,Invalid
Describe what statistical machine learning and its theoretical concepts are;,Understand,,Invalid
"Manage client presentations of suicidal risk and family violence, and apply culturally appropriate interventions where necessaryThemeslabel Professional Practice",Apply,,Invalid
Critique the central problem faced by any perceptual system and be able to use this as a framework to evaluate the evolution of perceptual principles and current theories of perception,Evaluate,,Invalid
"Assess the appropriate optimisation strategy for linear, non-linear, unconstrained, constrained and mixed integer models from a fundamental understanding of functional and constraint convexity, or determine the appropriate evolutionary solution strategy when convexity is not assured.",Evaluate,"Remember
 Understand
 Apply
 Analyze
 Evaluate
 Create",Create
Critically analyze and discuss the nature of air pollutants and its effects on human health and environment.,Understand,"Response:
Evaluate",Evaluate
Understand the relationship between the Clinical Neuropsychologist and other health professionals;,Understand,Understand the role of the Clinical Neuropsychologist in the multidisciplinary,Understand
Read about and discuss issues regarding contemporary features of Korean society,Understand,,Invalid
Describe how political philosophy relates to other branches of philosophy,Understand,Answer: Understand,Understand
"identify local, national and international people and events relevant to current issues and media issues.",Remember,"___
Understand",Understand
Outline the procedures applied in assisted reproductive technologies (ART),Apply,Answer: Apply,Apply
"Analyse and communicate the relevance of digital visual culture and the social, cultural and political implications it has for contemporary societies.",Analyze,"___
Analyze",Analyze
Demonstrate skills in the presentation of scientific data,Apply,,Invalid
"Summarise the physical, chemical and radiation hazards in the aviation environment",Evaluate,Answer: Understand,Understand
Understand the concept of ground improvement.,Understand,Response:Understand,Understand
identify the components of words and how they interact;,Remember,,Invalid
Apply the fundamentals of linear systems theory and basic control design methods to dynamic models described in state-space representations.,Apply,"___
Apply",Apply
Develop specialised financial skills within the fields of statistics and probability theory.,Apply,"Label:

Create",Create
understand and critically evaluate different approaches to teaching media studies,Understand,Correct Label: Evaluate,Evaluate
"assess the roles of the intergovernmental, non-governmental and corporate sectors in shaping and influencing global governance",Evaluate,,Invalid
describe how cognitive and cultural factors affect language structures and their interpretation;,Understand,The label for this learning outcome is: Analyze,Analyze
"understand the measurement of income, prices, money and unemployment",Understand,The label for the learning outcome is: Understand,Understand
"Select, analyze and apply property law principles to generate appropriate practical and jurisprudential responses to complex legal problems and issues;",Apply,"Select, analyze and apply property law principles to generate appropriate practical",Analyze
Have an advanced practical and critical understanding of drawing as a method of externalising thoughts and developing ideas;,Understand,Have an advanced practical and critical understanding of drawing as a method,Invalid
employ creative thinking to develop innovative concepts and ideas,Create,Correct Label: Create,Create
Combine scientific data to understand the relationship between tectonic settings and deformation;,Understand,- Understand,Understand
conduct a review of academic literature in response to a thematic issue or question,Apply,"I will classify the learning outcome as ""Analyze"". This is",Analyze
"Select suitable containment materials, by explaining how chemicals are safely contained in a chemical process and corrosion mitigation.",Analyze,"I will Choose the label ""Apply"" as the learning outcome",Apply
Display a deep historical knowledge of the evolution of great power politics throughout the history;,Apply,- Remember,Remember
Apply S-plane and Routh-Hurwitz techniques to determine the stability of a system.,Apply,Response:Apply,Apply
"Source, interpret and evaluate biostatistical information relevant to health and disease in populations across a range of contexts (e.g. rural, indigenous, vulnerable/'at-risk' populations)",Evaluate,Correct label: Evaluate,Evaluate
"gain knowledge from organisational visits in order to develop insights that can be applied as future generators of sustainable economic, social and environmental value for business and society.",Create,The label for the learning outcome is: Create,Create
"Psychological assessment andmeasurementDemonstrate a good knowledge of thetheoretical basis of assessment techniquesand diagnostic classification systems.Demonstrate skills in basic interviewingtechniques such as engagement andcounselling; that your microskills aredeveloping, and competent administrationof standardised tests and measures.",Apply,"Psychological assessment and measurement
Understand",Understand
Utilise close reading skills to develop writing skills;,Apply,,Invalid
"analyse and evaluate the underlying principles and reasons underpinning each aspect of the innovation development process, proposing the need for and then using, a context-driven methodological approach to deliver;",Analyze,,Invalid
"Evaluate the role of other mortuary based identification methods, such as molecular biology, fingerprints, the weight given to circumstantial evidence, and cranio-facial superimposition.",Evaluate,"___ Evaluate

Question: How would you classify the learning outcome",Evaluate
Perform a range of CT scans at the level of Advanced Beginner.,Apply,"Label:

Apply",Apply
"Evaluate data quality principles, implications and ethical issues.",Evaluate,"___
Evaluate",Evaluate
Reflect critically on yourselves as educators and the strategies you will use for engaging diverse learners.,Analyze,Reflect critically on yourselves as educators and the strategies you will use,Invalid
describe the major theories underpinning managerial communication,Understand,Answer: Analyze,Analyze
"Describe the epidemiology and clinical aspects of disease state management for selected blood and brain conditions, and cancers",Understand,Label: Create,Create
Apply knowledge of the biochemical basis of specific metabolic diseases to real life contexts and case studies;,Apply,,Invalid
Discuss the contributions of key South Africans to the international development of psychology.,Understand,"___
Evaluate
___
Create
___
Understand",Create
Demonstrate skills for producing and communicating explorations of architecture culture;,Apply,"- Create

Question: How would you classify the learning outcome",Create
"Write/type 150 kanji, including approximately 90 new kanji.",Create,"I will use a variety of resources, including textbooks, online",Invalid
Formulate a wound care management plan incorporating skin and wound assessment to guide selection of appropriate products or technologies.,Create,Response:Create,Create
Appreciate the difference between professional practice in your discipline and studio research in your discipline.,Understand,Label: Understand,Understand
Assess critically the risks for drug interactions and the safe use of psychotropics in complex medical settings;,Evaluate,,Invalid
critically analyse emerging local employment trends and the legal issues that they pose,Analyze,Correct Label: Evaluate,Evaluate
Use Gibbs energy curves and chemical potentials to describe the driving forces for diffusion and phase transformations.,Apply,Response:Apply,Apply
Develop and analytically describe an appropriate model for longitudinal or correlated data based on unit matter considerations.,Create,"Label:

Create",Create
Have developed an ability to critically analyse contemporary public discourse on issues of social justice and human rights;,Create,To critically analyse contemporary public discourse on issues of social justice and,Invalid
Effectively communicate complex concepts and scientific content in written or oral formats.,Create,"Label:

Create",Create
Demonstrate knowledge of the various tools and techniques used for realtime 3D computer graphic applications;,Apply,,Invalid
"Identify strategic constraints in managing the scope, time, cost and quality components.",Create,"___
Evaluate
___
Create
___
Understand",Create
Design and manage an independent research project;,Evaluate,,Invalid
Develop and role model the essential elements of leadership and management for emergency nursing.,Create,"___
Create",Create
define leadership and illustrate how it applies to all levels of management and external stakeholders,Understand,Answer: Understand,Understand
"demonstrate ability to recognise, evaluate and lead the adoption of emergent organisational forms that align within an increasingly digital and dynamic competitive environment",Apply,Correct Label: Create,Create
"Use cognitive, technical and creative skills to generate and evaluate at an abstract level complex ideas and concepts relevant to international environmental law.",Apply,Correct Answer: Create,Create
"Evaluate the challenges associated with managing patients with a range of different needs including the elderly, children, patients with physical disability or mental impairment.",Evaluate,The label for the learning outcome is: Evaluate,Evaluate
demonstrate the impact of monetary and government policies on an open economy using the IS-LM model and AD-AS model,Apply,Correct Label: Create,Create
Skills in cross-cultural communication and collaboration;,Evaluate,"- Understand the importance of cultural awareness in global teams;
-",Understand
Explain contemporary research and theories applied to social issues in psychology.,Understand,"Label:

Understand",Understand
Critically appraise: - the obligations that international treaties and conventions impose on member states; - the challenges that these obligations present for the design of domestic patent and trade secrecy laws; and - the manner in which domestic laws comply with these obligations.,Evaluate,"Answer:
Evaluate",Evaluate
Demonstrate problem-solving skills relevant to communication consulting,Apply,,Invalid
Evaluate fundamental principles of pharmacology.,Evaluate,"___
Evaluate",Evaluate
Utilise booth techniques and team interaction skills in interpretation;,Apply,,Invalid
articulate the key concepts for young children in each of the mathematics strands and apply these to program planning and evaluation,Understand,Correct Label: Create,Create
Evaluate methods used to measure the impact of chronic disease,Evaluate,,Invalid
Apply these theoretical perspectives and concepts to illuminate and examine a new or existing problem in the study of International Relations,Apply,,Invalid
analyse and evaluate risk via Monte Carlo simulation,Analyze,,Invalid
Apply the major research methods used in IT research,Apply,Answer: Apply,Apply
"Express their own ideas and viewpoints using video, both individually and in collaboration with others;",Apply,,Invalid
Create C++ programs using pointers to demonstrate an understanding of efficient memory use and management;,Apply,,Invalid
Design appropriate transmitter and receiver signal processing functionalities for wireless systems and demonstrate its performance on a software defined radio hardware platform.,Apply,Correct Answer: Create,Create
complete a research project utilising Indonesia-specific sources.,Apply,"___
Create",Create
Examine relevant social work policy and practice issues in longevity and ageing.,Analyze,"___
Evaluate
___
Examine
___
Understand",Evaluate
draw upon experiences of gaming in order to develop new perspectives on the role of media in society and everyday life;,Create,,Invalid
Identify and summarise a number of critical positions in contemporary film theory.,Remember,"___
Understand",Understand
"Identify data collection methods, collect and analyse data on the occupational performance of self and others that inform understanding about health and wellbeing, key occupational issues and concepts for practice;",Understand,Identify and evaluate the strengths and weaknesses of the data collected;,Evaluate
"Identify the main types of hazard which may be encountered in studios and workshops - chemical, physical, and biological;",Remember,Identify the main types of hazard which may be encountered in studios,Invalid
Carry out appropriate statistical analyses using appropriate software;,Analyze,,Invalid
gain an understanding of creativity and sources of innovation,Understand,"Answer:
Understand",Understand
Evaluate and assess techniques used in the 3D creation process;,Evaluate,- Critically assess the strengths and weaknesses of different 3,Invalid
"Plan and evaluate evidence-based practice to manage patients with complex disease states including neurological, cardiac, respiratory, gastrointestinal, renal and endocrine body systems in specialist nursing practice.",Evaluate,"Example: ""Compare and contrast the pathophysiology of",Invalid
"explain the factors that create co-existence and conflict between different religious, ethnic and national groups in Europe;",Understand,explain the factors that create co-existence and conflict between,Create
"display advanced curriculum navigation, organisation and planning skills in the design of effective health education learning programs and sequences that synthesise curriculum, pedagogy, and assessment",Apply,,Invalid
"Reflect, develop and critique personal and professional learning using an electronic portfolio in preparation for professional accreditation, including opportunities for supervision and a plan for continual professional development that reflects a self-directed and life-long approach to learning;",Analyze,"The label for 'Reflect, develop and critique personal and professional",Invalid
"Using clinical assessment as a basis, formulate a holistic management plan for a patient with a diabetes-related foot wound including local wound care, pressure reduction techniques, medical management, psychological and sociological aspects.",Create,Appl,Invalid
Demonstrate an understanding of the mathematical theory behind important numerical methods for solving real-life problems on computers;,Understand,Demonstrate an understanding of the mathematical theory behind important numerical,Invalid
Describe how a health technology assessment contributes to decision-making processes,Understand,Answer: Evaluate,Evaluate
Use listening skills to understand conversations or monologues on topics covered in class and to identify different genres;,Understand,"- Understand

Question: How can students effectively use listening skills",Understand
Critically evaluate the psychometric properties of psychological tests including reliability and validity.,Evaluate,Correct Answer: Evaluate,Evaluate
"An ability to communicate, orally and in a written form, their understanding of these theories and concepts.",Apply,Correct Answer: Create,Create
"Employ image transitions, dialogue, sound effects, music, dissolves, zooms, pans and other production processes used in the construction of animatics;",Apply,,Invalid
"Employing both academic (secondary) and non-academic (primary) texts, the unit will consider a number of important facets of critical legal scholarship, most importantly the 'law and literature' movement, which tries to both explain and critique law in terms of the various literary techniques of dramatic narrative. This unit largely operates within the 'law and literature' tradition by directly engaging with novels and films, both of which are highly narrative-driven artistic forms. The text's depiction and resolution of the legal issue under its consideration will be discussed in class as a parallel, or secondary, commentary on the centrality of narrative to all forms of legal speech and practice.",Understand,Remember,Remember
Understand basic concepts related to inner product spaces and apply these to problems such as least-squares data fitting;,Understand,Understand the Gram-Schmidt orthogonalization process and its applications,Understand
Identify administrative and management issues that need to be addressed for successful program implementation.,Remember,"___
Evaluate
___
Create
___
Understand",Create
conduct a critical review of the literature relevant to your field of study,Analyze,I will use the label: Evaluate,Evaluate
examine evidence-based strategies for effective leadership of primary mathematics teachers,Analyze,,Invalid
"Identify appropriate competencies for the practice domains that intersect with mental health, including legal and statutory responsibilities;",Remember,,Invalid
"Evaluate the concepts underpinning the dominant intellectual capital perspective on IT and IKM strategy, the strengths and limitations of this approach, and how social capital and emotional capital insights can augment this view of strategy;",Evaluate,,Invalid
Critique the framework within which public transportation planning and management is conducted and the foundations of public transportation policy.,Evaluate,Correct Answer: Evaluate,Evaluate
Develop solutions to business problems using information technology and other techniques;,Create,,Invalid
Plan and conduct written work on how meaning is created in cinema.,Create,"___
Create",Create
"Develop algorithms to extract and analyse features in medical, document, and other images;",Create,"- Develop algorithms to extract and analyse features in medical, document",Invalid
Integrate the findings from interviewing expert health management witnesses with the findings from the literature review to identify practical management approaches to dealing with the relevant problem or issue.,Remember,The label for this learning outcome is: Create,Create
"Design and conduct an analytical campaign - including budgeting, selecting adequate samples and analytical tools, quality control, and reporting the results",Create,"Label:

Create",Create
Interpret the applicability of health care research findings to health care management practice.,Evaluate,"___
Evaluate
___
Create
___
Understand",Create
"An understanding of key historical, social, cultural, and economic dimensions of the crime and justice context relevant to the Asia region;",Understand,"An understanding of the key concepts, theories, and models of",Invalid
"Predict the dynamic response of basic structures under wind loads, including vortex induced vibration, buffeting, galloping and flutter.",Evaluate,"Response:
Create",Create
Develop an event budget and schedule;,Create,,Invalid
Recognise and distinguish between the different classes of polymeric materials used for Additive Manufacturing.,Remember,Response:Recognise,Invalid
"Design deep learning solutions to problems in computer vision, natural language processing and signal processing. Examples are image classification, object detection, sequence modelling and filter design.",Create,"Remember
 Understand
 Apply
 Analyze
 Evaluate
 Create",Create
Discuss the role of the nurse/midwife in mitigation and adaptation;,Understand,- Understand the role of the nurse/midwife in mitigation,Understand
Be able to describe the architecture and mechanism of current wireless networking standards;,Understand,The answer is: Understand,Understand
"define the purposes and scope of leadership theories and research outcomes, and identify their applications to real-life situations",Remember,,Invalid
Understand and apply the fundamental elements and principles of basic typesetting and type design;,Apply,"Understand the history and evolution of typography;
Understand the role of",Understand
critically appraise a range of current issues affecting corporate governance and regulation,Evaluate,Correct Label: Evaluate,Evaluate
debate empirical estimation of 'optimal' capital structure and the treasurer's role in optimising debt-equity mix using both short and long term funding,Evaluate,I will Evaluate,Evaluate
"apply critical thinking, problem solving and presentation skills to individual and/or group activities dealing with mergers and acquisitions and demonstrate in an individual summative assessment task the acquisition of a comprehensive understanding of the topics covered in BFF5580.",Apply,The answer is: Apply,Apply
Synthesise and critically analyse the theory and literature associated with the health service management issue or problem.,Analyze,"Correct answer: Analyze

Question: How does the integration of",Analyze
Discuss the efficiency and sustainability of mineral and energy sources.,Understand,"___
Evaluate
___
Create
___
Understand",Create
hypothesise concepts surrounding finance and apply these to a variety of domestic and international situations,Apply,Correct Answer: Create,Create
Compare governments in Africa to the South African government;,Analyze,- label: Understand,Understand
Explain the contribution of 'human factors' to the provision of healthcare and the importance of inter-professional collaboration to minimise risk in the provision of healthcare;,Understand,The label for this learning outcome is: Understand,Understand
"calculate and interpret relevant financial ratios concerned with the profitability, financial structure and solvency of listed public companies",Apply,Answer: Apply,Apply
Design and conduct a physiotherapy assessment of the cardiorespiratory system including determination of a client's short and long-term goals and medico-legal documentation of findings;,Create,,Invalid
Demonstrate collaborative skills and leadership potential.,Apply,Label: Create,Create
"Implement occupationally relevant, client-centred/family-centred intervention strategies for clients with complex contextual factors or issues. ",Apply,,Invalid
appraise critically the important current macroeconomic issues,Evaluate,,Invalid
"Articulate clear research aims, methods and rationale.",Understand,"___
Understand",Understand
Implement and evaluate quality assurance principles in digital imaging systems;,Apply,,Invalid
demonstrate an understanding of contemporary approaches and learning theories related to children's development of communication and creativity through performing arts pedagogies,Understand,"Remember
 Understand
 Apply
 Analyze
 Evaluate
 Create",Create
"Develop a realistic experimental plan, including a timeline, for the research project undertaken in CHM4100;",Create,"- Develop a realistic experimental plan, including a timeline, for",Invalid
Articulate a reflective understanding of their experience and assumptions with respect to health and the practice of care.,Understand,"Reflective Understanding
Understand",Understand
"A strong kinaesthetic approach to centering the body, and to centering the voice and breath in the body through practice and theoretical understanding*",Understand,*Note: The asterisk indicates that this learning outcome is,Invalid
Understand a range of opportunities for discipline-specific practitioners in interdisciplinary contexts;,Understand,Understand the importance of developing a range of skills and competencies for,Understand
Demonstrate the capability to learn new technical skills in the laboratory and/or the field and use these proficiently and safely.,Apply,The label for the learning outcome is: Apply,Apply
Analyse the ethical issues associated with data science decisions,Analyze,Correct label: Analyze,Analyze
"gather, analyse and visualise digital data in the context of communication flows;",Analyze,"gather, analyse and visualise digital data in the context",Invalid
Evaluate the evidence-base from research in the management of the medically ill and their families.,Evaluate,"___ Evaluate
___ Understand
___ Apply
___ Analyze",Evaluate
"Describe the role of factors (such as aetiology, pathophysiology and weight bearing functions) in the development of a diabetes-related foot wound.",Understand,"___
Understand",Understand
develop and present appropriate not-for-profit marketing and engagement strategies.,Create,"___
Create",Create
Prepare a comprehensive written report that is professionally presented and contains all the required components including a bibliography.,Create,Label: Create,Create
understand and be able to critically examine key debates in political studies;,Understand,- be able to critically examine key debates in political studies;,Invalid
Synthesise a range of relevant sources to plan and manage your research.,Create,Response:Create,Create
"describe and analyse the quality of production in an industrial process, using statistical control charts.",Analyze,Correct answer: Analyze,Analyze
relate management theory to various and different cultures,Apply,Answer: Understand,Understand
Understand how to develop a sustainable design business model;,Understand,"Understand the importance of integrating sustainability into business planning;
Understand the",Understand
Apply practical skills including working in interdisciplinary teams and cross-cultural skills;,Apply,,Invalid
"Describe and critique common workplace, clinical supervision and teaching models.",Evaluate,"___
Evaluate
___
Create
___
Understand",Create
"Explain the structural and neural mechanisms that underpin the special senses and their ability to perceive vision, hearing, smell, taste and balance.",Understand,"Remember
 Understand
 Apply
 Analyze
 Evaluate
 Create",Create
"Critically discuss public art practice in a wider context, with consideration of the impact on local and international communities.",Analyze,Correct Label: Evaluate,Evaluate
"Discuss the mechanisms by which cells communicate to coordinate metabolism, cell growth, differentiation and cell death.",Understand,"Label:

Analyze",Analyze
"Discuss the local and international food regulations including food additives, safety, storage, halal food standards, food law and sanitation.",Understand,The label for the learning outcome is: Evaluate,Evaluate
design and carry out end-user customer experiments,Create,,Invalid
examine the role of organisational behaviour theory in enhancing both individual and organisational effectiveness.,Analyze,Question: Examine the role of organisational behaviour theory in enhancing both,Invalid
"Relate anatomical structures (tissues, organs, systems) to basic developmental processes and use comparative approaches to identify evolutionary and functional contexts.",Understand,"___
Analyze",Analyze
Be able to execute and analyse a set of laboratory-based studies,Analyze,"Label:

Apply",Apply
"explain and apply the basic principles of accounting for group transactions, including business combinations and intracompany transactions, and the preparation of group financial statements",Apply,Label: Apply,Apply
Apply patient safety learning to their observations and experiences in simulated or real workplace settings.,Apply,"___
Apply",Apply
"Identify and discuss the various economic, political and cultural forces which shape the practical work of media production;",Understand,"Discuss the impact of media production on society;
Evaluate the role",Evaluate
Apply the theory behind the operation of photovoltaic devices to predict and quantify the performance of solar cell materials.,Apply,"Example: ""Design a solar cell using the principles of semiconductor",Invalid
An in-depth knowledge of changes that post-Mao reform has brought to intellectual trends in general and to literature in particular (through critical analysis of a range of literary works by a younger and unorthodox generation of Chinese writers who challenge traditional Chinese literary norms through their exploration of fundamental issues of humanism),Understand,Create,Create
Critically assess the epidemiological quality of research in a range of studies outlining the basis of your methodological approach and criteria for determining the quality of the research;,Evaluate,The label for this learning outcome is: Evaluate,Evaluate
"Understand different types of financial risks such as market, credit, and operational.",Understand,"___
Understand",Understand
Debate and/or defend your practice in an informed critical appraisal;,Evaluate,Debate and/or defend your practice in an informed critical appraisal,Invalid
Relate the different levels and models of intervention used in community psychology.,Apply,"___
Understand",Understand
acquire an understanding of holistic learning and teaching including the wide variety of learning and teaching strategies that support the connections between music theory and practice in developing a personal approach to teaching music.,Understand,"Remember
 Understand
 Apply
 Analyze
 Evaluate
 Create",Create
"identify the strengths and limitations of different measurement systems, select appropriatemeasurement systems for different dimensions of behaviour, and use continuous anddiscontinuous measurement systems",Remember,,Invalid
"Recognize and have a deeper understanding of the areas of conflict, challenges and opportunities between international IP, international environmental and international trade laws",Understand,,Invalid
"Compare the belief structures behind mainstream and complementary therapies, and their efficacy in therapy;",Analyze,"Evaluate the strengths and weaknesses of different therapeutic approaches, and their",Evaluate
"demonstrate an ability to research, interpret and critically evaluate research traditions informing the concept of transition and change in early childhood education",Apply,Correct Label: Evaluate,Evaluate
understand creativity and the creative process and its influence on gifted students and their talent development,Understand,I will understand creativity and the creative process and its influence on,Understand
Appraise common issues associated with end of life care in a variety of health care contexts.,Evaluate,"___ Evaluate
___ Understand
___ Apply
___ Analyze",Evaluate
Discuss contract development and select an appropriate sourcing strategy for provisioning information systems;,Analyze,,Invalid
Theorise and analyse approaches to injury policy and legislation,Analyze,Correct Label: Analyze,Analyze
"Apply theoretical knowledge to real-world examples of social entrepreneurship, innovation and design",Apply,,Invalid
"Apply theoretical knowledge to real-world examples of social entrepreneurship, innovation and design;",Apply,Analyze the impact of social entrepreneurship on society and the environment;,Analyze
"evaluate how social, cultural and political contexts shape curriculum, with particular attention to Indigenous knowledge and values underpinning design, assessment and reporting",Evaluate,,Invalid
"Understand and demonstrate the relationship between reactivity, selectivity and structure in main group organometallic complexes;",Understand,,Invalid
"Use available language tools, such as debuggers and profilers, and good programming practice to debug their implementations systematically and efficiently;",Apply,The label for this learning outcome is: Apply,Apply
develop a broad understanding of the role of technology and innovation in launching and growing viable start-ups,Understand,"I will classify the learning outcome as ""Understand"".",Understand
Describe the morphology and kinematics of the Milky Way;,Understand,"Identify the different types of stars and their life cycles;
Compare",Invalid
discuss the behavioural aspects associated with lending decisions,Understand,Answer: Analyze,Analyze
understand the operation of labour markets by drawing on basic economic principle,Understand,The label for this learning outcome is: Understand,Understand
"Demonstrate a high level of competence in communication and presentation skills: written, oral and graphic;",Apply,Demonstrate a high level of competence in the use of,Invalid
Critique competing theories of addictive behaviour;,Evaluate,You should be able to critically evaluate different theories of addictive behaviour,Evaluate
"Develop and apply an understanding of how debates in relation to tax policy affect the practical administration of tax laws. Develop and refine skills of policy analysis to interpret, synthesise and critically evaluate legislative provisions and case law from a broader policy perspective.",Understand,"Remember
 Understand
 Apply
 Analyze
 Evaluate
 Create",Create
Analyse time series in time domain as well as frequency domain;,Analyze,Identify and explain the characteristics of the different types of signals;,Invalid
Describe the effect of nanoscale grain refinement on magnetic properties.,Understand,"Label:

Analyze",Analyze
"develop written, presentational and group work skills through a series of assessed essays, assignments and tutorial work",Create,"Example: ""Students will be able to demonstrate their understanding of",Invalid
Develop specialised mathematical knowledge and skills within the field of stochastic calculus.,Create,"Label:

Create",Create
examine theories of organisational behaviour (OB) to develop fundamental knowledge of OB as an area of management,Create,Correct Label: Understand,Understand
Critically analyse scientific data;,Analyze,,Invalid
"Compute line, surface and volume integrals in a range of coordinate systems;",Apply,- label: Apply,Apply
apply research skills to a range of challenges;,Apply,,Invalid
Explain how social determinants of health can impact the health of key populations and the provision of socially accountable healthcare in both Australian and global health contexts                                                                                                                Themeslabel Comprehensive care,Understand,,Invalid
"Apply basic physical and mathematical principles, including dimensional analysis, to gain a quantitative and qualitative understanding of astrophysical processes.",Apply,"Example: ""Given the mass and velocity of a star,",Invalid
"Recognise hazards associated with chemical and biological materials, instruments and ionising radiation and the risks they impose;",Remember,Identify the appropriate personal protective equipment (PPE) to be,Invalid
Develop differential diagnoses and formulate problems,Create,,Invalid
have a basic understanding of the concepts and techniques of macroeconomic forecasting using an applied general equilibrium (AGE) model,Understand,"I will label the learning outcome as ""Understand"". The student",Understand
Employ sophisticated research and critical thinking skills.,Apply,"Label:

Evaluate",Evaluate
Calculate and apply a range of secondary pharmacokinetic parameters that determine dosage regimens,Apply,"Correct label

Solution:
Apply

Question: What are the",Apply
be able to demonstrate the ability to integrate and evaluate that knowledge to create and implement appropriate business initiatives and responses.,Evaluate,"Solution:
Create",Create
create graphic displays of behaviour,Create,"to show the relationship between variables

Classify this learning outcome",Invalid
"Articulate an advanced understanding of the roles of literature, film, arts and other media in shaping dominant modes of remembering conflict;",Understand,Identify the ways in which dominant modes of remembering conflict are challenged,Invalid
Understand how behaviour and lifestyle relates to health.,Understand,Response: Understand,Understand
Explain how both mitigation and adaptation are required to deal adequately with climate change.,Understand,Remember,Remember
Identify and describe the fundamental theories underlying project and process management in resources projects.,Understand,"___
Understand",Understand
Critically analyse global trends in infant and maternal outcomes and how they align with the United Nations sustainable development goals (SDGs) for maternity care;,Analyze,,Invalid
Describe the properties and behaviour of structural steel under thermo-mechanical loading.,Understand,"___
Understand",Understand
"develop a higher self awareness of students' own personality, values, attitudes, and styles as well as strengths and weaknesses pertinent to their leadership aspirations",Create,"Remember
 Understand
 Apply
 Analyze
 Evaluate
 Create",Create
apply practical understanding of the organisation of classroom activities and space,Apply,The label for the learning outcome is: Apply,Apply
Identify and critique significant interior architecture projects and their contribution to contemporary interior practice;,Understand,,Invalid
"Make informed notions of, and debate on the vicissitudes of post-colonialism and its complementary concepts in both their tutorial interactions and their assignments and exams.",Evaluate,Correct Answer: Evaluate,Evaluate
"Demonstrate critical thinking to develop new understandings of how young children's lives are historically embedded in socio-economic, cultural and political contexts",Understand,Correct Answer: Analyze,Analyze
Communicate research in both oral and written formats.,Create,"Label:

Create",Create
Recognise the breadth of statistical tests and their applicability to common research methodologies;,Remember,,Invalid
analyse the literature in order to develop subject matter expertise beyond the specific focus of the Honours project,Analyze,Correct Label: Analyze,Analyze
use and creatively integrate information and communication technologies (ICT) to enhance student engagement and conceptual understanding.,Apply,The label for this learning outcome is: Create,Create
Apply sophisticated computational statistical inference in a wide range of application problems that require the integration of mathematical modelling with observed data to provide credible interpretation of the underlying system.,Apply,The label for this learning outcome is: Apply,Apply
"Research a topic in the area of physiology, and present the findings of such research (written and verbal), at an appropriate scientific level.",Create,Correct answer: Create,Create
Develop a professional experience folder which records your planning of lessons and self-reflections on your developing professional practice and learning,Create,,Invalid
"Apply a theoretical understanding of the concepts of resolution, stability and order of numerical methods for solving partial differential equations relevant to engineering.",Apply,Response:Apply,Apply
explore approaches for facilitating and leading collaborative school-based professional learning,Analyze,Correct Answer: Create,Create
Identify and discuss the principles and application of the stages and methods of international development project planning and management;,Understand,Identify and discuss the principles and application of the stages and methods,Invalid
"Describe the role of enterprise systems in supporting the business strategy, business drivers and business requirements of various organisations;",Understand,"Describe the role of enterprise systems in supporting the business strategy,",Invalid
" Describe the general characteristics of the modern X-ray system used in clinical practice, including scientific principles, and production of the digital image. ",Understand,Solution: Understand,Understand
Devise and implement a plan for the project and identify key outputs,Create,,Invalid
Apply the processes of lead optimization to improve the drug-likeness of designed drug molecules,Apply,"Label:

Apply",Apply
demonstrate an appreciation of the notion of cross-cultural literary communication.,Apply,Correct Answer: Understand,Understand
Communicate the design of interactive systems that enhance the user experience;,Create,Solution: Create,Create
"A thorough knowledge of how contested representations and understandings of disaster have explored issues of responsibility, mitigation, vulnerability and social change;",Understand,A thorough knowledge of how contested representations and understandings of disaster,Invalid
"Report on lifestyle journalism stories or events in a clear, concise, factual and meaningful way using a variety of elements in a coherent package;",Create,"- Demonstrate an understanding of the story or event;
-",Invalid
a demonstrated ability to apply the methodology of materials and process selection for agiven engineering application,Apply,"Answer:
Apply",Apply
Explain the principles of pharmacological management of cardiorespiratory disorders;,Understand,,Invalid
critically reflect on the evolving techniques and practices of writing for social media.,Analyze,"___
Evaluate
___
Create
___
Understand",Create
"demonstrate advanced skills in administration and scoring of intelligence tests, psychopathology and personality instruments, behavioural instruments, and tests of academic attainment suitable for use with individuals and groups across the lifespan, and diverse cultural groups, including Aboriginal and Torres Strait Islander peoples, including the administration and scoring of tests for individuals with sensory and neurological deficits",Understand,,Invalid
Apply knowledge of child justice to particular contexts,Apply,"Example:
""Use the principles of child justice to resolve a",Invalid
Perform traffic data analysis methodologically,Analyze,"Correct label:

Analyze",Analyze
"Discuss the ethical, legal and cultural responsibilities of scientific investigation.",Understand,"___
Evaluate
___
Create
___
Understand",Create
Undertake a needs analysis by scoping an organizationally useful and occupationally relevant project or program;,Analyze,"Identify the stakeholders and their roles;
Identify the project/program objectives",Invalid
To implement wavelets on an industry standard DSP development system,Apply,,Invalid
demonstrate ability to direct one's learning through self-evaluation and the setting of realistic plans for ongoing development of strategic management skills.,Apply,Remember,Remember
identify and address challenges and opportunities for preparing to teach in Primary and/or Secondary educational contexts,Remember,Correct answer: Create,Create
Apply interpersonal and reflective skills to your professional practice,Apply,,Invalid
Demonstrate explicit competence in French grammar in the areas reviewed;,Apply,- Demonstrate explicit competence in French grammar in the areas reviewed,Invalid
Explain key digital techniques and their relevance to spatial design practice;,Understand,,Invalid
"Demonstrate the knowledge, skills and attitudes of a professional engineer.",Apply,"Label:

Create",Create
"Determine barriers associated with access to, and equity in health care particularly as they relate to Indigenous Australians and people in different vulnerable groups.",Evaluate,The label for this learning outcome is: Evaluate,Evaluate
identify real situations where network effects matter,Remember,"Answer:
Create",Create
Critically evaluate the historiographical debates about war and society;,Evaluate,- Critically evaluate the historiographical debates about war and society,Evaluate
"Demonstrate an appreciation, understanding and critical reconfiguration of the cultural value of Indigenous creative practices and ways of knowing;",Understand,"Demonstrate an appreciation, understanding and critical reconfiguration of",Invalid
critically evaluate financial market information to measure risk and return,Evaluate,Correct Label: Evaluate,Evaluate
Develop and implement a systematic review protocol for a nutrition related research question;,Create,,Invalid
"Analyse the potential for interactions and reactions between drug molecules, biomolecules and solvents. ",Analyze,,Invalid
"Demonstrate strong self-reliance, and able to construct a program of work with a coherent direction which imaginatively addresses your own concerns;",Apply,- Understand the importance of self-reliance and the ability,Understand
Apply radiation protection and dosimetry principles to the practice of CT;,Apply,Analyze the impact of radiation exposure on human health and the environment,Analyze
Recognise aurally elements of pitch structure and basic rhythm.,Remember,"Label:

Remember",Remember
"Identify, evaluate and interpret a range of relevant curriculum documents and resources for teaching the arts",Remember,,Invalid
"Manage the process of publishing an issue of a scholarly academic journal under the peer review process in academic publishing; edit academic articles; and man-age the practical aspects of timely, effective publication and distribution of the jour-nal. [TLO1]",Apply,"Remember
Understand
Apply
Analyze
Evaluate
Create",Create
"explain the philosophical assumptions underlying the science of behaviour analysis (e.g., selectionism, determinism, empiricism, parsimony, pragmatism)",Understand,Answer: Analyze,Analyze
"Adapt and apply the core principles of intensive care nursing to specialist patient populations (e.g. patient with multiple trauma, burns, paediatrics, pregnancy).",Apply,The label for the learning outcome is: Apply,Apply
"have an understanding of the ways in which a variety of poetic and dramatic texts explore the concepts of power (political, social and sexual) and of desire (religious, courtly, neo-Platonic and sexual) in the pre-Romantic period;",Understand,The label for the learning outcome is: Understand,Understand
demonstrate an understanding of the rationale for continued professional learning and the implications for improved student learning.,Understand,Understand,Understand
"Identify drivers for change (e.g. industry and technology reforms; political, business and social agendas) and proactively lead nursing responses to changing and dynamic environments",Remember,,Invalid
Ability to articulate critical interpretations of dramatic texts and processes in systematic written argument.,Evaluate,Correct Answer: Evaluate,Evaluate
"Critically assess threats, vulnerabilities and risks to an organisation's information assets and propose control technologies and techniques which can be applied to reduce the security risk;",Evaluate,,Invalid
Explain modern theories of stellar and planetary formation and evolution,Understand,Answer: Understand,Understand
"Critically reflect on practice extending self-awareness, insight and cultural competency linking to professionalism.",Analyze,Correct label: Evaluate,Evaluate
"demonstrate a sound understanding of children's physical, social, emotional and spiritual well-being and apply this knowledge by designing and implementing effective education and care programs",Understand,,Invalid
"Relate the theoretical basis of health education and health promotion to planning, implementing and evaluating a creative group education session designed to support behaviour change.",Apply,The label for this learning outcome is: Create,Create
Recognize the complexity of social developments that characterized the Weimar and Nazi periods;,Remember,Identify the causes and consequences of the rise of Nazism;,Invalid
write and interpret parallel database processing algorithms and methods;,Evaluate,,Invalid
familiarity with key philosophical issues and concepts in contemporary applied ethics,Understand,Correct Label: Understand,Understand
"Investigate, analyse and synthesise complex information, problems, concepts and theories in relation to comparative continental European legal systems;",Analyze,- Compare and contrast the development of continental European legal systems;,Invalid
examine the influence and implications of power in understanding and managing conflict,Analyze,,Invalid
Utilise narrative and visualisation techniques appropriate to in-depth journalism.,Apply,"___
Create",Create
"Evaluate how psychological, cultural, personal, economic and social factors influence nutrition and health behaviours",Evaluate,,Invalid
identify and distinguish between different types of dispute avoidance processes (DAPs) used on construction projects around the world and evaluate the pros and cons of each;,Understand,The label for this learning outcome is: Analyze,Analyze
"Understand the analysis of Tollmien-Schlichting instability and transition in boundary layer flow and recognise factors controlling laminar-turbulent boundary layer transition,",Understand,- Understand the analysis of Tollmien-Schlichting instability and transition,Understand
Explain different types of research design and how to choose the most appropriate design to answer explanatory and exploratory research questions.,Understand,Remember,Remember
Articulate risks and opportunities involved in entrepreneurship from the initial concept through development to commercialisation.,Understand,The label for the learning outcome is: Create,Create
Identify and evaluate the context and foundational doctrines and principles of international environmental law and international intellectual property law,Understand,,Invalid
"Demonstrate a high level of practical design research, design process and design communication;",Apply,"Demonstrate a high level of practical design research, design",Invalid
Develop effective media relations,Create,,Invalid
"Effectively communicate (both orally and in writing) legal advice, information, options for litigious and non-litigious pathway, arguments and strategies with a wide range of audiences involved in the justice system;",Understand,"- Communicate with clients, colleagues, judges, lawyers,",Invalid
"Synthesise and interpret their knowledge gained in their study of the underpinning research literature, thence identifying a niche topic or topics within this existing body of literature, which represents a gap in knowledge suitable for original research;",Evaluate,,Invalid
"develop legal solutions to complex problems by synthesising existing legal knowledge, legal research and technical and practical information.",Create,"Legal Knowledge
Legal Research
Technical and Practical Information
Legal",Invalid
Recognise and critically evaluate key ethical and legal requirements associated with investigative journalism in South Africa and Africa and demonstrate their ability to reflect critically on their own and others' performance,Apply,Correct answer: Evaluate,Evaluate
Appreciate the role of graph theory in other areas of mathematics.,Understand,"___
Understand",Understand
Use procedures to promote maintenance and generalisation of behaviour change,Apply,"Label:

Apply",Apply
"Explain the ways in that genres are socio-culturally and historically determined and often ambiguous and tend to encompass divergent, even contradictory;",Understand,- genres are socio-culturally and historically determined and often,Invalid
Select the appropriate MRI protocol and post processing techniques for MRI studies of the brain structure and function from within an evidence-based framework.,Analyze,Correct answer: Create,Create
"Organise, analyse and interpret data meaningfully and according to the accepted practices within the research paradigm informing the research process.",Analyze,Correct answer: Analyze,Analyze
"Critically analyse a range of strategies utilised by existing brands, including competitive landscape analysis, central and distinctive mapping, business model canvas and customer journey mapping;",Analyze,,Invalid
collaborate constructively with fellow students and industry professionals in learning and discussion processes;,Apply,,Invalid
discuss and apply the basic principles of changes in ownership interests of group entities,Apply,Correct Label: Apply,Apply
"Demonstrate a critical understanding of contemporary issues and curriculum in arts, design, health and physical education within Australia and internationally",Understand,,Invalid
Describe the chemistry of drug-receptor interactions including structure-activity relationships,Understand,Correct answer: Understand,Understand
Prepare legal arguments by applying an intellectual and practical synthesis of: a thorough understanding of law relevant to complex cross-border commercial disputes; firm grasp of a complex factual scenario; and an appreciation of policy and principles behind development of the law; an thorough understanding of contemporary developments in international commercial law and its professional practice.,Apply,"Remember
 Understand
 Apply
 Analyze
 Evaluate
 Create",Create
Define the molecular structure of biological membranes and their role in cellular metabolism;,Understand,The student will be able to describe the composition and function of,Invalid
"Relate the importance of law, human rights and ethics in professional practice",Apply,,Invalid
Recognise the roles of climate change and natural variability in current climate trends.,Remember,"Label:

Understand",Understand
Develop skills in applying a particular research method to the resolution of a research question;,Apply,- Develop skills in applying a particular research method to the resolution,Invalid
"demonstrate a capacity to draw on a range of teaching approaches, including the use of information and communication technologies, in ways that align with pedagogical intentions",Apply,,Invalid
Integrate their knowledge of policy frameworks and epidemiology with the design of service systems in mental health services,Create,,Invalid
"demonstrate critical understanding of recent trends and curriculum in physical education, health and wellbeing across educational environments both within Australia and internationally",Understand,,Invalid
articulate and critically analyse the reasons why global commercial regulation produces different regulatory outcomes across Asia,Understand,Response:Evaluate,Evaluate
Articulate the depth and complexity of use of self in professional practice,Understand,"Correct label:

Create",Create
To explore the way in which environmental and biological knowledge is encoded. ,Analyze,,Invalid
"Formulate culturally sensitive health professional-patient interactions, including ways of respectfully working with Indigenous healing and spiritual practitioners.",Create,Correct answer: Create,Create
Use key ethical and legal principles to discuss issues pertinent to patient care and clinical contexts.Themeslabel Theme I: Personal and Professional Development,Understand,"Bloom's Taxonomy label: Create
Theme II: Professional",Create
Determine and articulate the functional and non-functional requirements of a software system based on interaction with stakeholders;,Apply,Determine and articulate the functional and non-functional requirements of a software,Invalid
"Generate clear, concise and high quality documentation and reports for communication of complex integrated ideas.",Create,Solution: Create,Create
Have an understanding of the relationship between international environmental law and domestic environmental law,Understand,,Invalid
recognise the diverse ways in which the moving image fundamentally differs from written texts;,Remember,recognise the diverse ways in which the moving image fundamentally differs,Invalid
"apply critical thinking, problem solving and presentation skills to deal with debt markets and fixed income securities and demonstrate in an individual summative assessment task the acquisition of a comprehensive understanding of the topics covered by BFC3341.",Apply,The answer is: Apply,Apply
"Critically summarise the broad principles of perception which apply to all modalities including neuropsychological mechanisms at the level of receptors, pathways, and brain structures; top down and bottom up processing, feature detection and the constructive nature of perception",Create,Analyze,Analyze
"critically reflect on your beliefs, ethical practices and experiences in regard to the subject of English and in regard to your teaching of this subject",Analyze,Correct Label: Evaluate,Evaluate
"Determine lift and drag forces on bodies (including motor vehicles) subjected to fluid motion, describing the effects of boundary layer modification and flow separation.",Apply,Correct Label: Analyze,Analyze
"Reflect on and assess their own capabilities and performance, and make use of feedback on performance to support personal and professional development.",Analyze,Correct answer: Evaluate,Evaluate
Demonstrate a cognitive appreciation of the different taxation treatment of various legal entities and their members;,Understand,Demonstrate a cognitive appreciation of the different taxation treatment of,Invalid
"Differentiate key psychological theories related to social behaviour, emotion and motivation and memory.",Analyze,Correct answer: Analyze,Analyze
Design and justify a useful and usable interface by applying user-centred design principles;,Evaluate,,Invalid
"understand the geometry and crystallography of common crystal defects, and their effects on material properties",Understand,I will understand the geometry and crystallography of common crystal defects,Understand
Observe and apply the OHS requirements of the working environment.,Apply,"___
Apply",Apply
demonstrate the ability to select appropriate and culturally sensitive means of assessment for individuals of different ages and deficits or strengths,Apply,Correct Label: Evaluate,Evaluate
Identify unsustainable urban policies and practices and suggest effective methods of improving sustainability;,Remember,,Invalid
Communicate complex information on waves and MHD theory with the use of visualisation methods.,Create,Correct answer: Create,Create
provide practical insights/implications derived from forecasts.,Apply,"Example: ""Based on our sales forecast, we should consider",Invalid
consider and evaluate research papers presented in the research seminar series,Evaluate,Correct Label: Evaluate,Evaluate
Know and understand behavioural characteristics of gifted individuals and how that can impact students' learning experiences,Understand,Correct label: Understand,Understand
Apply academic and research integrity and governance principles in a workplace setting.,Apply,"___
Apply",Apply
Identify the wider concerns of contemporary international art as they are played out in a local context;,Understand,,Invalid
Identify and analyse standardised outcome measures appropriate for assessment of the neonatal and infant population.,Analyze,"___
Analyze",Analyze
understand how economic theory and data are combined to analyse and frame macroeconomic policies,Understand,Correct Label: Understand,Understand
critically analyse human resource challenges to identify the impact/implications for contemporary Asian businesses,Analyze,Correct Label: Analyze,Analyze
Investigate outdoor education contexts and your portrayal using a range of environmental and cultural lenses,Analyze,,Invalid
Demonstrate advanced scientific report writing and oral presentation skills.,Understand,"Label:

Create",Create
"Use key ethical and legal principles to discuss and evaluate issues relevant to public health, clinical research practice, and professional standards for patient care.",Understand,Correct Label: Evaluate,Evaluate
Determine the performance of C and/or assembly programs when processing data from peripheral devices.,Apply,"___
Evaluate
___
Create
___
Understand",Create
Identify and evaluate the tools and styles of electronic music from the twentieth century to today,Understand,,Invalid
"demonstrate specific content knowledge and practical skills in relation to a number of youth health issues, for example: drug use, food and nutrition, body image, and safety",Apply,,Invalid
Critically analyse organisational and systems governance structures and existing policies that improve the culturally competent health care.,Analyze,"___
Evaluate
___
Create
___
Understand",Create
Explain how communicable infections are spread.,Understand,"___
Understand",Understand
Describe approaches to examples of Australian and international television;,Understand,"Identify the strengths and weaknesses of each approach;
Compare and contrast",Invalid
Have a functional knowledge of multi-disciplinary teamwork and processes and critically appraise the perspective of other stakeholders.,Understand,Correct answer: Evaluate,Evaluate
Convey to a non-specialist audience the relevance and value of genetics to human society;,Create,- Understand,Understand
Discuss and critically analyse physiology research papers;,Analyze,,Invalid
Describe ecological applications and processes relating to a range of terrestrial environments;,Understand,"Identify the ecological significance of these processes;
Explain the ecological significance",Invalid
"Further develop independent research skills to find relevant information about an essay topic; organise, synthesise and analyse the information and communicate it in written and oral form.",Analyze,"Remember
 Understand
 Apply
 Analyze
 Evaluate
 Create",Create
Identify the principles of motor skill acquisition across the lifespan;,Remember,,Invalid
Intervention strategiesDemonstrate knowledge and some ability toapply intervention strategies associatedwith one theoretical approach with simplepresentations of high prevalence disorders.Students should be able to demonstrate theability to formulate and prepare treatmentplans with their supervisor's assistance.,Apply,Remember,Remember
display proficiency in a variety of media analytical skills and practices; ,Apply,demonstrate an understanding of the role of media in society,Invalid
"Identify and describe in detail; structural and sectional anatomy, physiology, pathology and oncology related to the integumentary system, lower respiratory, lower digestive, urinary and renal systems",Understand,Correct: Understand,Understand
Describe the musculoskeletal anatomy related to movement and apply anatomical principles to determine function and common pathology,Understand,Correct answer: Create,Create
Plan and apply advanced biochemical laboratory methods to solve problems in cell signalling and demonstrate appropriate methods for data analysis and interpretation;,Apply,The label for this learning outcome is: Create,Create
Understand the range of application areas that analytical chemistry and analytical instrumentation are applied to;,Understand,Understand the range of applications of analytical chemistry and analytical instrumentation in,Understand
Identify and assess the effectiveness of strategies to address bullying and to de-escalate violence and aggression in the workplace.,Understand,"___ Evaluate
___ Create
___ Understand
___ Apply",Create
"effectively communicate data analysis, using a blog, reports and presentation",Create,Correct Answer: Create,Create
"Demonstrate an awareness of the principles and values that have shaped the Australian system of government, including representative democracy, the rule of law and human rights",Apply,,Invalid
"Explain the chemical principles of reactivity and stability of food components, applying these principles to describe functional properties of foods and ingredients including colour and sensory properties and attributes that confer benefit and risk to consumers;",Apply,"The label for ""Explain the chemical principles of reactivity and",Invalid
Demonstrate sound knowledge of current affairs and debates about the future;,Apply,- label: Understand,Understand
Synthesise the epidemiology of traumatic injuries and environmental conditions;,Create,"- label

Create",Create
"Identify, interpret and analyse manufacturing options for simple components primarily from an engineering perspective, but also considering the cost of manufacture.",Remember,Correct Answer: Analyze,Analyze
understand the concepts of conditional expectation and martingales and their relation to pricing of financial derivatives,Understand,I will understand the concepts of conditional expectation and martingales,Understand
Produce 3D models with an increased design intention and creative application;,Create,,Invalid
"Identify and select a range of research methodologies and methods for a specific discipline, issue or topic;",Remember,"Select appropriate research tools and resources for a specific discipline, issue",Invalid
"Demonstrate a critical awareness of the capacities, limitations and socio - professional implications of journalistic practices in different media.",Understand,Label: Evaluate,Evaluate
"define the purpose and scope of traditional and emerging Human Resource Management (HRM) activities drawing from HRM theory, empirical research and practice",Understand,,Invalid
adjust and apply personal cross-cultural competence to culturally diverse settings.,Apply,"Example: ""I can adjust my communication style to suit different",Invalid
"Recognise the different theoretical approaches or lenses (such as Marxist or Feminist) through which historians make history, and reconcile that with their own approaches to writing history",Remember,Analyze,Analyze
explain the key concepts and explore debates in relation to corporate accountability and human rights,Understand,I will Evaluate the key concepts and explore debates in relation to,Evaluate
Reflect on the importance of ethics and legal matters for geotechnical and geoenvironmental projects.,Analyze,"___
Evaluate
___
Create
___
Understand",Create
Discuss the importance of data and simulations in science;,Understand,,Invalid
"Reflect upon the development of professional skills gained through the unit and by seeking feedback from industry mentors, peers and academics and acting upon it;",Analyze,,Invalid
Report the results of environmental analyses in a variety of relevant media;,Analyze,,Invalid
develop analytical skills via understanding the intuition and logic behind theoretical and empirical research in corporate finance and governance,Understand,"I will classify the learning outcome as ""Analyze"". This is",Analyze
Evaluate an interface and interaction design.,Evaluate,"___
Evaluate",Evaluate
Analyse epidemiological data using statistical software on a laptop computer.,Analyze,Correct answer: Analyze,Analyze
Formulate research hypotheses into a statistical context in public health studies.,Create,"___
Create",Create
"Design a research proposal demonstrating an understanding of field-based techniques of survey, analysis and presentation of results;",Create,You should label: Create,Create
Communicate basic information about themselves and family members,Create,,Invalid
use appropriate theories of learning to inform understandings of teaching and learning across schooling contexts.,Apply,The label for this learning outcome is: Create,Create
"Communicate ideas and concepts through the interaction design process of observation, analysis, selection, interpretation and expression to produce comprehensive design solutions;",Evaluate,"To design a website, you need to understand the users'",Understand
Reflect on their own recorded and live performance;,Analyze,"- label: Create

Question: How can students use Bloom",Create
Identify and evaluate the theoretical underpinnings and models of best practice for risk management in the workplace;,Understand,Identify and evaluate the theoretical underpinnings and models of best,Evaluate
"Interpret passages that are delivered in professional settings, and are of moderate to high levels of difficulty;",Evaluate,"- Understand
- Create
- Evaluate
- Apply",Create
Recognise and apply leadership principles that support collaborative practice;,Understand,"Identify and evaluate the impact of leadership on collaborative practice;
Understand",Evaluate
"Demonstrate a critical awareness of the capacities, limitations and socio-professional implications of reporting practices in arts journalism.",Understand,Correct Label: Evaluate,Evaluate
"Interpret, analyse, synthesise and apply the law when located, to solve a legal problem",Apply,"Correct Label:

Analyze",Analyze
Explain the issues covered in making a submission to an ethics committee for approval of research projects,Understand,,Invalid
Display an increasingly personalised expression and sophisticated creative 3D design approach which can be pursued at an advanced stage in subsequent 3D imaging studios;,Apply,,Invalid
"Identify, observe key ethical and legal obligations associated with news reporting, and reflect critically on their own and others' performance in this regard",Remember,,Invalid
develop an awareness of disciplinary skills and concepts in the arts,Create,,Invalid
Describe the process of HACCP (Hazard Analysis and Critical Control Points) in food production and supply and design a HACCP plan.,Understand,Remember,Remember
Explain how human pathologies differ from normal organ and physiological systems,Understand,Answer: Analyze,Analyze
demonstrate an understanding of case studies of business failure and success in anticipating disruptions and changing scenarios,Understand,"I will choose ""Understand"" as the label for the given",Understand
"Demonstrate competence in documenting the research and articulating its significance through sustained critical reflections of the intention, method and outcome of the research;",Apply,- Demonstrate competence in documenting the research and articulating its,Invalid
Demonstrate independent research skills to interpret and synthesise relevant legal and policy issues and apply them to a set of facts;,Apply,Demonstrate independent research skills to interpret and synthesise relevant,Invalid
"Employ clinical and critical decision-making skills to identify, analyse and resolve problems in the mental health practice environment.",Analyze,Correct answer: Apply,Apply
"Critically analyse a range of behaviour issues, and assess behavioural interventions and practices that could be utilised.",Analyze,"___
Evaluate
___
Create
___
Understand",Create
explain the social harms and experiences of victimisation that flow from crimes of the powerful;,Understand,explain the social harms and experiences of victimisation that flow,Invalid
develop in depth understanding of the microstructures and their development for the most common classes of engineering alloys,Understand,"I will label this as ""Understand"". The student is expected",Understand
Research and critically analyse theoretically informed pedagogical strategies to support children through change and transition,Analyze,Correct Answer: Analyze,Analyze
demonstrate an ability to conduct research in asset pricing and investments,Apply,Correct Label: Create,Create
"Apply knowledge of recent developments in conventional and Islamic international banking and finance law, and regulation in various situations, including in advising clients.",Apply,"___
Apply",Apply
"Demonstrate an applied knowledge of highprevalence disorders and specialisedknowledge of one or two clinicalpresentations. Demonstrate a coherent andevidence based working model ofpsychopathology and therapy ‚Äê either acomprehensive understanding of onetherapeutic model or integrated use of arange of approaches, and associatedintervention strategies.Themeslabel Knowledge of the discipline",Understand,"Understanding label Knowledge of the discipline
Apply label Knowledge of the",Apply
"Interpret the teaching client's brief and formulate a tailored learning project that specifically meets these desired outcomes, within the available scope.",Evaluate,Correct Answer: Create,Create
"Compare and contrast the microbial pathogenesis, transmission, diagnosis, prevention and treatment of different infections;",Evaluate,,Invalid
conduct statistical inference in linear regression models with random regressors using the method of moments and the instrumental variables estimators,Analyze,I. Apply,Apply
Describe the structure of eukaryotic cells and explain the function of key organelles;,Understand,"The label for this learning outcome is: Understand

Question:",Understand
interact with the significant action research theories and contemporary debates in the field through the design of an individual project to apply your skill and knowledge,Apply,,Invalid
"Explain the modern ideologies of feminism, environmentalism, and religious fundamentalism;",Understand,- label: Understand,Understand
"articulate how you have extended your current knowledge, skills and abilities needed as a science educator",Understand,Response:Create,Create
"Organise, analyse and interpret data, using appropriate statistical tests where appropriate.",Analyze,"Label:

Analyze",Analyze
"Demonstrate the position of international law, in particular human rights law, on climate displacement and the rights of those affected;",Apply,"Demonstrate the position of international law, in particular human",Invalid
"Apply mass, energy and entropy balances to flow processes.",Apply,"Example:
Mass balance: m1 = m2
Energy",Invalid
"Demonstrate stagecraft, interaction, artistic expression, and technical proficiency at an advanced level;",Apply,"- Demonstrate stagecraft, interaction, artistic expression, and",Invalid
Apply the methodology of political philosophy in answering philosophical questions,Apply,Answer: Apply,Apply
Effectively communicate (verbal and written) aspects of how the body works to peers,Understand,"Correct label

Question: How would you classify the learning outcome",Invalid
"Synthesise and interpret findings from clinical assessment and diagnostic tests to plan and implement appropriate, evidence-based preventive and/or therapeutic interventions",Evaluate,,Invalid
develop skills in content selection and curriculum design in the arts,Apply,,Invalid
Develop and demonstrate high level skill in writing up the research methods section of a research report;,Apply,- Develop and demonstrate high level skill in writing up the research,Invalid
identify and apply prescribed grammatical items;,Apply,,Invalid
"critically evaluate, select, adapt and generate materials and activities relevant to student needs",Evaluate,Correct Label: Evaluate,Evaluate
"Demonstrate an understanding of current trends in health care and how they influence the development, implementation and utilisation of information systems;",Understand,Demonstrate an understanding of current trends in health care and,Invalid
Research independently into relevant domestic and international materials on the regulation of science and technology based on knowledge of appropriate research principles and methods;,Analyze,,Invalid
"Identify and critique programs, interventions and community resources for disease prevention and health promotion appropriate for patients and the community.Themeslabel Theme II: Population, Society, Health and Illness",Understand,"Remember
Understand
Apply
Analyze
Evaluate
Create",Create
a detailed appreciation of the combinations of mechanical properties exhibited by engineering alloys and how these compare with other materials classes,Understand,,Invalid
Situate both contemporary and historical Australian art within a wider world context.,Apply,"___
Understand",Understand
"Apply knowledge of the research process from the original idea to hypothesis testing, data collection and analysis/interpretation;",Apply,Analyze the strengths and weaknesses of the research design and the validity,Analyze
"Demonstrate high-level skills in data collection, analysis, interpretation and presentation, and combine these in written scientific reports and oral presentations;",Apply,"Demonstrate high-level skills in data collection, analysis,",Invalid
"Solve astrophysical problems, and complete a range of problem solving tasks by drawing on physical principles.",Apply,Output: Apply,Apply
Design constructs to alter the expression of specific genes;,Create,The answer is: Create,Create
"Interpret and extrapolate sectional anatomical images to topographic anatomy using various methods and techniques such as medical imaging, measurement, drawing, and 3D printing",Evaluate,"Label:

Apply",Apply
Contrast and critique contemporary teaching and learning methods for a range of clinical and academic education contexts.,Evaluate,Correct Label: Evaluate,Evaluate
Use appropriate statistical tools to analyse data in reproductive sciences,Apply,"Correct label:

Analyze",Analyze
"Awareness of the range of communicative languages used on stage, and of the critical discourses appropriate to their description and analysis",Understand,,Invalid
demonstrate an understanding of the role of the Australian Professional Standards for Teachers inidentifying professional learning needs,Understand,,Invalid
"Analyse, apply and reflect on theories of human communication, empathy, occupational health and radiation safety of the working environment, within a professional standards and ethical/legal context",Apply,,Invalid
Analyse the fundamentals of reactive noise attenuation devices;,Analyze,,Invalid
Recognise and discuss the characteristics of Australia's Vietnamese refugee community;,Understand,,Invalid
Articulate the various types of drug interactions of relevance to forensic medicine and their relevance to drug actions.,Understand,Response:Evaluate,Evaluate
read around 250 Chinese characters and identify important associated radicals;,Remember,,Invalid
"Compare different receptor families with regards to endogenous and exogenous ligand characteristics, and how the signal is transduced into a response via different signalling pathways;",Analyze,,Invalid
Evaluate the environment within which public transport planning and management is conducted and the fundamentals of public transport policy.,Evaluate,"___
Evaluate",Evaluate
Understand the types of data required to analyse a planning problem and data collection methods,Understand,,Invalid
Demonstrate technical skills in basic laboratory techniques used for the separation and identification of biological molecules and for measuring enzymatic behaviour;,Apply,,Invalid
"Developed skill and confidence in applying their theoretical knowledge to the neuropsychological assessment and treatment of individuals with a range of neurological, psychiatric, developmental and general medical issues.",Apply,,Invalid
Plan and execute the assessment and management of an adult patient with a complex illness or injury.,Create,Correct Label: Create,Create
explore contemporary research relating to the role of digital technologies in STEM and consider how these shape Early Childhood education,Analyze,,Invalid
Evaluate improper integrals of elementary functions and use integration by parts.,Evaluate,"Example:
∫x^2 e^x dx",Invalid
Demonstrate project management skills;,Apply,,Invalid
Explain query optimisation and its impact on multi-dimensional design;,Understand,Query optimization is a critical aspect of database management that involves finding,Invalid
Select and apply appropriate protocols to ensure safety and environmental protection.,Apply,"Label:

Apply",Apply
Demonstrate competence in the application of the micro skills common to effective social work practice across a range of diverse service contexts and fields of practice,Apply,,Invalid
Apply the stiffness method of matrix structural analysis.,Apply,Response:Apply,Apply
Show sensitivity to the latest aesthetic thinking and material technologies in the area of study;,Apply,,Invalid
Analyse different Micro and Nanotechnologies techniques.,Analyze,"___
Analyze",Analyze
"Demonstrate the ability to determine the nutritional status of individual, household and population via utilization of nutritional assessment and history taking skills.",Apply,"Label:

Apply",Apply
demonstrate an understanding of prevention science and data-based decision-making,Understand,Correct Label: Understand,Understand
Apply cost-benefit analysis principles to transport decision-making applications;,Apply,,Invalid
Conduct research into the dispute resolution in international commerce to create new understandings of key developments that contribute to professional practice or scholarship based on knowledge of appropriate research principles and methods,Apply,"Answer:
Create",Create
"identify, evaluate and critically review aspects broader than only financial aspects (such as environmental, social, economic and governance) in management decision making",Remember,,Invalid
"Evaluate the principles of Image-Guided Radiotherapy, describing the instrumentation and equipment used;",Evaluate,Discuss the advantages and disadvantages of Image-Guided Radiotherapy,Invalid
Demonstrate the ability to critically analyse literary texts;,Analyze,"To critically analyse literary texts, students must be able to identify",Invalid
Evaluate how dominant ideas and assumptions about cultural diversity are created and reinforced;,Evaluate,"Analyze the relationship between cultural diversity and social justice;
Create a",Create
operate independently and responsibly in a different cultural context.,Apply,"___
Create",Create
understand the fundamentals and concepts of social entrepreneurship,Understand,"Answer:
Understand",Understand
Justify the selection and promotion of strategic quality management systems to support continuous improvement practice,Evaluate,"Justify
Evaluate
Create
Apply
Analyze
Understand",Create
Comprehend and use a wide range of authentic Japanese materials;,Understand,- Understand,Understand
Critically review research methods and evidence models most appropriate within a recovery paradigm.,Analyze,Correct label: Evaluate,Evaluate
Work autonomously with accountability and professional responsibility.,Apply,"Example: ""Students will be able to work autonomously with",Invalid
Effectively communicate community planning concepts and strategies,Create,,Invalid
Understanding of processes leading to finalisation of data sets prior to analysis.,Understand,"Remember
 Understand
 Apply
 Analyze
 Evaluate
 Create",Create
Apply and critique various research approaches,Apply,to determine the most effective method for a given research question.,Invalid
"Use cognitive, technical and creative skills to generate and evaluate at an abstract level complex ideas and concepts relevant to cross-border commercial transactions and specialized types of contracts.",Apply,Solution: Create,Create
Communicate critical arguments pertaining to a neurological/ neuropsychiatric disorder research question to a professional audience.,Create,Correct answer: Evaluate,Evaluate
Design and analyse sampling programs to examine the flora and fauna of aquatic habitats and to assess changes;,Analyze,"Identify and evaluate the ecological significance of aquatic habitats;
Assess the",Evaluate
"develop capabilities to be future generators of sustainable economic, social and environmental value for business.",Apply,The label for the learning outcome is: Create,Create
"Demonstrate skills in the organisation, analysis and interpretation of data according to accepted scientific research standards;",Apply,- label: Apply,Apply
Formulate various methods for corrosion protection and mitigation and assess their efficacy in real world applications.,Create,Correct Answer: Create,Create
demonstrate an understanding of appropriate research methodologies in inclusion research and/or research in applied behaviour analysis,Understand,"I will classify the learning outcome as ""Understand"".",Understand
Comprehend the business practice associated with graphic design and multimedia professions;,Understand,- Understand the business practice associated with graphic design and multimedia professions,Understand
Critically reflect on the ethical and societal aspects of food processing.,Analyze,"___
Evaluate
___
Create
___
Understand",Create
understand the implications of sustainability for organisational survival and the role that operations plays in facilitating sustainability,Understand,I. Understand,Understand
An enhanced capacity to formulate and research communication issues;,Create,"To critically assess the effectiveness of communication strategies;
To design and",Invalid
Use key ethical and legal principles to discuss issues pertinent to health care and clinical contexts.,Understand,"___
Evaluate",Evaluate
Design shallow foundations on complex ground profiles using site specific material properties and satisfying limit states requirements.,Create,"I will classify the learning outcome as ""Create"".",Create
"apply critical thinking, problem solving and presentation skills to individual and/or group activities dealing with financial accounting and demonstrate in an individual summative assessment task the acquisition of a comprehensive understanding of the topics covered by ACS2740.",Apply,"Correct label:
Apply",Apply
"Demonstrate understanding of a specialist application of interior architecture, with particular reference to relevant contemporary interior, environmental and architectural design and discourse; and the complexity of human needs that this interior architecture application addresses;",Understand,"- Demonstrate understanding of a specialist application of interior architecture,",Invalid
Communicate effectively and persuasively their understanding of research findings.,Create,"___
Evaluate
___
Create
___
Understand",Create
Knowledge of a range of methodological approaches that have been used to examine this issue;,Remember,,Invalid
identify sources of connectedness in a complex economy-society-planet system through an economic lens,Remember,,Invalid
negotiate effectively in a team setting,Analyze,Correct Answer: Apply,Apply
Conduct research in the empirical and legal bases of issues in economic globalisation and its institutions;,Apply,Analyze the impact of economic globalisation on the world economy;,Analyze
Synthesise information from a range of sources in order to respond persuasively to a range ofprivacy issues emerging from the use of digital technologies.,Create,Solution: Create,Create
Identify key issues and demonstrate skills in working effectively with clients in health and mental health settings;,Apply,,Invalid
"Express complex and independent analytical and critical thinking, and produce clear, original and coherent accounts of theories, knowledge and logical argument",Apply,"Correct Label:

Create",Create
"critique the question of gender, literary production and literary value;",Evaluate,"critique the question of gender, literary production and literary value",Invalid
Recognise the centrality of language and literacy in mediating learning in and out of school and the importance of ties between home and school practices,Remember,,Invalid
"critically analyseand reflexively deploythe principles of 'the public right to know', 'freedom of expression' and 'access to information' in an international and cross-cultural context;",Analyze,,Invalid
"Analyse, synthesise and construct arguments from a range of published sources;",Analyze,"Evaluate the strengths and weaknesses of arguments;
Compare and contrast different",Evaluate
critique a range of texts in contemporary Chinese;,Evaluate,"critique a range of texts in contemporary Chinese;
critique",Invalid
"critically analyse the impact of contemporary issues on policy, curriculum and pedagogy in relation to health education in schools",Analyze,Correct Label: Evaluate,Evaluate
Critically appraise the evidence available regarding the efficacy of the approaches to psychological interventions;,Evaluate,"You should output your answer in the format:
""Label:",Invalid
Developed an informed critical perspective on modernism as a term of periodisation;,Understand,- Critically evaluate the use of modernism as a term,Evaluate
"Create engineering drawings used in the detailed design stage including P&I Diagrams, Equipment Datasheets, General Arrangement Drawings and a site Plot Plan.",Create,___ Create,Create
"Understand, discuss and analyse the ways in which selected French films reflect on and interpret social and cultural issues in contemporary France",Understand,,Invalid
"Conduct research in the law relating to the protection of workplace rights, including the right to bargain collectively and the freedom to choose whether or not to join a union, in the comparator jurisdictions",Apply,,Invalid
Apply knowledge of the history of the interpreting profession in Australia and worldwide to their interpreting practice,Apply,Answer: Apply,Apply
Analyse critically complex problems associated with hospital and nurse leadership responses to local disasters and major incidents.,Analyze,"___
Analyze",Analyze
Know features of different equipment and machinery used in geotechnical construction,Understand,"Correct label:

Understand",Understand
identify a research project on a significant issue in the field management,Analyze,Correct answer: Create,Create
"Demonstrate understanding of fundamental legal challenges created by the intersection ofethical, policy and governance mechanisms in the context of digital technology.",Understand,"Remember
 Understand
 Apply
 Analyze
 Evaluate
 Create",Create
identify suitable qualitative and quantitative indicators of financial institutions' performance,Remember,Correct Answer: Understand,Understand
Demonstrate a basic knowledge of the history and theory of post 1968 architecture;,Understand,- Understand the historical context and theoretical foundations of post 196,Understand
Show awareness of a range of environmental problems;,Apply,demonstrate understanding of the causes and effects of these problems,Invalid
Select appropriate statistical analyses for a range of research designs.,Analyze,"Label:

Analyze",Analyze
To conduct digital image processing and analysis using a digital image processing system to extract information.,Analyze,"Label:

Apply",Apply
"Recognise and discuss communication as an active production and negotiation of meanings, not just the transmission of information;",Understand,"Discuss the importance of listening and observing in communication;
Discuss the",Invalid
"identify, select and apply frameworks and techniques to analyse specific business cases",Remember,Correct Answer: Analyze,Analyze
Demonstrate legal research and reasoning skills and professional judgement to generate appropriate responses to complex legal problems;,Apply,Identify and apply relevant legal principles and precedents to support arguments,Apply
Describe the theories in Sociology of development;,Understand,"Theories in Sociology of development;

Remember",Remember
develop the effective use of basic counselling skills,Create,Answer: Apply,Apply
To explore in depth the way in which people describe their relationship with country,Analyze,State the importance of understanding the relationship between people and their country,Invalid
acquire proficiency in handling optimisation problems and have a basic understanding of general equilibrium analysis.,Understand,"Solution:
Understand",Understand
"Analyse the historical development of a technological innovation and its role in shaping science, art and culture;",Analyze,,Invalid
"Demonstrate an ability to report in a clear, concise, factual way using news conventions in at least two media",Apply,"formats (e.g., print, broadcast, digital).",Invalid
Apply experimental and computer-based control techniques.,Apply,"___
Apply",Apply
"Use sophisticated tools from measure theory in various areas of Mathematics (e.g. partial differential equations, geometric analysis, dynamical systems, general relativity, probability theory).",Apply,"Example: ""Use the concept of Lebesgue measure to",Invalid
"The ability to critically analyse and evaluate, from a comparative perspective, national, regional and international responses to specific forms of cybercrime;",Analyze,"The ability to critically analyse and evaluate, from a comparative perspective",Evaluate
"report in a clear, concise, accurate and engaging way using a variety of audiovisual elements and narrative conventions in a video environment;",Create,,Invalid
"Critically reflect on your beliefs, attitudes and experiences of outdoor and environmental studies in shaping your educational philosophy, appropriate to curriculum and context.",Analyze,Correct Answer: Evaluate,Evaluate
Analyse the role of feedback in learning;,Analyze,,Invalid
demonstrate the intellectual and practical skills needed to interpret legal conclusions and professional decisions,Apply,Correct Label: Evaluate,Evaluate
Critically analyse the challenges and opportunities for integrating health promotion into contemporary practice in occupational therapy.,Analyze,"___
Evaluate",Evaluate
Write a research-grade laboratory record of an experiment session.,Create,Solution: Create,Create
Contribute to debate about reform of the Victorian Charter,Evaluate,,Invalid
Describe the asymptotic behaviour of time averages for stationary processes,Understand,"Label:

Analyze",Analyze
"Convey the basic concepts of climate change, its impacts and possible responses to diverse audiences.",Create,"The label for the learning outcome ""Convey the basic concepts",Invalid
"Demonstrate a high-level of understanding of the key theoretical and practical aspects of their area of study, including to have gained insight into the breadth and diversity of the specific discipline and its place within the broader scope of science;",Understand,The student will be able to demonstrate a high-level of understanding,Invalid
Demonstrate an understanding of film narrative and be capable of analyse its technical features;,Understand,Demonstrate an understanding of film narrative and be capable of,Invalid
critically analyse the make-up of different start-ups through case studies and site visits,Analyze,Correct Label: Analyze,Analyze
Appraise peer quality improvement programs using an evidence based evaluation tool,Evaluate,Correct answer: Evaluate,Evaluate
"Formulate an approximate solution to an engineering problem using a CFD package, with appropriate selection of boundary conditions, grid size and turbulence model.",Create,"Remember
Understand
Apply
Analyze
Evaluate
Create",Create
"Demonstrate an ability to report on business, industrial, economic issues in a clear, concise, factual manner using several elements in a coherent package;",Apply,"- Demonstrate an ability to report on business, industrial,",Invalid
critically examine and discuss the role of the adult in child-led play-based learning contexts.,Understand,"___ Evaluate
___ Understand
___ Apply
___ Analyze",Evaluate
"Critically evaluate information on climate change, climate change impacts and responses from a variety of sources including scientific reports, blogs and the media;",Evaluate,"- Critically evaluate information on climate change, climate change impacts",Evaluate
Critically read and interpret literary texts ;,Understand,,Invalid
be able to effectively and critically explore problem spaces,Analyze,,Invalid
Identify and describe the principles of Patient Safety;,Understand,,Invalid
evaluate key elements of modern and contemporary France and its culture;,Evaluate,examine the impact of French artists and writers on the world,Invalid
Discuss key debates from a gendered perspective within and across disciplines;,Understand,Analyze the impact of gendered perspectives on the development of academic,Analyze
Formulate and communicate a statistical analysis plan,Create,Response:Create,Create
Incorporate human and environmental health considerations in urban design frameworks and practice;,Create,,Invalid
"apply key marketing concepts, tools, and techniques to a range of marketing problems",Apply,"Example: use SWOT analysis to evaluate a marketing opportunity

Label",Evaluate
Explain the historical context of modern Korean literature;,Understand,The label for the learning outcome is: Understand,Understand
Describe the physical basis of selected spectroscopic techniques (primarily mass spectrometry and nuclear magnetic resonance) and explain their role in the identification of drug molecules.,Understand,Label: Create,Create
An ability to evaluate theories of crime and their applicability to contemporary society;,Evaluate,The student will be able to critically assess various criminological theories,Invalid
identify management strategies for dealing with employee relations in Australian workplaces and those in other countries,Remember,,Invalid
"Apply a range of engagement techniques in diverse communities, including Indigenous communities",Apply,,Invalid
"Develop an awareness of preferred approaches to complex tasks, and ways these may be extended through Design Thinking.",Create,"Answer:
Create",Create
"describe a range of strategies for involving parents/carers in children's literacy learning and for working with them effectively, sensitively and confidentially.",Understand,The label for this learning outcome is: Understand,Understand
"Critically reflect on the historical development of the interaction design field from technological, socio-cultural and design practice perspectives;",Analyze,,Invalid
Prove elementary theorems by induction and by construction.,Analyze,"Label:

Apply",Apply
"Identify and explain core attitudes, values and practices of academic culture and how academic writing reflects these;",Remember,,Invalid
Demonstrate an understanding of professional ethics in relation to architectural practice;,Understand,,Invalid
"Formulate hypotheses, collect experimental data and demonstrate proficiency in interpreting their results;",Apply,Analyze the collected data to draw conclusions and evaluate the validity of,Evaluate
Analyse the principles of ethical research conduct and discuss their application in practice.,Analyze,"Example: ""Compare and contrast the ethical considerations in conducting research",Invalid
Have a thorough understanding of the history and development of ancient Greek or Latin language,Understand,I will Understand,Understand
"Demonstrate delivery of non-credentialed activities under direct supervision, by applying the knowledge and skill gathered from units over the duration of the courseThemeslabel Experiential Placements ",Apply,,Invalid
Compare and contrast different developmental model systems;,Evaluate,,Invalid
Describe soil and land management issues in the context of both longer-term environmental change and current environmental change.,Understand,Correct label: Understand,Understand
Identify and evaluate the theoretical and policy concerns underpinning the patent system and its relationship with trade secret protection;,Understand,Identify and evaluate the theoretical and policy concerns underpinning the patent,Evaluate
Systematically Interpret common ECGs and relate waveform morphology to the underlying structure and function of the heart;,Evaluate,Identify and describe the normal and pathological ECG patterns associated with various,Invalid
"Describe levels of research evidence, methods of study design and sources of bias in research and design electronic database searches to identify the best evidence.",Understand,"Example: ""Compare and contrast the advantages and disadvantages of different",Invalid
"Apply appropriate theories to effectively design solid-state lighting or SSL systems, including the visual and non-visual effects, colour spaces, quality metrics, efficiency, LED characteristics and other aspects such as LED drivers, spectral sensors, smart lighting control and visible light communications of Li-Fi.",Apply,"Appearances of solid-state lighting (SSL) systems,",Invalid
Analyse the complex underlying causes of global health challenges;,Analyze,,Invalid
"Employ harm minimisation strategies to reduce harm to patients, the public and the community from misuse of legal and illegal drugs.",Apply,"The label for the learning outcome ""Employ harm minimisation strategies",Invalid
apply analytical techniques to a variety of problems in corporate financial management,Apply,Example label: Apply,Apply
"Plan, implement and evaluate a group education session;",Evaluate,,Invalid
"communicate (listen, speak, read and write) competently on a range of topics relevant to Italian society;",Create,,Invalid
Describe recent advances in genetic knowledge gained from genomic analysis of species ranging from unicellular to multicellular organisms.,Understand,"Answer:
Create",Create
the ability to apply the principles and practice of journalism that they have learnt in their undergraduate studies;,Apply,The label for the learning outcome is: Apply,Apply
Develop and utilise research skills in the following areas: advanced online searching; documentation management; data collection methods and analysis;,Apply,,Invalid
devise an action research project which synthesizes and applies knowledge to your own professional practice and research scholarship in education,Create,I will create an action research project that integrates and applies my,Create
Produce essays and reports that present a critical argument and adhere to the conventions of academic presentation.,Create,Correct Answer: Create,Create
Describe and evaluate how the relationship between pharmacokinetics and pharmacodynamics determines the time-course of drug response,Evaluate,Correct answer: Evaluate,Evaluate
"Explain, derive and use earthquake response spectra.",Understand,"Response:
Create",Create
Explain the basis of designs or art or craft objects not merely as the outcome of practical constraints but the expression of cultural values.,Understand,The label for the learning outcome is: Evaluate,Evaluate
"Understand the nature, identification, accommodations and interventions associated with learning difficulties and exceptional abilities",Understand,,Invalid
Discuss contemporary issues facing governments seeking to regulate human behavior;,Understand,The answer is: Evaluate,Evaluate
"Correlate the appropriate equipment, advanced MRI imaging sequence and post processing techniques with the clinical indications, patient preparation and positioning methods to include a variety of body areas.",Analyze,Correct label: Create,Create
"Use cognitive, technical and creative skills to evaluate complex ideas, concepts and systems relevant to online dispute resolution",Evaluate,,Invalid
identify and use prescribed grammatical items;,Remember,,Invalid
Recognise issues of cultural context and ethical principles in data collection and interpretation.,Remember,"___
Evaluate
___
Create
___
Understand",Create
Appreciate the land surface-ocean-atmosphere interactions and how they affect the weather and climate of southern Africa;,Understand,Understand the importance of the Indian Ocean Dipole and the El,Understand
Discuss pharmacological options in the treatment of specific disorders and disease states across the lifespan,Understand,,Invalid
"Investigate, analyse and synthesise complex information, problems, concepts and theories in relation to the history and policy of the personal property securities legislation and the scope of the Act and the policy and function of registration;",Analyze,- Compare and contrast the personal property securities legislation with other Australian,Invalid
Identify and evaluate methodologies appropriate to philosophy or historical studies;,Understand,"- label: Evaluate
- label: Create
- label",Create
"communicate your understanding of PBS through a presentation, which reveals your awareness and skill in devising PBS programs and supports for schools",Create,,Invalid
Assess the relevance of current and emerging theories of mental health and recovery to social work practice.,Evaluate,"___ Evaluate
___ Understand
___ Apply
___ Analyze",Evaluate
Analyse the mode of corrosion occurring as a result of various material and environment combinations. Apply practical and relevant engineering solutions to a corrosion remediation scenario.,Apply,Correct Answer: Analyze,Analyze
Analyse the strength and stiffness of composite laminate structures.,Analyze,"___
Analyze",Analyze
Conceptualise inductive and deductive approaches related to the theory and practice of literary translation studies.,Understand,Response:Create,Create
analyse macroeconomic issues using formal language,Analyze,Correct answer: Analyze,Analyze
Show how ligands can recognize and modify DNA tertiary structure and link this with an ability to cite examples of how compounds acting at oligonucleotides function as therapeutics,Apply,Correct Answer: Create,Create
"Studied in depth some cases of cultural production and its local consumption, and critically analysed web-based and mass media material relating to these case studies;",Analyze,- Analyze,Analyze
"Develop knowledge and understanding of the practical, technical and management issues associated with the design and conduct of a research project;",Understand,"- Understand the importance of research design and conduct;
- Develop",Understand
Apply a range of analytical and practical approaches to screen translation;,Apply,"demonstrate an understanding of the translation process;
demonstr",Invalid
Demonstrate a profound understanding of abstract concepts in group theory;,Understand,"- Understand the fundamental principles of group theory;
- Grasp",Understand
Articulate the concept of stationary time series;,Understand,"Identify the components of a stationary time series;
Explain the significance",Invalid
Demonstrate skills in solving engineering problems related to design and operation of separation processes and unit operations.,Apply,"Label:

Apply",Apply
"Articulate and critically examine the purposes and scope of the fundamental constitutional rules that govern the relationships between Parliament, the executive and the judiciary",Understand,,Invalid
Describe and explain the components of a chemical business and show understanding of the economic drivers (including regulatory) for the industry;,Understand,,Invalid
Demonstrate an appreciation of the centrality of skills development in academic excellence;,Apply,,Invalid
"use an appropriate statistical package for analysing research data, such as the Statistical Package for the Social Sciences (SPSS)",Apply,Label: Apply,Apply
"Understand and apply essential features of English usage (grammar and structure) in writing and editing documents, and oral communication in class groups;",Apply,Understand and apply essential features of English usage (grammar and structure,Apply
Examine the process and approach to evidence-based practice for strategic planning and leadership to improve literacy outcomes.,Analyze,"___
Evaluate
___
Examine the process and approach",Evaluate
Understand several real-world applications of graph theory.,Understand,Response:Understand,Understand
Discuss the molecular basis of a wide range of techniques for gene manipulation and genomic and proteomic analysis;,Understand,Discuss the molecular basis of a wide range of techniques for gene,Invalid
Apply advanced knowledgefrom functional neuroanatomyof the major cognitive domainsto neuropsychologicalsyndromes and cases.,Apply,"The student will be able to:
- Apply advanced knowledge from",Apply
Developed their research and presentation skills on tourism related subjects.,Create,"Label:

Create",Create
Describe and apply the concept of sustainability to urban form and function;,Apply,"Analyze the relationship between urban form and function and sustainability;
Evaluate",Evaluate
Explain their ideas and justify their conclusions in oral and written contexts.,Understand,"Labels: Evaluate, Create",Create
"analyse, synthesise and evaluate contemporary performance management systems (PMS) and the role played by PMS in strategy formulation and decision making",Analyze,,Invalid
"Perform in a variety of contexts, through individual lessons (singular learning), ensembles (interaction) and performance classes (dissemination) that synthesises technical skills developed in ATS1044;",Create,"- Develop a personal artistic vision;
- Develop a personal artistic",Invalid
Research and critically assess the existing context and the opportunities for the development of national and international laws to promote a global green economy,Analyze,,Invalid
highlight when and why different inferential methods are needed,Evaluate,Answer: Evaluate,Evaluate
"Describe the underlying neuropathological consequences of neurodevelopment disorders, such as autism, dyslexia, Tourette's syndrome, attention deficit hyperactivity disorder, and obsessive compulsive disorder.",Understand,"Answer:
Analyze",Analyze
Analyse and evaluate historical aspects of psychiatry in the context of current day practice.,Analyze,"___
Analyze",Analyze
"Implement competent psychiatric assessment, interviewing and diagnostic investigation of infants, children and adolescents, attending to family, school, out-of-home care and systems issues with cultural sensitivity, professionalism and insight into complex ethical dimensions that exist in child and adolescent psychiatry.",Apply,Remember,Remember
communicate an understanding of factors and processes that influence national systems of employment regulation,Understand,Correct Label: Understand,Understand
"apply theoretical knowledge to real-world examples of social entrepreneurship, innovation and design;",Apply,,Invalid
"Critically evaluate the law relating to corporations in a broader regulatory, social or economic context;",Evaluate,The label for this learning outcome is: Evaluate,Evaluate
Outline the main statistical methods that will be used in their research project and demonstrate competency in using the software programs required for these analyses,Apply,,Invalid
"understand both childhood and adolescence (P-12) as periods of diverse individual development,behaviours and relationships in society",Understand,,Invalid
"Investigate and communicate appropriate professional knowledge and practices relevant to a defined problem, by completing individual and group-based tasks.",Analyze,Correct answer: Create,Create
Demonstrate an advanced understanding of physics and related disciplines;,Understand,- Demonstrate an advanced understanding of physics and related disciplines;,Invalid
develop skills for analysing a retail business,Analyze,Correct Label: Analyze,Analyze
Further develop oral skills in legal argumentation in class discussions.,Create,"Label:

Apply",Apply
"Demonstrate a detailed understanding of contemporary, experimental art and performance practice which centres on the body;",Understand,"Demonstrate a detailed understanding of contemporary, experimental art and",Invalid
Use practical skills to computationally model astrophysical systems.,Apply,"Label:

Apply",Apply
"Perform intermediate technical work, with growing control of rhythm, articulation, timbre and intonation (where applicable) and dexterity;",Apply,Demonstrate increasing fluency and musicality in performance;,Invalid
formulate and solve simple optimization problems,Apply,"Example:
""Given a set of linear equations, find the",Invalid
Write a report targeted at influencing external stakeholders;,Create,The answer is: Create,Create
"Apply visual communication, graphic design and page layout skills to publication projects that emulate advertising industry standards;",Apply,,Invalid
"Evaluate addressing and routing algorithms, and strategies used in the transport of data packets in the Internet.",Evaluate,I will assess the efficiency and effectiveness of different addressing and routing,Invalid
"Evaluate relevant quantitative and qualitative research methods for understanding contemporary media audiences, users and consumers;",Evaluate,Analyze the strengths and weaknesses of different media theories in explaining audience,Analyze
Synthesise this knowledge to program simple numerical models relevant to heat transfer and fluid flow.,Create,"Label:

Create",Create
produce a news package using Adobe products.,Create,"Example: ""Create a digital painting using Adobe Photoshop."" The",Create
"Demonstrate an awareness of local, national and international people and events relevant to current issues and media issues",Apply,,Invalid
critically analyse health and physical education curriculum and practice,Analyze,,Invalid
understand the foundations of finance and be able to apply pricing models to the valuation of equity and debt instruments in global markets,Understand,"Understood
Apply
Analyze
Evaluate
Create",Create
Investigate methods that are appropriate for the realisation software security;,Analyze,,Invalid
Critically evaluate issues related to professional practice in public health,Evaluate,,Invalid
"estimate, interpret and utilise models of investments returns, term structure of interest rates, and credit risk models",Evaluate,Correct Answer: Apply,Apply
"Outline the investigative and creative steps taken in the design process and have a critical understanding of how the chosen method fits alongside other paradigms of art, design and social inquiry.",Apply,Correct label: Analyze,Analyze
Critically appraise research and evidence and examine approaches of research translation in clinical settings.,Analyze,Correct answer: Evaluate,Evaluate
"Communicate ideas relating to the protection of intellectual property rights to a specified audience in ways that are effective, appropriate and persuasive",Create,Correct Label: Create,Create
Communicate resolution of the project with high quality presentations and professional level technical documentation;,Create,The label for the learning outcome is: Create,Create
"Work independently, innovatively and collaboratively in learning and production processes, including online forums, to produce sport reports to deadlines and under pressure.",Create,"___
Create",Create
"Apply knowledge and understanding of recent developments in relation to legal principles relevant to the modern workplace which has been affected by changes in information technology and electronic methods of communication, with creativity and initiative to new situations in professional practice and/or for further learning",Apply,,Invalid
"Deploy an appropriate combination of knowledge, research, statistical and analytical methods, and creativity to conceive, design and develop solutions to complex engineering problems.",Create,"Remember
 Understand
 Apply
 Analyze
 Evaluate
 Create",Create
Demonstrate the ability to communicate nutrition program design in written and oral formats.,Apply,"Label:

Create",Create
Formulate complex problems using appropriate graph-theoretic terminology.,Create,"Example: ""Design a network flow problem that incorporates both Euler",Invalid
"critically engage with issues and debates surrounding digital technology in education, including health, equity, ethical and legal implications.",Evaluate,"___
Evaluate
___",Evaluate
"Review and evaluate the practical applications, experimental procedures and research directions and goals associated with the above social psychology and personality theories.",Analyze,"I will choose ""Evaluate"" as the label for the learning",Evaluate
"Describe the principles of supramolecular self-assembly, polymer synthesis and smart coatings.",Understand,"Label:

Understand",Understand
Analyse and evaluate theory and research underlying risk assessment models;,Analyze,,Invalid
understand the rationale for using a systems of support framework to improve equity and inclusion within a school or a school system,Understand,I will use Bloom's Taxonomy labels as they appear in,Invalid
"Understand and apply principles of design constraints, mapping and affordances;",Apply,"Analyze the relationship between design constraints, mapping and affordances;",Analyze
propose adequate policies that are different when network effects matter and when they do not,Create,Answer: Create,Create
"Explain and describe the cell structure and function of viruses, prokaryotes and eukaryotes and how they differ from one another.",Understand,"Remember
 Understand
 Apply
 Analyze
 Evaluate
 Create",Create
Manage the distribution of aircraft components to appropriately locate the aircraft centre of gravity.,Apply,Response:Apply,Apply
Analyse and predict factors contributing to global health inequity,Analyze,,Invalid
critically evaluate the assumptions and conventional wisdom relating to the term structure of interest rates and foreign exchange rates,Evaluate,Correct Label: Evaluate,Evaluate
Describe the feasibility and technical challenges of creating iOS apps using UIKit and associated technologies;,Understand,The label for this learning outcome is: Create,Create
"Achieve a holistic design, which demonstrates professional competence and cultural awareness;",Create,"- Achieve a holistic design, which demonstrates professional competence and",Invalid
examine the politics that shape memory and memorialisation practices;,Analyze,examine the politics that shape memory and memorialisation practices;,Invalid
"Design, analyse and undertake sampling programs to examine the flora and fauna of tropical habitats;",Analyze,"Identify and describe the flora and fauna of tropical habitats;
Describe",Invalid
"determine the relevant rules of international trade law and apply them to disputes arising from international contracts of sale, international carriage of goods and finance of international trade in a variety of situations",Apply,Answer: Apply,Apply
"Analyse key policies and documents relating to bilingual education and content-based programs, including those associated with the Australian Curriculum for EAL students",Analyze,,Invalid
explain and apply key terms and concepts used for the study of language and society;,Apply,explain and apply key terms and concepts used for the study,Apply
"develop computing and communication skills, using reproducible reporting.",Create,"Label:

Create",Create
Understand the impact of torture and trauma on refugee populations and the Australian health care system,Understand,,Invalid
explain the effect of recent court decisions regarding the various business forms,Understand,Answer: Evaluate,Evaluate
"Explain and describe current topics in ecology and evolution, and their core concepts;",Understand,,Invalid
Solve a complex and outstanding problem or problems in the chosen area for original research;,Apply,- Create,Create
Demonstrate advanced and integrated knowledge of contemporary developments in the law and its professional practice;,Understand,Demonstrate advanced and integrated knowledge of contemporary developments in the,Invalid
Develop new venues and opportunities for art writing in the 21st century;,Create,,Invalid
integrate theoretical and empirical knowledge with practical examples,Create,Example label: Create,Create
Develop and justify management plans for common problems and conditions and for a patient whose illness remains undifferentiatedThemeslabel Theme IV: Clinical Skills,Evaluate,Bloom's Taxonomy label: Create,Create
Discuss newly emerging and re-emerging communicable diseases and the challenges in controlling communicable disease in remote areas of Australia and in developing countries;,Create,Discuss the role of public health nurses in controlling communicable diseases,Invalid
discuss current and emerging trends in the field and the implications for instructional design,Understand,Correct Label: Evaluate,Evaluate
Apply Bayesian alternatives for model comparison and estimation,Apply,,Invalid
use a range of strategies to support full student engagement and participation in classroom activities (including verbal and non-verbal communication),Apply,The label for this learning outcome is: Apply,Apply
"discuss the factors influencing the level, pattern and trends in travel demand",Understand,,Invalid
Discuss on the importance of haematological and immunological systems in regenerative medicine,Understand,"Remember
 Understand
 Apply
 Analyze
 Evaluate
 Create",Create
Demonstrate proficiency in design research;,Apply,"- Understand the importance of design research;
- Apply design research",Apply
design and implement interface logic to a bus system and its associated arbitration logic using a hardware description language,Create,"Example label for given outcome: Create
Example label for given",Create
Design a plan to gather literature and expert advice to inform an approach to dealing with the issue or problem.,Create,The label for this learning outcome is: Create,Create
Demonstrate technical and time management skills.,Apply,"Label:

Apply",Apply
critically investigate the ways in which a range of policies and priority areas are implemented at school and classroom levels and know how to apply these in practice.,Apply,Correct label: Evaluate,Evaluate
develop knowledge of the range of media and diversity of genres,Understand,,Invalid
Demonstrate skills in providing commentary and criticism on television texts and readings in classroom environments.,Apply,Label: Evaluate,Evaluate
"Show an awareness of the major political cultures, structures, actors and issues in the contemporary Middle East.",Apply,I will label this as: Understand,Understand
Design and implement efficient algorithms and data structures for use on large data sets;,Create,,Invalid
Compare emerging family violence/violence against women prevention strategies and initiatives,Analyze,,Invalid
Have acquired an informed understanding of how ethnic identities and immigrant life are represented through a range of media.,Understand,"___
Understand",Understand
Analyse various methods of population-based approaches to data collection;,Analyze,,Invalid
"identify and critically analyse the core concepts and theories of strategic communication across public, private and non-government sectors;",Understand,,Invalid
Communicate difficult mathematical concepts and arguments with clarity.,Create,"Example: ""I can clearly explain the proof of the P",Invalid
"analyse the causes of recent economic crises, apply macroeconomic theory to understand how they unfolded and describe what policies were used to solve them.",Analyze,Correct Label: Analyze,Analyze
Explain how health informatics functions across the wider health domain.,Understand,"Label:

Understand",Understand
analyse the effects of international trade on real income and its distribution in various market structures,Analyze,Correct Label: Analyze,Analyze
Apply the technologies and techniques studied to solving financial issues;,Apply,Analyze the impact of financial decisions on personal and business finances;,Analyze
apply close textual analysis and interpretation to a range of literary texts;,Apply,,Invalid
