Learning_outcome,label,raw_prediction,prediction
appreciate science and technologies as a way of thinking and acting that generates knowledge and which represents cultures and societies,Understand,"Answer:
Analyze",Analyze
Critically reflect on your own design practice and projects to date;,Analyze,"identify strengths and weaknesses;
set goals for improvement",Invalid
Reflect on the impact of recent developments in science and philosophy on our most fundamental views about ourselves and our place in the world;,Analyze,Answer: Evaluate,Evaluate
Integrate and summarise information obtained during psychological assessments in the form of a professional report;,Create,Answer: Analyze,Analyze
Have developed the ability to apply philosophical theories of justice in conflict to actual cases from recent history;,Apply,Answer: Apply,Apply
Describe medical and professional ethics and different ethical perspectives as related to healthcare,Understand,Answer: Analyze,Analyze
Conduct research in topics covered in Current Issues in Workplace Law based on knowledge of appropriate research principles and methods,Apply,"Answer:
Analyze",Analyze
Describe and implement patient care and quality assurance principles to sonographic imaging.,Understand,"Answer:
Apply",Apply
Demonstrate the ability to research and write from an informed position about the body in contemporary art.,Apply,Answer: Analyze,Analyze
Identify data resources and standards.,Remember,"Answer:
Apply",Apply
"Describe basic aspects of food science including food properties and commodities, genetically modified foods, and food processing, preservation and food toxicants.",Understand,"Answer:
Apply

(Note: This",Apply
"To help students develop their hermeneutical and exegetical skills, so that they can interpret, contextualise and explain passages and texts from different religious traditions, as well as integrate their analysis of scriptural texts with contemporary scholarly and critical material",Create,Answer: Analyze,Analyze
"Investigate, consider and apply diverse design research approaches;",Apply,"evaluate the strengths and limitations of each approach;
select",Evaluate
Articulate a good understanding of the sociological imagination or perspective on youth issues;,Understand,Answer: Understand.,Understand
apply analytical skills in textual analytics,Apply,Answer: Analyze,Analyze
An understanding of the range of social institutions that reinforce and challenge notions of sexuality.,Understand,Answer: Analyze,Analyze
Demonstrate teamwork including collaboration on planning and completion of projects,Apply,"Answer:
Collaborate

Explan",Invalid
Synthesise and communicate findings from scientific literature in the field of nutrition.,Create,"Answer: Analyze, Create",Create
"Engage in conversations and discussions in Spanish, about themselves, their family and friends.",Apply,"Answer:
Understand",Understand
"Understand recent theoretical advances in social cognition research, and how these might contribute to addressing social problems;",Understand,Answer: Analyze,Analyze
Define and apply a systematic approach to the design process;,Apply,"identify and evaluate potential design solutions;
select the best",Evaluate
Identify strengths and limitations in their research design;,Create,evaluate the validity and reliability of research findings.,Evaluate
"identify what managers do in practice, and analyse how the various activities that comprise managing both shape and are shaped by individual and group behaviour and diversity in organisational settings",Remember,Answer: Analyze,Analyze
Formulate and communicate strategies to provide safe and nutritious food in food service settings.,Create,"Answer:
Apply",Apply
Articulate the distinction between numeracy and mathematics,Understand,Answer: Analyze,Analyze
Demonstrate a range of strategies to enable effective communication with clients in a simulated environment;,Apply,Answer: Apply.,Apply
"Conduct a clinical interview with a client, incorporating a mental status examination.",Apply,"Answer: Analyze

(Note:",Analyze
Review roles and skills required for effective supervision and mentoring and identify personal strengths and learning challenges whilst on clinical placements.,Understand,Answer: Analyze,Analyze
"Integrate, apply and build upon knowledge from previous core units in the study of the molecular mechanisms and defects that cause human disease, including how developmental errors and gene abnormalities may lead to abnormalities in protein structure and function.",Apply,Answer: Analyze,Analyze
Evaluate common business processes and the role IT can play in managing these processes;,Evaluate,Answer: Evaluate,Evaluate
Describe with clarity the health impacts of family violence on those affected;,Understand,Answer: Understand.,Understand
"Conduct research into the role and legal status of internal discipline procedures and processes within the workplace, both private and public sectors, for human resource management based on knowledge of appropriate research principle and methods",Apply,Answer: Analyze,Analyze
Describe the development and formulation principles for a stable therapeutic macromolecule,Understand,Answer: Analyze,Analyze
Explain corporate social responsibility and philanthropy;,Understand,"describe examples of each;
analyze the benefits and",Analyze
"Explain how these body systems integrate with nutrition, growth and development;",Understand,"Answer:
Analyze",Analyze
"outline and apply processes for engaging students in their learning, especially disengaged students.",Apply,"Answer:
Apply",Apply
Reflect on and understand the professional roles and responsibilities of the public art practitioner;,Understand,Answer: Understand.,Understand
"Construct communication design solutions utilising a variety of media, including manual, print and digital processes with an open attitude to experimentation and critical inquiry",Create,Answer: Create,Create
analyse data from personal and professional contexts to synthesise knowledge of the complex role language plays in multilingual settings;,Analyze,Answer: Analyze,Analyze
"Explain the operation of climate models, their strengths, weaknesses and uncertainties, and the development of projections.",Understand,Answer: Analyze,Analyze
"Demonstrate the ability to work cooperatively in a small group writing, planning, editing and assembling a scientific book.",Apply,"Answer:
Collaborate, Create",Create
Generate and assess methods for increasing the data bandwidth of optical systems.,Create,"Answer: Evaluate

(Note: This",Evaluate
"Apply digital imaging techniques towards the realisation of conceptualised, communicative works;",Apply,Answer: Apply,Apply
Investigate relevant concepts and precedents in design discourse and incorporate these into design proposals;,Analyze,Answer: Analyze,Analyze
Critique a range of theoretical and disciplinary influences on organisational informatics;,Evaluate,evaluate the implications of these influences for the design and implementation,Evaluate
Determine dead and live loading on a building structure.,Apply,"Answer:
Analyze",Analyze
Demonstrate a sound understanding of the essential features of Human Rights Law in the international legal order and its relevance for migration;,Understand,Answer: Understand.,Understand
"translate conceptual ideas and processes about science into classroom learning activities for children that are appropriate for a range of year levels, areas of science and cultural knowledge associated with science learning",Apply,Answer: Analyze,Analyze
Contrast and apply the most suitable professional practice skills on issues relevant to the chosen area of practice and operate effectively as a member of that practice team;,Apply,Answer: Apply.,Apply
"Describe the principles of elementary probability theory, evaluate conditional probabilities and use Bayes' Theorem.",Understand,"Answer:
Evaluate",Evaluate
Identify appropriate MATLAB programming structures to solve simple computational tasks.,Remember,Answer: Apply,Apply
Prepare and present a poster presentations.,Create,"Answer:
Create",Create
"identify, explain and deploy correct and accurate health information in relation to a number of contemporary youth health issues",Remember,Answer: Analyze and Apply,Analyze
"Describe how research in developmental psychology, neuroscience and mental health can be translated into practice.",Understand,"Answer:
Analyze",Analyze
Critically appraise and communicate the key concepts and conclusions from translational immunological research literature to a professional audience.,Evaluate,Answer: Analyze and Evaluate.,Evaluate
Analyse modes of feedback delivery and develop fit for purpose strategies for giving and receiving feedback in the clinical setting.,Analyze,Answer: Analyze,Analyze
"apply critical thinking, problem solving and presentation skills to individual and/or group activities dealing with FinTech and demonstrate in an individual summative assessment task the acquisition of a comprehensive understanding of the topics covered by this unit",Apply,"Answer:
Analyze
Evaluate",Evaluate
"Critically evaluate issues in bioethics, drawing on a solid theoretical framework;",Evaluate,Answer: Evaluate,Evaluate
Undertake a Western art music research project utilising academic research and writing skills.,Apply,"Answer:
Analyze",Analyze
"Discuss the targets of drug action, their mechanisms of action and the factors that influence their use as therapeutics;",Understand,Answer: Analyze,Analyze
"demonstrate the ability to analyse, comment, evaluate, discuss, and communicate research outcomes in written and oral form in a professional manner",Analyze,"Answer: Analyze, Evaluate",Evaluate
"produce a digital story using text, sound and images;",Create,create a narrative that conveys a message or tells a story,Create
apply socially and environmentally active ways to move art education towards sustainability.,Apply,"Answer:
Apply

(Note: This",Apply
describe the components and importance of successful performance management and supervision (and the risks of ineffective performance management) in the professional practice of applied behaviour analysis,Understand,Answer: Analyze,Analyze
interpret procedures and results in existing quantitative/qualitative studies in applied linguistics;,Evaluate,Answer: Analyze,Analyze
Describe the diversity and ecological importance of marine life;,Understand,Answer: Understand.,Understand
Identify and describe the normal and abnormal sonographic appearances of the male and female reproductive systems and related artefacts;,Understand,Answer: Analyze,Analyze
"Demonstrate an increased capacity for the constructive appraisal of your own artwork, and that of others, and are able to articulate this through oral presentations and written documentation;",Apply,Answer: Evaluate,Evaluate
"Demonstrate and apply knowledge, and understanding of the following  with creativity and initiative to new situations in professional practice: i. the law relating to the registration of designs and the scope and enforcement of associated rights\nii. other legal regimes that offer protection for designs\niii.  the international aspects for protection of designs\niv. the skills necessary to apply for registration, prosecute the application and maintain registration of a design;",Understand,"Answer:
Apply",Apply
Apply different aspects of the theory and practice of risk modelling for financial institutions.,Apply,Answer: Apply,Apply
"Apply analytical skills in the understanding of toxicology as it applies to a paediatric population, and appraise the toxic effects on children and adolescents of several commonly abused drugs (both legal and illicit);",Apply,Answer: Analyze and Evaluate.,Evaluate
"develop, design and plan lessons, units of work and curriculum content appropriate for outdoor and environmental studies in a range of contexts and settings",Create,"Answer:
Create",Create
Be aware of current discourses in a range of disciplines which bear on contemporary design;,Understand,Be able to identify and discuss the key concepts and debates,Invalid
have knowledge of the various statutes and regulations governing the construction industry,Understand,Answer: Remember,Remember
"Source, synthesise and critically analyse literature to form the basis of a project;",Analyze,Answer: Analyze,Analyze
Apply evidence from experimental and clinical observations to generate knowledge of physiological principles;,Apply,Answer: Apply,Apply
"Critically appraise the impact of criminal victimisation on individuals, society, the ecology and economy",Evaluate,"Answer: Analyze

(Note:",Analyze
"Analyse and interpret soft tissue injury in relation to bite mark evidence, applying skills in the discrimination and comparison of such injuries;",Apply,Answer: Analyze,Analyze
Identify key terms relating to their primary instrument or voice;,Remember,describe the physical characteristics of their instrument or voice;,Invalid
Demonstrate a clear understanding of bioethical concepts relevant to the challenge explored,Understand,in the case study.,Invalid
Present their findings in a written thesis and oral presentation.,Create,"Answer:
Evaluate",Evaluate
"determine how the process of assessment can enhance the inclusion and participation of learners with disabilities, including in transition periods",Apply,Answer: Analyze,Analyze
Design and analyse psychological assessment projects.,Analyze,Answer: Analyze,Analyze
"Engage in critically reflective practice of learning needs, clinical performance, and patient care;",Evaluate,"analyze the impact of personal values, beliefs, and bi",Analyze
apply skills to a VR media production that critically reflects on the evolving technologies and practices of virtual reality.,Apply,Answer: Analyze and Create.,Create
apply effective visualisation tools to explore relationships between variables,Apply,Answer: Apply,Apply
Identify and explain key concepts and debates relevant to the study of media audiences;,Remember,Answer: Analyze,Analyze
"Critically evaluate their own actions, leadership skills, and professional development since commencing their internship",Evaluate,Answer: Evaluate,Evaluate
Conduct research in the operation of relevant law in a practical setting based on knowledge of appropriate research principles and methods.,Apply,"Answer:
Analyze",Analyze
"Articulate how the body, mind and environment interact in dynamic ways to impact movement outcomes",Understand,Answer: Analyze,Analyze
"Describe the role of database, communication and network technology in the development, implementation and utilisation of information systems;",Understand,"Answer:
Apply",Apply
"Translate, evaluate and integrate varied green chemistry knowledge to find green chemistry solutions;",Evaluate,Answer: Analyze and Apply.,Analyze
"demonstrate an appreciation for the complex historical, philosophical, political and pedagogical debates and issues in school health education",Apply,Answer: Analyze,Analyze
Investigate and critique current governance structures for complex global health issues,Analyze,Answer: Analyze and Evaluate,Evaluate
Evaluate models of care available in the maternity services and explain how cultural diversity can influence the care for pregnant women and consider approaches to paramedic care in a variety of situations;,Evaluate,Answer: Evaluate,Evaluate
"Understand and develop strategies for preparation and participation in classes, seminars and independent learning activities at a postgraduate level;",Understand,Answer: Understand.,Understand
"Have developed skill and confidence in applying their theoretical knowledge to the neuropsychological assessment and treatment of individuals with relatively uncomplicated neurological, psychiatric, developmental and general medical issues;",Apply,Answer: Apply,Apply
"understand the implications of professionalism and ethics in interdisciplinary work for children, their families and the community.",Understand,Answer: Analyze,Analyze
Identify and discuss the trends and policies for fertility regulation within populations,Understand,Answer: Analyze,Analyze
"Present the project methods, synthesised findings and the arising recommendations needed to influence practice change.",Create,Answer: Evaluate,Evaluate
"Accurately describe and report on injuries to the teeth, cranio-facial skeleton, and soft tissues of the face;",Evaluate,"Answer: Remember, Understand.",Understand
"Apply elements of intercultural theory in the critical analysis of a variety of texts in order to understand how cultures are expressed, negotiated and intersect;",Apply,Answer: Analyze,Analyze
effectively communicate research in academic and professional contexts to diverse audiences;,Create,"Answer:
Present or Communicate

This",Invalid
Describe the fundamental concepts related to nanotechnology and nanomaterials.,Understand,Answer: Understand,Understand
Construct larger fields from smaller fields (field extensions and splitting fields);,Create,"Determine the domain and range of a relation;
Ident",Invalid
Explain the role played by the radiographer in the application of safety principles within the MRI suite.,Understand,"Answer:
Apply",Apply
enable effective analysis and understanding of the implications of various sources of start-up capital,Analyze,Answer: Analyze,Analyze
Demonstrate a critical understanding of key theoretical and practical teaching approaches related to young children's language and literacy development,Understand,Answer: Analyze,Analyze
"Apply the integral theorems of Green, Gauss and Stokes;",Apply,use them to derive the divergence theorem and the Kelvin,Invalid
"Use cognitive, technical and creative skills to generate and evaluate at an abstract level complex ideas and concepts relevant to the operation in practice of the systems of dispute resolution and determination in Australia.",Apply,Answer: Evaluate,Evaluate
"Utilise research skills including database searches to synthesise and interpret information related to scientific research, using appropriate conventions for scientific attribution;",Apply,Answer: Analyze,Analyze
identify and discuss the communicative and creative role of media analytics in contemporary media environments and business contexts;,Understand,Answer: Analyze,Analyze
recognise differences in market structures and understand how those differences affect firms' competitive behaviour and performance,Understand,Answer: Analyze,Analyze
"Demonstrate basic skills in digital rendering of 3-dimensional CAD models (using industry standard hardware/software) and the associated use of post-production software (such as the Adobe suite, for example);",Apply,"Answer:
Apply",Apply
"Design a unit of work that includes strategies to promote a range of mathematical proficiencies including understanding, fluency, problem solving and reasoning capacities",Create,"Answer:
Analyze",Analyze
Critically evaluate solutions for practical challenges and opportunities for developing and sustaining cultural economies;,Create,Answer: Evaluate,Evaluate
apply acquired unit knowledge to develop appropriate strategies for building and managing brand equity.,Apply,Answer: Apply.,Apply
"Evaluate the prevailing attitudes which dominate current thinking about native title from a range of disciplinary perspectives, including law, history, anthropology and archaeology.",Evaluate,Answer: Evaluate,Evaluate
Apply the Kalman filter to random systems;,Apply,Answer: Apply,Apply
use high-performance computing clusters to run large materials analysis computations in parallel,Apply,Answer: Apply,Apply
"Recognise and reflect on Aboriginal and Torres Strait Islander ways of knowing being and doing in the context of history, culture and diversity, and affirm and protect these factors through ongoing learning in health care practice.",Remember,"Answer:
Analyze",Analyze
Design and synthesize the training and deployment of neural networks using a high-levelprogramming language.,Create,Answer: Create,Create
Generate research findings that are well supported by primary and secondary sources and references;,Create,"present the findings in a clear, concise, and well",Invalid
demonstrate well developed workplace etiquette;,Apply,Answer: Apply.,Apply
Identify appropriate and cost-effective investigation strategies.,Remember,"Answer:
Analyze",Analyze
Discuss the development of ecological and evolutionary ideas and current questions in the field;,Understand,Answer: Analyze,Analyze
Assess and discuss the capabilities and limitations of an information system;,Evaluate,Answer: Analyze and Evaluate.,Evaluate
Safely and independently operate a scanning electron microscope (SEM) at MCEM.,Apply,"Answer:
Apply",Apply
Constructively critique game designs based on understanding of good game design principles;,Evaluate,Answer: Analyze,Analyze
"Describe various non-relational database systems, including NoSQL;",Understand,compare and contrast their features and use cases.,Invalid
"understand that principal legal rights, obligations and remedies available to parties in fundamental international commercial contracts and a familiarity with fundamental documents and instruments used in these transactions",Understand,Answer: Analyze,Analyze
collaborate on a small evaluation project applied to a real life issue,Evaluate,Answer: Apply,Apply
Use appropriate statistical summaries to explore data;,Apply,describe the distribution of data with measures of central tendency and,Invalid
differentiate learning experiences for children with a wide range of experiences and abilities.,Analyze,Answer: Analyze,Analyze
Perform some of the basic tasks required in the development of a web-based application;,Apply,"such as creating a database, writing SQL queries, and using",Invalid
explain the policy consequences of consumption and investment decisions,Understand,Answer: Analyze,Analyze
Understand the nature of the design process and apply methodical steps in response to design problems;,Understand,Answer: Apply.,Apply
Critically reflect the inter-relation between theory and practice in achieving unique innovations for the food industry.,Analyze,Answer: Analyze/Evaluate,Evaluate
"Apply knowledge of anatomy, physiology, biomechanics and kinesiology to the musculoskeletal system;",Apply,describe the function of each muscle and bone in the body,Invalid
Propose modifications to hit molecules necessary to map their structure-activity relationship (SAR). Utilise SAR maps in hit-to-lead and lead-to-drug optimisation.,Create,"Answer: Analyze, Evaluate, Create",Create
Apply power flow analysis to power networks,Apply,Answer: Apply,Apply
Apply theoretical models of risk communication to appropriately communicate the principles of effective management of environmental health risks,Apply,Answer: Apply,Apply
Apply the rules of occupational health and safety appropriate to the discipline practice.,Apply,Answer: Apply,Apply
"demonstrate knowledge and understanding of key science concepts, substance and structure of the content and teaching strategies in early childhood and primary science",Understand,Answer: Understand,Understand
"Demonstrate how blockchain systems can be applied into different disciplines such as healthcare, supply-chain.",Apply,Answer: Apply,Apply
"Demonstrate capability in organising, developing and planning methodologies associated with the major project which will help to successfully determine a viable outcome;",Apply,"Answer:
Analyze

(Note:",Analyze
Articulate different approaches and paradigms in translation studies using a metalanguage;,Understand,Answer: Analyze,Analyze
Identify and analyse significant patterns of hazards and risks to health from work in Australia;,Analyze,Answer: Analyze,Analyze
"Demonstrate appreciation of the involvement of metabolic interrelationships in health and disease, including vitamins, micro and macro minerals and also some organ functions;",Apply,"Answer:
Analyze",Analyze
"Examine and compare the pathogenesis of different disorders of the immune system such as autoimmunity, allergy, inflammatory diseases, immunodeficiency, leukemia/lymphoma and transplant rejection.",Analyze,Answer: Analyze,Analyze
"Optimise environmental systems design and improve the sustainable performance of buildings by applying integrated understanding of material properties, construction processes and structural systems;",Apply,"Answer:
Analyze",Analyze
Identify and explain the theories of security and successfully apply them to contemporary global crises,Remember,Answer: Analyze and Apply,Analyze
Accurately distinguish between cardiac and vascular structures in the modification of standard MR scanning techniques,Analyze,Answer: Analyze,Analyze
communicate in semi-authentic situations with Indonesians living in Melbourne;,Create,"describe their cultural practices and beliefs;
analyze the",Analyze
"Evaluate the use of textual sources and archaeological evidence to aid the reconstruction of ancient societies, focussing on the Minoan and Mycenaean cultures.",Evaluate,Answer: Evaluate,Evaluate
"use randomisation methods to assess uncertainty in relation to parameter estimates, hypothesis testing, predictions and model assessments",Apply,Answer: Analyze,Analyze
Continue to develop critical skills and their abilities to communicate effectively. Specifically to: (a) develop a topic for investigation; (b) familiarise themselves with a wide range of sources; (c) recognize and be able to present a logically ordered argument.,Create,"Answer:
Analyze",Analyze
"Demonstrate a developing awareness of the role of law in facilitating the formation, operation and regulation of private legal entities, and the commercial significance of law's role in this respect",Apply,"Answer:
Analyze",Analyze
Explain the relevance of lifespan theory to counselling,Understand,"Answer:
Analyze",Analyze
investigate the behavioural aspects of decision making and decision makers,Analyze,Answer: Analyze,Analyze
Apply an appropriate range of discipline knowledge and interdisciplinary processes to generate prototype solutions to complex problems;,Apply,Answer: Apply,Apply
"Investigate, analyse and synthesise critical issues and major trends in conflict resolution policy and theory.",Analyze,Answer: Analyze,Analyze
design comprehensive survey instruments,Create,"Answer:
Analyze
Create",Create
Students will develop competencies in editing photos for publication in a variety of media using industry-standard software.,Apply,"Answer:
Apply",Apply
"An understanding of the historical, cultural and social contexts in which these theoretical approaches emerged",Understand,"Answer:
Analyze",Analyze
Choose appropriate demographic methods to calculate demographic measures.,Apply,"Answer:
Apply",Apply
"Demonstrate an ability to identify and research a business / industrial / economic story, conduct interviews and gather appropriate evidence in the appropriate medium;",Apply,"present findings in a clear, concise and persuasive",Invalid
Perform competently in a chosen/approved music ensemble;,Apply,demonstrate a solid understanding of music theory concepts;,Invalid
Discuss the relevance of these concepts to core debates in bioethics;,Understand,Answer: Analyze,Analyze
"Discuss the complexities in defining addiction, and the many behaviours which may come under this heading;",Understand,Answer: Analyze,Analyze
Evaluate the advantages and disadvantages of gradient and spin echo recovery techniques,Evaluate,in magnetic resonance imaging.,Invalid
"Understand the nature of school leadership in the Victorian context, and leadership as a socially and institutionally constructed phenomenon",Understand,Answer: Analyze,Analyze
Communicate experimental results in the format of scientific figures and written reports.,Create,"Answer:
Create",Create
Understand transportation design styling terms;,Understand,describe the meaning of each term.,Invalid
"Develop skills in a range of visual art practices and creative pedagogical approaches that connect art with environment, community and sustainability awareness within local and global contexts",Apply,Answer: Create,Create
"critically appraise regulatory compliance, compliance processes and organisational roles in the compliance function",Evaluate,Answer: Evaluate,Evaluate
Identify and critically evaluate the extant literature about this issue;,Understand,summarize the key findings and implications for practice.,Invalid
"Comprehend and evaluate the implications of specific processes, constructs and elements of organisational communication in terms of: + Roles and functions + Organisation structure + Organisation culture",Evaluate,Answer: Evaluate,Evaluate
"Examine the complex interactions of contextual factors related to the client (such as culture, cultural relationships, policies and human diversity), using an evidence based international model.",Analyze,Answer: Analyze,Analyze
"apply critical thinking, problem solving and presentation skills to individual and/or group activities dealing with corporate finance and demonstrate in an individual summative assessment task the acquisition of a comprehensive understanding of the topics covered by BFC2140.",Apply,"Answer:
Apply",Apply
Describe the concept of product lifecycle management.,Understand,Answer: Understand,Understand
Identify and classify small- to large-scale geological structures and interpret their significance;,Analyze,Answer: Analyze,Analyze
"Apply and implement the fundamentals and technologies of the network layer, including packet-switching and queueing concepts;",Apply,Answer: Apply,Apply
Demonstrate the capability to avoid IT systems failure using IT governance;,Apply,"Answer:
Apply",Apply
"identify teaching strategies that are responsive to the needs of students from diverse linguistic, cultural, religious and socio-economic backgrounds.",Remember,"Answer:
Analyze",Analyze
Develop consensus statements based on evidence from the scientific literature and from a range of different perspectives (team/discussion) on a controversial topic in nutrition.,Create,Answer: Analyze,Analyze
Undertake a supervised research project and contribute to project design and management;,Apply,"analyse and interpret data;
write up results in a",Invalid
"Demonstrate your awareness of the historical precedents for, and dimensions of, your own practice.",Apply,Answer: Analyze,Analyze
"4.Analysea variety of communication skills to effectively engage and interact with children, their families and the multidisciplinary health care team",Analyze,Answer: Analyze,Analyze
demonstrate knowledge of relevant discipline areas associated with the teaching and learning of accounting and related studies across Years 7 to 12,Apply,Answer: Understand,Understand
"Proficiently perform biomedical techniques for study at the level of tissues, organs and systems, and conduct research methods applicable to biology, biotechnology and biomedical science.",Apply,"Answer:
Apply, Analyze",Analyze
Be familiar with neurogenetic disorders and their manifestation in brain anatomy.,Understand,"Answer:
Remember",Remember
"Apply an understanding of sustainable design principles to improve the environmental, social and healthy performance of architectural design and construction;",Apply,Answer: Apply,Apply
"Examine the nature of Australian policy debate, particularly with respect to the role of the state in society and economy;",Analyze,Answer: Analyze,Analyze
develop knowledge of the seminal articles in accounting research across its many sub-disciplines and how they have established the basis for established and emerging research areas,Understand,Answer: Analyze,Analyze
Analyse and explain the broader scientific and social aspects of research in their chosen field;,Analyze,Answer: Analyze,Analyze
"Explain and understand the concepts taught in the unit, including astronomical instrumentation, data processing, photometry and spectroscopy;",Understand,Answer: Understand,Understand
Evaluate the validity and relevance of literature evidence when answering clinical questions.,Evaluate,Answer: Evaluate,Evaluate
Demonstrate an ability to manage data collection and analysis;,Apply,"identify trends, patterns, and relationships;
and draw",Invalid
use visualisation and modelling to effectively communicate results of investigations,Apply,Answer: Analyze,Analyze
research and analyse innovative solutions to sustainable development challenges in global contexts,Analyze,Answer: Analyze,Analyze
engage in critical explorations and reviews of research and materials for the teaching and learning of languages.,Evaluate,Answer: Analyze,Analyze
Integrate first and second year studies into whole design tasks involving a combination of individual and group work,Create,"Answer:
Analyze",Analyze
link the everyday world of the learner with biology in ways that are meaningful and relevant,Analyze,"Answer: Connect

Explanation:",Invalid
"Apply knowledge and skills in relation to facilitative support programs for family, friends, teachers and others working with exceptional individuals",Apply,Answer: Apply,Apply
"Integrate and critically reflect on peer, collaborator and supervisor feedback to refine their research processThemeslabel Inquiry and innovation",Analyze,Answer: Evaluate,Evaluate
research and design innovative teaching and learning procedures and plans to engage and motivate students which respond to the diverse abilities and interests of all learners,Create,Answer: Create,Create
"Differentiate between the models of health funding in physiotherapy including WorkCover, Private Insurance, Chronic Disease Management and NDIS and analyse the impact on practice;",Analyze,Answer: Analyze,Analyze
Evaluate appropriate tools and techniques to investigate specific neurological/ neuropsychiatric disorders and diagnose and predict patient treatment outcomes.,Evaluate,Answer: Evaluate,Evaluate
"examine neurodevelopmental, neurocognitive, behavioural, and psychological disorders",Analyze,Answer: Analyze,Analyze
read and critically analyse scholarly publications in communications.,Analyze,Answer: Analyze,Analyze
"Critically reflect on the uses of health education, community organisation, communication and social marketing strategies to achieve individual, social, and policy changes;",Analyze,"Answer: Analyze

Explanation",Analyze
"analyse and synthesise complex business situations by drawing on the knowledge bases of Leadership, Corporate Finance, Innovation and Entrepreneurship, and Commercialisation of Technology",Analyze,Answer: Analyze,Analyze
"develop the ability to identify problems, to synthesise, analyse, and summarise quantitative and qualitative information",Analyze,Answer: Analyze,Analyze
articulate the research underpinnings of pedagogical models common to history education and enact effectively such models in diverse learning settings,Understand,Answer: Analyze,Analyze
Compose arguments on health systems and policy development.,Create,Answer: Analyze/Create,Create
Select the appropriate MSCT protocol and post processing techniques for core and fine needle biopsies; angiographic studies and virtual colonoscopies from within an evidence - based framework.,Analyze,Answer: Analyze,Analyze
Explain organisational development + Apply communication intervention techniques.,Apply,"Answer:
Apply",Apply
Address research questions in the digital humanities which require non-textual data;,Understand,analyze and interpret data from digital sources using appropriate tools and,Analyze
Identify and explain corporate and advocacy advertisements;,Remember,analyze their persuasive techniques and effects on consumers.,Analyze
"Identify key frameworks, guidelines and actions used in health promotion and prevention.",Remember,"Answer:
Analyze",Analyze
Analyse and interpret data using an evidence based approach to understand patient symptoms.,Analyze,Answer: Analyze,Analyze
"Communicate in written, verbal and graphic formats on social and community planning issues",Create,"Answer:
Create",Create
critically evaluate your practicum experiences of teaching legal studies and law-related studies in schools and other settings.,Evaluate,Answer: Evaluate,Evaluate
Compile media kits for launches and events;,Create,Create press releases and distribute them to media outlets;,Create
understand how local and national curricula link with policy documents and how these position teachers and teachers' work,Understand,Answer: Analyze,Analyze
Analyse experimental data using numerical modelling and other computational techniques.,Analyze,Answer: Analyze,Analyze
Identify and analyse key factors that contribute to your own and children's health,Analyze,Answer: Analyze,Analyze
Demonstrate an understanding of issues of sustainable development in relation to structural system design;,Understand,Answer: Understand.,Understand
critically assess the strengths and weaknesses of the different approaches to Corporate Social Responsibility,Evaluate,Answer: Analyze,Analyze
Analyse power systems subject to symmetrical and unsymmetrical faults,Analyze,Answer: Analyze,Analyze
"analyse techniques used for provision of security, confidentiality, authentication, non-repudiation and message integrity",Analyze,Answer: Analyze,Analyze
acquire the basis for more advanced studies in economics,Remember,"Answer:
Analyze",Analyze
"Select and apply tools to acquire, store, consolidate, analyse, manipulate and visualise data.",Apply,"Answer:
Analyze",Analyze
Formulate research questions that are congruent with a chosen research approach,Create,Answer: Analyze,Analyze
"Generate membranes and membrane processes suitable for specific applications, including gas separations, water treatment and desalination, fuel cells and etc.",Create,Answer: Create,Create
Synthesise and present experimental findings in the context of relevant scientific literature.,Create,"Answer: Analyze, Evaluate, Create",Create
Understand the process of creating a cost model for your design outcome;,Understand,identify the key components and their relationships.,Invalid
Analyse and design software systems taking into consideration various quality attributes and requirements;,Analyze,Answer: Analyze,Analyze
"Exhibit key skills in the calculus of functions of several variables including the computation of partial derivatives, finding tangent planes and identifying stationary points, root finding, and convexity for optimisation;",Understand,"Answer:
Apply",Apply
Exhibit laboratory skills required to culture and identify micro-organisms.,Understand,"Answer:
Apply",Apply
"review critically, analyse, consolidate and synthesise knowledge of advanced quantification techniques to provide information for management decision-making and give advice",Analyze,"Answer: Analyze, Evaluate",Evaluate
begin to understand and critically interpret relevant curriculum documents,Understand,Answer: Understand,Understand
Evaluate and integrate current knowledge on the genetic drivers of cancer to design trials to assess new cancer therapeutics;,Evaluate,Answer: Evaluate,Evaluate
demonstrate understanding of assessment and reporting making consistent and comparable judgement on children's learning and achievements.,Understand,Answer: Understand,Understand
"Be familiar with important concepts, ideas, and analytical tools used to understand the structures and processes of different types of political systems in the developing world and particularly in Africa;",Create,Answer: Understand.,Understand
Articulate key concepts and methods for understanding cultural difference;,Understand,describe how these differences impact communication and relationships.,Invalid
"Describe the biological basis, epidemiology, pathophysiology and course of disease for common acute and chronic health issues that occur across the lifespan.",Understand,Answer: Analyze,Analyze
"Explain the core foundations of finance, as appropriate to key financial analysis and decision making;",Understand,Answer: Understand.,Understand
Articulate the connections between robust curriculum development and innovative practice,Understand,Answer: Analyze,Analyze
Describe the principles of 'lifespace' work,Understand,Answer: Understand,Understand
Compare different rotating equipment used in chemical processes.,Analyze,Answer: Analyze,Analyze
"understand and identify the fundamental contracts needed to start and grow a business, including founders agreements, client contracts, privacy considerations and online transactions",Understand,"Answer:
Analyze",Analyze
analyse principles of sociocultural diversity and inclusion using an intersectionality framework.,Analyze,Answer: Analyze,Analyze
explain and critique the theory of capital markets,Evaluate,Answer: Analyze and Evaluate,Evaluate
Formulate appropriate patient-centred management plans and discuss management issues,Understand,with colleagues.,Invalid
Critically analyse national and international frameworks for primary health care and health promotion initiatives with special references to the work of the World Health Organisation (WHO);,Analyze,Answer: Analyze,Analyze
"An ability to experiment with a range of writing structures and techniques, and to assess these writing strategies in terms of their effectiveness and creativeness;",Evaluate,Answer: Analyze and Create.,Create
articulate the fundamental concept associated with rhythmic and expressive movement,Understand,Answer: Understand,Understand
"Assess the economic feasibility of a hydro (or pumped hydro) project based on CAPEX, OPEX and projected revenue",Evaluate,"Answer:
Analyze",Analyze
Design a clinically relevant question and set of experiments.,Create,Answer: Analyze,Analyze
apply appropriate methods of analysis,Apply,Answer: Analyze,Analyze
Design experiments to evaluate the performance of polymer based devices,Evaluate,"Answer:
Analyze
Evaluate
Create",Create
Develop simple physical models and apply these to problem solving;,Apply,Answer: Apply.,Apply
"Critically evaluate the law of evidence, its practice and contemporary developments, drawing upon broader theoretical and comparative perspectives;",Evaluate,Answer: Evaluate,Evaluate
interpret and analyse the results of a regression analysis and their value when applied in business.,Analyze,Answer: Analyze,Analyze
Devise solutions to design problems that respond to advances in knowledge within the discipline;,Create,Answer: Create.,Create
Plan literacy lesson sequences to address specific learner needs,Create,Answer: Analyze,Analyze
"understand how to map out appropriate analyses, and to define what we would expect to see in the data",Understand,Answer: Analyze,Analyze
Assess different project management techniques.,Evaluate,Answer: Analyze,Analyze
identify and critically analyse the key conceptual frameworks of audience engagement in contemporary networked environments;,Understand,Answer: Analyze,Analyze
Understanding of how orthogonal frequency division multiplexing and multiple input multiple output (MIMO) multiple antenna systems can be used in modern communication systems and the advantages and limitations of their use,Understand,Answer: Analyze,Analyze
"demonstrate a capacity to draw on a range of teaching approaches, including the use of information and communication technologies (ICTs), in ways that align with pedagogical intentions",Apply,"Answer:
Apply",Apply
identify and explain various laws relevant to corporate criminality,Remember,Answer: Analyze,Analyze
"apply the proficient or advanced knowledge of one of the following languages to research or translation: French, German, Italian, Spanish.",Apply,Answer: Apply.,Apply
"Select and use appropriate tools, techniques and strategies to manage project resources, including time and personnel;",Apply,"Answer:
Apply",Apply
Communicate critical arguments or key concepts and findings to a professional audience in oral and written formats,Create,"Answer:
Evaluate",Evaluate
Synthesise technical knowledge to generate engineering designs that meet justified performance requirements.,Create,Answer: Create,Create
Identify common causes of developmental motor delay.,Remember,"Answer:
Analyze",Analyze
"Apply sophisticated stochastic modelling skills within a variety of contexts, from population biology to finance to management science, and more.",Apply,Answer: Apply,Apply
Recognise aurally and perform vocally elements of chromatic harmony and rhythm.,Remember,"Answer:
Analyze",Analyze
Design and develop a learning package targeting advanced clinical decision making relevant to speciality nurse practitioner practice,Create,Answer: Create,Create
Discuss the core concepts and terms adopted and investigated by industrial and organisational psychologists.,Understand,"Answer:
Analyze",Analyze
"understand, design and implement relevant curriculum frameworks and pedagogies which reflect early childhood policy directions and initiatives",Understand,"Answer: Analyze, Create",Create
Be able to describe various mental health care systems and models of service.,Understand,Answer: Understand,Understand
Distinguish between different kinds of research evidence and understand how evidence from research differs from other kinds of evidence,Understand,Answer: Analyze,Analyze
Explain and illustrate key concepts and debates in studies of global indigeneity;,Understand,analyze the implications of these concepts and debates for contemporary,Analyze
Assess the risks in designing experimental strategies or identify the shortcomings in justifying the results;,Remember,Answer: Evaluate,Evaluate
Present and communicate conservation issues to the general public and other stakeholders in written and oral formats.,Create,"Answer:
Communicate = Apply",Apply
Apply the principles of ethics and privacy to all bioinformatics data analysis and reporting.,Apply,Answer: Apply,Apply
Identify when community resilience is compromised and what is needed to build that resilience;,Remember,Answer: Analyze,Analyze
"Explain and use the most common computational techniques for use in Bayesian analysis, especially the use of simulation from posterior distributions based on Markov Chain Monte Carlo (MCMC) methods, with emphasis on the practical implementation of such techniques in the WinBUGS package.",Understand,"Answer: Analyze, Apply",Analyze
"demonstrate the ability to conduct and understand regression analyses, as well as interpret the findings and communicate their business value",Analyze,Answer: Analyze,Analyze
Conduct research into corporate and white collar crime based on knowledge of appropriate research principles and methods,Apply,"Answer:
Analyze",Analyze
"Investigate, analyse and synthesise complex information, problems, concepts and theories in relation to the protection of Indigenous rights in four jurisdictions.",Analyze,Answer: Analyze,Analyze
"Determine stresses and strains (and their relationship) in two dimensions utilising the concepts of principal stress and Mohr's circle, and select and use appropriate failure theories for engineering materials.",Apply,Answer: Analyze,Analyze
Critically analyse and discuss the nature of air pollutants and its effects on human health and environment.,Analyze,Answer: Analyze,Analyze
Translate the result of optimisation into the application domain,Apply,"Answer:
Apply",Apply
demonstrate knowledge of relevant discipline areas associated with the teaching and learning of accounting and related subjects across Years 7 to 12,Apply,Answer: Understand,Understand
"Apply sophisticated stochastic modelling skills within a variety of contexts, from a wide range of scientific areas of knowledge.",Apply,"Answer:
Apply",Apply
"Understand contemporary debates relevant to crime, punishment and criminal justice;",Understand,Answer: Understand,Understand
Situate environmental issues and responses and building system design within an historic and contemporary understanding of architectural developments;,Understand,Answer: Analyze,Analyze
"Formulate a range of operations research problems as linear programming problems, and be able to solve them computationally;",Create,"Answer:
Analyze

(Note:",Analyze
Describe how pharmacologically active chemicals might affect living systems through interactions with receptors;,Understand,"Answer:
Analyze",Analyze
"Identify common radio channel impairments such as noise, fading and interference to synthesise theoretical channel models.",Remember,Answer: Analyze,Analyze
Explain translation techniques and translation theories,Understand,"Answer:
Analyze",Analyze
solve engineering problems involving the simple free and forced vibration of single masssystems,Apply,"Answer:
Apply",Apply
"evaluate, assess and communicate personal progress and learning, thus engaging in meaningful reflective practice of one's self and the outcomes and process of the projects.",Evaluate,"Answer:
Evaluate",Evaluate
"Use a range of information and communication technologies (ICTs) in accessing relevant research literature, to support learning and in presenting evidence of your own learning in the area of literacy.",Apply,"Answer:
Apply",Apply
Justify the application of bioinformatic research methodologies to visualise translational bioinformatics data.,Evaluate,Answer: Analyze,Analyze
identify significant ethical issues that arise in various business context and explain the implications of applying different ethical theories for business enterprises,Understand,Answer: Analyze,Analyze
critically evaluate a contemporary marketing law development and write a research paper on the topic.,Evaluate,Answer: Evaluate,Evaluate
Demonstrate an appreciation of the difference between professional practice in your discipline and research in your discipline.,Apply,Answer: Analyze,Analyze
Assess risk factors and causal pathways leading to important chronic diseases.,Evaluate,Answer: Analyze,Analyze
"synthesise research and teaching approaches relating to curriculum and pedagogical innovation in STEM, exploring how these may enrich STEM learning in early childhood",Create,"Answer: Analyze, Create",Create
"Analyse and describe the technical, professional and socio-economic contexts that motivate research, and the implications of research outcomes;",Analyze,Answer: Analyze,Analyze
contrast and critique state responses to a variety of legal and illegal drugs;,Evaluate,Answer: Analyze,Analyze
"Explain spatial statistics, assumptions and how they are used to characterise spatial patterns and processes.",Understand,Answer: Analyze,Analyze
Discuss how cultural diversity can influence the care for pregnant women and consider approaches to paramedic care in a variety of situations.,Understand,Answer: Analyze,Analyze
Explain how food legislation is enacted and enforced in Malaysia and internationally;,Understand,"Answer:
Analyze",Analyze
"Examine environmental, social and economic dimensions of sustainability, and their interactions, through analysing different philosophical and ideological values and perspectives on sustainability and sustainable development.",Analyze,Answer: Analyze,Analyze
"Describe the microorganisms and microbial enzymes associated with food spoilage, and evaluate the impact of spoilage on global food production;",Understand,Answer: Evaluate,Evaluate
"Organise, plan and successfully execute laboratory experiments relevant to molecular cell biology, as well as analyse and report the results in a meaningful way;",Analyze,"Answer:
Analyze, Apply, Create",Create
Demonstrate a wider comprehension of architectural media;,Apply,be able to identify and describe the various types of architectural,Invalid
Develop a differential diagnosis (list) and justify the most likely options relevant for the patient,Evaluate,Answer: Analyze,Analyze
Articulate the management and technical requirements of formal quality accreditation in forensic science laboratories.,Understand,Answer: Analyze,Analyze
"critically analyse fundamental historical/political contexts, and how authors engaged with these;",Analyze,Answer: Analyze,Analyze
understand the various components of a brand and how they interact,Understand,Answer: Analyze,Analyze
"Demonstrate the practice of evidence-based nutrition, professionalism, teamwork and communication skills in the field.",Apply,"Answer:
Evaluate",Evaluate
display confidence in your capacity to engage in mathematical activity and in your ability to continue to learn mathematical subject knowledge for teaching,Apply,"Answer:
Evaluate",Evaluate
"Plan and produce a project to a high standard with a degree of independence, originality, accountability and (if relevant) collaboration with other parties and stakeholders;",Create,"Answer:
Evaluate

(Note:",Evaluate
Comprehend and interpret those obligations.,Understand,"Answer:
Analyze",Analyze
Demonstrate critical reflective practice skills as a result of completing an internship.,Apply,"Answer:
Evaluate",Evaluate
"Describe concepts and perform calculations in quantum mechanics, using the Dirac and Schrodinger formalism, and apply this knowledge to the analytical solution of model quantum systems.",Apply,"Answer:
Analyze",Analyze
Select the appropriate research tools to design and implement an efficient research strategy to answer research questions,Analyze,"Answer:
Apply",Apply
"Generate creative solutions using engineering design processes, whilst considering societal, health, safety, legal, cultural, ethical and environmental factors.",Create,"Answer: Evaluate, Create",Create
A grounded working knowledge of the major theoretical and methodological approaches on sex and the media;,Understand,Answer: Understand.,Understand
Apply sector-relevant transferable skills to your professional development and career plan  ,Apply,Answer: Apply,Apply
"critically evaluate different languages methodologies, programs and models on an F-12 continuum",Evaluate,Answer: Evaluate,Evaluate
"Justify your conceptual, material and logistical approaches to your cultural production in relation to a range of diverse public platforms;",Evaluate,Answer: Analyze,Analyze
Comprehend and evaluate appropriate ethical standards of conduct of lawyers and other professionals working with non-adversarial processes;,Evaluate,Answer: Evaluate,Evaluate
manage large data files using a standard database language.,Apply,Answer: Apply,Apply
Apply critical thinking to problems in stochastic calculus and financial mathematics.,Apply,"Answer:
Apply",Apply
"Contrast and compare the structure, development and function of body systems before and after birth.",Evaluate,Answer: Analyze,Analyze
"effectively work in a team to produce an innovation that delivers value to customers, end-users and society.",Create,"Answer:
Create",Create
Critically analyse data visualisations;,Analyze,"identify strengths and weaknesses;
make recommendations for improvement",Invalid
Describe the main loads and load combinations relevant to structural design.,Understand,"Answer:
Analyze",Analyze
"Discuss jazz music with reference to various sociological, biographical and historical contexts;",Understand,Answer: Analyze,Analyze
Demonstrate the ability critically to assess victimisation risk and to develop victimisation vulnerability profiles,Apply,Answer: Analyze,Analyze
Model and design flexible software at the architectural level using various tools and techniques;,Create,"Answer:
Design
(or Create, depending",Create
"Identify contemporary OHS data sources, and evaluate and explain their merits and limitations;",Understand,Answer: Evaluate,Evaluate
Demonstrate the intellectual and legal skills to interpret judicial decisions and legislation;,Apply,apply this knowledge to the resolution of legal disputes.,Apply
feel confident in planning and executing a formal assessment of a patient presenting with each syndrome,Create,"Answer:
Evaluate",Evaluate
Discuss the relativistic paradoxes in an informed way;,Understand,provide examples and explain their implications.,Invalid
"Describe the epidemiology and clinical aspects of disease state management for cardiovascular conditions, including primary and secondary prevention strategies",Understand,"Answer:
Analyze",Analyze
"debate and critically evaluate contemporary themes of human resource management, such as diversity management, digitalisation, and career management, and assess how these have impact on human resource policies and practice of contemporary organisations.",Evaluate,Answer: Evaluate,Evaluate
Apply advancing report-writing skills to practice,Apply,Answer: Apply,Apply
Demonstrate an understanding of the motivation for engineers to carry out mechatronics design.,Understand,Answer: Understand,Understand
Apply stereographic projection and its properties;,Apply,describe the image of a given object under stereographic projection,Invalid
Examine coping mechanisms and adjustment disorders in radiation oncology patients in a culturally competent manner.,Analyze,Answer: Analyze,Analyze
"Explain how IT applications are developed, including all aspects of the development process;",Understand,"Answer:
Apply

(Note: This",Apply
"apply critical thinking, problem solving and presentation skills in individual and/or group activities dealing with property investment and demonstrate in an individual summative assessment task the acquisition of a comprehensive understanding of the topics covered by BFX3355.",Apply,"Answer:
Apply",Apply
"understand and develop effective, mutually beneficial relationships, particularly in team contexts",Understand,Answer: Analyze,Analyze
Utilise and value transdisciplinary modes of design enquiry and apply them in inventive ways;,Apply,Answer: Apply.,Apply
"Apply knowledge and understanding of recent developments to the death penalty from legal, political and advocacy perspectives.",Apply,Answer: Apply,Apply
Explore and develop differentiated instructional strategies and curricula which challenge a range of abilities and are suitable for mainstream classrooms.,Create,Answer: Analyze,Analyze
Draw on the framework of the finite element method.,Apply,"Answer:
Apply",Apply
Use the subjunctive in subordinate clauses;,Apply,be able to identify the subjunctive mood in English,Invalid
"Learn to design, develop and budget a research project;",Create,"Write a research proposal;
Conduct the research;",Invalid
evaluate the strengths and weaknesses of the various systems and models;,Evaluate,Answer: Evaluate,Evaluate
"Solve engineering problems involving: displacement, velocity and acceleration, simple vibrating systems of masses, springs and dampers, and analysis of simple engineering mechanisms.",Apply,"Answer:
Analyze",Analyze
Distinguish between 'European' and 'national' responses to the crises and the inter-play between these two levels of European Union governance;,Analyze,Answer: Analyze,Analyze
Identify and apply appropriate evidenced based or best practise interventions to specific paediatric conditions.,Apply,Answer: Apply,Apply
Use gender perspectives to analyse global policy problems and/or political issues.,Analyze,Answer: Analyze,Analyze
know local human service systems relevant to the needs of the professional psychologist,Understand,"Answer:
Apply",Apply
"demonstrate a high level of skills appropriate to working in a collaborative, team based environment;",Apply,"Answer:
Collaborate

(Note",Invalid
"investigate and evaluate different aspects of cultural production and consumption across different projects, sites and communities in the city;",Evaluate,Answer: Evaluate,Evaluate
"Conceptualise, design and manage an independent research project;",Create,"analyse and evaluate data;
present findings in a clear",Evaluate
"Appreciate the fundamental concepts in all aspects of geothermal engineering, from exploration to development and energy production.",Understand,Answer: Understand,Understand
Apply the knowledge of the nutritional science to human health across the lifespan.,Apply,Answer: Apply,Apply
"Identify the benefits and ethical issues involved in randomisation as a mechanism for reduction and balancing bias, and implement a variety of randomisation schemes.",Remember,Answer: Analyze and Apply.,Analyze
Interpret the findings from the literature review and communicate these to a specialist health management audience.,Evaluate,Answer: Analyze and Communicate (Apply,Analyze
"Develop an understanding of the selected area/topic,",Understand,and be able to explain it to others.,Invalid
Demonstrate the use of a particular model for deciding the most appropriate therapeutic medication for a particular condition,Apply,"Answer:
Apply",Apply
Appreciate the iterative relationship between research and practice,Understand,Answer: Analyze,Analyze
"Produce high level critical and/or creative written practice, in or about literary genres such as fiction, poetry and creative nonfiction;",Create,"Answer:
Create",Create
"Describe the reliability basis for limit state design and its use in bridge assessment, including descriptions of the basic variables.",Understand,Answer: Analyze,Analyze
"Conceptualise, design, develop and apply creative computing techniques to a problem or situation requiring an interdisciplinary response;",Apply,Answer: Create,Create
Explain the notion of proof in mathematics and be able to carry out basic proofs;,Understand,Answer: Understand.,Understand
"Identify and differentiate between the roles and responsibilities of those involved in supervised professional practice placement - the university, the student, and the host organisation by participating in tutorial/briefing activities",Understand,Answer: Apply,Apply
discuss the international financial environment and the importance of foreign exchange risk management,Understand,Answer: Analyze,Analyze
Critically evaluate the concept of organisational informatics;,Evaluate,analyse the role of information systems in organisational structures;,Invalid
Explain the role of statistical methods in evidence-based health care.,Understand,Answer: Understand,Understand
be able to make judicious policy predictions and undertake independent research studies in the unit.,Evaluate,Answer: Evaluate,Evaluate
"obtain and process data using descriptive analytics (e.g. charts, association and clustering visualization) and predictive analytics (e.g. regression, decision trees, classification and forecasting modelling) with a focus on strategic and operational management",Apply,"Answer:
Analyze
Evaluate",Evaluate
"Edit, proof and prepare copy for publication;",Create,use appropriate software and tools.,Invalid
Develop a professional report/policy brief and recommendations using appropriate language and presentation,Create,Answer: Create,Create
"work reflectively, independently and collaboratively with peers to conceptualise and design a VR media project;",Create,"Answer: Analyze, Apply, Create",Create
Describe different modes of imaging nanotechnology-based therapies. Themeslabel Pharmaceutical Science,Understand,Answer: Analyze,Analyze
"Articulate ideas and arguments effectively in written, spoken, visual and/or audio-visual forms",Understand,"Answer:
Communicate

This learning",Invalid
"Investigate, analyse and synthesise complex information, problems, concepts and theories in relation to the process of workplace investigations including the nature of the investigating body and its powers, the right of representation, relation of the investigation to civil and criminal proceedings, and evidentiary and natural justice issues;",Analyze,Answer: Analyze,Analyze
A range of statistical techniques and when it is appropriate to use them.  Students are also required to demonstrate their ability to develop a research proposal.,Create,"Answer: Analyze, Create",Create
"Demonstrate technical skills in experimental methods and the ability to collect, analyse and interpret data using methods relevant to the discipline of Immunology;",Apply,Answer: Analyze,Analyze
"Demonstrate effective presentation skills in written, visual and verbal modes",Apply,"Answer:
Present

(Note: Present",Invalid
Develop a preliminary regulatory and reimbursement strategy for registration of a medical technology in a number of jurisdictions.,Create,Answer: Evaluate,Evaluate
Critically analyse the multifaced nature of implementing changes to current norms and standards of practice.,Analyze,Answer: Analyze,Analyze
"Apply knowledge and understanding of the common law, constitutional and statutory framework that has applied to Indigenous people of Australia, and compare with selected common law countries particularly Canada and New Zealand;",Apply,Answer: Apply,Apply
Discuss current archaeological methods and theories used to study ancient EgyptianCulture,Understand,Answer: Analyze,Analyze
Analyse and debug existing e-Business applications;,Analyze,Answer: Analyze,Analyze
Apply basic knowledge of land economics and conduct feasibility analyses,Apply,for real estate development projects.,Invalid
"Use cognitive, technical and creative skills to generate and evaluate, at an abstract level, complex ideas and concepts relevant to the facilitative mediation model.",Apply,Answer: Evaluate,Evaluate
Elaborate key moments in the history of curating and of prominent historical and contemporary curators;,Create,"Answer:
Analyze",Analyze
"Describe how plastic deformation of metallic materials proceeds by the process of slip, and how the motion of dislocations can be impeded by structural defects.",Understand,Answer: Analyze,Analyze
apply tools in development practice.,Apply,Answer: Apply,Apply
"Explain the concepts of state sovereignty, common concern of humankind, sustainable development, common but differentiated responsibilities, intra- and inter-generational equity, the precautionary principle, climate justice, compliance and enforcement, and apply them to the problem of climate change;",Apply,Answer: Analyze,Analyze
Apply advanced forensic imaging skills to the principles of forensic photography.,Apply,Answer: Apply,Apply
Appreciate the international sources of collective labour rights and assess the compliance of Australian law with specified international labour standards;,Understand,Answer: Analyze,Analyze
"understand the Australian Competition and Consumer Commission (and its predecessor, the Trade Practices Commission)",Understand,Answer: Understand,Understand
utilise research-informed evidence base to critique or justify a range of teaching and learning approaches within scenarios/case studies or role-playing,Evaluate,Answer: Analyze,Analyze
Apply their knowledge to execute an observing program and use astronomical imaging to understand the nature of a celestial object;,Apply,Answer: Apply,Apply
explain Industry 4.0 and its impacts on engineering fields,Understand,Answer: Understand,Understand
To gain an understanding of the basic syntax system of Modern Standard Chinese and of the similarities between it and English.,Understand,Answer: Understand,Understand
"Identify the anatomical, hormonal and molecular components of the male and female reproductive system",Remember,"Answer:
Understand",Understand
Display evidence of written and verbal knowledge and critical thinking skills.,Apply,Answer: Analyze,Analyze
"Critically appraise adjunctive/alternative therapies used in wound care, including suggested mode of action and level of evidence to support use.",Evaluate,Answer: Analyze,Analyze
Skilfully and expressively use both informative and artistic modes to create a holistic vision of the world of typography;,Apply,Answer: Create,Create
have a basic understanding of the methodology and principles of economics,Understand,"Answer:
Understand",Understand
Critically analyse donors' positions and activity within global health contexts.,Analyze,Answer: Analyze,Analyze
Evaluate the effectiveness of exposure protocols for all general and contrast radiographic imaging in terms of image quality and radiation protection for patients;,Evaluate,Answer: Evaluate,Evaluate
demonstrate an ability to work independently and to participate effectively in diverse group tasks,Apply,"Answer:
Collaborate

(Note",Invalid
develop an ongoing capacity to create units of work in response to changing educational policy and theory for secondary school students,Create,Answer: Create,Create
Research and develop appropriate public relations strategies for an organisation;,Create,"Answer:
Analyze

(Note:",Analyze
Apply power conversion techniques to a renewable energy system.,Apply,Answer: Apply,Apply
"Evaluate ethical conduct, social and professional responsibilities in the workplace.",Evaluate,Answer: Evaluate,Evaluate
explain creative industries structures and markets;,Understand,"Answer:
Analyze",Analyze
Apply high-level critical thinking skills to using and analysing data collections both in the library and on the Internet;,Apply,Answer: Analyze,Analyze
"Analyse basic musical elements including intervals, chords andbasic functional progressions;",Analyze,Answer: Analyze,Analyze
Infer the characteristics of a population based on a sample of that population drawing on appropriate statistical techniques,Analyze,Answer: Analyze,Analyze
Explain the importance of micro-organisms in human health and disease;,Understand,Answer: Understand.,Understand
"Evaluate the key factors in shaping the evolution of cinema as a technology, as a business and as an art;",Evaluate,Answer: Evaluate,Evaluate
Demonstrate an awareness of the relations between modern critical/narratological theory and creative practice,Apply,Answer: Analyze,Analyze
acquire skills to conduct high quality independent qualitative research,Apply,"Answer: Analyze, Evaluate, Create",Create
Apply an evaluation planning process and develop an evaluation plan tailored to a health promotion or public health program.,Apply,"Answer:
Evaluate",Evaluate
Critically examine the representation of Pacific encounters in the development of academic knowledge regarding human difference;,Analyze,Answer: Analyze,Analyze
Research and measure corporate reputation and identity;,Create,analyze the impact of corporate reputation on stakeholders;,Analyze
Appreciate the major theories explaining Middle Eastern political realities.,Understand,Answer: Understand,Understand
define and describe the concepts and debates in the field of development economics,Understand,Answer: Analyze,Analyze
Skills in the critical assessment of academic contributions to issues of economic development and growth,Analyze,Answer: Analyze,Analyze
understand the roles and responsibilities of the corporate treasurer and the credit controller and identify approaches to managing a corporate treasury and credit control department within the organisation and within the department itself,Understand,Answer: Analyze,Analyze
"Analyse and evaluate the operating principles of the cloud computing, grid computing, clustering, and web services middleware used to implement large distributed systems, including basic security mechanisms;",Analyze,Answer: Analyze and Evaluate.,Evaluate
Describe historical and contemporary trends in the field of youth sociology;,Understand,"Answer:
Analyze",Analyze
analyse and explain the key concepts from reading and scholarship in the area of communications and media studies;,Analyze,Answer: Analyze,Analyze
"Use cognitive, technical and creative skills to generate, articulate and evaluate complex ideas and concepts relevant to business and human rights",Apply,Answer: Evaluate,Evaluate
acquire advanced knowledge and skills in understanding research articles,Remember,"Answer:
Analyze",Analyze
Critically appraise the impact of criminal victimisation on the rights of the individual and that of a just society,Evaluate,Answer: Analyze,Analyze
"Effectively communicate (both orally and in writing) legal information, principles, arguments, strategies and theories of justice with a wide range of audiences involved in the justice system, be it in terms of individual casework or wider policy advocacy;",Understand,"Answer:
Evaluate",Evaluate
Students will be able to work within the ethical parameters of photojournalism.,Apply,"Answer:
Analyze",Analyze
Apply sophisticated tools of mathematical analysis to understand manifolds in a variety of settings,Apply,Answer: Analyze,Analyze
"Acquired knowledge about the challenges to cultural nationalism by transnational cultural flows, and the role of electronic media, especially the Internet in this;",Remember,Answer: Analyze,Analyze
"Examine some characteristic industry problems involving semi-structured data, and analyse the suitability of different algorithms.",Analyze,Answer: Analyze,Analyze
"Compare and contrast the difference between biological (e.g. for food and reproduction) and non-biological needs (e.g., for gaming, shopping) in the consolidated and emerging process addictions.",Evaluate,Answer: Analyze,Analyze
"Demonstrate an understanding of the relative legislative, administrative and organisational policies and processes relevant to early years settings.",Understand,Answer: Understand,Understand
"Demonstrate delivery of non-credentialed activities under direct supervision, by applying the knowledge and skill gathered from units over the duration of the courseThemeslabel Professional experience",Apply,Answer: Apply,Apply
identify cross-linguistic patterns in morpho-syntax and discuss claims of universality;,Understand,Answer: Analyze,Analyze
Complete a thorough and accurate written evaluation of a client.,Evaluate,"Answer:
Evaluate",Evaluate
demonstrate knowledge and evaluation of the impact of AI on law and the legal profession;,Apply,Answer: Evaluate,Evaluate
"apply critical thinking, problem solving and presentation skills in individual and/or group activities dealing with research skills and demonstrate in an individual summative assessment task the acquisition of a comprehensive understanding of the topics covered by BFX4000.",Apply,"Answer:
Apply",Apply
identify both market failure and government failure and understand the causes of each.,Understand,Answer: Analyze,Analyze
"Distinguish the anatomical features and recognise associated common radiographic pathologies of the axial skeleton and musculoskeletal system, the thorax, abdomen and pelvis.",Analyze,Answer: Analyze,Analyze
Design experiments to assess the performance of energy storage and conversion devices.,Create,"Answer:
Analyze
Evaluate
Create",Create
"Evaluate debates about 'imperialism', 'colonialism', 'race', 'gender', 'modernisation' and 'globalisation';",Evaluate,"analyse the arguments and evidence presented;
compare and contrast",Invalid
"Identify and deploy relevant general capabilities including literacy, numeracy and the use of ICT for teaching and learning",Understand,"Answer:
Apply",Apply
"Apply thematic and content knowledge, and setting-specific knowledge in the field of specialised interpreting;",Apply,Answer: Apply,Apply
"Appraise public health strategies and policy processes in addiction, critiquing how individual, community and institutional forces can shape policy direction and focus.",Evaluate,Answer: Evaluate,Evaluate
demonstrate a sound understanding of clinical psychological principles and how these are implemented within service delivery systems.,Understand,Answer: Understand,Understand
Describe the importance of safety and quality in health care with in a risk management framework.,Understand,Answer: Analyze,Analyze
"Demonstrate a range of skills and techniques in communication, negotiation and mediation.",Apply,Answer: Apply.,Apply
"Apply a variety of assessment approaches in the arts, design, health and physical education.",Apply,Answer: Apply,Apply
Recognise the basis of human rights in health care.,Remember,"Answer:
Understand",Understand
Evaluate the kinetics of physicochemical changes in food during processing.,Evaluate,Answer: Evaluate,Evaluate
Gained a holistic appreciation of international relations and will be in a position to apply that analytical tool to the study of other international relations units.,Apply,Answer: Analyze,Analyze
Demonstrate critical and independent thinking in the synthesis of research reports and scientific presentation.,Apply,Answer: Evaluate,Evaluate
Develop leadership skills and confidence to work independently and as a member of a team,Apply,"Answer:
Apply, Analyze",Analyze
Appraise the diurnal cycle of the terrestrial boundary layer and the evolution of the maritime boundary layer during warm and cold air advection;,Evaluate,Answer: Analyze,Analyze
"Perform key skills in the calculus of functions of several variables including the calculation of partial derivatives, find tangent planes and identify stationary points.",Remember,"Answer:
Apply",Apply
Critically analyse clinical issues that support or complicate nurse practitioner practice,Analyze,Answer: Analyze,Analyze
"Explain the rationale of current regenerative medicine approaches, including cell and gene therapy, immunotherapy, and bone marrow transplantation.",Understand,Answer: Analyze,Analyze
"Demonstrate ability to design a research project suitable for honours level and to write a research project proposal which includes a literature review, research aim and/or question/s and appropriate qualitative and/or quantitative methodology.",Apply,"Answer: Analyze, Apply, Create",Create
"Be proficient at using at least two different statistical software packages (e.g. Strata, Excel) to perform survival analysis.",Analyze,Answer: Analyze,Analyze
Summarise the impact of these cardiovascular disorders during the perioperative period and develop a framework for the assessment of these increasingly complex patients.,Create,Answer: Evaluate,Evaluate
Acquire a conceptual overview of the art circuit and its functionality in the media industry.,Apply,Answer: Understand,Understand
Describe the role of clinical governance in the prevention and minimisation of clinical risks and adverse outcomes in nursing practice.,Understand,Answer: Analyze,Analyze
Describe observations and critique these in relation to developmental theories about typical childhood occupations,Understand,Answer: Analyze,Analyze
Critically reflect on the basic syntax system of Modern Standard Chinese and on the similarities and differences between it and English.,Analyze,Answer: Analyze,Analyze
"Determine the extent to which Australian workers are impacted, if at all, by any non-compliance by Australian law with international standards;",Apply,Answer: Analyze,Analyze
Discuss the concept of evidence based practice and its application to clinical practice;,Understand,"Answer:
Analyze",Analyze
"Describe the structure and function of each major cell, tissue, organ and organ system considered within the unit;",Understand,"Answer:
Analyze",Analyze
formulate and apply a framework for ethical decision making when dealing with an ethical dilemma in business,Apply,"Answer:
Apply

(Note: This",Apply
Analyse a clinical situation and logically articulate the underlying pathophysiology,Analyze,Answer: Analyze,Analyze
"Convey their findings in both written and verbal formats, and critique and evaluate the work of others.",Evaluate,Answer: Evaluate,Evaluate
Provides structured and effective case presentations and justifies reasoning,Apply,Answer: Analyze,Analyze
"Explain and apply the social work framework stages of change to construct intervention plans, case management and referrals.",Apply,"Answer:
Apply",Apply
"Use cognitive, technical and creative skills to generate and evaluate at an abstract level complex ideas and concepts relevant to transnational labour law and the influence of the international norms on the development and reform of national laws and practice.",Apply,Answer: Evaluate,Evaluate
Show appropriate skills in applying methods and techniques relevant to your chosen project.,Apply,Answer: Apply,Apply
synthesise findings and information in the research literature about how young children learn mathematics and effective strategies for promoting their ability to think mathematically,Create,Answer: Analyze,Analyze
Describe strategies to evaluate dietary and lifestyle factors in epidemiological studies.,Understand,Answer: Analyze,Analyze
"Apply the concept of loads and load paths, calculate shear stresses in thin-walled sections and predict stress and strains in non-circular cross-sections members under torsional loading.",Apply,Answer: Apply,Apply
relate management theory to varying and different cultures,Apply,Answer: Analyze,Analyze
Propose an appropriate design methodology to achieve design requirements.,Create,Answer: Analyze,Analyze
Explain the mechanisms involved in the storage and processing of metabolic fuels;,Understand,"Answer:
Understand",Understand
comprehend the nature of international public policy research and reporting;,Understand,identify the major sources of international public policy research and reporting,Invalid
"use cognitive, technical and creative skills to generate and evaluate at an abstract level complex ideas and concepts relevant to migration and human rights.",Apply,Answer: Evaluate,Evaluate
analyse and problematize common misconceptions about emotions and leadership and articulate how they relate to your own leadership contexts,Analyze,Answer: Analyze,Analyze
"Demonstrate in-depth knowledge of a chosen topic, for example, the history, style and context of a selected music genre, instrument, ensemble or repertoire;",Apply,Answer: Analyze,Analyze
demonstrate an emerging knowledge of ICT resources that engage students in learning,Apply,"Answer:
Understand",Understand
Understand how sociocultural perspectives apply to language pedagogy,Understand,Answer: Analyze,Analyze
"understand the influence and develop an appreciation of the role of media and emerging information and communication technologies (ICTs) can have on the arts, sustainability, health and wellbeing, intercultural understanding and Indigenous Australian and Asian people's cultures and perspectives",Understand,Answer: Analyze,Analyze
Display an ability to critically engage with written and visual texts in a clear and confident manner in both written and oral presentation.,Apply,Answer: Analyze,Analyze
employ sophisticated research and critical thinking skills.,Apply,Answer: Analyze,Analyze
"Investigate, analyse and synthesise complex information, problems, concepts and theories in relation to international trade law;",Analyze,Answer: Analyze,Analyze
"Acquire an advanced knowledge of legal research principles and methods, evidenced by their ability to locate, update and apply the law in their chosen area of research;",Understand,"Answer:
Apply",Apply
Conduct research into issues relating to the application of comparative law and policy to the rights to privacy and data privacy.,Apply,Answer: Analyze,Analyze
Practice design to a standard of professional competency; engaging collaboratively and independently in the resolution and communication of design concepts;,Apply,"Answer:
Analyze
Evaluate",Evaluate
analyse key elements of a variety of digital communication;,Analyze,evaluate the impact of digital communication on society.,Evaluate
provide an understanding of how to conduct data analysis,Understand,Answer: Understand,Understand
"Recognise the limitations of the student's medical knowledge, and how this relates to scope of practice, patient safety and their role within the broader health care team.",Remember,Answer: Analyze,Analyze
Explain fundamental concepts in political philosophy,Understand,Answer: Understand,Understand
Demonstrate a command of historical and contemporary approaches to the regulatory contexts shaping planning systems;,Apply,Answer: Analyze,Analyze
"Interpret and demonstrate software engineering principles of maintainability, readability, and modularisation;",Evaluate,"Answer:
Analyze",Analyze
understand the function of financial markets and intermediation in the modern economy,Understand,Answer: Understand,Understand
Estimate quantities of interest and evaluate hypothesis with appropriate statistical methods;,Evaluate,interpret results in context.,Invalid
"understand fully the role of a clinical psychologist at an organisational level, and the contributions that a clinical psychologist makes to a service delivery system.",Understand,"Answer:
Analyze",Analyze
"Design a creative and empirical way to build on previous research to study a particular aspect of consciousness, based on both their own subjective experience and theories/models taught.",Create,Answer: Create,Create
Demonstrate the ability to critically assess aspects of architectural production;,Apply,"analyze the historical, cultural, and social contexts of",Analyze
have acquired a good understanding of current theories and models of recovery of brain function after neurological damage;,Understand,Answer: Understand,Understand
Actively demonstrate competencies in practical components,Apply,of a subject by applying theoretical knowledge to real-world situations,Invalid
Be able to engage in comparative analysis of philosophers and mystics from the different traditions,Analyze,Answer: Analyze,Analyze
"Interpret information that describes intersections of different aspects of food chemistry and biochemistry, including data generated from practical testing and analysis, and relationships to innovation;",Evaluate,Answer: Analyze,Analyze
Effectively use the elements and principles of design;,Apply,create visually appealing and functional designs.,Create
Apply philosophical discussions about consciousness and cognition to human behaviour in general,Apply,Answer: Analyze,Analyze
be able to critically evaluate the different global institutional responses to global ecological problems,Evaluate,Answer: Evaluate,Evaluate
Examine the pharmacological properties of drugs and select appropriate statistical approaches to assess therapeutic efficacy,Analyze,Answer: Analyze,Analyze
Competently perform select repertoire in an online setting with recorded outcome;,Apply,"receive feedback from peers and instructor;
revise and",Invalid
Discuss the limitations of techniques available to manipulate reproduction in animals,Understand,Answer: Analyze,Analyze
Demonstrate fundamental understanding of jazz arranging styles and methodologies as informed by historical and contemporary practices;,Understand,Answer: Understand,Understand
Perform and accurately record an appropriate physical and mental health examinationThemeslabel Theme IV,Apply,"Answer:
Apply",Apply
Application of the knowledge and skills acquired during their academic studies to the practical requirements of the workplace;,Apply,Answer: Apply,Apply
Demonstrate the ability to work effectively as a part of a team.,Apply,"Answer:
Collaborate

(Note",Invalid
Formulate responses to specific legal problems emerging from the use of the WTO agreements in dispute resolution.,Create,Answer: Analyze,Analyze
Discuss the strengths and weaknesses of different travel survey methodologies and interpret travel survey data.,Understand,Answer: Analyze,Analyze
"Describe the basic features of human anatomy, cell and biomolecule structure and function and their interactions with biomaterials.",Understand,"Answer:
Analyze",Analyze
Reflect upon their own relationship with gender and the way in which gender affects everyone,Analyze,Answer: Analyze,Analyze
Demonstrate an understanding of pathogenesis of disorders of the immune system and strategies for immunosuppression and immunopotentiation to correct these disorders;,Understand,Answer: Analyze,Analyze
"Use cognitive, technical and creative skills to generate and evaluate at an abstract level complex ideas and concepts relevant to Workplace Bargaining and Agreements Law.",Apply,Answer: Evaluate,Evaluate
"Identify different phases in soils and determine their densities, void ratios, porosities",Analyze,"Answer:
Analyze",Analyze
Differentiate a range of corrosion types and the principles behind corrosion mitigation.,Analyze,Answer: Analyze,Analyze
Evaluate various types of air conditioning systems used in industry and determine the optimal choice for a particular situation,Evaluate,Answer: Evaluate,Evaluate
"Locate suitable resources, software and tools for a data science project.",Remember,"Answer:
Apply",Apply
critically examine the major explanations of the dynamics of growth and change in the economy over the last centuries,Analyze,Answer: Analyze,Analyze
Identify and discuss select composition genres;,Understand,analyze the rhetorical strategies used in each genre;,Analyze
Effectively communicate medical information to patientsThemeslabel Theme IV,Create,"Answer:
Communicate

This learning",Invalid
Evaluate and select the optimal test for printed circuit boards through a deep comprehension of ATE architecture and familiarity with real-world test equipment.,Evaluate,Answer: Evaluate,Evaluate
Interpret and communicate the results of epidemiological studies,Evaluate,Answer: Analyze,Analyze
"Identify the different delivery platforms for multimedia design, including digital video, the internet, smart devices, site-specific installations, and other technologies;",Remember,"Analysis:

The learning outcome requires the identification of",Invalid
Employ sophisticated research and critical thinking skills in analysis of aspects of Japanese culture and society.,Apply,Answer: Analyze,Analyze
"Describe the burden, distribution and determinants of chronic disease within their own country and internationally",Understand,Answer: Analyze,Analyze
"Apply evidence-based educational practices to plan, design and implement an education session for health care practitioners.",Apply,Answer: Apply,Apply
describe the impact of networks and role of networking on managing the innovation process.,Understand,"Answer:
Apply",Apply
Demonstrate the ability to think creatively and communicate effectively in professional documentary formats that are appropriate for dispute resolution practice;,Create,Answer: Create,Create
Comprehend the principles of stratigraphy and how geologists determine the age of sedimentary and volcanic rocks;,Understand,Answer: Understand.,Understand
"Apply geological principles to explore for and manage the resources and uses of sedimentary basins, including water and mineral resources, carbon capture and storage, and geothermal energy.",Apply,"Answer:
Apply",Apply
Discuss the multifactorial and complex nature of nutritional issues that are major challenges for nutrition interventions in the community.,Understand,Answer: Analyze,Analyze
Apply the knowledge of green materials and technology to the solution of complex problems involving buildings and structures.,Apply,Answer: Apply,Apply
"Candidly identify the values in your projects, especially related to gender, class and ethnicity and consider the possible case against the assumptions of your practice;",Remember,Analysis.,Invalid
Critically evaluate their observations in discussion and in written assignments,Understand,Answer: Evaluate,Evaluate
"describe the merits, and regulatory and financial reporting implications of various forms of business structures",Understand,Answer: Analyze,Analyze
"Investigate, analyse and synthesise complex information, problems, concepts and theories in relation to relevant human rights jurisprudence from comparable domestic legal system such as the United States, Canada, New Zealand and the UK to apply in the Australian context",Apply,Answer: Analyze,Analyze
Demonstrate understanding of how the variable nature of different legal systems andunderstandings of jurisdiction affects the application of laws and principles underpinning theprotection or limitation of human rights.,Understand,Answer: Analyze,Analyze
"Describe the advantages, drawbacks and pitfalls of the visual presentation of data as compared to its presentation using other media.",Understand,Answer: Analyze,Analyze
recognise how adult attachment style can affect relationships,Remember,Answer: Analyze,Analyze
Establish studio processes that generate ongoing creative enquiry in printmaking;,Analyze,"develop a personal visual language through experimentation with materials, techniques",Invalid
Assess potential hazards using an industry-accepted framework and mitigate these hazards as part of the detailed design process.,Evaluate,Answer: Evaluate,Evaluate
"Apply these theories to a range of contemporary issues of crime, risk and security;",Apply,Answer: Apply,Apply
"consolidate your content knowledge, develop subject matter and pedagogical content knowledge and skills relevant to teaching senior secondary physical education",Evaluate,"Answer:

Apply

(Note:",Apply
Use modern high-level languages and technologies to document the architecture of complex reactive software systems;,Apply,"Answer:
Analyze",Analyze
possess the skills necessary to evaluate critically contemporary innovations in Australia's trade policies.,Evaluate,Answer: Evaluate,Evaluate
Analyse the effective use of digital video/audio in multimedia;,Analyze,Answer: Analyze,Analyze
Determine theoretical error-performance of wireless systems for comparison against practical measurements.,Apply,Answer: Analyze,Analyze
"Identify, investigate and resolve issues of private international law arising in transnational commercial disputes;",Remember,Answer: Analyze,Analyze
"Use a range of specific teaching and learning skills such as reflection, problem solving, negotiation, risk taking, innovation, and creativity",Apply,"Answer:
Create",Create
"Demonstrate an awareness of local, national and international people and events relevant to current issues and media issues related to Reporting the Arts Circuit.",Apply,"Answer:
Analyze",Analyze
Explain the relationship between theory and practice in performance and apply it to the analysis and evaluation of their practice;,Understand,Answer: Analyze and Evaluate.,Evaluate
apply suitable statistical techniques for describing and forecasting time series data,Apply,"Answer:
Apply",Apply
"articulate key features of ‚Äòbig data' versus traditional data, together with the opportunities and challenges that big data present to business and society",Understand,Answer: Analyze,Analyze
Demonstrate effective interpersonal skills in caring for patients and their families and working with members of the multi-disciplinary team.,Apply,"Answer:
Analyze

Explanation",Analyze
Discuss the processes that lead to soil and regolith formation.,Understand,Answer: Analyze,Analyze
"Analyse the physiological requirements of gametes, cleavage embryos and blastocysts and how these are addressed in ART culture systems.",Analyze,Answer: Analyze,Analyze
Analyse the life cycle of a mining project and understand the fundamentals of systems engineering.,Analyze,Answer: Analyze,Analyze
"Apply problem solving methods, synthesise design resolutions and communicate solutions using models, presentation and technical drawings;",Apply,Answer: Apply,Apply
Perform and interpret analysis of variance and multiple regression where conditions are appropriate forthese statistical analyses;,Analyze,Answer: Analyze,Analyze
Design a research plan of experiments to test whether a drug target is suitable,Create,for drug development.,Invalid
Demonstrate practical laboratory skills in anatomy & developmental biology;,Apply,perform dissections and identify structures.,Invalid
"Understand specific basic knowledge and display key technical skills in optimisation, model fitting, dynamical systems, and partial differential equations, and their applications;",Understand,"Answer:
Apply",Apply
Analysise global issues in a comparative and transnational framework;,Analyze,Answer: Analyze,Analyze
Communicate effectively in both written and oral formats;,Create,"use appropriate tone, style, and vocabulary for the intended",Invalid
develop an ability to interpret statistical output from a marketing perspective.,Create,Answer: Analyze,Analyze
identify and describe the way in which economists apply economic theories and concepts to analyse various behaviours and issues,Understand,Answer: Analyze,Analyze
Critically assess the works of other historians;,Evaluate,"compare and contrast their interpretations of historical events;
and",Invalid
develop capabilities to work effectively in a group; and/or demonstrate effective individual research skills to produce a professional quality business document to solve a valuation problem; and/or deliver a professional quality presentation; and/or develop oral communication skills and demonstrate independent thinking through contributions to class discussions; and demonstrate in individual summative assessment tasks the acquisition of an comprehensive understanding of the topics covered by this unit.,Create,"Answer:
Analyze, Evaluate, Apply",Evaluate
Identify modes of heat transfer in energy-related processes.,Remember,"Answer:
Apply",Apply
Work in teams to solve problems collectively.,Apply,"Answer:
Collaborate

(Note",Invalid
Develop a plan for their first internship.,Create,"Answer:
Apply",Apply
Critically evaluate your role within a group setting and manage group dynamics.,Evaluate,Answer: Evaluate,Evaluate
Identify and determine appropriate shear strength parameters of soils/rocks for engineering design,Understand,Answer: Analyze,Analyze
Discuss elements of the ancient Egyptian world view and how this influences our interpretation of their culture and artefacts,Understand,Answer: Analyze,Analyze
Identify crucial and relevant elements of a range of Asian societies,Remember,Answer: Analyze,Analyze
"basic essay-writing skills and an ability to engage in informed discussion of German culture, using appropriate terminology and applying the range of language skills pertinent to component 1.",Apply,"Answer:
Apply",Apply
Design a health education plan with a focus on long term change in a complex environment.,Create,"Answer: Evaluate, Create",Create
Carry out extensive literature searches to research particular topics relevant to clinical neuropsychology.,Analyze,Answer: Analyze,Analyze
Exercise critical thinking and professional judgement by developing a plan for a final project relating to an internship;,Apply,"Answer: Analyze

(Note:",Analyze
Describe and demonstrate how to apply the principles of evidence-based practice using best evidence available for practice.,Apply,"Answer:
Apply",Apply
develop appropriate techniques and teaching strategies for engaging primary school learners in HASS learning including inquiry based approaches,Create,Answer: Analyze,Analyze
"Use and explain HCI theories, principles and guidelines;",Understand,describe the user experience design process.,Invalid
critically read publications in the area of child language acquisition and psycho-linguistic in the linguistic literature;,Remember,summarize the main findings and implications of the research for,Invalid
Theme 1: Personal and Professional Development  Identify the issues surrounding care and treatment of the patient with stable or progressive neurological disease; Demonstrate a range of strategies that enable effective communication with clients with stable or progressive neurological disease and their caregivers; Identify and explain the life-time burden imposed on people with chronic disability and their families; Distinguish and compare the roles and responsibilities of the physiotherapist and other members of the health care team in the management of the patient with stable or progressive neurological disease. ,Evaluate,Answer: Analyze,Analyze
"Evaluate techniques used to assess food consumption at national, household and individual levels.",Evaluate,Answer: Evaluate,Evaluate
Identify and discuss issues that legal and financial texts pose for translation;,Understand,"analyze the strategies used to address these issues;
evalu",Analyze
"Discuss how the interplay between structures, affordances and practices shape communicative events involving digital language;",Understand,Answer: Analyze,Analyze
propose innovative solutions to ethical and sustainability issues that arise in a business environment.,Create,"Answer: Evaluate, Create.",Create
Critique the major theoretical models on the aetiology of co-occurring disorders and how these determine priorities for clinical management and policy.,Evaluate,Answer: Evaluate,Evaluate
consolidate your understanding of professional knowledge and professional practice in second languages education,Evaluate,"Answer:
Analyze",Analyze
Demonstrate the ability to contribute to scholarly debate in Urban Planning and Design;,Apply,"Answer: Analyze

(Note:",Analyze
Apply a range of analytical frameworks to seminal works;,Apply,Answer: Analyze.,Analyze
Analyse the significance of the case study using the literature around education for sustainable development,Analyze,Answer: Analyze,Analyze
recognise practical problems of conducting scientific research and propose solutions,Remember,Answer: Analyze,Analyze
"Compare health systems with regard to structure, performance, and context.",Analyze,Answer: Analyze,Analyze
Explore design solutions that utilise sound and motion as core components to their outcome;,Analyze,"Answer:
Apply

(Note: This",Apply
Communicate scientific information effectively through written and verbal communication;,Create,"Answer:
Communicate scientific information effectively through",Invalid
"Evaluate the communication strategies adopted by a range of local and international health communication examples as well as a range of health communication materials (print-based, electronic and web-based).",Evaluate,Answer: Evaluate,Evaluate
"Formulate technical reports and communicate effectively in team assignments, interpreting and analysing experimental data, utilising basic analysis software packages and relating results to the theory taught.",Create,Answer: Analyze,Analyze
"identify and appraise the key issues in management control systems, including technical and behavioural aspects",Remember,Answer: Analyze and Evaluate,Evaluate
Research and report on the considerations affecting the development of biosimilars.  Themeslabel Pharmaceutical Science,Create,Answer: Analyze,Analyze
Articulate an informed position in relation to key issues in communication design discourse;,Understand,Answer: Analyze,Analyze
demonstrate a sound understanding of the historical evolving of the Chinese economy in the context of global business and economy,Understand,Answer: Understand,Understand
"Demonstrate teamwork, leadership and the professional attributes that are essential in the intensive care setting.",Apply,"Answer:
Evaluate",Evaluate
Critique the relevant legal and constitutional issues;,Evaluate,provide recommendations for addressing these issues.,Invalid
"Estimate and classify human skeletal and dental development, using appropriate forensic age estimation methods;",Analyze,"Answer:
Analyze",Analyze
Apply critical thinking in the field of advanced mathematics and its applications.,Apply,"Answer:
Apply",Apply
Describe and discuss legal and ethical concepts pertaining to the delivery of paramedic care,Understand,Answer: Analyze,Analyze
"Discuss the physiological and physicochemical factors affecting drug absorption across the small intestine, via selected alternative pathways and via parenteral drug delivery;",Understand,Answer: Analyze,Analyze
Identify and analyse intercultural differences in specific multicultural context;,Analyze,Answer: Analyze,Analyze
Understand the importance of and develop techniques for adopting inclusive practices in relation to the teaching and learning of mathematics.,Understand,Answer: Analyze,Analyze
"grasp some of the theories, models and frameworks for understanding digital technology in education and society",Understand,Answer: Understand,Understand
Communicate research in oral and written formats.,Create,"Answer:
Present

(Note: Present",Invalid
Critically apply theoretical approaches and an analysis of the translation brief and purpose to formulate and justify translation solutions;,Apply,Answer: Analyze,Analyze
critically assess the purpose and value of current and future technology use in educational settings,Evaluate,Answer: Evaluate,Evaluate
"Describe the role, relevance and significance of occupational therapy research in clinical and professional settings.",Understand,Answer: Analyze,Analyze
Critically reflect on the link between the broad determinants of health and health promotion,Analyze,Answer: Analyze,Analyze
"Understand from first-hand experience a variety of the tasks and problems that constitute cultural production within a professional workplace, and be able to communicate this through a reflexive journal;",Understand,"Analysis:
The learning outcome requires the ability to understand",Understand
Formulate solutions using computer-based techniques (such as Matlab).,Create,"Answer:
Apply",Apply
reflect upon a health and wellbeing framework or practice to demonstrate an understanding offoundational health concepts,Apply,Answer: Understand,Understand
"Acquire footage, incorporate graphics and manage a variety of media sources into a video sequence;",Apply,"Answer:
Apply",Apply
discuss and apply an actuarial control cycle in a variety of practical commercial situations,Apply,Answer: Apply,Apply
apply knowledge and skills to resolve practical problems and cultural conflicts in various contexts;,Apply,Answer: Apply.,Apply
Discuss and apply links between growth and development and health (including nutrition) and human behaviour across the lifespan;,Apply,Answer: Apply.,Apply
"Engage with and understand print, interactive and online digital production methods;",Understand,evaluate the strengths and weaknesses of different digital production methods,Evaluate
Describe the modern scope of scientific inquiry in the field of ecology;,Understand,Answer: Understand.,Understand
"describe different ways of becoming multilingual, and the merits and pitfalls of each approach;",Understand,"Answer:
Analyze",Analyze
"Evaluate a range of research tools and paradigms used within different domains of cardiovascular research, encompassing cellular through to in vivo through to the population.",Evaluate,Answer: Evaluate,Evaluate
"develop confidence and a capacity to effectively communicate your advanced physics knowledge using a diverse range of appropriate methods, while planning lessons which encourage purposeful and critical thinking in your students",Create,"Answer:
Evaluate

(Note:",Evaluate
Identify the inter-sectorial and multi-disciplinary components of the Australian healthcare system.,Remember,Answer: Analyze,Analyze
"The ability to critically investigate, analyse and evaluate, from a comparative perspective, complex national, regional and international responses to specific forms of cybercrime;",Analyze,ANALYZE,Analyze
"identify major political, economic and regulatory forces that underpin the globalisation process",Remember,Answer: Analyze,Analyze
Analyse the impact of cancer diagnosis and the effects of radiation therapy on quality of life,Analyze,Answer: Analyze,Analyze
Relate their observations and practical experience to their own field of interest or discipline;,Apply,"Answer:
Analyze",Analyze
"Effectively research the signification and significance of terms, ideas and arguments in political theory.",Analyze,Answer: Analyze,Analyze
understand how markets work,Understand,"Answer:
Understand",Understand
Critically evaluate the ethical and legal implications of research within medical radiation science;,Evaluate,Answer: Evaluate,Evaluate
demonstrate an awareness of the complex nature of the Euro and Eurocurrency markets,Apply,Answer: Analyze,Analyze
"Apply a variety of design patterns, frameworks and architectures in designing software;",Apply,Answer: Apply,Apply
analyse and evaluate current theoretical frameworks of 'wellness' in order to understand and devise 'healthy' organisation initiatives.,Analyze,Answer: Analyze and Evaluate.,Evaluate
evaluate and contrast research paradigms in auditing and assurance research,Evaluate,Answer: Evaluate,Evaluate
"Conduct research in air and space law, based on knowledge of appropriate research principles and methods",Apply,"Answer:
Apply",Apply
analyse and contextualise their song compositions;,Analyze,Answer: Analyze,Analyze
"Outline the wide ranging, multidisciplinary nature of human factors engineering and discuss how lessons from other domains have been applied to health.",Understand,Answer: Analyze,Analyze
"understand the role of public policy, and the constraints on its operation, when markets fail",Understand,Answer: Analyze,Analyze
Plan and conduct a simple scientific experiment using a learner defined conceptual model of hypothesis testing,Create,"Answer:
Analyze",Analyze
Use a difference equation to model simple dynamical systems.,Apply,Answer: Analyze,Analyze
Competently resolve the technical and/or structural requirements of the design;,Analyze,"Answer:
Apply",Apply
"Create a patient-centred care plan (Monash Model of CARE plan) which applies established clinical guidelines and evidence-based principles to optimally manage the healthcare needs of a patient in an integrated manner:  Gather and integrate information concerning the pharmacology of medicines, patient-specific factors and evidence-based literature to optimally manage overall patient well-being List and prioritise drug and non-drug therapy options for the management and prevention of unfamiliar and familiar illness Incorporate patient-specific factors and evidence-based principles to justify and defend recommended management options Develop strategies to evaluate responses to a recommended patient management plan Evaluate and justify when a referral is required to other health professionals or care providers to achieve optimal integrated patient care Develop, apply and communicate education strategies that provide support and optimise patient-centred relationships and outcomes Reflect on the development and implementation of the Monash Model of CARE plan Themeslabel Comprehensive care",Evaluate,"Answer:
Create",Create
critically evaluate scholarly and public discourse and come to a considered and justified opinion in relation to educational technology innovations or challenges,Evaluate,Answer: Evaluate,Evaluate
Create a model of the current understanding of the central processing of information that relates to appetite from both homeostatic and reward ‚Äì based perspectives.,Create,Answer: Create,Create
"determine the definitive characteristics of the key classes of materials, recognise common prototype  structures for metallic, ionic and ceramic crystals, and possess an understanding of the factors influencing the development of these structures",Apply,Answer: Analyze,Analyze
acquire knowledge of contemporary issues in financial institution research,Remember,"Answer:
Remember",Remember
Plan and conduct written work on how meaning is created in TV shows.,Create,Answer: Analyze,Analyze
"develop a project plan by identifying the scope, task dependencies, schedule, critical path, and risks",Create,"Answer:
Analyze

(Note:",Analyze
"Synthesise and explain how the fundamental physical, chemical, and biological processes change the earth's surface over time, including how they affect and shape landforms, ecosystems, weather and climate.",Create,Answer: Analyze and Create.,Create
read critically and engage with existing research on Japan;,Evaluate,analyze the strengths and weaknesses of different perspectives on,Analyze
Design an interface for user diversity and accessibility;,Create,"considering color contrast, font size, and keyboard navigation",Invalid
"apply critical thinking, problem solving and presentation skills in individual and/or group activities dealing with research skills and demonstrate in an individual summative assessment task the acquisition of a comprehensive understanding of the topics covered by BFX5000.",Apply,"Answer:
Apply",Apply
"Understand, design and apply varied pedagogical approaches to integrating the study of English language, literature and language arts across the curriculum.",Understand,"Answer:
Analyze, Apply, Create",Create
Engage with a variety of critical and theoretical debates focused on legal responses to family violence;,Evaluate,analyze the implications of these debates for policy and practice,Analyze
demonstrate the development of skills and knowledge related to the legal profession and applicable to other workplaces;,Apply,"Answer:
Apply",Apply
Describe the scientific principles underpinning modern multi-slice computed tomographic scanners;,Understand,"Answer:
Understand",Understand
Demonstrate that you have the ability to critically analyse and respond appropriately to a compound brief;,Analyze,Answer: Analyze,Analyze
Critically analyse epidemiological papers from the medical research and OHS literature,Analyze,Answer: Analyze,Analyze
recognise the strengths and limitations of various metrics and models.,Remember,Answer: Analyze,Analyze
Devise various methods for corrosion protection and mitigation and assess their efficacy in real world applications.,Evaluate,Answer: Evaluate and Analyze,Evaluate
"identify the important global trends from current social, economic, political, environmental and financial events and their impact on contemporary business management",Remember,Answer: Analyze,Analyze
critically examine contemporary global challenges (such as social inequality; discrimination; climate change and sustainability) as they emerge in specific localities and from key cultural texts produced in different European Languages,Analyze,Answer: Analyze,Analyze
identify and synthesise the foundational and contemporary debates around contemporary challenges in policing and analysis of policing practices and its impact.,Remember,Answer: Analyze,Analyze
Understand the concept of implicit modelling,Understand,Answer: Understand,Understand
"Construct, articulate and effectively communicate critical and analytical arguments, in oral and written form, relevant to discussions of sustainability worldviews and philosophies.",Create,Answer: Analyze and Create.,Create
Revise previous drafts in light of improved skills and increased knowledge of the topic area.,Create,"Answer:
Evaluate",Evaluate
Explain the concepts required for efficient persistent and client-side data management;,Understand,describe the differences between the various data management techniques.,Invalid
Assess the process of governance in contemporary political institutions;,Evaluate,Answer: Evaluate,Evaluate
develop skills and competencies deemed necessary for business professionals,Apply,"Answer:
Apply",Apply
Demonstrate achievement of the NMBA: Nurse Practitioner Standards for Practice.,Understand,Answer: Evaluate,Evaluate
recognise issues affecting businesses operating in an indigenous context,Remember,Answer: Analyze,Analyze
Differentiate kinds of statistical learning models and algorithms;,Analyze,describe their strengths and weaknesses.,Invalid
Design systems appropriate for the current recordkeeping requirements for specific organisaitons and communities.,Create,Answer: Create,Create
Identify and evaluate the challenges related to safe prescribing of medications in a custodial environment.,Understand,Answer: Evaluate,Evaluate
To demonstrate competency in the use of spatial data analysis tools.,Apply,"Answer:
Apply",Apply
"evaluate how the globalisation of rules can become a source of competitive advantage for firms, governments and non profit organisations",Evaluate,Answer: Evaluate,Evaluate
"Communicate the findings of your research to educators, administrators and the wider community.",Create,"Answer: Present or Communicate or Share
This",Invalid
"Explain and apply the scientific principles, technological characteristics and relevant applications of digital imaging systems;",Apply,"Answer:
Apply",Apply
Demonstrate knowledge of the variety of production methods;,Apply,describe the advantages and disadvantages of each method.,Invalid
"apply these understandings by developing, implementing and evaluating integrated approaches to curriculum to enhance science learning and teaching.",Apply,"Answer:
Analyze
Evaluate",Evaluate
"clearly and effectively communicate solutions, applying the knowledge in above areas, in a distinctly logical manner in relation to activities dealing with the commercial banking and finance and demonstrate in an individual summative assessment task the acquisition of a comprehensive understanding of the topics covered by BFF2401.",Apply,"Answer:
Apply, Understand",Apply
Construct models of micro/nano components and systems,Create,Answer: Create,Create
Identify diverse applications of psychological testing.,Remember,Answer: Analyze,Analyze
Critically analyse historical and current theories of leadership for and within the human services sector,Analyze,Answer: Analyze,Analyze
Use mathematics to solve complex problems;,Apply,analyze the results and make informed decisions.,Analyze
appraise and discuss intercultural issues,Understand,Answer: Analyze,Analyze
Distinguish between different clinical or translational research and development pathways in medicine to formulate best practice outcomes for end users.,Analyze,Answer: Analyze,Analyze
Discuss critically the regression methods used in published articles on epidemiological research studies.,Understand,Answer: Analyze,Analyze
demonstrate a sound understanding of what profitability looks like,Understand,Answer: Understand,Understand
"Apply practical techniques and tools to conduct an investigation in the laboratory, field or virtual environment;",Apply,Answer: Apply,Apply
Apply sector-relevant transferable skills to yourprofessionaldevelopment and career plan,Apply,Answer: Apply,Apply
Identify and describe the key debates in medical history;,Understand,Answer: Analyze,Analyze
Critically assess cyber threats and risks to an organisation's information systems;,Evaluate,Answer: Analyze,Analyze
understand and explain the strategies used in a range of digital business situations,Understand,Answer: Analyze,Analyze
An understanding of Jewish responses to the Holocaust across Europe,Understand,Answer: Understand,Understand
"Determine solutions to flow problems, with simplifications as appropriate, using a control volume approach to transport of mass and momentum.",Apply,"Answer:
Analyze",Analyze
"Exhibit a greater awareness of - and interest in - how gender shapes global politics and economics, and in turn, how global politics and economics shape gender relations.",Understand,Answer: Analyze,Analyze
define and provide examples of derived stimulus relations,Apply,Answer: Analyze,Analyze
Analyse the ethical principles of conducting clinical-based physiotherapy research;,Analyze,Answer: Analyze,Analyze
understand major topics in the political and social history of modern Israel;,Understand,Answer: Understand,Understand
Critically evaluate academic debates and discussions in the field of global studies in education,Understand,Answer: Evaluate,Evaluate
Evaluate clinical leadership readiness and related skill sets of nurses in practice,Evaluate,Answer: Evaluate,Evaluate
Execute various tasks necessary in functioning effectively as a public relations practitioner.,Apply,"Answer:
Apply",Apply
"Apply technical, conceptual and design skills as a means of creative expression appropriate to etching, relief printing and the artist book;",Apply,"Answer:
Apply",Apply
Independently select and apply relevant design methodology/process to resolve and detail your design project;,Apply,Answer: Apply,Apply
Develop and practice skills in a range of pharmacy settings by applying the knowledge and understanding learned from other units within the course.,Understand,Answer: Apply,Apply
"critically distinguish between the key business entity types with reference to their benefits and legal problems, and integrate these with factual scenarios.",Evaluate,Answer: Analyze,Analyze
"Demonstrate an informed understanding of the nature and functions of propaganda, how it has been employed to advance political and ideological imperatives and how it combines with specific media to frame the remembering of differing conflicts;",Understand,Answer: Analyze,Analyze
Discuss the role of innate and acquired immunity in health and disease.,Understand,Answer: Analyze,Analyze
Appraise the operation of electronic circuits in the laboratory.,Evaluate,"Answer:
Analyze",Analyze
"plan HPE lessons, units of work and curricula that are educative, inclusive, and developmentally appropriate",Create,"Answer:
Analyze",Analyze
"Use cognitive, technical and creative skills to generate and evaluate at an abstract level complex ideas and concepts relevant to the legal protection of commercial innovation.",Apply,Answer: Evaluate,Evaluate
Demonstrate the impact of the history of web applications development on current web-technology;,Evaluate,Answer: Analyze,Analyze
"Implement a  comprehensive patient assessment during each phase of the perioperative journey: pre-operative, intra-operative and post-operative.",Apply,"Answer:
Analyze",Analyze
Undertake an education needs assessment (ENA) in your workplace,Apply,"Answer:
Analyze",Analyze
"Understand and explain how advances in IT have impacted society, its structures, and the way information is used by its members;",Understand,Answer: Analyze,Analyze
demonstrate an awareness of the complex and changing nature of Euro zone banking,Apply,Answer: Analyze,Analyze
Use relevant theories and concepts to understand and discuss the distinctiveness of Asia as an object of digital media research;,Understand,Answer: Analyze,Analyze
"Understand statistical analysis of turbulence and the general properties of turbulent shear flows,",Understand,"including the Reynolds number, the Kolmogorov",Invalid
"evaluate the role and necessity of regulation and reflect critically on the relationship between law, regulation, ethics, and corporate culture in ensuring a fair, efficient, and resilient financial sector by taking into account the Banking Royal Commission's recommendations",Evaluate,Answer: Evaluate,Evaluate
"Identify, describe, and interpret the concept of sustainable development in the context of development practice;",Remember,"Answer:
Analyze",Analyze
"Review historical and current theory on basic cognitive processes, such as learning, memory and attention",Analyze,Answer: Understand,Understand
"Articulate and contrast contemporary developmental lifespan concepts, theories and research",Understand,Answer: Analyze,Analyze
Understand the systems of the body that underlie health and disease.,Understand,Answer: Understand,Understand
Demonstrate cognitive and creative skills to generate appropriate responses to legal issues;,Apply,"Answer:
Analyze

(Note:",Analyze
"Integrate knowledge of common bio-medical, psychosocial and developmental conditions experienced by occupational therapy in order to select and plan occupational therapy interventions.",Create,Answer: Analyze,Analyze
Appreciate different research methodologies and select those relevant or appropriate for their research topic questions;,Understand,Answer: Analyze,Analyze
"Apply knowledge in computing, mathematics or programming in hardware or software development;",Apply,Answer: Apply,Apply
"Describe, analyse, apply and evaluate heuristic AI for problem solving;",Apply,create a new heuristic AI algorithm.,Create
Understand the study field of criminal behaviour in South Africa,Understand,Answer: Understand,Understand
"The ability to critically analyse the relationship between political leaders, institutions and the media;",Analyze,Answer: Analyze,Analyze
Apply project evaluation techniques including the triple bottom line against the overall business model,Apply,"Answer:
Apply",Apply
"Critique the ethical and multicultural dimensions associated with data science decisions, use and quality and their possible impacts on organisations and society;",Evaluate,Answer: Evaluate,Evaluate
Evaluate collected information to provide evidence based recommendations in a medication management review (MMR) report.,Evaluate,Answer: Evaluate,Evaluate
"Identify and provide solutions to ethical and legal issues, and develop skills in ethical decision making in counselling.",Understand,"Answer: Analyze, Evaluate.",Evaluate
Describe concepts and fundamentals of deep learning such as the backpropagationalgorithm and adversarial learning.,Understand,"Answer:
Analyze",Analyze
Apply sophisticated mathematical methods in the setting of graph theory.,Apply,"Answer:
Apply",Apply
"Demonstrate physiology laboratory skills, including data analysis and presentation;",Apply,Answer: Analyze,Analyze
reflect on understandings of what literacy is and what it means to be literate,Analyze,Answer: Understand,Understand
Critically analyse relations between indigenes and Europeans in Australia.,Analyze,Answer: Analyze,Analyze
develop correlations between default rates and recovery,Create,rates for various types of loans.,Invalid
Develop and apply written and oral communication skills with peers in a supportive environment.,Apply,Answer: Apply.,Apply
develop academic writing skills appropriate to the discipline for reporting on business management research projects.,Create,"Answer:
Apply

(Note: This",Apply
"Describe the signs and symptoms, and diagnostic methods relevant to cardiovascular conditions",Apply,"Answer:
Analyze",Analyze
"understand the importance of managerial and marketing decisions for changes in foreign exchange rates, technology, incomes, government regulations, sources of energy, the balance of payments.",Understand,Answer: Analyze,Analyze
identify and discuss how linguistic features intersect with society;,Understand,Answer: Analyze,Analyze
Develop an awareness of transferable skills that are informed by design thinking and may be applied in educational and professional settings.,Create,Answer: Analyze,Analyze
Formulate complex problems using appropriate terminology in algebra,Create,Answer: Analyze,Analyze
"describe, identify and critically assess the role and contribution of main paradigms in the social and behavioural disciplines to the field of buyer/consumer behaviour and marketing decision making",Understand,Answer: Analyze,Analyze
Evaluate and critique existing data architectures and processes;,Evaluate,design and implement new data architectures and processes.,Invalid
"Critically assess threats, vulnerabilities and risks to an organisations information assets and propose control technologies and techniques which can be applied to reduce the security risk;",Evaluate,Answer: Evaluate,Evaluate
Critically appraise the applications and efficacy of Cognitive Behaviour Therapy and Mindfulness Based Approaches for common presenting issues.,Evaluate,Answer: Analyze and Evaluate.,Evaluate
Demonstrate an awareness of different cultural contexts and their importance in mediating social change.,Apply,Answer: Analyze,Analyze
Critically reflect on their own values and how this impacts on social work practice,Analyze,"Answer: Analyze
Evaluate",Evaluate
Demonstrate the capacity to apply basic professional standards to production and presentation of television news.,Apply,Answer: Apply,Apply
Apply the principles of public health and safety to family violence data.,Apply,Answer: Apply,Apply
identify and utilise intercultural competency skills.,Remember,"Answer:
Analyze",Analyze
Demonstrate an understanding of management skills and relevant government workplace legislation;,Understand,Answer: Understand.,Understand
Calculate thermal performances of various types of air conditioning and refrigerating systems,Apply,"Answer:
Apply",Apply
Describe how the institutions and nature of the Chinese legal system shape the content and administration of the law;,Understand,Answer: Analyze,Analyze
"articulate how young people's physical, social and intellectual development influences learning",Understand,Answer: Analyze,Analyze
understand the organisational role and context of HRM,Understand,Answer: Understand,Understand
Identify an appropriate analysis technique for different types of data to answer question in psychological science.,Remember,Answer: Analyze,Analyze
Apply a cogent language for your practice that is defined by appropriate material and conceptual frameworks;,Apply,Answer: Apply,Apply
Formulate models of various power DC/DC and DC/AC electronic converters.,Create,"Answer:
Design
(Note: This question",Invalid
"Recognise and execute the factors essential for successful management of systems development projects, including teamwork and interpersonal communication;",Remember,Answer: Apply,Apply
develop specialised knowledge and skills for professional practice and further learning as English language teachers,Apply,"Answer:
Evaluate",Evaluate
critically evaluate current theoretical and empirical research in financial institution research,Evaluate,Answer: Evaluate,Evaluate
Conduct research in climate governance and citizen justice based on knowledge of appropriate research principles and methods,Apply,"Answer: Analyze, Apply",Analyze
develop marketing mix strategies that are based on an analysis of an organisation's situation,Create,Answer: Analyze,Analyze
"Demonstrate both self‚Äêdirected and guidedreflections on clinical practice, which aresufficiently insightful to enable adaptivepractice learning and behaviour change.Themeslabel Reflective practice",Apply,Answer: Analyze,Analyze
Critically analyse historical sources;,Analyze,"identify biases, assumptions and limitations;
and evaluate",Evaluate
Discuss the key physicochemical properties of molecules and physiological factors that affect oral absorption,Understand,Answer: Analyze,Analyze
describe fundamental marketing frameworks and concepts,Understand,"Answer:
Understand",Understand
"Demonstrate specialised knowledge and understanding of the law, policies and objectives that constitute and underlie the regulatory schemes affecting animal welfare outcomes and management in Australia;",Understand,"Answer:
Analyze",Analyze
"Demonstrate and apply your understanding of varied methods, practices and research in the teaching and learning of disciplines, subjects and learning areas in primary school settings",Understand,Answer: Apply,Apply
"Develop a responsible, inquiring and adventurous attitude to design problem solving;",Create,"Answer:
Inquire

(Note:",Invalid
Acquire a conceptual overview of digital journalism production and its functionality in the newsroom.,Apply,Answer: Understand,Understand
"explain and describe the audit process from planning to the completion of the audit, assess audit risk and determine materiality",Understand,Answer: Analyze,Analyze
Explain the capabilities of these methods;,Evaluate,describe their advantages and disadvantages.,Invalid
assess the impact and meaning of representations of ethnic and cultural differences;,Evaluate,Answer: Analyze,Analyze
"Identify the key cells, molecules and processes that comprise the immune system.",Remember,"Answer:
Understand",Understand
Determine the origins of solutes in water and how solute chemistry informs our understanding of hydrological processes;,Apply,Answer: Analyze,Analyze
Aquired the skills relevant to group work.,Understand,Answer: Apply.,Apply
Differentiate the roles of nurses working in interprofessional teams who care for people with chronic and/or life limiting illness in different healthcare environments;,Analyze,Answer: Analyze,Analyze
articulate how your learning experiences in the unit relate to teaching and learning mathematics in early childhood settings and primary schools.,Understand,Answer: Analyze,Analyze
Distinguish the varying status of women in ancient Near Eastern societies;,Analyze,Answer: Analyze,Analyze
explain the rise of modern antisemitism and its social function,Understand,Answer: Analyze,Analyze
utilise meta-cultural writing competence for successful written intercultural communication,Apply,Answer: Analyze,Analyze
"Apply knowledge of, and understanding of, the facilitative mediation model and the purpose of each stage in the process, with creativity and initiative, to new situations in professional practice.",Apply,Answer: Analyze and Create.,Create
analyse relevant research and competing policy discourses associated with different disciplinary perspectives on health education,Analyze,Answer: Analyze,Analyze
"employ developing analytical, expository and argumentation skills to read, summarise and synthesise a range of documents, and present on a given topic;",Create,Answer: Analyze,Analyze
"Locate, retrieve and use resources relevant to occupational science and identify key issues and concepts for practice.",Remember,"Answer:
Retrieve and use resources",Invalid
"critically evaluate how national culture informs values, socialisation, behaviour, and identity in an international business context",Evaluate,Answer: Evaluate,Evaluate
"Understand theories of diversity, inclusion and exclusion as these influence the creation of caring, purposeful and democratic societies",Understand,Answer: Analyze,Analyze
"Understand the processes involved in the design, development and implementation of a relevant research project;",Understand,"Answer:
Analyze",Analyze
Examine issues relevant to a health professional as well as reflect upon work completed as a team after participation in a community-based volunteering experience,Analyze,Answer: Analyze and Evaluate.,Evaluate
"Have developed and demonstrated both intellectual and practical research skills, including the skills needed to identify, evaluate, interpret and synthesise material relevant to the student's chosen research topic;",Apply,Answer: Analyze and Apply.,Analyze
"Discuss the classic political ideological ideologies of liberalism, conservatism, socialism and nationalism;",Understand,"Answer:
Analyze",Analyze
Apply sophisticated stochastic modelling skills within the context of interest rate modelling.,Apply,"Answer:
Apply",Apply
"Identify, describe and justify the selection of imaging parameters, equipment and transducers, infection control measures and consent protocols for sonographic examinations of the musculoskeletal system, neonatal brain, hips and abdomen;",Remember,Answer: Analyze,Analyze
"Plan and conduct written work that draws on film, television and screen studies approaches to critically analyse moving images",Analyze,Answer: Analyze,Analyze
Generate a ranked problem list,Create,"Answer:
Analyze",Analyze
"Apply strategies of observation, analysis and experimentation across the developmental process;",Apply,"Answer:
Apply",Apply
recognise the different types of insurance required for construction projects and be able to critically assess the contractual provisions relevant to them;,Remember,Answer: Analyze,Analyze
understand the operation of a version control system,Understand,"Answer:
Understand",Understand
understand the role of government over consumer protection,Understand,Answer: Understand,Understand
Prepare a hypothetical nursing leadership ‚Äòin the moment' decision and response to serve a major hospital in response to a local disaster or major incident,Create,Answer: Analyze,Analyze
"Use appropriate science and technology ethically, effectively and responsibly when dealing with childhood problems without harming society, the environment or individuals.",Apply,"Answer:
Evaluate",Evaluate
"apply, in an industry standard setting, new concepts as well as aspects of theoretical approaches already learned, selecting the most appropriate fit for a specific situation",Apply,Answer: Analyze/Apply,Analyze
analyse and evaluate the contribution that can be made by the HR function to the competitive advantage of the organisation,Analyze,Answer: Evaluate,Evaluate
"Explain and apply notions of accuracy, stability and computational cost when solving PDE problems numerically.",Apply,"Answer:
Apply",Apply
apply theories of innovation and entrepreneurship to evaluate success of start-ups through case studies and site visits,Apply,Answer: Evaluate,Evaluate
design a training program targeting particular performance/athlete/learner goals,Create,"Answer:
Analyze",Analyze
"Appreciate the application of concepts of conservation of mass, momentum and energy in fluid mechanics",Understand,"Answer:
Analyze",Analyze
Critically assess your design solutions in order to improve your final outcome;,Evaluate,"Answer:
Evaluate",Evaluate
Relate anatomical terminology and osteology to the appendicular skeleton,Apply,Answer: Apply,Apply
Conduct independent research into Australia's international tax rules and its international tax treaties with Singapore and/or Malaysia;,Apply,compile and present a report on the findings.,Invalid
Evaluate how public health policy may influence food consumption and nutrition status.,Evaluate,Answer: Evaluate,Evaluate
"Reflect on, and evaluate, self-performance related to knowledge, skills and delivery of nursing care",Analyze,Answer: Evaluate,Evaluate
"Describe the functions and architectures of local area networks, wide area networks and the Internet;",Understand,"Answer:
Understand",Understand
"An appreciation of the history, philosophy and practice of qualitative social research;",Understand,"an ability to design, conduct, and report a qualitative",Invalid
"Apply core knowledge and understanding of the links between food science, healthy eating and dietary guidelines, and human health in a public health/community organisation or food industry setting.",Apply,Answer: Apply,Apply
become familiar with key policy documents and theoretical perspectives influencing adolescent learning,Apply,Answer: Understand,Understand
"Import and visualise exploration data in industry-standard 3D modelling packages (LeapFrog Geo, Gocad, Geomodeller, Geoscience Analyst)",Evaluate,"Answer:
Apply",Apply
"Critically review, analyse, summarise and synthesise sociological scholarship and research;",Analyze,Answer: Analyze,Analyze
"You will develop their oral presentation skills that enable them to express the concepts they develop, the data required to test the concept, and the outcomes and interpretations of the simulated exploration program.",Create,Answer: Apply,Apply
Critically evaluate the role that improvisation plays in contemporary music and theatre performance,Evaluate,Answer: Evaluate,Evaluate
"Critically assess and evaluate relevant principles, laws and precedents and apply them to resolve legal issues relating to Indigenous people;",Apply,Answer: Evaluate,Evaluate
"Examine topical issues in health from the perspectives of law, rights and ethics.",Analyze,Answer: Analyze,Analyze
Communicate effectively and persuasively on issues relating to forensic evidence;,Create,"Answer:
Analyze
Evaluate",Evaluate
Develop a development communication plan/program to meet client or organizational needs;,Create,"Answer:
Apply",Apply
Demonstrate an understanding of the approximations introduced in algorithms and the effects of those approximations on the quality of calculations.,Understand,Answer: Analyze,Analyze
be aware of the major developments in the field of macroeconomics in the last ten years,Understand,Answer: Remember,Remember
"align methodologies for linguistic analysis (quantitative, qualitative, or mixed) to research questions.",Apply,Answer: Analyze,Analyze
Gain a greater understanding of historical and contemporary trends in the area of youth sociology;,Understand,Answer: Understand.,Understand
Analyse the core technologies that support financial analysis and decision making;,Analyze,Answer: Analyze,Analyze
"Conduct research in the area of international human rights law, including its relevance to domestic law, based on knowledge of appropriate research principles and methods",Apply,Answer: Analyze,Analyze
"Analyse and synthesise the impact of adaptive radiation therapy on organs at risk, dose constraints and toxicity and evaluate side effect management strategies.",Analyze,Answer: Evaluate,Evaluate
Apply high-level analytical and leadership skills in relation to the implementation of a range of health care projects of relevance to the emergency and trauma context,Apply,"Answer: Analyze, Apply",Analyze
"demonstrate advanced written and verbal communication skills in reporting the conclusions of testing for various purposes such as ascertainment for eligibility of funding, curriculum adjustment, or intervention planning and for different audiences such as parents, teachers and other professionals",Apply,Answer: Evaluate,Evaluate
Determine the likely ongoing management of patients in hospital critical care units using the framework of a trauma system.,Evaluate,Answer: Analyze,Analyze
Have acquired an informed understanding of how different worldviews impact on communications;,Understand,Can identify and describe the key features of different worldviews;,Invalid
Critically appraise current psychopathology literature.,Evaluate,"Answer: Analyze

(Note:",Analyze
"Be able to reflect on and assess their own capabilities and performance, and make use of feedback as appropriate, to support personal and professional development.",Analyze,Answer: Evaluate,Evaluate
Identify the policy and related funding issues surrounding care and treatment of the client with stable or progressive neurological disease;,Remember,Answer: Analyze,Analyze
Utilise technologies to enhance production;,Apply,- Develop a plan for implementing technology in a production process,Invalid
"Describe and assess the development of the Union's external policy and treaty-making competences in selected fields, such as trade and investment or anti-terrorism;",Understand,Answer: Analyze and Evaluate.,Evaluate
"Discuss the philosophy of antimicrobial stewardship (AMS), the role of the pharmacist in AMS and potential AMS interventions upon review of antimicrobial prescribing",Understand,Answer: Analyze,Analyze
Describe and explain how changes in normal physiology may lead to a disease state;,Understand,Answer: Analyze,Analyze
"Apply knowledge of appropriate therapeutic medications in terms of their mechanism of action, important aspects of pharmacokinetics, adverse effects, interactions and contraindications in the patient with complex and/or life threatening illness.",Apply,"Answer:
Apply",Apply
"be familiar with current rehabilitative interventions for specific neuropsychological disorders, and the methods commonly used to assess the effectiveness of these interventions;",Understand,"Answer:
Understand",Understand
articulate an answer to an inquiry question that is based on the literature review,Understand,Answer: Analyze,Analyze
"Apply design features to various public health programs, including critically evaluating differing theoretical approaches to evaluation design.",Apply,Answer: Analyze and Apply.,Analyze
"Demonstrate advanced understanding of the complex constraints, issues and opportunities associated with translating the Sustainable Development Goals into practice;",Understand,Answer: Analyze,Analyze
Draw on earth pressure theories to design basic retaining walls.,Create,"Answer:
Apply",Apply
"think reflexively about study, research and changing work practices.",Analyze,Answer: Analyze,Analyze
Identify issues and employ effective strategies to translate multimodal texts;,Remember,analyze the meaning of multimodal texts and evaluate,Evaluate
Provide an objective analysis of the data.,Create,Answer: Analyze,Analyze
understand and be ready to implement legislative requirements informing educators' work,Understand,Answer: Apply,Apply
Critique different approaches to mental health policy and promotion designed to assist recovery;,Evaluate,Answer: Analyze,Analyze
develop an understanding of the nature and roles of accounting and finance in managing in a global environment,Understand,Answer: Understand,Understand
Demonstrate knowledge of digital signal processing effects;,Apply,describe how they are used to alter the sound in music,Invalid
Describe the methodology required for their research project and summarise the logistical process involved in data collection;,Understand,Answer: Apply,Apply
observe children's play and identify connections with contemporary theories of play,Remember,Answer: Analyze,Analyze
develop analytical and diagnostic skills and in particular enhance an ability to analyse and resolve problems of practical importance,Analyze,Answer: Analyze,Analyze
Identify embryo developmental milestones and the concept of 'on time' embryo development,Remember,Answer: Understand,Understand
Conduct research into high conflict dispute resolution based on knowledge of appropriate research principles and methods.,Apply,Answer: Analyze,Analyze
Construct written reports.,Create,"Answer:
Apply",Apply
"Apply the techniques and considerations relevant to a wind engineer to engineering problems and projects including: wind loading, wind and turbine generated noise, wind effects on pedestrians and pollution dispersion.",Apply,Answer: Apply,Apply
"Explore colloidal systems involving solid particles, liquid droplets and gas bubbles.",Analyze,"Answer:
Analyze",Analyze
"Assess different components of a road project, within the context of a safe systems approach to design, based on economic, social and environmental considerations",Evaluate,Answer: Analyze,Analyze
Discuss cultures of consumption in Japan;,Understand,analyze the role of social norms and values in sh,Analyze
Formulate a research question that addresses an evidence gap in health care;,Create,Answer: Analyze,Analyze
Describe assessment and management strategies for patients with atypical wounds.,Understand,Answer: Analyze,Analyze
Describe and apply the principles of client-centred practice and the clinical reasoning process to occupational therapy practice.,Apply,Answer: Apply,Apply
"illustrate emerging approaches and techniques to positively and effectively manage teaching and learning contexts (i.e. teacher presence, learner management, resource management, discourse practices)",Apply,Answer: Analyze,Analyze
summarise and present key model results and measures of interest in tables and graphs,Create,"Answer:
Analyze",Analyze
"Analyse, interpret and present data from a range of experiment types and discuss this in the context of current scientific literature.",Analyze,Answer: Analyze,Analyze
Demonstrate independent research skills,Apply,"Answer:
Analyze",Analyze
Demonstrate some familiarity with a variety of knowledge traditions,Apply,Answer: Understand,Understand
implement a research proposal,Apply,"Answer:
Apply",Apply
demonstrate ability to direct one's learning through self-evaluation and the setting of realistic plans for development of innovation and change skills.,Apply,"Answer:
Evaluate",Evaluate
"Communicate concepts and information about health and health-related matters as they pertain to health education (e.g. drug education, sexuality education) to a variety of audiences.",Create,"Answer:
Communicate concepts and information about",Invalid
"prepare and assess group financial statements for wholly-owned and partly-owned subsidiaries, taking into account the effects of intragroup transactions, dividends, preferences shares, interim acquisitions and complex groups",Evaluate,"Answer:
Analyze",Analyze
conduct statistical inference in a system of simultaneous equations,Analyze,Answer: Analyze,Analyze
Assess and manage occupational health and safety issues related to biotechnology activities in the laboratory and in environmental and industrial settings;,Evaluate,Answer: Evaluate,Evaluate
"Summarise the derivation of the Orr-Sommerfeld equation for a given basic state, and undertake a stability analysis.",Evaluate,Answer: Analyze,Analyze
Provide appropriate education for clients based upon individual medication regimes.,Evaluate,"Answer:
Apply",Apply
Demonstrate an understanding of the selected buildings' contribution to architectural design;,Understand,Answer: Understand.,Understand
Reflect critically on his/her writing practice in the light of these developments,Analyze,Answer: Evaluate,Evaluate
Describe and decide concrete specifications.,Understand,Answer: Analyze,Analyze
"Investigate, analyse and synthesise complex information, problems, concepts and theories in relation to will making and estate management;",Analyze,Answer: Analyze,Analyze
Identify tasks for data curation and management in an organisation;,Remember,Answer: Manage,Invalid
Develop and express an understanding of the socio-cultural context of contemporary France,Understand,Answer: Analyze,Analyze
Develop a community health services profile.,Create,"Answer:
Analyze",Analyze
Be familiar with basic functions of key neuroanatomical brain regions and be able to apply this to brain-behaviour relationships;,Apply,Answer: Apply,Apply
Understand the nature of the service design process and apply methodical steps in your own projects;,Understand,Answer: Apply.,Apply
"Demonstrate the ability to be reflective, think critically, learn independently and be innovative in their approach to the research project",Apply,"Answer: Evaluate, Analyze, Create",Create
"Research and integrate comprehensive Tangible Interaction Design concepts, theories and design approaches to design interactive artefacts, systems or services;",Create,"Answer: Analyze, Apply, Create",Create
"Identify, critically evaluate and select from a range of practice-based research methods and modes for communicating research findings for a performing arts or creative discipline, issue or topic;",Evaluate,Answer: Analyze and Evaluate.,Evaluate
Outline the diagnostic reasoning process that determines the care of patients with respiratory and/or cardiovascular conditions in order to evaluate and justify management.,Evaluate,Answer: Analyze,Analyze
"Demonstrate their comprehension of basic concepts related to linear transformations and vector spaces, including subspace, span, linear independence, basis, kernel and range;",Apply,"Answer:
Analyze",Analyze
A critical awareness of the issues surrounding contemporary forms and styles of environmental governance.,Understand,Answer: Analyze,Analyze
Knowledge of issues related to the design and implementation of social science research.,Remember,"Answer:
Analyze",Analyze
Review and critique the evidence underpinning complex patient interventions.,Analyze,Answer: Evaluate,Evaluate
"Appraise medico-legal principles and reflect on their application to clinical practice, describing the Australian health care system and its regulation;",Analyze,Answer: Evaluate,Evaluate
explain the implications of adopting different approaches to Corporate Social Responsibility,Understand,Answer: Analyze,Analyze
Produce a critical review of existing literature;,Create,"summarize, evaluate, and synthesize the findings",Evaluate
Conduct research into labour law of the European Union and Asian countries and its direction based on knowledge of appropriate research principles and methods,Apply,Answer: Analyze,Analyze
Present the research findings to staff and students and modify the report with consideration of feedback,Create,"Answer: Evaluate

(Note: This",Evaluate
work individually and collaboratively to critically examine examples of complex business problems involving GELD issues,Evaluate,Answer: Analyze,Analyze
"Communicate the requirements for the business functionality of an information system in terms of data required, data storage and processing to technical and non-technical stakeholders.",Create,"Answer:
Analyze",Analyze
"Explain the significance of physiological, behavioural, reproductive and nutritional adaptations in vertebrates in relation to their ecology.",Understand,Answer: Analyze,Analyze
Demonstrate understanding of the changing role of professionals working in diverse legalsystems in a global and digital context.,Understand,Answer: Analyze,Analyze
Interpret and model simple dynamic systems and understand the approach to modelling more complex systems.,Understand,Answer: Analyze,Analyze
Use knowledge of the mechanisms of drug action to predict effects in intact organisms;,Apply,Answer: Analyze,Analyze
Develop and analytically describe simple one-parameter models with conjugate prior distributions and standard models containing two or more parameters including specifics for the normal location-scale model.,Create,Answer: Analyze,Analyze
Evaluate the likely impact of new land use planning controls on urban development,Evaluate,Answer: Evaluate,Evaluate
articulate a socio-critical perspective of Health and Physical Education (HPE) as a curriculum area,Understand,Answer: Analyze,Analyze
Communicate project status and requirements to engineers and society at large.,Create,"Answer:
Evaluate",Evaluate
develop skills in team-based decision making that demonstrate effective teamwork and communication skills,Apply,"Answer:
Analyze
Evaluate
(",Evaluate
"Understand the range of complex environmental, social and economic interrelationships that shape a particular region and to be able to differentiate a cultural landscape from a natural landscape;",Understand,Analysis.,Invalid
"Identify, investigate and explain a contemporary case involving the real life practice of business and human rights",Remember,Answer: Analyze,Analyze
identity and analyse processes of social entrepreneurship,Remember,Answer: Analyze,Analyze
Describe typical bioreactor steps employed in a bioprocess operation;,Understand,"Answer:
Apply",Apply
apply research skills and provide innovative solutions to complex business problems,Apply,"Answer:
Analyze
Evaluate
Create",Create
"collaborate with peers to comprehend and interpret emerging challenges and actors in global affairs at the intersection of philosophy, politics and economics;",Understand,Answer: Analyze,Analyze
organise specific science content into an effective learning and teaching sequence,Create,"Answer:

Analyze",Analyze
"Appropriately and effectively communicate with patients, carers and other health professionals, to ensure a collaborative approach to optimising patient outcomes.",Create,"Answer:
Communicate effectively and collaboratively",Invalid
demonstrate your capacity to research teaching and learning by generating data ethically and analysing its significance,Apply,Answer: Analyze,Analyze
Critically reflect on contemporary debates regarding globalization and health.,Analyze,"Answer: Analyze

(Note:",Analyze
Demonstrate an appropriate high level of understanding of the material presented in the selected lecture modules - this understanding is demonstrated through the relevant assessment tasks.,Understand,Answer: Understand,Understand
Critically reflect on your experiences as science learners and identify implications for your professional identities,Remember,Answer: Analyze/Evaluate,Evaluate
"Investigate, analyse and synthesise complex information, problems, concepts and theories in relation to the legal protection of inventions under the law of patents and trade secrets;",Analyze,Answer: Analyze,Analyze
Conduct hypothesis testing and interpret results;,Apply,calculate and report statistical measures of central tendency and dispersion,Invalid
Have the ability to interpret the role of the media in shaping perceptions of the Arab-Israeli conflict.,Evaluate,Answer: Analyze,Analyze
"Develop information technology skills (such as business process modelling, performance enhancement of installed software, updating current software and developing new software) in a complex, corporate business environment;",Apply,"Answer:
Apply",Apply
"Demonstrate a person-centred approach to assessing, planning, implementing and evaluating care and outcomes through the life-span across all healthcare settings.",Apply,"Answer:
Analyze",Analyze
Participate effectively in interviews and write a professional resume;Themeslabel Pharmaceutical Science,Create,Answer: Apply,Apply
Develop and implement plans for health teaching and promotion,Create,"Answer:
Create",Create
"Knowledge of mental health problems, ethical and professional guidelines, and a model of therapy (and the ability to draw on and apply this knowledge when providing psychological interventions) Themeslabel Generic therapeutic competences",Apply,Answer: Apply,Apply
Apply theoretic concepts of paramedicine to a simulated clinical setting,Apply,Answer: Apply,Apply
"Explain the role of key factors influencing the design and operation of health and social care systems (including politics, ideologies, resources and funding).",Understand,Answer: Analyze,Analyze
"Describe the variety of the tasks, problems and approaches that constitute urban planning and design practice",Understand,Answer: Analyze,Analyze
Demonstrate an ability to meet deadlines.,Apply,"Answer:
Manage

Explanation",Invalid
"Creatively generate and evaluate at an abstract level complex ideas and concepts relevant to evidence and proof in litigation, including how miscarriages of justice can be prevented by proper analysis and preparation.",Evaluate,Answer: Evaluate,Evaluate
Assess the current explanations for landscape management problems through critical evaluation of the literature and field and laboratory data.,Evaluate,Answer: Evaluate,Evaluate
"Produce written work and oral presentations to deadline, making effective use of the conventions of scholarly presentation, including citations and bibliography where required;",Create,Answer: Apply.,Apply
compare and contrast various protocols used in the Internet and contemporary applications,Evaluate,Answer: Analyze,Analyze
Propose and develop a mobile or distributed system that is appropriate to a problem domain;,Create,Answer: Create,Create
Analyse engineering systems by applying linear time invariant system concepts.,Analyze,Answer: Analyze,Analyze
Identify on-going professional development needs in relation to MRI scanning in the cardiovascular and tissue perfusion setting,Remember,Answer: Analyze,Analyze
Produce a perceptive description of works and imaginatively connect such description with critical awareness;,Create,Answer: Analyze,Analyze
Develop insightful and persuasive recommendations to improve workplace culture.,Create,Answer: Evaluate,Evaluate
Be able to present a sustained argument drawing upon a variety of data.,Evaluate,"Answer: Analyze

(Note:",Analyze
demonstrate empathy and assertiveness when developing and working in cross-functional and intradisciplinary teams.,Apply,"Answer:
Analyze",Analyze
critically evaluate government policies affecting labour markets,Evaluate,Answer: Evaluate,Evaluate
"Critically analyse how digital technologies, platforms and services capture and use data;",Analyze,"consider the implications for privacy, security and autonomy.",Invalid
"Competently apply international protocols, standards, charting methods and the Interpol forms that are used during a DVI incident;",Apply,Answer: Apply,Apply
Develop appropriate learning tasks for students that address the numeracy challenges embedded in the curriculum,Create,Answer: Analyze,Analyze
"Critically evaluate the socio-cultural, legal and ethical issues related to the nursing management of the critically ill patient.",Evaluate,Answer: Evaluate,Evaluate
Design an appropriate assessment and evaluation strategy for an education program,Create,Answer: Evaluate,Evaluate
"Consolidated their skills in project formulation, implementation, analysis and reporting",Evaluate,"Answer:
Analyze",Analyze
Evaluate the role of Intelligent Transport Systems in Dynamic Traffic Management,Evaluate,Answer: Evaluate,Evaluate
identify and examine the role of the various stakeholders in upholding good global corporate governance practices,Understand,Answer: Analyze,Analyze
"Compare the behavioural and psychosocial interventions in relation to health and disease, and their application to real world scenarios.",Analyze,Answer: Analyze,Analyze
"Understand the basic concepts of psychopharmacology with particular reference to recent advances in the fields of psychiatric medication, cognitive enhancers and neuroprotective agents, and substance abuse;",Understand,Answer: Understand,Understand
"critically evaluate attempts to affect competition in particular industries, e.g. electricity and telecommunications.",Evaluate,Answer: Evaluate,Evaluate
"Appraise the history of child and adolescent psychiatry, including the key determinants of personal, developmental, familial, and social factors in influencing and contributing to mental health difficulties in young people within key theoretical frameworks, and resultant models of care across the developmental span between infancy to young adulthood.",Evaluate,Answer: Analyze,Analyze
"Appreciate the importance of complex analysis for other mathematical units, as well as for physics and engineering, through seeing applications of the theory;",Understand,Answer: Analyze,Analyze
Extract arguments from a variety of texts;,Analyze,"summarize the main ideas and supporting details;
ident",Invalid
demonstrate research-informed understandings of how students learn critical and creative dispositions and thinking skills,Understand,Answer: Analyze,Analyze
Integrate CT findings with other evidence to present cases in forensic practice;,Create,Answer: Analyze,Analyze
Identify and apply interpersonal communication skills needed in an organization.,Apply,Answer: Apply,Apply
"Propose suitable instrumentation, and perform experimental tests, synthesizing the results.",Create,"Answer:
Evaluate

(Note:",Evaluate
"Recall nutrition labelling, halal food production and regulations and sensory evaluation;",Remember,describe the importance of each in food industry.,Invalid
"Design simple models relating the conservation of energy, species, or momentum to temperature, composition and velocity fields",Create,Answer: Analyze,Analyze
"Practice responsibility of a competent engineer to integrate individual design sections into a Design Project Report including the analysis and review of engineering drawings and calculations. Through this activity, continue to develop positive attitudes to teamwork and responsible engineering practice.",Create,"Answer:
Evaluate",Evaluate
"Apply epidemiology, medical and nutritional principles in the nutritional assessment and management of chronic lifestyle related diseases conditions;",Apply,Answer: Apply,Apply
Critically analyse the key issues facing the global political economy;,Analyze,Answer: Analyze,Analyze
Perform data acquisition and signal analysis related to NDT techniques and use these results to predict the health and integrity of the test specimen.,Analyze,"Answer: Analyze, Evaluate",Evaluate
Develop a research project that will answer and is methodically congruent with the research question,Create,Answer: Analyze,Analyze
Interpret the influence that the principles of circular economy and life-cycle design have on architectural design and performance;,Evaluate,Answer: Analyze,Analyze
understand and differentiate a supervised learning method from an unsupervised learning method,Understand,Answer: Analyze,Analyze
Identify paediatric conditions and ‚Äòred flags' areas of concern which are appropriate for physiotherapy intervention and recognise the scope of a comprehensive paediatric,Remember,physiotherapy assessment.,Invalid
analyse and evaluate a range of evidence relating to the history of post-War Europe and European integration;,Analyze,Answer: Analyze and Evaluate.,Evaluate
"Describe environmental monitoring techniques and tools for plants, water and soils and demonstrate the ability to implement a multi-disciplinary monitoring programme;",Apply,"Answer:
Apply

(Note: This",Apply
Demonstrate a discursive approach to the subject of your research and its field of inquiry;,Apply,"present a clear, well-organized, and well-",Invalid
Demonstrate and apply specialised knowledge of a range of torts other than negligence as well as of current controversies in torts law;,Apply,"Answer:
Apply",Apply
"explore and apply approaches related to language learning for diverse learners including decoding/encoding codes, symbols and conventions of written, spoken, visual and multimodal texts in response to contextual factors",Apply,"Answer:
Apply",Apply
"Summarise, present and interpret data numerically and graphically",Evaluate,Answer: Analyze,Analyze
"plan and implement learning experiences that focus on movement, environment and community in outdoor and indoor settings, and which cater for children of diverse backgrounds and abilities and draw on a range of effective and inclusive teaching strategies",Create,"Answer:
Analyze

Justification:",Analyze
"Distinguish between the various components of the IT infrastructure including Network, Virtual Server environment and ICT support mechanisms.",Analyze,Answer: Analyze,Analyze
"Demonstrate an understanding of various production methods used in the studio environment, have an appreciation of various mediums, their properties and uses, and be able to work with materials and techniques in an experimental and sustainable manner;",Understand,Answer: Understand.,Understand
Apply intercultural strategies to resolve a range of practical challenges,Apply,Answer: Apply,Apply
Use database searching and retrieval for compound identification;,Apply,identify the functional groups and name the organic compounds.,Invalid
Analyse and evaluate resource allocation in healthcare and the use and role of economic evaluations in decision-making.,Analyze,Answer: Analyze and Evaluate.,Evaluate
Explain the roles of different cellular compartments and organelles in cellular functions.,Understand,Answer: Understand,Understand
"Describe fetal growth, development and the prenatal diagnosis of fetal abnormality",Understand,"Answer:
Analyze",Analyze
Understand the diversity of Pacific peoples' lives;,Understand,"their histories, cultures, and languages.",Invalid
"Understand, analyse and critically evaluate cases which apply the law of armed conflict;",Understand,Answer: Analyze and Evaluate.,Evaluate
"Demonstrate the utility of digital spatial data handling for mapping and analysis from digital data, referring to themes in environmental science;",Apply,Answer: Analyze,Analyze
"Generate strategies for solving complex, open-ended separation process problems.",Create,"Answer: Analyze

(Note:",Analyze
"Analyse and critically evaluate the current state of Commonwealth and Victorian constitutional law and practice, and discuss reform issues;",Analyze,Answer: Analyze,Analyze
Explain the basic principles of bio-climatic design;,Understand,Answer: Understand.,Understand
"Conduct legal research and locate appropriate case law, legislation and secondary materials",Apply,"Answer:
Apply",Apply
use marketing principles and frameworks to investigate and analyse the issue,Analyze,Answer: Analyze,Analyze
Understand critical difference in public and private approaches to health and illness issues.,Understand,Answer: Analyze,Analyze
"Describe the characteristic mineralogical, structural and host-rock features of a range of important mineral deposit types;",Understand,Answer: Analyze,Analyze
"Inquire into, and develop, your professional identity as a specialist teacher",Create,"Answer: Analyze, Create",Create
identify skills development and identify process for planning skill development where individual gaps are identified in learning.,Remember,"Answer:
Analyze",Analyze
evaluate different algorithms and analyse their complexity;,Analyze,"Answer:
Evaluate",Evaluate
analyse the rationale for government intervention in the economy and of the extent of that intervention,Analyze,Answer: Analyze,Analyze
identify differences between conventional goods allocated efficiently and environmental commodities allocated inefficiently,Analyze,Answer: Analyze,Analyze
"develop an appropriate strategy, supported by relevant research and academic literature, for leading cultural shifts in mathematics teaching and learning, and facilitating improvement in mathematical engagement.",Create,"Answer: Analyze, Evaluate, Create",Create
Apply knowledge and understanding of recent developments in relation to the rules of precedent and statutory interpretation to new situations in professional practice and/or for further learning with creativity and initiative;,Apply,Answer: Apply,Apply
To provide students with an understanding of the legal and commercial issues facing partners in their dealings with others and with third parties,Understand,Answer: Understand,Understand
"Identify sources of data such as that provided by the Australian Bureau of Statistics, as well as other public domain and private data, such as from market research and polling.",Remember,"Answer:
Retrieve or Remember (depending",Remember
Apply the basic principles of geological mapping in a variety of settings;,Apply,Answer: Apply,Apply
Apply principles of representing sub-grid scale processes in global models;,Apply,Answer: Apply,Apply
analyse crack growth in aircraft structural members,Analyze,Answer: Analyze,Analyze
Use differentiation rules to find derivatives of implicit and explicit functions.,Apply,"Answer:
Analyze",Analyze
Use evidence to develop and sustain theoretical arguments related to gender and sociological theory;,Apply,Answer: Analyze,Analyze
Conduct experiments according to industry standards to produce and test productsThemeslabel Pharmaceutical Science,Apply,"Answer:
Apply",Apply
Use fundamental design and technology skills to communicate ideas;,Apply,"create a variety of digital media content, including graphics, anim",Create
evaluate marketers' use of consumer behaviour insights in the development and implementation of consumer-oriented marketing strategies.,Evaluate,Answer: Evaluate,Evaluate
"evaluate the principles of contaminant fate and transport within soil, water and air systems",Evaluate,Answer: Evaluate,Evaluate
Possess a deeper understanding in at least one materials engineering topic,Understand,Answer: Understand,Understand
use popular culture or digital technologies and texts to extend and enhance effective middle years learning.,Apply,"Answer:
Create",Create
Design and analyse the steel-reinforced concrete structures using the strut-and-tie modelmethod.,Analyze,Answer: Analyze,Analyze
Develop professional knowledges about family violence prevention and associated leadership skills in a range of environments;,Apply,"Answer:
Analyze

(Note:",Analyze
Apply numerical modelling to solve problems in particle physics.,Apply,Answer: Apply,Apply
Use modern analytical instrumentation;,Apply,"collect, process, and analyze data;
and interpret results",Analyze
Engage with debates surrounding the (re-)presentation of the past within the public domain.,Evaluate,Answer: Analyze,Analyze
Construct queries that meet user requirements;,Create,"write code to retrieve and process data;
test and debug",Invalid
Critically evaluate the epidemiologic principles underlying disease surveillance programs;,Evaluate,Answer: Evaluate,Evaluate
interpret and explain models written by others;,Evaluate,"Answer:
Analyze",Analyze
"Understand the construction, use and interpretation of regression modelling diagnostics.",Understand,Answer: Analyze,Analyze
"Outline different microbial pathogens including bacteria, viruses and parasites, their modes of pathogenesis, diseases caused, epidemiology and treatment;",Apply,Answer: Analyze,Analyze
Critically analyse problems arising from the application of statute and case-law to specific banker-customer transactions.,Analyze,Answer: Analyze,Analyze
understand the structural issues relevant to lessons in visual art and design in relation to classroom practice and prescribed curriculum,Understand,Answer: Analyze,Analyze
"Write compositions of up to 300 words in Spanish, with the help of a Spanish-English dictionary and a reference grammar.",Create,Answer: Apply,Apply
Demonstrate a broader exposure and deeper engagement with architectural production;,Understand,"analyze the historical, cultural, and social contexts of",Analyze
"Design and build complex digital systems using programmable logic devices such as PLAs, PALs and FPGAs.",Create,Answer: Create,Create
"Use essential concepts related to mxn linear systems, including linear independence and basis, and demonstrate a broad appreciation of tensors",Apply,Answer: Analyze,Analyze
Translate practical problem descriptions into mathematical formulations as discrete optimisation problems and communicate the results to non-technical audiences.,Apply,Answer: Analyze,Analyze
"Understand how the conceptual, material and logistical approaches to your visual artwork relates to gallery-based programs;",Understand,Answer: Understand,Understand
"Produce a portfolio that demonstrates engagement with, understanding of, and interpretation of research, knowledge, issues and practices in your discipline;",Apply,"Answer: Analyze, Evaluate, Create",Create
"demonstrate the capacity to use curriculum, assessment and reporting knowledge to design learning sequences and lesson plans that are developmentally appropriate for primary years",Apply,Answer: Analyze,Analyze
interpret and communicate knowledge about STEM learning and leadership in response to contemporary challenges.,Evaluate,Answer: Analyze,Analyze
"Perform object oriented design and coding to create, test and debug non-trivial, working mobile applications that are maintainable and use the best practices of the development platform;",Create,Answer: Create.,Create
"Communicate technical and non-technical information effectively with external associates, including contractors, consultants and regulators.",Create,"Answer:
Communicate effectively with external associ",Invalid
Propose and present ethical and responsible design concepts specific to culture and heritage;,Create,Answer: Analyze and Create.,Create
develop analytical skills to plan the future of an organisation in its competitive environment from the viewpoint of the chief executive,Create,Answer: Analyze,Analyze
Construct causal diagrams and use them to identify potential sources of bias,Remember,Answer: Analyze,Analyze
"Understand how to inform politicians, stakeholders and citizens about necessary government actions",Understand,"Answer:
Analyze",Analyze
Draw from your experience through different disciplines in the semester;,Apply,synthesize and apply concepts from these disciplines to,Apply
Size and design the major components of a turbofan engine using 1D aerothermodynamic principles.,Create,"Answer:
Apply",Apply
Critically evaluate different modes of dispute resolution processes and assess the conditions under which they are likely to be appropriate and effective;,Evaluate,Answer: Evaluate,Evaluate
"Describe:  A broad understanding of computational chemistry and its application to drug bimolecular problems The molecular interactions (including bonded and non-bonded) which govern drug-target interactions Molecular mechanics energy calculations and the information that these calculations can provide The components making up molecular mechanic force fields including bond stretching, angle bending, dihedral angle terms, and nonbonded interactions (van der Waals and electrostatic) Molecular simulation methods The statistical methods used to develop QSAR equations and their application in drug discovery Quantum mechanical (QM) calculations and the information that they can provide Themeslabel Pharmaceutical Science",Understand,"Answer:
Analyze",Analyze
"Describe the processes of bacterial pathogenesis including adhesion, cell invasion, replication and the production of bacterial toxins;",Understand,"Answer:
Analyze",Analyze
"Knowledge of the divergent structures, processes, and agendas that exist in multi-issue areas of diplomacy",Remember,Answer: Analyze,Analyze
"collect, analyse and interpret data related to your independent research project",Analyze,Answer: Analyze,Analyze
understand contemporary issues related to the management of workplace diversity and inclusion issues,Understand,Answer: Understand,Understand
Demonstrate an awareness for how different forms of art act(ed) to construct and/or reinforce Indigenous identity;,Apply,Answer: Analyze,Analyze
"critically reflect on your direct observation of media industries, as a complement to reading and scholarship in the area;",Analyze,Answer: Analyze,Analyze
develop strategies to identify and meet ongoing professional learning needs,Create,Answer: Analyze,Analyze
Describe the components and organisation of the Australian healthcare system.,Understand,Answer: Understand,Understand
"Identify, evaluate and critique a range of professional support strategies that can be used to enhance professional practice.",Remember,Answer: Evaluate,Evaluate
understand the impact of and strategies to manage risks associated with international business,Understand,Answer: Analyze,Analyze
Explain and apply basic elements of statistics which form the basis of research skills used in biological psychology.,Apply,Answer: Apply,Apply
"demonstrate broad knowledge and technical capabilities driven by an entrepreneurial mindset across a variety of domains including but not limited to the business, professional and public policy communities that we serve",Apply,Answer: Evaluate,Evaluate
Present the preliminary findings in a written report also present key results in oral form as a preliminary seminar.,Create,"Answer:
Present (orally and in writing",Invalid
Integrate the role of advocate into the professional repertoire.,Create,Answer: Evaluate,Evaluate
"Investigate, analyse and synthesize complex legal and policy issues impacting the evolution of the application of the law to sport, including balancing protection of the 'integrity and spirit of sport' with athlete rights; commercial interests with societal interests; and competition with competitive balance;",Analyze,Answer: Analyze,Analyze
critically analyse a range of primary source materials;,Analyze,Answer: Analyze,Analyze
"Demonstrate your awareness of the historical and recent precedents for, and dimensions of, your own practice.",Apply,"Answer:
Analyze",Analyze
Effectively communicate complex concepts on scientific content and business processes in written or oral formats.,Create,"Answer:
Communicate effectively = Evaluate",Evaluate
"Identify and apply the basic principles of research design for both qualitative and quantitative studies, including questionnaire design, data entry, and analysis;",Apply,Answer: Apply,Apply
develop effective report writing and communication skills,Create,"Answer:
Apply",Apply
describe you own practices and experiences of health and wellbeing situated in the largernational/international context and meanings,Understand,Answer: Analyze,Analyze
"Explain key concepts and theories that underpin social entrepreneurship, innovation and design;",Understand,Answer: Understand.,Understand
Provide informed advice on appropriate control measures for aviation hazards in workplace and the community,Create,"Answer:
Evaluate",Evaluate
Discuss the multitude of contextual and interpersonal factors which shape communication; and apply this knowledge to intercultural communicative events;,Apply,"Answer:
Apply

(Note: This",Apply
"Work effectively as a member of a team through well-developed skills in job planning, time management, problem solving, critical thinking and the organisation of work;",Apply,"Answer:
Analyze

Explanation",Analyze
think critically and challenge traditional notions of change in educational settings,Analyze,Answer: Analyze,Analyze
"Apply knowledge of sensitivity, specificity, accuracy and search error in the interpretation of x-ray images of the shoulder girdle, upper limbs and the cervical spine of adult and paediatric patients.",Apply,Answer: Apply,Apply
"demonstrate understanding of the legal risks, compliance and social responsibility obligations faced by business enterprises arising from global environmental and sustainability challenges",Understand,Answer: Analyze,Analyze
"Formulate expert solutions to practical financial, engineering or scientific problems using specialised cognitive and technical skills within the theory of discrete-time martingales.",Create,Answer: Evaluate,Evaluate
Evaluate strategies for the public health control of chronic diseases,Evaluate,Answer: Evaluate,Evaluate
Read secondary sources critically and confidently,Analyze,Answer: Analyze,Analyze
Communicate mathematical results professionally;,Create,use appropriate mathematical notation and terminology.,Invalid
"Analyse and appraise the communication techniques utilised to inform, instruct and empower patients to manage their care;",Analyze,Answer: Analyze,Analyze
critically assess current controversies in monetary policy.,Evaluate,Answer: Analyze.,Analyze
"Demonstrate high-level skills in data collection, analysis, interpretation and presentation, and apply these in written scientific reports and oral presentations;",Apply,Answer: Analyze and Create.,Create
Generate finite element analysis on anisotropic materials and composite laminate structures.,Create,"Answer:
Analyze",Analyze
understand the role of being an individual and couples therapist,Understand,Answer: Understand,Understand
"Discuss critically the key issues in the negotiation and implementation of a post-Kyoto international climate change agreement, and evaluate critically the main features of any such agreement;",Understand,Answer: Evaluate,Evaluate
Create an innovative way of communicating scientific information to patients new to the ART process,Create,Answer: Create,Create
Perform hypothesis tests for the mean and proportion;,Apply,calculate and interpret confidence intervals for the mean and proportion;,Invalid
"gain practical experience in, and understanding of PhD level research work.",Understand,"Answer: Apply, Understand.",Apply
"Evaluate and critique the historical roots, conceptual notions, frameworks and current debates on sustainability and sustainable development.",Evaluate,Answer: Evaluate,Evaluate
Analyse formal and informal sources of information guiding health system and policy development.,Analyze,Answer: Analyze,Analyze
Evaluate gaps and limitations in translating evidence-based interventions and treatment models for co-occurring disorders into policy and into clinical practice.,Evaluate,Answer: Evaluate,Evaluate
Apply Sociology of development theories and concepts in the analysis of specific case studies;,Apply,Answer: Apply,Apply
Comment on historical changes in what is considered abnormal behaviour.,Evaluate,Answer: Analyze,Analyze
Communicate an understanding of the use of research as a basis for decision making in the health care policy and clinical arena particularly in its application to health care practice;,Create,Answer: Analyze,Analyze
Conduct research in Terrorism and Human Rights based on knowledge of appropriate research principle and methods,Apply,"Answer:
Apply",Apply
understand payments among nations and the monetary approach to the Balance of Payments,Understand,Answer: Analyze,Analyze
"make recommendations and reports that synthesise fundamental legal principles and knowledge into professional, appropriately structured documents common in legal practice.",Create,Answer: Evaluate,Evaluate
reflect on and evaluate your teaching experiences in health education,Analyze,Evaluate,Evaluate
"Communicate and collaborate in ways that are effective, appropriate and persuasive.",Create,"Answer:
Collaborate

Explan",Invalid
"An understanding of the structure and operation of the tourism industry globally, and within Australia",Understand,Answer: Understand,Understand
"Describe the physiological mechanisms affected by these disorders, and how these disrupted function/s result in the observed signs and symptoms.Themeslabel Pharmaceutical Science",Understand,Answer: Analyze,Analyze
develop an understanding of the various theoretical debates surrounding literacy teaching and learning,Understand,Answer: Understand,Understand
Evaluate transport and traffic data on the basis of its quality and relevance and interpret that data to identify key insights.,Evaluate,Answer: Evaluate,Evaluate
"Describe and apply within a professional standards and ethics context theories of the psychosocial impact on human behaviour, communication and occupational health and safety of the working environment;",Apply,"Answer:
Apply",Apply
Identify and explain the core issues that define Southeast Asian cinemas;,Remember,analyze the ways in which these issues are represented in contemporary,Analyze
Reflect on the relevance of Asian experiences of social change to other national and individual circumstances;,Analyze,Answer: Analyze,Analyze
Conduct research into issues of international investment law based on knowledge of appropriate research principles and methods,Apply,Answer: Analyze,Analyze
Use 3D imaging software to create 3D animations;,Apply,Save and export the 3D animations in various formats,Invalid
Observe the associated challenges to civil society caused by China's rapid technological development and appraise how the legal system responds to civil society issues;,Understand,Answer: Evaluate,Evaluate
Apply anatomical knowledge to the function of the neurological system;,Apply,Answer: Apply,Apply
Apply characterisation techniques to both organic and inorganic materials;,Apply,describe the physical and chemical changes that occur during the process,Invalid
"Use cognitive, technical and creative skills to generate and evaluate at an abstract level complex ideas and concepts relevant to case law, statutory interpretation, and advanced legal research.",Apply,Answer: Evaluate,Evaluate
Conduct research into cybercrime based on knowledge of appropriate research principles and methods,Apply,"Answer:
Analyze",Analyze
Evaluate the psychological and physiological responses of children to illness and injury compared to the adult population;,Evaluate,Answer: Evaluate,Evaluate
critically evaluate the role of globalisation and technological disruption and their impact on business,Evaluate,Answer: Evaluate,Evaluate
Explain how leadership theories and leader attributes influence teamwork in nursing and midwifery practice.,Understand,Answer: Analyze,Analyze
Demonstrate a high level of proficiency and autonomy in interior architectural production;,Apply,apply design principles and techniques to create innovative and functional interior spaces,Create
"critically discuss the status of international business entities in international law, and the relevance of international regulatory institution for transnational corporations",Analyze,Answer: Analyze,Analyze
"Review scientific literature, with particular reference to the identification of key information; access information databases in an efficient manner;",Analyze,summarise and evaluate the relevance and validity of,Evaluate
"Be able to develop and apply parametric methods of inference, with particular reference to problems of relevance in biostatistical contexts.",Apply,Answer: Analyze,Analyze
"Demonstrate understanding of the research topic, critical engagement with relevant theoretical material, analysis of sources and or data through the completion of an extended research essay.",Understand,Answer: Analyze,Analyze
Construct and estimate various volatility processes such as ARCH and GARCH.,Create,Answer: Analyze,Analyze
"enhance skills in understanding and developing effective, mutually beneficial relationships, particularly in team contexts",Create,Answer: Understand,Understand
critically evaluate empirical research and develop an ability to identify major research questions in financial accounting research,Create,Answer: Evaluate,Evaluate
Identify relevant published scientific literature and critically analyse and evaluate the content in the context of the discipline Anatomy and Developmental biology;,Understand,Answer: Analyze and Evaluate.,Evaluate
Identify issues in quality assurance in the provision of sexual assault services;,Remember,"describe the impact of these issues on survivors;
pro",Invalid
Clearly communicate to peers nutritional issues across the life span.,Create,"Answer:
Analyze",Analyze
Critically reflect on their individual learning process and progress in clinical competence.,Analyze,"Answer:
Evaluate",Evaluate
apply knowledge and skills in the use of Excel and Visual Basic,Apply,Answer: Apply,Apply
develop teamwork skills and present the insights from Big Data to the targeted audience.,Create,"Answer:
Apply

(Note: This",Apply
identify and understand the statistical and computational constraints for different types of data problems,Understand,Answer: Analyze,Analyze
"Investigate, analyse, synthesise and discuss the complexities of International Refugee Law and Practice problems, concepts and theories",Analyze,Answer: Analyze,Analyze
Explain the physiology of body systems,Understand,Answer: Understand,Understand
research and evaluate theoretical and critical debates about the laws governing parents and children and the adequacy of current laws and procedures,Analyze,Answer: Evaluate,Evaluate
"Critically reflect on leadership, management, teamwork and inter-professional collaboration in the provision of quality patient care.",Analyze,Answer: Analyze/Evaluate,Evaluate
"Demonstrate the ability to execute laboratory experiments relevant to advanced molecular microbiology, as well as analyse and report experimental results by formulating a scientific laboratory report and poster presentation.",Analyze,"Answer: Analyze, Create",Create
"Describe common and important illnesses, conditions and disorders",Understand,"Answer:
Understand",Understand
Evaluate the strengths and limitations of different study designs.,Evaluate,Answer: Evaluate,Evaluate
"Demonstrate awareness of the varying use of key concepts across the fields (for example, 'medium', 'audience', 'discourse', 'culture', 'genre' and 'power')",Apply,Answer: Analyze,Analyze
Summarise issues of cultural context and ethical principles in health research,Evaluate,Answer: Analyze,Analyze
"Explain the roles of the cardiovascular, respiratory, lymphatic, endocrine, digestive and urinary systems and how they contribute to homeostasis.",Understand,"Answer:
Analyze",Analyze
Employ exploratory strategies within an iterative design approach;,Apply,evaluate the effectiveness of design solutions based on user feedback.,Evaluate
"Develop the capability to communicate design outcomes, concepts and solutions by a variety of media;",Create,Answer: Create,Create
Read and comprehend newspaper articles and narrative and descriptive literary texts of up to 1000 words in Spanish.,Understand,Answer: Understand,Understand
Analyse and discuss the broader functions and institutions of the art industry;,Analyze,Answer: Analyze,Analyze
"Demonstrate advanced skills in the written and oral presentation of mathematical arguments that enable mathematical concepts, processes and results to be communicated effectively.",Understand,Answer: Evaluate,Evaluate
Apply a range of radiation protection measures applicable to CT in simulated situations;,Apply,Answer: Apply,Apply
Evaluate different survival techniques on land and in sea;,Evaluate,determine which technique is best suited for a given situation.,Invalid
understand the roles of verbal and non-verbal communication and interpersonal communication in business contexts,Understand,Answer: Understand,Understand
Compare the functions of the endocrine and nervous systems and describe the underlying physiology that allows communication between body tissues and the environment.,Analyze,Answer: Analyze,Analyze
Design and conduct an assessment of a local traffic network.,Create,"Answer:
Evaluate",Evaluate
Apply basic predictive modeling and data analysis methods;,Apply,identify the strengths and limitations of each method.,Invalid
"Critically appraise strategies to engage, promote change and support the perpetrators of family violence and those they target;",Evaluate,Answer: Analyze,Analyze
Explain behaviours involving electromagnetism and do appropriate analysis and calculations,Understand,Answer: Analyze,Analyze
understand the use of equation of value in actuarial pricing and appraisal.,Understand,Answer: Understand,Understand
Evaluate the contribution of teamwork and interdisciplinary collaboration in the provision of quality nursing care,Evaluate,Answer: Evaluate,Evaluate
Apply the Structured Professional Judgement model to risk and threat assessments in family violence;,Apply,Answer: Apply,Apply
understand and critically evaluate theoretical paradigms of leadership development,Understand,Answer: Evaluate,Evaluate
"Investigate, analyse and synthesise complex information, problems, concepts and theories in relation to climate governance and citizen justice",Analyze,Answer: Analyze,Analyze
Evaluate the ways in which the environment shapes adaptive behaviour;,Evaluate,Answer: Evaluate,Evaluate
"Understand, discuss and actively participate in the design, development and implementation of a research project;",Understand,"Answer: Analyze, Apply, Create.",Create
Develop conceptual solutions to projects set across a range of fine art media;,Create,"considering the context, audience, and intended outcome.",Invalid
The skills to critically assess the limitations and possibilities of employing Western conceptions of trauma to understanding non-Western contexts.,Evaluate,Answer: Analyze,Analyze
Develop survey questions and interview guides that demonstrate an understanding of measurement quality;,Understand,"Answer:
Analyze",Analyze
"Conduct research in the empirical and legal bases of sentencing practice, and the different philosophical underpinnings of the sentencing system, based on knowledge of appropriate research principle and methods",Apply,Answer: Analyze,Analyze
Reflect on identified strengths and weaknesses to develop Personalised Learning Plans to enhance professional skills required to practice as a pharmacistThemeslabel Professional experience,Create,"Answer:
Evaluate",Evaluate
"Debate different views regarding social responsibility, cause marketing, corporate societal investment and corporate philanthropy.",Evaluate,Answer: Analyze,Analyze
Acquire the essential skills required for Yiddish conversation.,Understand,Answer: Apply,Apply
"An understanding of the of the practice of qualitative research, and the role of ethics in conducting that research.",Understand,Answer: Analyze,Analyze
Discern shear strength of soils and rocks.,Analyze,Answer: Analyze,Analyze
study the operation of foreign exchange markets and alternative exchange rate systems,Remember,"Answer:
Analyze",Analyze
"Generate a report on the project, demonstrating critical analysis and discussion of findings in the context of prior research showing due regard to relevant stylistic conventions;",Create,Answer: Analyze and Create.,Create
"Use prescribed academic research skills to locate, analyse and communicate information.",Analyze,Answer: Analyze,Analyze
Examine the role of the media in the construction of health issues.,Analyze,Answer: Analyze,Analyze
Explain the system of courts and their operation at the state and national level;,Understand,Answer: Understand.,Understand
demonstrate knowledge of the role of the advocate in the adversarial system of justice including some of the ethical duties of an advocate;,Apply,Answer: Understand.,Understand
articulate the theories of career development and demonstrate familiarity with career counselling techniques,Understand,"Answer:
Analyze",Analyze
"Solve elementary partial differential equations, apply boundary and initial conditions as appropriate, and use the method of separation of variables with the wave equation, heat equation and Laplace's equation",Apply,"Answer:
Apply",Apply
"Identify and discuss how basic neuroscience, developmental psychology, behavioural research, and clinical research inform and complement each other in the understanding of mental health issues;",Understand,Answer: Analyze,Analyze
Critically assess policies and principles relating to the criminal law,Evaluate,"Answer: Analyze

(Note:",Analyze
"use various approaches to plan and deliver movement experiences that are challenging, safe and well structured",Apply,"Answer:
Apply",Apply
"Describe the normal structure and function of cells and tissues, and the associated nursing and midwifery practice considerations;",Understand,"Answer:
Understand",Understand
Identify and explain the nature and types of cybercrime,Remember,Answer: Analyze,Analyze
"Integrate robotic mechanisms, sensors and actuators into a functioning robot system.",Create,"Answer:
Apply",Apply
Analyse the role of community practice in social work settings.,Analyze,Answer: Analyze,Analyze
"compare and critique theories, models and frameworks used to inform inclusive teaching approaches",Evaluate,Answer: Analyze and Evaluate,Evaluate
"Demonstrate critical thinking, communication skills relevant to peers and patients and problem-solving, with a focus on infectious diseases related and antimicrobial related topics.",Apply,"Answer: Analyze, Evaluate",Evaluate
Critically assess taxation law policies and principles and generate appropriate responses to technical legal problems and issues relating to taxation law;,Evaluate,Answer: Evaluate,Evaluate
"have developed and demonstrated the ability to independently research, analyse and write on issues in Remedies Law",Apply,Answer: Analyze,Analyze
identify and apply prescribed grammatical items;,Apply,"correct errors in written English;
use a dictionary to find",Invalid
"Demonstrate clear understanding of planning, implementation and evaluation of nutrition programs/interventions for a specific group, community or population.",Understand,Answer: Analyze/Evaluate,Evaluate
"to formulate and critically evaluate concepts for understanding differences, similarities, connections and contestations between cultures;",Evaluate,Answer: Analyze,Analyze
describe the criminal and other penalties which may be imposed on corporations and individuals,Understand,"Answer:
Apply",Apply
"Conceptually design, appraise and evaluate ITS applications on the basis of their performance, economic, environmental and social impacts.",Evaluate,Answer: Evaluate,Evaluate
Describe and analyse the pharmacological management of common clinical cases;,Analyze,Answer: Analyze,Analyze
Describe how international human rights regimes have evolved;,Understand,"Answer:
Analyze",Analyze
Determine the interaction between structural and geomaterials using computational and analytical methods.,Apply,Answer: Analyze,Analyze
"design, evaluate and recommend marketing strategies that solve the identified core marketing problem",Evaluate,Answer: Evaluate,Evaluate
demonstrate awareness of self and inclusive management practices,Apply,Answer: Understand,Understand
"Analyse South African case studies relating to corporate identity, image, branding and reputation.",Analyze,Answer: Analyze,Analyze
understand and critically analyse business and government relations in the location visited,Understand,Answer: Analyze,Analyze
critically analyse the strategic nature of organisational leadership,Analyze,Answer: Analyze,Analyze
Carry out tissue bath experiments to elicit drug effects.,Apply,"Answer:
Apply",Apply
"Demonstrate a sound understanding of fundamental aspects of climate law, regarding key climate change bodies, fundamental principles of international climate change law, and the relationship between international, supra-national and national climate change responses",Understand,Answer: Analyze,Analyze
"Evaluate different programming options of ability grouping, enrichment, extension and acceleration and how they apply to the educational needs of gifted students",Apply,Answer: Evaluate,Evaluate
"Have a good understanding of the framework of laws for environmental planning, development control, environmental impact assessment, heritage conservation and pollution regulation",Understand,Answer: Understand,Understand
To acquire knowledge of a grammatical framework with which to analyse and describe the vernacular Chinese under study.,Analyze,Answer: Analyze,Analyze
plan a research proposal,Create,"Answer:
Analyze",Analyze
Identify emerging trends and priorities in health promotion.,Remember,Answer: Analyze,Analyze
Analyse the key elements of family-centred practice.,Analyze,Answer: Analyze,Analyze
"Explain the impact of social and environmental determinants of health on health status in marginalised groups, including the Indigenous population.",Understand,Answer: Analyze,Analyze
Describe the business and marketing skills required for physiotherapy practice;,Understand,"Answer:
Understand",Understand
Interpret and present empirical results in an academic style in the format of an empirical journal article.,Evaluate,"Answer: Analyze, Evaluate",Evaluate
"Demonstrate familiarity with aircraft engine components, their operation and relationships.",Apply,Answer: Remember or Understand. (Note:,Understand
Explain the physical and chemical characteristics of aquatic systems;,Understand,describe the processes that maintain water quality in these systems.,Invalid
Demonstrate an understanding of the impacts of resource limitation on experimental design and implementation;,Understand,Answer: Understand.,Understand
plan engaging units of work linked to curriculum and best practice,Create,"Answer:
Design

Explanation:",Invalid
Able to conduct scientific literature search related to a research topic in nutrition.,Apply,"Answer:
Analyze",Analyze
"Negotiate complexity, uncertainty and risk while practicing multi-disciplinary decision making.",Evaluate,Answer: Evaluate,Evaluate
Integrate core values of mental health nursing into care provision with consumers; in scenario work and in mental health nursing workplaces.,Create,"Answer:
Analyze",Analyze
developed an awareness of the intricacy of the therapeutic relationship and of the contribution of their personal qualities to it. Their contribution to service delivery should reflect the principles of best practice and their role within an agency should be equivalent to that of a junior employee. ,Understand,"Answer:
Analyze",Analyze
demonstrate a detailed understanding of professional communication issues in the contemporary global context;,Understand,Answer: Analyze,Analyze
Generate a high-quality technical report as part of a group to summarise the design of a building structure.,Create,"Answer: Evaluate, Create",Create
Relate the anatomy and physiology of the pancreas and liver with diagnostic procedures to determine pathology ,Apply,Answer: Analyze,Analyze
"demonstrate accounting knowledge in areas such as company operations, taxation, property, plant and equipment, acquisitions, group accounting and financial statement analysis",Understand,"Answer:
Analyze",Analyze
"Evaluate the limitations, appropriateness and benefits of data analytics methods for given tasks;",Evaluate,Answer: Evaluate,Evaluate
"Identify, research and edit a lifestyle journalism story for a magazine or website to a deadline;",Remember,Answer: Apply.,Apply
Demonstrate advanced academic writing skills by producing a thesis and/or manuscripts appropriate for publication in the field of chemistry;,Apply,Answer: Evaluate,Evaluate
a demonstrated ability to apply the principles of microstructural design for mechanicalapplications,Apply,Answer: Apply,Apply
Demonstrate basic problem solving skills with GIS and remote sensing;,Apply,"identify and locate features on maps and images;
desc",Invalid
Apply the principles of fluid flow (including air-moisture behaviour) relevant to a ventilation system.,Apply,Answer: Apply,Apply
develop capabilities to work effectively in a group; and/or demonstrate effective individual research skills to solve management accounting problems and demonstrate in an individual summative assessment task the acquisition of a comprehensive understanding of the topics covered by ACF5955.,Apply,"Answer: Understand, Apply, Evaluate.",Evaluate
Design and construct a professional portfolio to demonstrate the ability to come up with resources and solutions to challenges in the biotechnology industries.,Apply,Answer: Create,Create
"demonstrate an understanding of various theoretical perspectives related to how middle and upper primary children develop their literacy knowledge, skills and understanding",Understand,Answer: Understand,Understand
Evaluate and communicate the potentials of architectural techniques;,Evaluate,analyze the impact of architectural decisions on the performance of,Analyze
Successfully demonstrate a 3D replication of a transportation design concept;,Apply,Answer: Create,Create
"Use a binary phase diagram to quantitatively describe equilibrium states and understand the microstructures to be expected forvarious binary material systems exhibiting, in particular complete solid solubility, eutectic, eutectoid, and peritectic reactions",Understand,Answer: Analyze,Analyze
"Comprehend other areas of law and legal policy as they apply to the health care system including restrictive trade practices, contract law, professional registration and malpractice, drugs and poisons law and therapeutic goods law",Understand,"Answer:
Analyze",Analyze
Conduct research into the current and emerging OHS legislation and case law in Victoria based on knowledge of appropriate research principle and methods,Apply,Answer: Analyze,Analyze
"Determine the impact of the global political, economic, and social order on the shape of international frameworks and mechanisms governing health.",Evaluate,Answer: Analyze,Analyze
Understand methodology as a critique of method and be able to practice criticism in your chosen field;,Understand,Answer: Analyze.,Analyze
Identify contemporary issues related to feminisms in an Asian context;,Remember,Answer: Analyze.,Analyze
Refine a research question grounded in the critical review of the literature.,Create,Answer: Analyze,Analyze
Recognise the major sites and features of the Etruscan and Roman cultures;,Remember,"Answer:
Remember",Remember
"Apply knowledge and understanding of the nature, sources and fundamental principles of Islamic law;",Apply,Answer: Apply,Apply
"Be familiar with the main conceptual issues relevant to the Unit: development, sustainable development, under development, theories and concepts relating to late developing states, and key societal factors relevant to development, such as the role of the state, economic growth, education, food and hunger, development aid, civil society, gender issues, health, education, food and hunger, and international development.",Understand,Answer: Understand,Understand
explain the arguments for and against privatisation,Understand,Answer: Analyze,Analyze
"Describe how risk perception is affected by psychological, cultural and personal experiences",Understand,Answer: Analyze,Analyze
Implement quantitative techniques supporting financial analysis and decision making;,Apply,Answer: Apply,Apply
understand legal/ethical/cultural issues in interventions and safeguards against the use of restricted practices,Understand,Answer: Analyze,Analyze
Design and develop dynamic webpages using animation and visual effects;,Create,Create.,Create
"By applying some basic concepts relating to text analysis and translation strategy to weekly project-based translation practice and class discussion, students are also expected to improve their ability to determine correct translation strategies for specific professional purposes;",Apply,"Answer:
Analyze",Analyze
"Reflect on the critical differences between polysaccharide and protein classes of biopolymers, to relate and link together structure, functionality and application.",Analyze,Answer: Analyze,Analyze
"Build an academic argument through clear argument structure, topic placement and framing of key issues;",Create,Answer: Analyze,Analyze
Write a final report to the approving ethics committee describing completion of the project.,Create,Answer: Evaluate,Evaluate
"Analyse selected major jazz genres, composers and works;",Analyze,"describe their historical contexts, characteristics and influences.",Invalid
"Distinguish between normal and abnormal anatomical and pathological structures as shown on CT images displayed in a variety of relevant formats including MPRs, MIPs, SSDs and volume renderings.",Analyze,Answer: Analyze,Analyze
apply the tests of professionalism,Apply,Answer: Apply,Apply
"Developed a detailed and extensive research skills for gathering knowledge about identity in the 21st century, and to demonstrate a capacity to work with these skills in a group work assessment context",Apply,Answer: Analyze,Analyze
"Organise, manage and analyse research data using techniques required",Analyze,for a specific research project.,Invalid
"Demonstrate stagecraft, interaction, artistic expression and technical proficiency at an intermediate level;",Apply,"Answer:
Apply",Apply
"Interpret, analyse and synthesise the importance of supervision when undertaking supervised professional practice placement through participation in tutorial/briefing activities",Analyze,Answer: Analyze,Analyze
"Understand the major chronic diseases that affect morbidity and mortality, that is, cancer and cardiovascular disease, from a behavioural perspective.",Understand,Answer: Understand,Understand
"demonstrate a critical understanding of contemporary trends in, and approaches to, social education teaching in Australia",Understand,Answer: Analyze,Analyze
"evaluate the multifaceted nature of leadership in Australia and internationally, and enhance students' own leadership skills in the process",Evaluate,Answer: Evaluate,Evaluate
identify relevant literature for critical debates on the terminology of human rights discourse;,Remember,Answer: Analyze,Analyze
"Review and critique Computer Science research literature, research design and reported findings;",Analyze,identify strengths and weaknesses of research studies.,Invalid
Respond creatively to design briefs of advanced complexity;,Create,develop and implement design solutions that meet the needs of diverse users,Invalid
Analyse the behaviour of complicated reactors.,Analyze,Answer: Analyze,Analyze
Critically evaluate background literature or information relevant to the public health issue or problem.,Evaluate,Answer: Analyze,Analyze
Explain how metabolic processes are integrated and regulated;,Understand,describe the role of enzymes and hormones in,Invalid
critically evaluate competitive marketing decision situations and craft innovative and systematic solutions for which personal responsibility is taken,Evaluate,"Answer: Evaluate

(Note: This",Evaluate
Create a written report that meets the academic standards associated with a research-informed investigation.,Create,Answer: Create,Create
"Theme 2: Population, Society and Health  Discuss and compare a range of health promotion theories of change ranging from an individual to population-wide focus; Summarise the medical, behavioural and socio-environmental approaches to health promotion; Devise strategies for integrating health promotion into a selected area of health and social care practice, and across a range of settings; Design and present a community-based health promotion program that addresses selected components of a health promotion model. ",Evaluate,"Answer:
Evaluate
Create",Create
"Develop and implement patient centred nursing care appropriate to the needs and wishes of the patient and their family/carer, regardless of race, age, gender, culture, sexual orientation, disability or other diverse needs",Create,"Answer:
Analyze",Analyze
Appreciate the difference in sampling methods applicable for various resource types.,Understand,Answer: Analyze,Analyze
Create a scholarly report demonstrating the capacity to effect change to practice within a collaborative framework,Create,Answer: Create,Create
Apply critical thinking to problems in statistical learning that relate to financial models.,Apply,"Answer:
Apply",Apply
"Identify, research, synthesise and evaluate relevant legal, factual and policy issues, including interpreting and applying relevant provisions of the Corporations Act;",Remember,Answer: Evaluate,Evaluate
Communicate the project outcomes in written and oral form;Themeslabel Pharmaceutical Science,Create,Answer: Present or Communicate (Apply),Apply
Write technical reports and documents.,Create,"Answer:
Apply",Apply
become adept at being both a leader and a team player.,Understand,"Answer:
Apply

(Note: This",Apply
"Select, measure, prescribe and use appropriate assistive equipment to create recommendations for increased occupational participation and performance in typical client scenarios;",Analyze,"Answer:
Apply",Apply
analyse patterns and relationships in problem solving and decision making processes,Analyze,Answer: Analyze,Analyze
"Develop an understanding of how to use quantitative sources effectively in history-writing, as well as how to effectively make quantitative judgements in their research",Understand,Answer: Analyze,Analyze
"develop a self-awareness of students; personality, values, attitudes, and leadership styles in the context of sustainability.",Create,Answer: Analyze,Analyze
Develop skills in computational modelling that are fundamental to the study of astrophysics.,Apply,"Answer: Analyze, Apply, Create",Create
"understand the key features and phases involved in motion regeneeration development, testing and simulation in order to represent accurate movement in soft-real time",Understand,Answer: Analyze,Analyze
Have the ability to make informed judgements about those ethical issues.,Evaluate,Answer: Evaluate,Evaluate
apply strategic management concepts in particular cases.,Apply,Answer: Apply,Apply
Critically discuss the major legal issues that may affect IT systems and operations;,Analyze,Answer: Analyze,Analyze
"Analyse and discuss the legal, ethical and professional responsibilities associated with prescription and administration of medications according to state and federal legislation;",Analyze,Answer: Analyze,Analyze
"Demonstrate consideration of the critical roles played by aspects such as human intellect, knowledge, values, emotion, learning, organisational culture and climate in developing individual, organisational and professional learning.",Apply,Answer: Analyze,Analyze
Engage in research fieldwork;,Analyze,"Collect, analyze, and interpret data;
Draw conclusions based",Analyze
understand the core concepts and theories of business-to-business marketing,Understand,Answer: Understand,Understand
Plan and execute the assessment and management of a paediatric patient with a complex illness or injury.,Create,Answer: Evaluate,Evaluate
build upon existing concepts developed in previous courses and to outline the basic principles underlying more advanced methods of inference,Create,Answer: Analyze,Analyze
"Relate the structure of the major bones, joints and muscles to the functions of support and movement;",Apply,Answer: Apply,Apply
Create packaging solutions for products that are responsive to environmental issues and consumer needs;,Create,Answer: Create,Create
Determine soil consolidation time and associated settlements.,Apply,"Answer:
Analyze",Analyze
"Explain contemporary research, theoretical and applied issues in counselling psychology.",Understand,Answer: Analyze,Analyze
"use speaking, listening, reading and writing skills (and appropriate vocabulary) to communicate effectively in Indonesian in a range of situations and on a range of topics;",Apply,"Answer:
Communicate effectively in Indonesian",Invalid
"Write appropriate scientific reports, both interim and final.",Create,"Answer:
Evaluate",Evaluate
produce innovative solutions to problems through critical reflection and policy modelling;,Create,Answer: Evaluate and Create.,Create
Compare and evaluate assessment processes in terms of strengths and weaknesses,Evaluate,Answer: Evaluate,Evaluate
"The ability to think critically and analytically about gender representation in the world around them, and to articulate those thoughts in writing",Analyze,Answer: Analyze,Analyze
Execute and analyse algorithms for solving various graph optimisation problems.,Analyze,Answer: Analyze,Analyze
critically reflect on the role of business in contributing to sustainable development innovation and solutions,Analyze,"Answer: Analyze

(Note:",Analyze
Prepare legal arguments by applying an intellectual and practical synthesis of: a thorough understanding of law relevant to complex international disputes; firm grasp of a complex factual scenario; and an appreciation of policy and principles behind development of the law including Human Rights; a thorough understanding of contemporary developments in international law and its professional practice.,Apply,Answer: Evaluate,Evaluate
Apply structural analysis theory to predict performance and reliability of structures under a combination of different loadings.,Apply,Answer: Analyze,Analyze
Identify and discuss select composition materials;,Understand,describe their properties and uses.,Invalid
"devise operational and practical solutions to address gender inequalities, exclusions and differences.",Create,"Answer: Analyze, Apply, Create.",Create
"Demonstrate skills in independent problem-solving and experimental design, and in data collection, analysis and interpretation;",Apply,Answer: Analyze,Analyze
Demonstrate the delivery of complex nursing care and apply appropriate principles of prioritising and time management according to the clinical setting,Apply,Answer: Apply,Apply
"An understanding of the difficulties in fabrication, manipulation, and imaging of components at the micro scale and beyond",Understand,Answer: Analyze,Analyze
analyse the factors that drive organisational transformation,Analyze,Answer: Analyze,Analyze
"Use cognitive, technical and creative skills to generate and evaluate at an abstract level complex ideas and concepts relevant to energy law, regulation and policy.",Apply,Answer: Evaluate,Evaluate
provide an understanding of common statistical methods used in business and economic forecasting,Understand,Answer: Understand,Understand
Examine the notion of 'Burden of Disease' (BoD) as it relates to different communities.,Analyze,Answer: Analyze,Analyze
Be able to explain and respond to theoretical and practical issues raised by clients in commercial mediation and alternative dispute resolution settings,Evaluate,Answer: Analyze,Analyze
extract preproprocessed data and signals using interactive Graphical User Interfacing (IGUI) programming to reconstruct movement models,Analyze,"Answer:
Apply",Apply
"Develop communication materials, utilising digital technologies, that demonstrate capacity for working with a range of media and communities to influence decision-makers and healthy public policy.",Apply,Answer: Create,Create
Apply knowledge of pathophysiology and clinical manifestations associated with specific disorders and disease states across the lifespan,Apply,Answer: Apply,Apply
Outline the breadth of statistical tests and evaluate their applicability to common research methodologies,Evaluate,Answer: Evaluate,Evaluate
Use specific example of cardiovascular physiology to explain how different body systems work together;,Apply,"Answer:
Analyze",Analyze
"inquire into and develop your professional identity as prospective teachers of English language, literature and literacy",Create,"Answer: Analyze, Create",Create
"Explain the functions and controls of the cardiovascular, renal, respiratory, endocrine, reproductive and digestive systems in the human body;",Understand,"Answer:
Understand",Understand
Apply the same principles used in implementing the common data structures to implement other data structures and design and implement new data structures;,Apply,Answer: Apply,Apply
"apply knowledge and understanding of research strategies, research design and research ethics in political studies to the planning and writing of a Honours thesis;",Apply,Answer: Apply.,Apply
Describe techniques used by various theoretical approaches to counselling;,Understand,"Answer:
Understand",Understand
Analyse the results of single subject experiments to identify functional relations,Analyze,Answer: Analyze,Analyze
Developed the ability to communicate in both oral and written formats about this issue;,Create,Explained the importance of the issue to a variety of,Invalid
"critically understand the principles of curriculum design, the content of current senior physics curricula and the pedagogy of physics education",Understand,Answer: Analyze,Analyze
"Understand and appraise the manner with which the law has evolved and adapted in its application to sport's 'specificity' (its unique social, cultural and political standing, need for 'competitive balance' and 'culture of risk');",Understand,Answer: Analyze,Analyze
Identify a range of critical perspectives onto the history of Australian art;,Remember,Answer: Analyze,Analyze
Write well-structured essays,Create,"Answer:
Analyze",Analyze
Appraise the framework used to undertake urban transport planning and its capacity to deliver sustainable transport outcomes,Evaluate,Answer: Evaluate,Evaluate
"Demonstrate knowledge and understanding of the concepts, substance and structure of the mathematical content underpinning statistics and probability in the primary school curriculum",Understand,Answer: Understand,Understand
Strategically apply feedback to improve capabilities and performance of tasks.,Apply,"Answer:
Evaluate",Evaluate
Undertake a critical analysis of the research literature in response to the proposed research question;,Analyze,Answer: Analyze,Analyze
"demonstrate the link between environmental problems and the economic concepts of property rights, externalities and non-excludability",Apply,Answer: Analyze,Analyze
"communicate complex ideas in both spoken and written forms, drawing on advanced linguistic ability and consolidating the language skills already acquired in Chinese Advanced 3;",Create,"Answer:
Create",Create
Explain the mechanisms that enable cells to move in response to external stimuli;,Understand,"Answer:
Apply

(Note: This",Apply
critically reflect upon and evaluate the effectiveness of implemented plans and utilise informed approaches to refine and improve planning for learning.,Evaluate,Answer: Evaluate,Evaluate
"Demonstrate the integration of theoretical knowledge of anatomy, physiology and ultrasound instrumentation in abdominal ultrasound scanning to a beginner sonographer level.",Apply,"Answer:
Apply",Apply
Appreciate the engineering principles of the resources sector and their contributions to global economic and social development,Understand,"Answer:
Analyze",Analyze
Demonstrate knowledge and aptitude in documenting client assessments and recording details of the engagement demonstrating the AASW Code of Ethics and common agency protocols,Apply,"Answer:
Apply",Apply
apply professional ethics standards for media and communications research.,Apply,Answer: Apply,Apply
Describe the application of composite materials in modern industries and explain the advantages of applying composite materials in structures.,Understand,"Answer:
Apply, Explain",Apply
"Appraise medico-legal principles and reflect on their application to clinical practice, describing how the system of health care is regulated in Australia;",Analyze,Answer: Evaluate,Evaluate
Use archaeological and historical data to present a detailed analytical discussion of a specific research question.,Apply,Answer: Analyze,Analyze
Predict and optimise the delay in multiple paths of a VLSI design.,Evaluate,"Answer:
Analyze

(Note:",Analyze
Propose a method to test hypotheses relevant to the science question.,Create,Answer: Analyze,Analyze
"evaluate the contribution of the fields of philosophy, politics and economics to solving local and global dilemmas;",Evaluate,Answer: Evaluate,Evaluate
"Demonstrate advanced skills in interpreting civil liability legislation, tort law cases, academic commentary and law reform materials and applying them to evaluate complex and novel tort law issues;",Understand,Answer: Evaluate,Evaluate
produce an assessable research project in a format consistent with the specifications of the Publication Manual of the American Psychological Association (APA),Create,"Answer:
Evaluate

Justification:",Evaluate
Investigate and analyse the barriers and enablers to implementing quality care as described in the ‚ÄòRespectful Maternity Care' charter;,Analyze,Analysis.,Invalid
"understand the general principles, advantages and disadvantages underlying the most common modelling techniques used in materials science and engineering and the time and length scale at which they are applicable",Understand,Answer: Analyze,Analyze
Work both individually and collectively with staff and fellow students on the synthesis of mathematical knowledge and the application of mathematical skills to problem solving.,Create,"Answer: Apply, Analyze",Analyze
"Demonstrate understanding of the relationship between jurisprudential models and ADR, as well as intercultural aspects of mediation by applying these independently in a range of relevant contexts.",Understand,Answer: Analyze and Apply.,Analyze
Analyse the specific cultural environment in which that language is deployed;,Analyze,Answer: Analyze,Analyze
"acquire an understanding of climate change mitigation with respect to political, environmental, regulatory and economic impacts on business in the Australian and global context",Understand,Answer: Analyze,Analyze
"Identify ways design contributes critically, ethically and responsibly to the preservation and promotion of culture and heritage in the Galleries, Libraries, Archives and Museums (GLAM) sector;",Remember,Answer: Analyze,Analyze
"This unit contributes to the making of responsible and effective global citizens who: + engage in an internationalised world, + exhibit cross-cultural competence, and + demonstrate ethical values. (Cf. Monash Graduate Attributes). Having a basic grasp of the world's religions is part of cross-cultural competence (and is a basic requirement for responsible and effective global citizens). And the development of tolerance of diverse religious beliefs is a basic component of ethical maturity.",Apply,(Note: This is a real learning outcome from Mon,Invalid
"demonstrate critical knowledge and understanding of the concepts, substance and structure of thecontent and teaching strategies of the Technologies teaching area",Understand,Answer: Analyze,Analyze
"Understand the tensorial development of the governing conservation equations for aerodynamics problems,",Understand,and apply the resulting equations to analyze the flow around a wing,Analyze
"Critically analyse the main instruments of European human rights law, especially the European Convention of Human Rights;",Analyze,Answer: Analyze,Analyze
"develop the skills to present an area of research in the discipline of econometrics or statistics in a non-technical manner, both written and oral",Create,"Answer:
Communicate

This learning",Invalid
demonstrate the ability to use reflective thinking with respect to the development of employment skills,Apply,Answer: Analyze,Analyze
Understand the uses and limitations of basic illustration materials on both traditional and experimental levels;,Understand,be able to identify the advantages and disadvantages of each,Invalid
"Research, interpret and apply property law principles to generate appropriate responses to problem scenarios and legal issues",Apply,"Answer:
Analyze",Analyze
Identify bottlenecks and other factors that set operational constraints and apply strategies that offer solutions to optimise the production system;,Apply,"Answer:
Apply",Apply
An understanding of event marketing and communication techniques and the implications of contemporary digital technologies;,Understand,Answer: Understand.,Understand
Identify and assess a range of writing structures and techniques;,Understand,select and apply the most effective structures and techniques for a given,Apply
"Plan a community work intervention in ways that consider common community development challenges, such as social exclusion, poverty and geographical disadvantage.",Create,Answer: Analyze,Analyze
The ability to use these approaches to analyse a variety of areas in which sexuality is experienced in social life.,Analyze,Answer: Analyze,Analyze
"Develop, implement and evaluate injury prevention programs and frameworks for countermeasure development;",Evaluate,Answer: Evaluate,Evaluate
Develop skills in theoretical and computational physics that are fundamental to the study of contemporary physics.,Apply,"Answer: Apply, Analyze, Evaluate",Evaluate
"Demonstrate appropriate professional, inter-professional and teamwork behaviours within the community and primary health care settings;",Apply,Answer: Apply.,Apply
Recognise the importance of a team-based approach to the development of web-based applications.,Remember,"Answer:
Apply",Apply
To appreciate the development of the international discourse around human rights and genocide prevention,Understand,Answer: Analyze,Analyze
critically analyse the development of leadership in relation to research outcomes and practical applications.,Analyze,Answer: Analyze,Analyze
Demonstrate sophisticated cognitive and creative skills in approaching legal and ethical issues and generating appropriate responses and developing new understandings;,Understand,Answer: Evaluate.,Evaluate
"Apply prior knowledge of core concepts in nutrition, behaviour and health, counselling technique and nutrition education in real-life setting.",Apply,Answer: Apply,Apply
"Demonstrate the ability to source, evaluate and use information from a range of sources to critically analyse socially relevant drug controversies;",Analyze,Answer: Analyze,Analyze
organise core problems and applications in NLP;,Create,"describe the main differences between them;
summarise",Invalid
Have a good understanding of key aspects of the regulatory framework of the Australian health system;,Understand,Answer: Understand,Understand
Evaluate how altered structure and/or function of these body systems may lead to disease;,Evaluate,Answer: Evaluate,Evaluate
"begin to develop your learners' study, career, leisure and life skills through the knowledge, skills, values, attitudes and behaviours associated specifically with the study of history",Apply,"Answer:
Apply

(Note: This",Apply
"demonstrate autonomous, collaborative and active research and professional skills to generate and communicate international business strategy knowledge, skills and ideas to others.",Apply,"Answer: Evaluate

Explanation:",Evaluate
Compare and utilise methods and tactics involved in architecture culture;,Apply,analyse the historical and contemporary significance of architectural movements and,Invalid
implement counter-anti-security technologies to combat the anti-security techniques deployed by attackers.,Apply,Answer: Evaluate,Evaluate
"Ability to write process notes, report and refer problems experienced by the child client;",Create,Ability to identify and document the child's strengths and,Invalid
"Communicate in ways that are effective, appropriate and persuasive with submit-ting authors, reviewers, Faculty advisors and members of the student editorial committee. [TLO5]",Create,"Answer:
Evaluate",Evaluate
"Medical Surgical Nursing Perform and document a thorough complex patient health assessment utilising the head to toe systematic approach on a range of patients.Demonstrate an advanced knowledge of the typical human anatomy and physiology.\nDifferentiate the underlying pathophysiological process, aetiology and clinical manifestations related to a range of different disease presentations.\nDiscuss any relevant Monash Health policies and procedures in relation to patient care and assessment.\nUtilise assessment data and patient disease manifestations in patient centred care.\nImplement appropriate nursing plans and interventions related to the management of the medical surgical patients utilising evidence based practice.\nDemonstrate effective communication, increased professionalism and clinical leadership within their clinical environment.\nExplore and evaluate the clinical application of nursing research to the management of medical surgical patients.\nArticulate and demonstrate the principles used to manage a medical emergency.",Apply,"Answer:
Apply, Analyze, Eval",Analyze
develop the required abilities to read and develop financial statements and to use this capability to inform strategic and operational decision-making,Create,"Answer:
Analyze",Analyze
Execute a final project with a degree of independence and accountability relating to an internship.,Apply,"Answer:
Evaluate",Evaluate
Build your own teaching philosophy to demonstrate applied understandings and approaches to your own teaching practice.,Apply,"Answer:
Analyze
Evaluate
Create",Create
Demonstrate familiarity with positive psychology measures;,Apply,"describe the purpose, reliability, and validity of",Invalid
To understand the building blocks of human musculo-skeletal biomechanics.,Understand,Answer: Understand,Understand
"Critically evaluate concepts of mental illness and recovery using dimensions such as gender, class, diversity and spirituality.",Evaluate,Answer: Evaluate,Evaluate
To be able to recognise an additional 500 Chinese characters (900 in total) .,Remember,Answer: Remember,Remember
Conduct research in designs law based on knowledge of appropriate research principles and methods,Apply,"Answer:
Analyze",Analyze
analyse the concept of globalisation and its impact on businesses worldwide,Analyze,Answer: Analyze,Analyze
Understand the relationship of various software applications for electronic publishing to the design and production of printed material;,Understand,Answer: Understand,Understand
Formulate a research project;,Create,"Identify the research question;
Determine the methodology",Invalid
demonstrate the role of Human Resource Management in achieving organisational objectives,Apply,"Answer:
Analyze",Analyze
explain and evaluate the influence of key contextual variables on a business' strategy,Evaluate,Answer: Evaluate,Evaluate
Apply technical and legal knowledge to analyse the way in which future technological directions may develop and how these should be regulated by law.,Apply,Answer: Analyze,Analyze
"Demonstrate mastery of all presentation skills: verbal, graphic and 3-dimensional;",Apply,create a presentation that effectively conveys complex information to a diverse,Create
"Show technical skill in designing, conducting and reporting on an independent research project",Apply,"Answer: Evaluate

(Note: This",Evaluate
Construct applications using VBA as the language for enhancing the appearance and usability of spreadsheet and database systems.,Create,Answer: Apply,Apply
Critically reflect upon practical social innovation challenges within different cultural contexts;,Analyze,Answer: Analyze,Analyze
Critically evaluate controversial nutrition issues in local and international settings.,Evaluate,Answer: Evaluate,Evaluate
"accurately read, understand and interpret a range of data commonly found within educational settings",Understand,"Answer:
Understand",Understand
describe the legal framework that regulates the relationship between employer and employee in Malaysia and Australia,Understand,"Answer:
Analyze",Analyze
"Integrate knowledge in the identification, description, analysis and solution of a research problem in the field of human nutrition.",Create,Answer: Analyze,Analyze
"explain and calculate income tax (including CGT), GST and FBT.",Understand,"Answer:
Apply",Apply
Develop and implement a publication strategy;,Create,"Create a marketing plan;
Design and produce promotional materials",Create
identify effective teaching strategies and resources for learning,Remember,"Answer:
Apply",Apply
Identify and describe different illness behaviours including those impacting on medicine use,Understand,Answer: Analyze,Analyze
understand a range of learning approaches applied as pedagogy to foster children's scientific and technological skills and knowledge development.,Understand,Answer: Analyze,Analyze
acquire an understanding of the grand theories that strive to explain business globalisation and the rules that govern this process,Understand,Answer: Understand,Understand
Demonstrate a critical approach to the analysis of bibliographic and other empirical sources;,Apply,"evaluate the credibility, reliability, and validity",Evaluate
Apply theoretical methods in the creation of a piece of theatre;,Apply,"Answer:
Apply",Apply
demonstrate knowledge and understanding of research into how students learn science and the implications for science teaching,Understand,Answer: Understand,Understand
critically evaluate research and commentary on approaches and models for leading cultural shifts in mathematics teaching and learning,Evaluate,Answer: Evaluate,Evaluate
Explain the clinical reasoning processes used in occupational therapy;Themeslabel Fundamental knowledge for the Health Sciences,Understand,Answer: Understand,Understand
Explain the characteristics of radiopharmaceuticals used diagnostic imaging and for therapeutic purposes;,Understand,Answer: Understand.,Understand
Recognise and interpret the process occurring between child and clinician and analyse the data this provides;,Analyze,Answer: Analyze,Analyze
describe and differentiate major lifespan theories,Understand,Answer: Analyze,Analyze
examine different forms of documentation of children's play with the purpose of identifying their strengths and challenges,Remember,Answer: Analyze,Analyze
Distinguish the application of Clinical Forensic Medical services and apply them to the Australian Criminal Justice and Coronial legal systems.,Apply,Answer: Apply,Apply
demonstrate the ability to manage a consulting client relationship,Apply,"Answer:
Evaluate",Evaluate
"identify and critically reflect on the values, ethics and political dimensions of all curricula and assessment practices",Understand,Answer: Evaluate,Evaluate
Develop and document evidence of the impact of your teaching practice on the learning outcomes of the students you teach,Create,"Answer:
Evaluate",Evaluate
Have developed the capacity to reflect on the implications between personal attitudes and views and broader patterns of culture and discourse.,Analyze,Answer: Analyze,Analyze
"Compare and contrast the way political parties deal with social policy issues, and evaluate the key trends and philosophies underlying the positions of major Australian political parties",Evaluate,Answer: Evaluate,Evaluate
"Describe the impact of brine geochemistry on geothermal systems, its role in resource classification, scale and corrosion, and mineral co-production.",Understand,Answer: Analyze,Analyze
"Explain how value can be added to the data in any information management system with geocodes, by implementing digital spatial data analysis;",Understand,Answer: Analyze,Analyze
"Analyse factors relevant to managing small to medium-sized projects for in-house or contract software development, software outsourcing, package acquisition and implementation;",Analyze,Label: Analyze,Analyze
Demonstrate language proficiency equivalent to Common European Framework of Reference (CEFR) level A2-.,Apply,Answer: Remember/Understand.,Understand
"Identify differences in thermodynamic properties using equations of state, charts, andtabulated data.",Analyze,"Answer:
Analyze",Analyze
"Develop and document a project plan including key milestones, deliverables and timelines.",Create,"Answer:
Create",Create
Address an open-ended problem by designing a solution and validate the solution using lab-scale equipment.,Understand,Answer: Create and Evaluate.,Create
"appraise the strength and limitations of situational, social and developmental crime prevention strategies;",Evaluate,"Answer:
Evaluate",Evaluate
"identify and analyse taxation law issues relating to the workplace covering employers, employees and contractors including salary packaging and FBT, PAYG Withholding, superannuation and termination payments",Analyze,Answer: Analyze,Analyze
"Predict the physiological and clinical consequences of molecular, cellular and organ dysfunction",Evaluate,Answer: Analyze,Analyze
design and conduct research into the field of geography education,Create,"Answer: Evaluate, Analyze, Create",Create
"Describe more advanced algorithms in areas such as: graph theory (shortest path etc), pattern searching, data compression (precise selection of advanced algorithms will vary from year to year);",Understand,Answer: Analyze,Analyze
complete a research project using sources in Indonesian.,Apply,"Answer:
Analyze",Analyze
Identify personal clinical leadership goals;,Remember,"Develop a plan to achieve these goals;
Implement",Invalid
"Explain the structure and function of the human body at cellular, organ, system and whole body levels.",Understand,"Answer:
Analyze",Analyze
Describe and critique the principles and practice of traffic management.,Evaluate,Answer: Analyze and Evaluate.,Evaluate
"Apply a range of theoretical approaches such as transnationalism, intermediality, digital aesthetics, media archaeology and realism to a wide range of digital and internet media;",Apply,Answer: Apply,Apply
explain the main determinants of a country's trade,Understand,"Answer:
Analyze",Analyze
Assess the performance of bioreactors and troubleshoot operational problems,Evaluate,Answer: Evaluate,Evaluate
identify and assess the different meanings and limitations of regulation and regulatory factors in different contexts,Understand,Answer: Analyze,Analyze
"Engage with clients to provide a broad applied knowledge of the various substantive laws relating to entrepreneurial activities and businesses, including commercial law and how it impacts entrepreneurial activities and plans",Create,"Answer:
Apply",Apply
Appreciate the broad range of techniques used by archaeologists to infer behaviour from Aboriginal and Torres Strait Islander cultural sites and material culture.,Understand,Answer: Analyze,Analyze
describe the components and importance of successful performance management andsupervision (and the risks of ineffective performance management) in the professional practice ofapplied behaviour analysis,Understand,Answer: Analyze,Analyze
understand and implement likelihood-based hypothesis testing and quasi-maximum likelihood inference,Understand,"Answer:
Analyze",Analyze
"Articulate contemporary developments in the law and practice of ""sports law"" as well as an insight into the future direction of the law;",Understand,Answer: Analyze/Evaluate,Evaluate
Analyse operational considerations of the Smart Grid,Analyze,Answer: Analyze,Analyze
Determine the impact of working with the disturbed child including the disturbed child in special situations and advance an  understanding of the child and the therapeutic process.,Evaluate,Answer: Analyze,Analyze
"Demonstrate satisfactory progress in the planning, implementation and reporting of their research;",Apply,"Answer:
Evaluate",Evaluate
Demonstrate an ability to conduct research and develop a critical argument in a manner appropriate to second year study;,Apply,Answer: Analyze,Analyze
Explain the pathological processes and causes underlying clinical signs and symptoms for specified illnesses and conditions.,Understand,Answer: Analyze,Analyze
Identify when further expertise is required to measures and/or control workplace hazards.,Remember,"Answer:
Analyze",Analyze
Propose design solutions to mitigate vibration responses to acceptable limits.,Create,Answer: Evaluate,Evaluate
Conduct research on new materials and construction appropriate for concept;,Apply,"design, build, and test a prototype;
and document",Invalid
"Explain how behaviour can be influenced by genetic makeup, environmental and social factors and drugs",Understand,Answer: Analyze,Analyze
demonstrate and apply knowledge and understanding to curriculum and lesson planning,Understand,Answer: Apply,Apply
"Integrate advanced knowledge, problem solving and current best evidence in formulating wound management plans.",Create,Answer: Evaluate,Evaluate
Be able to demonstrate a mastery of reading and writing Yiddish script.,Apply,"Answer: Remember, Understand, Apply, An",Apply
Demonstrate practical legal skills as appropriate to the clinical placement undertaken.,Apply,Answer: Apply,Apply
"Develop skills to process regional geophysical datasets, develop strategies to interpret geology from regional aeromagnetic and gravity data, integrate geological data into the geophysical interpretation, practical experience in geophysical interpretation and best practices in modeling geophysical data.",Create,"Answer:
Analyze
Evaluate
Create",Create
Critically appraise the application and effectiveness of current regenerative medicine approaches in the treatment of specific human diseases,Evaluate,"Answer: Analyze

(Note:",Analyze
"Recommend intervention goals and strategies based on such factors as client preferences, supporting environments, risks, constraints, and social validity",Create,Answer: Analyze,Analyze
Present and communicate results of others and one's own experimentations in a scientific form.,Create,"Answer:
Present or Communicate = Apply",Apply
synthesise a complex business situation and develop recommendations,Create,Answer: Evaluate/Create,Create
Utilise evidence based practice in the management of complex wounds.,Apply,"Answer:
Analyze",Analyze
"Appraise and reflect on issues associated with the implementation, quality assurance and evaluation of ART.",Analyze,Answer: Evaluate,Evaluate
Demonstrate the ability to identify and manage selected emergencies in a simulated setting,Apply,Answer: Apply,Apply
"demonstrate appropriate communication, collaboration, cooperation and related skills required to work effectively in team environments.",Apply,"Answer:
Collaborate

(Note",Invalid
apply analytical skills developed through an analysis of continuing change in the labour market and labour market policy.,Apply,Answer: Analyze,Analyze
Determine steel and timber members considering strength and serviceability needs.,Apply,"Answer:
Analyze",Analyze
Create drawings in a variety of scales and media;,Create,evaluate the effectiveness of different drawing techniques for conveying mood,Evaluate
review market failures and consider the potential for solving these failures in the collective or political setting,Understand,Answer: Analyze,Analyze
Critically evaluate the clinical management principles of the acutely deteriorating patient,Evaluate,Answer: Evaluate,Evaluate
Determine the relationship between structure and metamorphic assemblages;,Understand,Answer: Analyze,Analyze
"demonstrate advanced understanding and application of operations and logistics theory, challenges, methods, tools and frameworks",Understand,"Answer:
Apply

(Note: This",Apply
Explain the role of the consumer and carers in mental health care,Understand,Answer: Understand,Understand
"appreciate the challenges and issues facing young people as they navigate complex transitions through schooling levels, from school to work, tertiary education and adulthood",Understand,Answer: Analyze,Analyze
examine the liability of foreignness and the impact of different modes of foreign operations on firms' effectiveness in emerging markets,Analyze,Answer: Analyze,Analyze
Self-edit and revise writing in an academic context.,Create,"Answer:
Evaluate",Evaluate
Evaluate the performance of the system in order to mitigate or eliminate potential weaknesses in an engineered system,Evaluate,Answer: Evaluate,Evaluate
appraise the characteristics of a range of passenger and freight modes,Evaluate,Answer: Analyze,Analyze
Reflect on their communication and counselling skills with respect to the provision of medicines used for endocrine and renal conditions,Analyze,Answer: Analyze,Analyze
Use a variety of techniques to enhance working co-operatively and managing conflict as part of a team;,Apply,Answer: Apply.,Apply
"Investigate, analyse and synthesise complex information, problems, concepts and theories in relation to expert evidence and social science research in a range of topics in family law decision making under the Family Law Act 1975 (Cth);",Analyze,Answer: Analyze,Analyze
"Work independently and collaboratively in learning and production processes, including online forums, to produce print and online journalism;",Apply,"Answer:
Collaborate

Explan",Invalid
"Demonstrate ethical behaviour, professional practice and initiative in research;",Apply,Answer: Apply.,Apply
Perform in a chosen/approved music ensemble with a critical awareness of the various roles involved;,Apply,Answer: Analyze,Analyze
Identify the unique aspects of infectious disease epidemiology and their practical relevance;,Remember,"Answer:
Analyze",Analyze
calculate the arithmetic and geometric sequences and series and apply them in financial mathematics.,Apply,"Answer:
Apply",Apply
"Apply scholarly principles of referencing, quoting, paraphrasing;",Apply,present a well-structured and cohesive academic essay,Invalid
Analyse the operation of micro and nanodevices.,Analyze,Answer: Analyze,Analyze
"Critically reflect upon multi-disciplinary radiation therapy practice and identify on-going professional development needs with respect to planning, treatment and patient management;",Remember,Answer: Evaluate,Evaluate
"Describe the role of health care services in maintaining health and in monitoring, managing and preventing disease.",Understand,"Answer:
Analyze",Analyze
"apply knowledge to evaluate how certain technologies might best address particular business needs, distinguishing between competing options by assessing the legal, ethical and regulatory issues that each alternative presents.",Apply,Answer: Evaluate,Evaluate
"Communicated arts based research through clear presentation, proficient and appropriate writing, cohesive and selective use of images.",Create,"Answer:
Present/Create

(Note",Create
"Apply a variety of expert algorithms for different algebraic objects, in particular, groups",Apply,Answer: Apply,Apply
Demonstrate competence in laboratory procedures for handling and processing microbiological specimens.,Apply,"Answer:
Apply",Apply
identify important pedagogical strategies in visual art and design (including those that incorporate ICTs) that meet the needs of a diverse range of students,Remember,Answer: Analyze,Analyze
Critique the work of peers in a professional manner,Evaluate,Answer: Evaluate,Evaluate
Communicate knowledge in oral and written form for specialist and non-specialist audiences,Create,"Answer:
Communicate knowledge in oral and",Invalid
"Demonstrate the ability to execute pharmacological experiments to obtain, analyse and interpret data and present this in a written report;",Analyze,"Answer: Analyze, Apply, Create.",Create
"Complete a statistical analysis on probability distributions, time series, and multi-variate data.",Analyze,Answer: Analyze,Analyze
Critically analyse complex information relevant to an advanced specialist domain and identify information requirements interpreting how they may be of benefit to an organisation or a community;,Analyze,Answer: Analyze,Analyze
Understanding and critical evaluation of the development and operation of the Environmental Impact Assessment process both nationally and internationally;,Understand,"Answer:
Evaluate",Evaluate
Appreciate that numeracy learning occurs in multiple contexts and in multiple ways,Understand,Answer: Understand,Understand
"Critically reflect on key principles, philosophies and approaches that underpin the care of patients requiring acute or persistent pain management, oncology, palliative and end of life care;",Analyze,Answer: Analyze,Analyze
"analyse the impact of broader structures, contexts and cultures upon young people's lived experiences and broader issues of justice;",Analyze,Answer: Analyze,Analyze
Critique competing policy options;,Evaluate,Provide recommendations for the best policy option based on analysis of,Invalid
"Critically evaluate, analyse and discuss various orchestration techniques from written score and audio media;",Analyze,"Answer: Analyze, Evaluate",Evaluate
critically engage with recent debates and developments in language testing research and practice,Evaluate,Answer: Analyze,Analyze
"Appreciate the role, limitations and complexity of using research evidence to improve practice and develop policy",Understand,Answer: Analyze,Analyze
Discuss ways in which under-nutrition and over-nutrition contribute to the global burden of disease;,Understand,Answer: Analyze,Analyze
Demonstrate broad knowledge of assessment and evaluation strategies that can be used to evaluate teaching programs to improve student learning,Apply,Answer: Analyze,Analyze
"Demonstrate an understanding of the concept of intertextuality in film and television studies and its relation to genre through the categories of quotation, allusion, translation and adaptation;",Understand,Answer: Analyze,Analyze
Demonstrate the planning and implementation of care for a patient experiencing a respiratory emergency and accurately document and communicate the care provided.,Apply,Answer: Apply,Apply
"Demonstrate an understanding of the historical, ethnic and religious diversity of the Middle East upon which contemporary political complexity is based.",Understand,Answer: Understand,Understand
"Describe the epidemiology and clinical aspects of disease state management for endocrine and renal conditions, including primary and secondary prevention strategies",Understand,Answer: Analyze,Analyze
Design products to a high standard of technical and aesthetic performance;,Create,evaluate the effectiveness of their designs against a set of criteria,Evaluate
"Present, analyse and interpret experimental data.",Analyze,Answer: Analyze,Analyze
Contrast leadership styles and discuss the effectiveness and appropriateness of each in specific settings.,Analyze,Answer: Analyze,Analyze
Perform routine transabdominal and transvaginal scanning of the female pelvis and routine sonographic examinations of the scrotum safely and to a standard and ethical conduct expected of a competent sonographer;,Analyze,"Answer:
Apply",Apply
"Tailor knowledge and skills to effectively assess patient needs, including selection of relevant measures of health indicators and outcomes.",Evaluate,Answer: Analyze,Analyze
Identify and evaluate the issues which arise in working with adolescents in therapeutic contexts;,Understand,Answer: Evaluate,Evaluate
"Identify, synthesise and apply knowledge of key concepts relating to international investment law",Remember,"Answer:
Apply",Apply
"examine the role of communication in management, particularly in leadership, decision making, conflict resolution, creativity and problem-solving",Analyze,Answer: Analyze,Analyze
Develop an appreciation of appropriate professional behaviour in a number of potentially complex situations.,Create,Answer: Evaluate,Evaluate
Critique transnational legal practice from the perspective of ethics and accountability,Evaluate,"Answer:
Evaluate",Evaluate
Determine confidence intervals;,Remember,calculate the mean and standard deviation of a dataset;,Invalid
"Recognise and demonstrate respect for indigenous knowledge, culture, and values and their relationship to contemporary curatorial practice;",Apply,"Answer:
Respect

Explanation",Invalid
Evaluate a range of local and international disease aetiologies and epidemiologies that impact on a community setting and the role pre-hospital professionals play in addressing these diseases.,Evaluate,Answer: Evaluate,Evaluate
Conduct regular self-assessment and peer-assessment of individual and team performance as a primary means of tracking continuing professional development.,Evaluate,"Answer:
Evaluate",Evaluate
Construct communication design solutions utilising the media and processes expected in your specialisation;,Create,Answer: Create,Create
Identify the special needs of people from an indigenous and culturally diverse backgrounds,Remember,"Answer:
Analyze",Analyze
Critically reflect on their ability to work in groups and engage in a leadership role,Analyze,"Answer: Analyze
Evaluate",Evaluate
identify and understand significant issues that surround effective teaching and learning in music and communicate these understandings as a clear and coherent exposition of knowledge and ideas to a wider audience,Understand,Answer: Analyze,Analyze
"critically evaluate the effect, direct or indirect, of accounting issues, practices and policies on organisational performance",Evaluate,Answer: Evaluate,Evaluate
"Generate models of chemical and biological processes respecting conservation laws, apply suitable constraints and constitutive relations and determine an appropriate solution algorithm.",Apply,"Answer:
Analyze

Explanation",Analyze
"Articulate their learning in respectful, culturally appropriate and sensitive ways.",Understand,"Answer:
Communicate

Explan",Invalid
Evaluate and select research methods and techniques of data collection and analysis appropriate to a particular project;,Evaluate,Answer: Evaluate.,Evaluate
Understand and articulate what a medium is both conceptually and practically;,Understand,describe the characteristics of a medium and how it is used,Invalid
Demonstrate knowledge of progressive ergonomic analysis;,Apply,describe the process and identify the stages.,Invalid
Demonstrate advanced scientific writing skills.,Understand,"Answer:
Evaluate",Evaluate
critically examine the impact of contemporary issues and policy on the development of curriculum and pedagogy in outdoor and environmental studies,Analyze,Answer: Analyze,Analyze
develop an understanding of the framework within which bank lending decisions are made,Understand,Answer: Understand,Understand
select and apply quantitative modelling concepts to problems arising from business,Apply,Answer: Apply,Apply
Explain how observational data may be exploited to infer the physical properties of cosmic objects.,Understand,Answer: Analyze,Analyze
"Compare and contrast how macromolecules (lipids, carbohydrates, proteins, DNA) contribute to cell structure and function",Evaluate,Answer: Analyze,Analyze
Draw on learning in the unit to articulate the transferable skill acquired in expressing physical ideas symbolically and using mathematical logic to gain useful insight.,Apply,Answer: Analyze,Analyze
Derive the structural chemistry of transition metal complexes using various analytical techniques;,Apply,Answer: Analyze,Analyze
Demonstrate a clear and coherent exposition of the knowledge you have gained in written and oral forms,Apply,"Answer: Analyze, Evaluate",Evaluate
Critically evaluate policy reports and articles;,Evaluate,"identify strengths and weaknesses;
make recommendations for improvement",Invalid
Effectively and appropriately contribute to case discussions regarding formulation and diagnoses and reflect upon and evaluate own and others' assessment/clinical interviewing skills,Understand,Answer: Evaluate,Evaluate
"Investigate the foods, food ingredients and historical influences on eating patterns found in Malaysia and other parts of the world.",Analyze,Answer: Analyze,Analyze
"Derive and explain the significance of Rayleigh's inflexion point criterion, Fjortoft's theorem and Squire's theorem.",Understand,Answer: Analyze,Analyze
explain and appropriately use discipline-specific technical terms and notation conventions introduced in the unit;,Understand,Answer: Understand.,Understand
Apply advanced knowledge of how the major regulatory bodies [e.g. TGA (Therapeutic Goods Administration); FDA (Food & Drug Administration); CTN (Clinical Trial Notification Scheme)] deal with specific innovations in the biotech / medtech sectors;,Apply,"Answer:
Apply",Apply
Apply electronic and mechanical principles in design projects;,Apply,Answer: Apply,Apply
"use curriculum, assessment and reporting knowledge associated with the Technologies learning area to design learning sequences and lesson plans",Apply,"Answer:
Analyze",Analyze
Contextualise the historical representation of the figure in western art and consider the role and influence of the genre in the context of contemporary culture;,Apply,Answer: Analyze,Analyze
analyse and evaluate how trust and tolerance can help economic development.,Analyze,Answer: Evaluate,Evaluate
Prove the correctness of programs and reason about their space and time complexities.,Evaluate,"Answer:
Analyze",Analyze
understand and be able to explain the various goals of remedies,Understand,Answer: Understand,Understand
"Extract and formulate legal propositions from judicial decisions, and assess their scope, legal validity and weight",Analyze,Answer: Analyze,Analyze
"Manipulate sets, relations, functions and their associated concepts, and apply these to solve problems in mathematics and computer science;",Apply,"Answer:
Apply",Apply
identify the types of Islamic banking facilities,Remember,"Answer:
Apply",Apply
"Demonstrate midwifery competency based upon the Nursing and Midwifery Board of Australia (NMBA) Midwife standards for practice and Code of conduct for midwives, and the International Confederation of Midwives (ICM) Code of ethics for midwives.",Apply,"Answer:
Evaluate",Evaluate
appreciate the important role and impact of taxation law in structuring common commercial transactions;,Understand,Answer: Understand.,Understand
Evaluate the role of the policy making process.,Evaluate,Answer: Evaluate,Evaluate
"develop the theoretical and empirical tools to understand the labour market effects of a range of policies and economic changes. Example of such policies or economic changes include, but are not limited to: minimum wage laws, technological changes, welfare programs, educational and on-the-job training programs, affirmative actions",Apply,Answer: Analyze,Analyze
Identify and articulate some of the many social origins of demographic trends,Understand,Answer: Analyze,Analyze
Employ a broad graphic vocabulary and perceptual approaches and representations of the body;,Apply,understand the principles of visual design and the elements of art,Understand
"Demonstrate knowledge and understanding of curriculum (e.g. as enacted, actual, hidden, take-home, contested)",Understand,Answer: Understand,Understand
Critically compared the design constructs of object oriented model and relational model design;,Analyze,Answer: Analyze,Analyze
Display an increasingly personalised artistic expression and sophisticated creative digital media approach which can be applied to self-promotion and publishing strategies for marketing and visual communication;,Apply,Answer: Create,Create
identify and discuss the communicative role of specific digital media and different uses of digital storytelling;,Understand,Answer: Analyze,Analyze
"Demonstrate advanced and integrated knowledge of criminal law and procedure, building upon learning in previous units;",Understand,"analyze and evaluate complex legal issues and arguments;
apply",Evaluate
Critically analyse the implications of medication use across the lifespan;,Analyze,Answer: Analyze,Analyze
"identify, source and utilise relevant academic literature to explain the advantages and challenges associated with applying the Sport Education model in schools",Apply,Answer: Analyze,Analyze
Understand children's learning of different aspects of mathematics through the innovative use of ICTs and their implications for teaching,Understand,Answer: Analyze,Analyze
"Demonstrate good interpersonal skills andpresent in a professional manner. Studentsshould demonstrate the ability to buildrapport and maintain working relationshipswith a range of clients and stakeholders. Verbal and written communication is clear,coherent and well organised.Themeslabel Communication and interpersonal relationships",Apply,"Answer:
Apply",Apply
"Synthesise system analysis, design, and performance evaluation to complete the implementation of a controller on digital hardware.",Create,Answer: Create,Create
Apply the relevant theories of intelligence and appreciate group differences in the testing process;,Apply,Answer: Apply,Apply
"Apply a logical method to the radiographic evaluation of bones, soft tissues and joints of the skeletal system, chest and abdomen.",Apply,Answer: Apply,Apply
"Record, through a fieldwork experience logbook, their field-based learning and self-reflections on their developing knowledge and skills in professional practice.",Create,"Answer:
Reflect

Explanation",Invalid
explain how marketing creates value for an organisation and its stakeholders,Understand,"Answer:
Analyze",Analyze
Apply knowledge of both the historical context of regulatory activities as well as current controversies in regulation with creativity and initiative to new situations in professional practice,Apply,Answer: Analyze and Create,Create
evaluate and weigh information so as to make judgements and arrive at decisions about ethics in business,Evaluate,Answer: Evaluate,Evaluate
"develop problem-solving, negotiation and team-work, presentation, research and writing skills.",Create,"Answer:

Analyze, Apply, Create",Create
Identify problems in teaching adolescents and apply effective teaching strategies to support their learning,Understand,Answer: Apply,Apply
Apply the process of scaling to simplify the governing equations for viscous and inertia dominated flows;,Apply,Answer: Apply,Apply
identify potential interventions based on assessment results and the best available scientificevidence,Remember,"Answer:
Analyze",Analyze
Personal and Professional Development 1. describe ethical and legal issues pertinent to a practicing occupational therapist; 2. demonstrate effective communication and interview skills for practice; Theme,Apply,Answer: Understand,Understand
Describe Aboriginal and Torres Strait Islander healing ways pre-colonisation to the present.,Understand,"Answer:
Analyze",Analyze
understand the basic principles of strategic analysis including solution concepts,Understand,Answer: Understand,Understand
Apply basic parametric and non-parametric statistics;,Apply,"calculate mean, median, mode, standard deviation,",Invalid
"Describe the epidemiology and clinical aspects of the management for acute and chronic pain conditions and dermatological conditions such as acne and dermatitis, minor wounds and burns.",Understand,"Answer:
Apply",Apply
recognise teaching practices that may exclude some students from participating in learning and teaching activities,Remember,Answer: Analyze,Analyze
Competently perform experimental techniques in accordance with ethical and OHS standards to collect scientific data.,Apply,"Answer:
Apply",Apply
"Collaborate constructively with fellow students in learning and discussion processes, including online forums;",Apply,"Answer:
Collaborate = Interact or",Invalid
"Have developed skills in constructing evidence-based arguments using a variety of primary and secondary sources, and demonstrated an ability to reflect critically on what they have learnt;",Apply,Answer: Analyze and Evaluate.,Evaluate
describe the main features of Egyptian culture from the emergence of a unified state to the end of the Middle Kingdom;,Understand,Answer: Understand,Understand
"Conduct, interpret and analyse a laboratory experiment to understand two widely-used surface treatments for the production of surface with useful engineering properties.",Analyze,Answer: Analyze,Analyze
"Explain the competing models of political economy: liberal and neo-classical approaches, Keynesian theories, Marxist and neo-mercantilist approaches;",Understand,Analysis.,Invalid
A stronger understanding of the ethical challenges of disaster response;,Understand,the ability to identify and analyze the ethical dilemmas,Analyze
Identify key performance characteristics of an advanced practice physiotherapist,Remember,Answer: Analyze,Analyze
"Express themselves, both orally and in writing, correctly, fluently and appropriately, on a wide range of topics and in different contexts including situations in which instructions are given or requested, events are retold and chronological information provided, or refused, discourse is reported, described or commented upon, proposals are made and accepted or rejected, discourse has to be structured logically and hypotheses formulated, logical arguments are conveyed, accepted or refuted, information is processed, ideas presented or reported orally, and ideas are presented or reported in writing;",Apply,This learning outcome is related to language proficiency and communication,Invalid
Identify and recognise the role of instrumentation and monitoring in the product design cycle.,Remember,"Answer:
Apply",Apply
"Produce creative digital images with an increased conceptual understanding of representational issues, visual language and communication;",Create,"Answer: Create

(Note: This question",Create
Reflect on the development and implementation of the Monash model of CARE plan and the development of other skills relevant to pharmacy practice.,Analyze,Answer: Analyze,Analyze
Analyse and describe how the ACS Code of Professional Conduct applies to IT professionals in a variety of scenarios. In this context discuss what professional associations are available to IT professionals and why they are important;,Analyze,Answer: Analyze,Analyze
Communicate engineering information effectively in written and oral formats,Create,"Answer:
Communicate engineering information effectively in",Invalid
Understand and be able to analyse and discuss short literary texts (short stories and/or plays) in Spanish;,Analyze,Answer: Analyze,Analyze
categorise and apply selection and combination of techniques and test related measures;,Apply,"Answer:
Apply",Apply
Apply critical thinking to problems in partial differential equations that relate to financial derivatives.,Apply,"Answer:
Apply",Apply
Acknowledge and critically examine the difference between white Australia's representational constructs of Indigenous people and the historic and contemporary realities of Australia's Indigenous peoples'.,Analyze,Answer: Analyze,Analyze
"Explain quality assurance requirements in radiation therapy, reflecting on the impact of implementation of these on radiation therapy service delivery",Understand,Answer: Evaluate,Evaluate
obtain insights about contemporary career and employability theories and concepts,Apply,Answer: Analyze,Analyze
"An ability to discuss particular examples of Asian Cinema and Television texts in ways that show some understanding of generic considerations, cultural differences and historical specificity;",Understand,"Answer:
Analyze",Analyze
"Critically evaluate the formulation, character, objectives and value of events, exhibitions and festivals and their role in the cultural economy - locally, nationally and globally;",Evaluate,Answer: Evaluate,Evaluate
Demonstrate how a given text exemplifies or challenges contemporaneous theories of poetics,Apply,Answer: Analyze,Analyze
Appreciate and develop mathematical proofs and the use of rigorous mathematical arguments;,Understand,Answer: Analyze,Analyze
"Identify, describe and justify the selection of imaging parameters, equipment and transducers, infection control measures and consent protocols for sonographic examinations of the female pelvis and the scrotum;",Remember,Answer: Analyze,Analyze
Accurately interpret statistical methods and results reported in health publications.,Evaluate,Answer: Analyze,Analyze
Explain with nuance the diverse postcolonial situations in New Caledonia;,Understand,Answer: Analyze,Analyze
Develop a comprehensive evaluation plan.,Create,Answer: Evaluate,Evaluate
Implement and manipulate document-store and column-store database systems;,Apply,describe their differences and advantages.,Invalid
Create a detailed research proposal based on a selected research topic within medical imaging which reflects a critical awareness of sound scientific approach including ethical responsibilities;,Create,Answer: Create,Create
"Apply the knowledge and concepts of basic biological, psychological and social science to common and important clinical conditions.",Apply,Answer: Apply,Apply
"Interpret and apply the mathematics of deep learning, such as stochastic optimisation.",Apply,Answer: Apply,Apply
Demonstrate understanding of blockchain technology by responding to emerging legal and economic issues related to the use and application of blockchain in a range of contexts.,Understand,Answer: Analyze,Analyze
Communicate the use of research as a basis for decision-making in health care policy & practice;,Create,"Answer:
Analyze",Analyze
Explain evidence based physiotherapy interventions relevant to the management of the neurological client;,Understand,"Answer:
Analyze",Analyze
describe and critique the principles and practice of traffic management,Evaluate,Answer: Analyze and Evaluate,Evaluate
Conduct research in women's rights with reference to international human rights norms based on knowledge of appropriate research principles and methods,Apply,Answer: Analyze,Analyze
"Analyse compare and evaluate the legal rules that a court in Australia, Canada, the European Union, Malaysia, Singapore, the UK and the US will apply to address these issues;",Analyze,Answer: Analyze,Analyze
Discuss the levels of climate literacy that exist within Australia compared to other nations around the world;,Understand,Answer: Analyze,Analyze
demonstrate a depth and breadth of content mastery and pedagogical skills of relevance to teaching senior secondary health education,Apply,Answer: Evaluate,Evaluate
"Explain the role of the midwife in assessment of foetal and maternal well-being during pregnancy, labour, birth and the puerperium;",Understand,Answer: Understand.,Understand
use consumer behaviour concepts to evaluate and enhance the effectiveness of marketing strategies,Evaluate,Answer: Evaluate,Evaluate
"justify the use of appropriate computer modelling techniques and experimental methods, whilst ensuring model or test applicability, accuracy and limitations of the methods.",Evaluate,Answer: Analyze and Evaluate.,Evaluate
"apply time series techniques of indexing, deflating, and forecasting to business and financial series, and interpreting the results.",Apply,Answer: Apply,Apply
Nominate and explain contemporary media developments or issues that reflect the condition of the public sphere and structure and inform understandings of that concept;,Evaluate,Answer: Analyze,Analyze
Formulate a research question that addresses an evidence gap in the health care literature;,Create,Answer: Analyze,Analyze
"Discuss the way in which DNA is replicated within the cell, the mechanisms for maintaining DNA integrity and the implications of acquiring errors in the DNA sequence.",Understand,Answer: Analyze and Evaluate.,Evaluate
"Use cognitive, technical and creative skills to generate and evaluate at an abstract level complex ideas and concepts relevant the law of anti-discrimination and an ability to apply the law to workplace anti-discrimination problems.",Apply,Answer: Evaluate,Evaluate
"Exercise critical and reflective thinking, and professional communication and judgement skills in the development of and reporting on the media project;",Evaluate,"Answer: Analyze, Evaluate",Evaluate
"explain the political, sociocultural and organisational issues surrounding bi/multilingualism and bi/multilingual education",Understand,Answer: Analyze,Analyze
identify an education-based inquiry question relevant for the leadership of mathematics education,Remember,Answer: Analyze,Analyze
develop an understanding of the retail industry and identify the different retail formats in Australia and abroad,Understand,Answer: Understand,Understand
Critically analyse social and political factors that influence use of medications;,Analyze,Answer: Analyze,Analyze
"describe the key features of the responsible conduct of behaviour analysts, including how toidentify your own scope of competence",Understand,"Answer:
Analyze",Analyze
To acquire familiarity with the basic linguistic features of Chinese business text through discourse analysis,Understand,Answer: Analyze,Analyze
Evaluate the relationship between counselling and broader social issues through group discussion,Understand,Answer: Evaluate,Evaluate
identify unit operations within chemical engineering processes and select suitable equipment for an operation,Remember,"Answer:
Apply",Apply
Formulate strategies to address an identified risk in health care delivery using a continuous quality improvement process,Create,"Answer: Analyze

(Note:",Analyze
Articulate a scientific question from the review of literature;,Understand,Answer: Analyze,Analyze
develop the ability to conduct and manage a planned study,Create,"Answer:
Plan

(Note: This",Invalid
Access and critically analyse sources of scientific information;,Analyze,"evaluate the credibility of sources;
and use this",Evaluate
Demonstrate an advanced level of skill in critical evaluation of previous research and communication of findings to a broad audience.,Apply,Answer: Evaluate,Evaluate
Implement appropriate interprofessional communication strategies when determining x-ray findings.,Apply,Answer: Analyze,Analyze
"Conduct independent research, work collaboratively in teams, and communicate effectively and with cultural sensitivity in written and oral form.",Apply,"Answer:
Evaluate

Justification:",Evaluate
"develop, design and plan resources for particular audiences.",Create,Answer: Create,Create
Assess public health programs addressing health issues at a national and global level including the program's capacity to address health inequities and the appropriateness of design,Evaluate,Answer: Evaluate,Evaluate
Describe and perform calculations associated with fundamental concepts in classical mechanics.,Understand,"Answer:
Apply",Apply
"Provide a fluent, accurate, effective and simultaneous interpretation of a complex speech of up to 15 minutes into the target language;",Evaluate,"Answer:
Interpret

(Note:",Invalid
"Initiate, develop and express personal aesthetic solutions in the medium of glass blowing;",Create,understand the properties of molten glass and the techniques used,Understand
develop a deeper understanding of the difference between theory and practice,Understand,Answer: Understand,Understand
Understand leadership and management in local and international education settings,Understand,Answer: Understand,Understand
Define the mechanisms of inflammation used in a range of immune based diseases of conditions;,Understand,"Answer:
Analyze",Analyze
Examine the inter-sectoral and interdisciplinary systems that comprise good public health and implications for the workforce.,Analyze,Answer: Analyze,Analyze
Discuss the advantages of using a multidisciplinary approach in the care of a patient with a diabetes-related foot wound.,Understand,Answer: Analyze,Analyze
"Describe technical knowledge in the main areas of materials extraction, use and recycling.",Understand,"Answer:
Apply",Apply
Be aware of the impact of contemporary ideology and religious beliefs on the interpretation of the ancient past.,Understand,Answer: Analyze,Analyze
"Demonstrate insight and synthesise knowledge of their own behaviour and mental processes, and apply effective strategies for self-management and self-improvement;",Apply,"Answer:
Analyze

(Note:",Analyze
describe key marketing concepts,Understand,"Answer:
Understand",Understand
Distinguish anatomical features on radiographic images and recognise common radiologic pathologies or traumatic appearances in terms of the clinical question being asked;,Analyze,Answer: Analyze,Analyze
Use the computer algebra system GAP to compute with groups and related structures.,Apply,Answer: Apply,Apply
utilise knowledge regarding literacy support to interpret student reading assessment data,Apply,Answer: Analyze,Analyze
"Identify and describe common healthcare issues in primary care, by demonstrating safe and systematic procedures for the supply of medicines and the provision of professional advice.",Understand,"Answer:
Apply",Apply
"Demonstrate an ability to identify and research a news story, conduct interviews and gather appropriate evidence",Apply,"Answer:
Analyze",Analyze
critically assess the strengths and weaknesses of national culture assessment tools.,Evaluate,Answer: Analyze,Analyze
identify and explain the ways that corporations and their stakeholders are regulated by the law (legislation and case law) in Australia,Remember,Answer: Analyze,Analyze
"Evaluate the evidence-base for management strategies or interventions with children, adolescents and their families presenting with mental health difficulties.",Evaluate,Answer: Evaluate,Evaluate
"Understood the significance of major events for relations between the Muslim Middle East and the West, primarily the United States.",Understand,Answer: Understand,Understand
"understand the random processes such as Random Walk, Brownian Motion and Diffusions and be able to apply them for modelling real life processes and risk models",Apply,"Answer:
Apply",Apply
demonstrate intellectual and creative skills to articulate the diverse ideological character and claims of the modern environment movement and the major lines of contestation in the broader global environmental debate,Apply,Answer: Analyze,Analyze
"Understand how chemical rate analysis is performed, and analyse the kinetics of advanced chemical processes.",Understand,Answer: Analyze,Analyze
Recognise and use industry-standard story documents in writing for both non-fiction and fiction screen-based media;,Remember,Answer: Apply.,Apply
apply a control typology to recommend management control systems suitable for organisations facing different contexts,Apply,Answer: Apply,Apply
"demonstrate in an individual summative assessment task, a comprehensive understanding of the topics covered in the unit. This is demonstrated by the requirement that the student must attain a mark of at least 40% in the final summative assessment task.",Understand,Answer: Understand/Evaluate (depending,Evaluate
Quantitatively describe patterns in populations and communities;,Understand,interpret and apply statistical concepts to real-world situations.,Apply
"identify key critical debates concerning a range of supernatural fantasy works or a range of Dark Heroes, and explain their relevance to course texts;",Remember,Answer: Analyze,Analyze
"Use cognitive, technical and creative skills to generate and evaluate at an abstract level complex ideas and concepts relevant to trade marks and commercial designations",Apply,Answer: Evaluate,Evaluate
"formulate, structure, and present in writing a close analysis of European cultural and creative cities;",Create,Answer: Analyze,Analyze
Develop capacity to provide effective peer feedback.,Create,"Answer:
Analyze

(Note:",Analyze
Initiate a self-motivated of artwork that engages experimental studio processes appropriate to the rationale of a studio program;,Create,Answer: Create,Create
"Proficiently perform biomedical techniques for study at the molecular and cellular level, and conduct research methods applicable to biology, biotechnology and biomedical science.",Apply,"Answer:
Apply, Analyze, Eval",Analyze
Explain the physiological and biochemical processes associated with the digestion and metabolism of food,Understand,"Answer:
Analyze",Analyze
Demonstrate an in depth knowledge of sociological theories in general and applying them to specific sociological topics.,Apply,Answer: Analyze,Analyze
Use the fundamental processes intrinsic to time-based design and motion graphics;,Apply,create a 30-second commercial for a product or,Create
"recommend intervention goals and strategies based on such factors as client preferences, supporting environments, risks, constraints, and social validity",Create,Answer: Analyze,Analyze
Provide a high level explanation of the pathophysiology of injuries.,Evaluate,Answer: Analyze,Analyze
identify and analyse the consumer protection laws and apply those laws to a range of marketing and advertising strategies,Apply,Answer: Analyze and Apply.,Analyze
Describe the development and permit requirement for a mining or renewable energy project;,Understand,"Answer:
Apply",Apply
Understanding of the ways in which performance codes of historicized texts might be translated into the processes of contemporary theatre,Understand,Answer: Analyze,Analyze
understand the relevance of lifespan theory to counselling,Understand,Answer: Analyze,Analyze
demonstrate high-level observational and analytical skills in examining children's learning of science and technology in everyday environments.,Apply,Answer: Analyze,Analyze
"Implement strategies to empower consumers and carers, service providers and community leaders, to determine and set priorities for change, facilitate decision making and advocate service options through the sharing of resources in a mutual educational process.",Apply,"Answer:
Analyze

(Note:",Analyze
Examine legal responsibilities associated with the administration and safe keeping of drugs within paramedic practice;,Analyze,"Answer:
Analyze",Analyze
critically analyse case study situations to create community networks for support and resourcing as identified and investigated to solve problems and make decisions,Analyze,Answer: Analyze and Create,Create
evaluate challenges faced by those in the work place and those seeking employment,Evaluate,Answer: Evaluate,Evaluate
Perform a comprehensive search of the medical literature,Create,"to identify and summarize the most relevant and current
re",Invalid
"Interpret confidence intervals, p-values and sample size and communicate their meaning.",Evaluate,Answer: Analyze,Analyze
Give examples of the applications of recombinant DNA technology in medical and industrial settings;,Understand,"Answer:
Apply",Apply
Understand and compute the convergence properties of infinite series;,Understand,be able to determine the sum of an infinite series.,Invalid
Demonstrate an understanding of the content of a communication strategy;,Understand,Answer: Understand.,Understand
Explain the differences between biological and personal identity.,Understand,Answer: Understand,Understand
"Identify the basic concepts and appraise the theories of Sigmund Freud, Anna Freud and John Bowlby relevant to child development, and in relation to contemporary advances in psychoanalytic and developmental theory",Remember,Answer: Analyze,Analyze
develop familiarity with the mathematical tools and techniques of modern macroeconomic theory,Apply,"Answer:
Understand",Understand
"discuss the key aspects of the Conceptual Framework relating to the definitions and recognition criteria of the elements, as applied to the various spectrum of accounting topics",Understand,Answer: Analyze,Analyze
Write an essay in Japanese on a topic related to Japanese literature/film;,Create,present it to a Japanese audience.,Invalid
Incorporate theories of behaviour change and learning theory in counselling and education skills to support effective dietetic case management.,Create,Answer: Analyze,Analyze
Judge the limitations of these methods;,Evaluate,"compare and contrast their advantages and disadvantages;
select",Invalid
Generate code to complete computer vision programming exercises in programming languages such as C and MatLab.,Create,Answer: Apply,Apply
Describe the factors that cause liquids to spread and adhesives to bond on a variety of surfaces of different structure and surface energy.,Understand,Answer: Analyze,Analyze
discuss the significance of Yiddish as a literary and cultural phenomenon;,Understand,Answer: Analyze,Analyze
Demonstrate appropriate sample size calculation for a study design.,Apply,"Answer:
Analyze",Analyze
Construct construction-standard details and drawings of the design.,Create,Answer: Create,Create
Propose and evaluate strategies to prevent or mitigate environmental change and its impacts on biota.,Evaluate,Answer: Evaluate,Evaluate
analyse a given practical situation in terms of the statutes and common law regarding the various business forms,Analyze,Answer: Analyze,Analyze
Summarise the structures of the cardiovascular and respiratory systems and explain how their integrated functions facilitate transport and maintain homeostasis;,Evaluate,Answer: Analyze,Analyze
"Evaluate and select research methods and techniques of data preparation and analysis appropriate to a particular project, and practice these ethically and professionally;",Evaluate,Answer: Evaluate,Evaluate
demonstrate a systematic and comprehensive knowledge of strategies and form used in popular songwriting;,Apply,"Answer:
Analyze",Analyze
analyse landscape of information organisations in socio-cultural contexts;,Analyze,Answer: Analyze,Analyze
develop skills in self-awareness,Apply,Answer: Understand,Understand
"Assess, plan, implement and evaluate culturally relevant and age specific nursing interventions for patients requiring medical and/or surgical care.",Evaluate,Answer: Evaluate,Evaluate
Demonstrate advanced communication skills and a sophisticated appreciation of negotiation and process management objectives,Apply,Answer: Evaluate,Evaluate
"Research how web search engines and search algorithms are constructed, utilised and deployed;",Analyze,describe the differences between various search engines and their algorithms;,Invalid
Apply self-reflection practices in academic and clinical settings.,Apply,Answer: Apply,Apply
Identify and describe fundamental concepts of network security including common threats and countermeasures;,Understand,Answer: Understand,Understand
"Demonstrate sensitive and appropriate communication at all times when working with children, their parents/carers",Apply,"Answer:
Interact > Communicate > Apply",Apply
"Demonstrate a depth of knowledge ofintervention theories and strategiesincluding their evidence base, and applythese confidently to high prevalencedisorders. Show skilled use of therapeutictechniques, and the ability to developtheoretically driven formulations and treatment plans and evaluate theeffectiveness of interventions.Themeslabel Intervention strategies",Apply,"Answer:
Evaluate",Evaluate
Customise data analysis strategies for specific research questions in regenerative medicine,Create,Answer: Analyze,Analyze
evaluate decision-making strategies,Evaluate,Answer: Evaluate,Evaluate
Explain at molecular level the building blocks of protein and the influences of genetic inheritance as well as other endogenous and exogenous factors on nutrition.,Understand,"Answer:
Analyze",Analyze
solve for the equilibrium outcomes of interactions using basic algebra,Apply,"Answer:
Analyze",Analyze
"Investigate, analyse and synthesise complex information, problems, concepts and theories in relation to the protection the main features of the United Nations Framework Convention on Climate Change and the Kyoto Protocol;",Analyze,Answer: Analyze,Analyze
"Locate, assess, and analyse historical evidence and debates;",Analyze,make informed judgments about historical events and their significance.,Invalid
"compare and contrast approaches to funds design and decision making in terms of fund allocation, portfolio optimisation and portfolio monitoring, along with current trends in the funds management industry",Evaluate,Answer: Analyze,Analyze
Communicate biotechnology findings effectively in the form of oral and written scientific reports.,Create,"Answer:
Evaluate",Evaluate
"Perform integration and system testing on a moderately-sized software system, using continuous integration frameworks and tracing tests back to requirements;",Apply,Answer: Evaluate,Evaluate
"Describe ATSI key concepts of health and wellbeing and the influence of culture, family and connection to country in health practice;",Understand,Answer: Understand.,Understand
"Define theoretical models of communication, social change and marketing in relation to health and their application in approaches to health promotion.",Understand,Answer: Analyze,Analyze
Critically evaluate your own practice through the lens of medical ethics and law.,Evaluate,Answer: Evaluate,Evaluate
"Understand that how people experience literacy and what counts as literacy is shaped in different social, cultural and linguistic contexts",Understand,Answer: Analyze,Analyze
Construct a project proposal;,Create,"Include a clear statement of the problem, objectives, methods,",Invalid
"demonstrate ability to recognise and evaluate technological advances and changes in the economic, political, social and environmental context to the contemporary practice of accounting",Apply,Answer: Evaluate,Evaluate
Interpret the knowledge provided in the course to model both common and complex mechanical systems.,Evaluate,Answer: Analyze,Analyze
develop the ability to undertake research as well as the skills to analyse and resolve disputes relating to corporations and trusts by applying the relevant Australian laws in order to reach a final outcome,Apply,Answer: Analyze,Analyze
explore ways of stimulating and enriching children's natural curiosity by presenting a broad range of learning experiences,Analyze,"Answer:
Engage

Explanation",Invalid
Identify the conservation laws relevant to thermodynamics and gas dynamics.,Remember,"Answer:
Analyze",Analyze
Develop and communicate a business case for sustainability.,Create,Answer: Evaluate,Evaluate
"analyse a range of learning theories, contemporary theoretical perspectives and practicalapproaches to fostering positive interactions",Analyze,Answer: Analyze,Analyze
"Implement causal inference methods, using software, for single time point and longitudinal exposures, and for mediation analyses",Apply,Answer: Analyze,Analyze
Describe the chemistry of atoms and molecules,Understand,"Answer:
Understand",Understand
"Identify, evaluate and interpret a range of relevant curriculum documents and resources for teaching the arts, design, health and physical education",Remember,Answer: Analyze,Analyze
examine the relationships between different managerial communication theories and concepts,Analyze,Answer: Analyze,Analyze
"collaborate constructively with fellow students in learning and discussion processes, including online forums;",Apply,"Answer:
Interact

Explanation",Invalid
engage with and evaluate the perspectives and contemporary issues facing inclusive educators,Evaluate,Answer: Evaluate,Evaluate
Practice basic laboratory techniques and communicate experimental findings;,Create,Answer: Apply,Apply
examine the financial risk management function and its evolution in the corporate world,Analyze,Answer: Analyze,Analyze
"Devise, prepare and complete a research project.",Create,Answer: Create,Create
understand the concept and application of Chi-square test for independence between business variables.,Understand,Answer: Analyze,Analyze
Critically assess a workplace environment;,Evaluate,identify potential hazards and recommend solutions.,Invalid
Apply concepts they learned to a specific stream of music study,Apply,Answer: Apply,Apply
develop awareness of approaches to learning materials and teaching practices which take account of the diversity in cultural backgrounds and experiences of learners in all classes across the school curriculum,Understand,Answer: Analyze,Analyze
Argue for and against ethical concerns raised by current and future ART practices,Evaluate,Answer: Analyze and Evaluate,Evaluate
"Integrate personal, social, clinical, cultural, physiological, ethical, environmental and economic factors into clinical reasoning and decision making in case management.",Create,Answer: Analyze,Analyze
"Critically reflect on personal strengths and weaknesses as a health professional, and skills and capacities necessary for graduate employment.",Analyze,Answer: Evaluate,Evaluate
"Reflect upon and make critical use of a range of resources including, where relevant, on-line materials",Apply,Answer: Analyze,Analyze
"The ability to make critical choices between approaches, methods and designs before committing to any one of them.",Analyze,Answer: Analyze,Analyze
Understand young people's varying social and cultural expressions and experiences,Understand,Answer: Analyze,Analyze
Explain the ethical and professional issues that may arise in IT research and demonstrate them in practice;,Apply,Answer: Analyze,Analyze
"Explain quantitative, genomic and experimental approaches to measuring genetic variation and studying evolution in natural populations.",Understand,Answer: Analyze,Analyze
apply data visualisation techniques to describe business intelligence,Apply,Answer: Apply,Apply
"Apply legal requirements, ethical considerations and regulatory standards to the delivery of person-centred care in the perioperative setting.",Apply,Answer: Apply,Apply
Discuss government initiatives and policies in relation radiation oncology service delivery,Understand,Answer: Analyze,Analyze
"Compare, contrast and evaluate the adversarial and non-adversarial systems, including the rationales and needs for each system and their various functions.",Evaluate,Answer: Evaluate,Evaluate
Advise a company or other organisation on its obligations regarding the selection and introduction of a 'Safety Management System'.,Create,"Answer:
Evaluate",Evaluate
Determine potential quantities of recycled wastewater and recovered biosolids based on designs of secondary wastewater treatment plant.,Apply,"Answer:
Analyze",Analyze
Explain the implications of the Victorian Mental Health Act (2014) for nursing practice in line with recovery oriented mental health practice,Understand,Answer: Analyze,Analyze
"Investigate, analyse and synthesize complex information, problems, concepts and theories in relation to international, regional and local approaches to the rights of sexual minorities;",Analyze,Answer: Analyze,Analyze
"Demonstrate strong competence in methodological approaches used in the plant sciences, including the field collection, interpretation, analysis and synthesis of biological data;",Apply,Answer: Analyze,Analyze
understand how technological disruption and innovation allow for the development of capabilities that provide value for business,Understand,Answer: Analyze,Analyze
Understand and apply principles of Graphic User Interface;,Apply,create a simple GUI for a mobile application.,Create
"apply analytical and critical skills,",Apply,"to evaluate and interpret data,
and to draw conclusions from",Evaluate
Comprehend and explain the contribution of rock breakage to the mining process,Understand,Answer: Understand,Understand
"Critique applications of genomic techniques in the areas of medical research, agriculture, biotechnology and environmental management;",Evaluate,"Answer:
Analyze",Analyze
Show their developing competency in presenting literature and stories to children in a variety of ways that promote oral and written literacy,Create,"Answer:
Apply",Apply
Perform basic genomic analyses associated with functional characterization of variants.,Analyze,Answer: Analyze,Analyze
Describe the basic concepts of field mapping techniques;,Understand,"Answer:
Understand",Understand
Use research processes with due regard to ethical procedures,Apply,"Answer:
Analyze",Analyze
Critically appraise ancient sources and modern scholarship and combine a variety of types of evidence in the analysis of ancient cultures,Evaluate,Answer: Analyze,Analyze
"Knowledge of the role that advanced technology is playing, and will play, in the transport/traffic area",Remember,"Answer:
Analyze",Analyze
Interpret primary source materials;,Evaluate,"analyze their historical contexts;
and evaluate their cred",Evaluate
be able to effectively conduct customer and end-user interviews to inform developmentof minimum viable products (MVP),Apply,Answer: Analyze,Analyze
"Critically evaluate scar management interventions including medical/surgical management, pressure therapy, massage, silicone, exercise and splinting and demonstrate their appropriate use.",Apply,Answer: Evaluate,Evaluate
Understand how theories of authorship have changed in the movement from Romanticism to structuralism;,Understand,analyze the implications of these changes for the interpretation of literary,Analyze
demonstrate advanced undergraduate-level skills in the reading and interpretation of literary texts,Understand,Answer: Analyze,Analyze
communicate this clearly in interactions with your peers and in written assessment tasks. ,Create,"Answer:
Communicate clearly in interactions with",Invalid
Communicate assertively in written and oral formats using non-technical language.,Create,"Answer:
Communicate assertively in written",Invalid
critically evaluate the impact of contemporary management practices on employee experiences of being managed,Evaluate,Answer: Evaluate,Evaluate
"Synthesise and critique new discoveries from the scientific literature in molecular, developmental and cellular genetics.",Evaluate,Answer: Evaluate and Create,Create
"Analyse and explain the long history of slavery from the classical era to the present day, including contemporary controversies about the legacy of slavery for our world.",Analyze,Answer: Analyze,Analyze
"Apply knowledge and skills of research design, methodology and data analysis in the practice of public health/epidemiological research",Apply,Answer: Apply,Apply
Apply time management and problem solving skills in the delivery of patient care.,Apply,Answer: Apply,Apply
"describe and apply definitions and recognition criteria for assets, liabilities, incomes and expenses as specified in the Conceptual Framework",Apply,"Answer:
Apply",Apply
Compare and contrast approaches to health and consider their impact upon health and wellbeing of individuals and groups,Evaluate,Answer: Analyze,Analyze
"understand the determinants of health, international differences in the pattern of disease and the link between health and development",Understand,Answer: Analyze,Analyze
demonstrate and apply knowledge and understanding of research into how students learn science and the implications for teaching,Understand,Answer: Apply,Apply
"develop critical thinking skills and experience business decision-making from a long-term, senior manager's perspective and improve team skills.",Create,"Answer: Analyze, Evaluate",Evaluate
"Diagnose, manage and communicate effectively information about medicines for a simple healthcare issue in relation to pain, dermatological, cardiovascular, respiratory or gastrointestinal conditions.",Analyze,"Answer:
Analyze",Analyze
Explore a selected music teaching and learning approach and apply it to a particular music education setting.,Apply,Answer: Apply,Apply
discuss the theory and background to group structures and preparing group financial statements,Understand,"Answer:
Analyze",Analyze
"explain the relationship between ethics, morals and values in the workplace",Understand,"Answer:
Analyze",Analyze
define different sampling techniques and use Excel to generate samples from these techniques,Understand,Answer: Apply,Apply
Analyse the fundamentals and technologies of cabled and wireless data-link layer;,Analyze,compare and contrast their advantages and disadvantages.,Invalid
"Demonstrate critical insight into the competencies, limitations and social and professional implications of reporting practices in the field of investigative journalism.",Apply,Answer: Evaluate,Evaluate
"Explain the professional, legal and ethical responsibilities associated with the nurse practitioner role to stakeholders",Understand,"Answer:
Analyze",Analyze
"Identify and use appropriate techniques, resources and modern engineering tools to achieve the design requirements.",Remember,"Answer:
Apply",Apply
"Take responsibility for own attitudes and behaviour, as demonstrated by acknowledging prejudices, limitations, and lack of knowledge, and commitment to change and growth as a result of professional development, and reflective learning.",Apply,"Answer:
Analyze
Evaluate",Evaluate
"Demonstrate that you have acquired an intermediate level of competence in a range of skills in verbal, graphic and 3-dimensional presentation;",Apply,"Answer:
Apply

(Note: This",Apply
engage in critical reflection as a professional teacher and understand contemporary trends in practice and research at the national and international level,Understand,Answer: Analyze,Analyze
Describe and understand the difference between environmental and sustainability education,Understand,Answer: Understand,Understand
Employ effective qualitative and quantitative research skills in analysing nutrition-related data.,Apply,Answer: Analyze,Analyze
"Use cognitive, technical and creative skills to generate and evaluate ideas and arguments relating to international litigation and arbitration effectively and persuasively to specialist or non-specialist audiences and peers.",Apply,Answer: Evaluate,Evaluate
"Develop and demonstrate high level skill in sourcing, reading and synthesising relevant psychological literature into a coherent research review",Apply,Answer: Analyze,Analyze
"Have an understanding of the historical and contemporary role of cities as drivers of economic, social and cultural change, with an emphasis on the developing world;",Understand,Answer: Understand.,Understand
Demonstrate and evaluate independent triage practice based on the Australasian Triage Scale.,Apply,Answer: Evaluate,Evaluate
"Utilise appropriate procedures and parameters when revising and editing your own and your peers' translations in order to identify and correct errors, as well as provide peer feedback.",Apply,"Answer:
Analyze

Explanation",Analyze
discuss the importance of packaging as an element of product design,Understand,"Answer:
Analyze",Analyze
"communicate effectively with policy makers, industry and other stakeholders.",Create,"Answer:
Evaluate",Evaluate
evaluate development policies in a country specific context.,Evaluate,Answer: Evaluate,Evaluate
gain knowledge about how children are moral and ethical global beings who belong to diverse communities incorporating Aboriginal and Torres Strait Islander perspectives,Understand,Answer: Understand,Understand
discuss and analyse the patterns and structures that distinguish the main standard varieties of English from each other and from other important varieties;,Analyze,Answer: Analyze,Analyze
"Recognise Indigenous ways of knowing being and doing in relation to history, culture and diversity.",Remember,"Answer:
Analyze",Analyze
Critical relevance of the theoretical debates in connection with their own thesis research projects.,Evaluate,Answer: Analyze,Analyze
Explain the benefits of statistical modelling to answer research questions in the health sciences,Understand,"Answer:
Analyze",Analyze
Be able to explain the principles of wireless communication;,Understand,Answer: Understand.,Understand
"Recognise and articulate the impact of refugee, asylum seeker and migration on mental health, and apply this to examining topical issues.",Apply,"Answer:
Analyze",Analyze
Develop a therapeutic alliance with clients in direct practice from the beginning phases of engagement. ,Create,"Answer:
BuildRelationships

(",Invalid
"Discuss key media studies, popular music and cultural studies theories associated with popular music activity;",Understand,Answer: Analyze,Analyze
Relate scientific knowledge and skills gained in coursework to productive employment experience;,Apply,"Answer:
Apply",Apply
Apply knowledge and understanding of the phenomenon of climate and its effects on enjoyment of internationally recognized rights of citizens;,Apply,Answer: Apply,Apply
Construct and critique strategies for clinical development through leadership;,Evaluate,analyze the impact of leadership on clinical development.,Analyze
Critically analyse literature and evidence supporting clinical and nursing practice,Analyze,Answer: Analyze,Analyze
"Manage a research project effectively within technical, budgetary, risk and time constraints.",Apply,"Answer:
Evaluate",Evaluate
"Apply knowledge and understanding of recent developments in relation to, Australian defamation law with creativity and initiative to new situations in professional practice and/or for further learning;",Apply,"Answer:
Apply",Apply
Describe the clinical manifestations of the selected medical conditions commonly encountered in paramedic practice;,Understand,"Answer:
Understand",Understand
Critique information on ITS obtained from the world wide web,Evaluate,Answer: Analyze,Analyze
apply the concept of integrated logistics and supply chain management to solve an organisational problem.,Apply,Answer: Apply,Apply
Demonstrate music listening skills through verbal and written critiques.,Apply,Answer: Analyze,Analyze
apply the principles of double-entry accounting and appraise the relative merits of accrual and cash accounting,Apply,Answer: Analyze,Analyze
Plan an evidence based MR practice project that addresses a specific MR practice issue,Create,"Answer: Analyze

(Note:",Analyze
Predict lift and drag for three-dimensional wing geometries using vortex lattice methods.,Evaluate,Answer: Analyze,Analyze
Understand the nature and use of a theoretical framework in a research project;,Understand,"Answer:
Analyze",Analyze
"Identify, research, evaluate and synthesise relevant legal and policy issues regarding the formation and operation of businesses and the regulation of business structures and transactions;",Remember,Answer: Analyze and Evaluate.,Evaluate
demonstrate an understanding of how language-subject area teacher collaboration can support students in content-based programs,Understand,Answer: Understand,Understand
Describe some methods of drug delivery,Understand,"Answer:
Apply",Apply
"Write clear, creative and persuasive opinions and critical essays demonstrating an advanced understanding of contemporary torts and torts-related issues.",Create,Answer: Evaluate,Evaluate
Apply counting principles in combinatorics;,Apply,find the number of combinations of n items taken r at a,Invalid
"Critique the different and additional manifestations and impacts of family violence on diverse individuals and communities including Aboriginal and Torres Strait Islander peoples, refugee and immigrant women, LGBTIQ+ individuals, and women with disabilities.",Evaluate,Answer: Analyze,Analyze
Critically evaluate research and practice in the use of digital technologies in STEM curriculum,Evaluate,Answer: Evaluate,Evaluate
"Investigate, analyse and synthesise complex information, problems, concepts and theories in relation to international commercial contracts and specialized types of contracts;",Analyze,Answer: Analyze,Analyze
"Developed an ability to identify, explore and make judgments in finding innovative solutions to research problems related to the concepts learned in this unit",Evaluate,"Answer: Analyze, Evaluate, Create",Create
Critically assess contributions to development as an academic field that explores the history of development thinking and the spatial patterns of development in practice;,Evaluate,Answer: Analyze,Analyze
"Use appropriate environments and strategies for sensitive and effective communication and interaction with others in clinical environments (patients and carers, peers and health care professionals)Themeslabel Theme I: Personal and Professional Development",Apply,"Answer:
Communicate effectively

Theme",Invalid
Understand and address ethical and practical considerations in clinical research,Understand,Answer: Analyze,Analyze
"Identify, describe and analyse different processes of development at all levels of society;",Analyze,Answer: Analyze,Analyze
Demonstrate use of advanced mathematical methods to analyse fluid flow.,Analyze,Answer: Analyze,Analyze
Appraise the ethical principles which underpin good forensic mortuary practices.,Evaluate,Answer: Evaluate,Evaluate
Compare and contrast safe and effective approaches to manual handling when managing low acuity patients.,Evaluate,Answer: Analyze,Analyze
critically analyse research papers examining current issues in asset pricing and investments,Analyze,Answer: Analyze,Analyze
"Analyse, compare, critique and discuss key aspects of Spanish/Latin American cultures and societies through analyses of their cultural products (films/literature);",Analyze,Answer: Analyze,Analyze
Apply practical counselling experience after learning in the field,Apply,Answer: Apply,Apply
Demonstrate a knowledge of the range of perspectives of stakeholders actively engaged in mental health care delivery,Understand,Answer: Analyze,Analyze
Integrate and synthesise inter-disciplinary perspectives to resolve legal problems arising in professional practice,Create,Answer: Evaluate,Evaluate
"Critically reflect on, analyse, evaluate and undertake tasks relevant to the workplace.",Analyze,"Answer: Analyze, Evaluate.",Evaluate
locate and modify a variety of quality mathematics teaching resources for teaching children with diverse abilities,Create,"Answer:
Analyze",Analyze
develop a perspective of socially responsible and culturally sensitive global marketing practitioners.,Create,Answer: Analyze,Analyze
"Will have gained an understanding of different genres of text circulating in Medieval and Renaissance Italy (chronicle, letter, diary, tract, sermon, poem, play, dialogue, treatise, monument, visual representation).",Understand,Answer: Understand,Understand
Demonstrate legal research and reasoning skills and professional judgment to generate appropriate responses to complex legal problems,Apply,Answer: Evaluate,Evaluate
Discuss the major issues relating to the sustainable use of biological resources;,Understand,Answer: Analyze,Analyze
"Discern the various causes and manifestations of corrosion, in particular with regards to metallic corrosion. Draws on practical examples from the built environment.",Evaluate,Answer: Analyze,Analyze
define the purpose and scope of the international legal framework in which trade between nations takes place,Understand,Answer: Analyze,Analyze
demonstrate an awareness of the ways in which science education research helps inform teacher practice to enhance student understanding of science concepts across a range of disciplines,Understand,Answer: Analyze,Analyze
explain the importance and role of planning within the teaching and learning practice,Understand,Answer: Understand,Understand
To be familiar with some important techniques of translation between Chinese and English;,Understand,To be able to translate simple sentences from Chinese to English and,Invalid
Construct written reports;,Create,"Provide clear and concise explanations;
Use appropriate",Invalid
Develop schemes for various geotechnical construction projects execute performance monitoring and appraisal of geotechnical structures,Create,"Answer:
Evaluate

(Note:",Evaluate
"Analyse the literary, intellectual, and political culture emerging across the ""Hellenistic"" world",Analyze,Answer: Analyze,Analyze
"To understand the geographical concepts of distance, adjacency and interaction and how fundamental they are in performing spatial data analysis.",Understand,Answer: Understand,Understand
Develop an appreciation and understanding of the cultural heritage value of Indigenous art in a global sense;,Understand,Answer: Understand.,Understand
Apply problem solving and decision-making methodologies to discuss and analyse contemporary research and theoretical issues in key defined areas of neuroscience;,Apply,Answer: Apply,Apply
Design products to meet recyclable eco-design.,Create,Answer: Create,Create
"Create design structures, grids, layout and composition;",Create,"Create visual solutions for a given brief;
Create a visual",Create
identify literacy and numeracy learning opportunities within different learning areas and through integrated approaches across the curriculum,Remember,Answer: Analyze,Analyze
Finalise the ethics approval process for the project;,Create,Answer: Apply.,Apply
"Justify capital and operating cost estimates, as well as the financial viability of the project, and determine the sensitivity to various engineering and commercial factors, and appraise the project viability.",Evaluate,Answer: Evaluate,Evaluate
Show understanding of the relationship between mystical literature and the religious tradition from which it emanates.,Apply,Answer: Understand,Understand
explore and apply creative counselling techniques for children such as play/art therapy in enhancing mental health state of children,Apply,"Answer:
Apply

(Note: This",Apply
Interpret critical components of public law; in particular public international law,Evaluate,Answer: Analyze,Analyze
Critically evaluate and summarise new discoveries from the scientific literature in the field of applied evolutionary genetics.,Evaluate,Answer: Evaluate,Evaluate
Recognise and write approx. 90 new kanji (approx. 240 in total by the end of this unit).,Remember,Answer: Remember,Remember
Conduct a small-scale research project in a selected research methodology,Apply,"Answer: Analyze, Apply, Create",Create
"Apply knowledge and understanding of the law relating to the undertaking of science and the development and sale of products of science and technology, demonstrating advanced awareness of the policy concerns underpinning the law's response to developments in science and technology;",Apply,"Answer:
Analyze",Analyze
use evidence-based strategies to enhance participation of excluded learners (including learners with behavioural issues and autism spectrum disorders),Apply,"Answer:
Analyze",Analyze
"develop, through experience and personal inquiry of a variety of learning and teaching strategies, a personal approach to teaching mathematics.",Create,Answer: Create.,Create
Explain the importance of communication between key stakeholders in clinical trials.,Understand,Answer: Understand,Understand
"The ability to write and speak effectively in standard modern Chinese on a range of intellectual and literary issues, and basic analytical and critical skills required for academic research in Chinese Studies.",Create,"Answer: Analyze, Evaluate",Evaluate
"Evaluate the use of interpretation in therapy by analysing its timing, content and intention;",Evaluate,Answer: Evaluate,Evaluate
Determine ground movements and settlements associated with various geotechnical structures in and on grounds,Apply,Answer: Analyze,Analyze
"Design solutions to real-life problems in finance and related areas based on financial thinking, modelling techniques and mathematical and statistical skills acquired throughout the programme;",Create,Answer: Create,Create
Develop and apply skills in recipe modification to meet specific nutritional goals.,Apply,"Answer:
Apply",Apply
Understand the range of cultural experiences within Australian and global communities and the ways in which many cultures have changed the nature of Australian society.,Understand,Answer: Analyze,Analyze
"develop an advanced understanding of language curriculum, its design and implementation",Understand,Answer: Analyze,Analyze
Design policies and programs that can yield ongoing public benefit,Create,Answer: Evaluate,Evaluate
demonstrate an understanding of the significance and functions of corporations as legal structures and how they facilitate the carrying on of a business,Understand,Answer: Understand,Understand
"Outline the role of the Sponsor, the investigator, the institutional review board/ independent ethics committee and the local regulators.",Apply,(Answer: Analyze),Analyze
Develop and demonstrate critical reading skills by interpreting primary and secondary sources relevant to the history of IT in society;,Apply,Answer: Analyze,Analyze
"Engage with recent trends in education and leadership theory and practice, as these apply in the Victorian and wider national and global contexts",Apply,Answer: Analyze,Analyze
Evaluate appropriate tools and techniques for use in immunotherapy in the clinical setting.,Evaluate,Answer: Evaluate,Evaluate
Perform routine laboratory measurements and manipulations;,Apply,record and report results accurately.,Invalid
Deconstruct the skills involved in being literate;,Analyze,"identify the key components of reading, writing, listening,",Invalid
"Show the ability to collect, organize and evaluate nutrition and health related data of the members of a community.",Evaluate,"Answer:
Evaluate",Evaluate
 Identify an issue of relevance to the practice of perioperative medicine capable of further investigation and research within the context of a capstone project. ,Analyze,Answer: Analyze,Analyze
"Appraise the history of psychosomatic medicine and theories of adaptation to illness, including the key determinants of personal, developmental, familial, and social factors in adjusting to medical illness within key theoretical frameworks, and resultant models of care across the developmental lifespan.",Evaluate,Answer: Analyze,Analyze
"Demonstrate effective group/team work by contributing to the planning, research, analysis, and reporting components of a group project, and supporting and encouraging other group members;",Apply,"Answer: Analyze, Apply, Evaluate",Evaluate
Skills in linking files through unique and non-unique identifiers.,Apply,"Answer:
Apply",Apply
appraise the solutions through the use of sensitivity analysis,Evaluate,Answer: Analyze,Analyze
Advanced skills in the use of computer-aided drafting and design (CAD),Apply,"software to create detailed, accurate, and professional engineering drawings",Create
"Understand the specialised roles identified in the multimedia design industry, and identify which role best matches your set of skills;",Understand,"Answer:
Analyze",Analyze
"Describe the principles of ""Good clinical research"" as described by the NH&MRC, with an emphasis on research in community-based emergency health.",Understand,"Answer:
Analyze",Analyze
Understand the competing narratives and claims of all parties to the conflict and how the past informs current perceptions of the conflict,Understand,Answer: Analyze,Analyze
Understand the role of expertise in shaping policy design and implementation;,Understand,analyze the implications of this role for policy effectiveness.,Analyze
"assess the benefits and limitations of innovative technologies and tools, such as BIM, laser scanning, UAS and VR/AR",Evaluate,"Answer:
Evaluate",Evaluate
Critically assess and evaluate the role and contribution of Australian climate change law in the context of regional or national responses to climate change;,Evaluate,Answer: Evaluate,Evaluate
"understand the derivation of binary and ternary alloy phase diagrams from the laws of thermodynamics, based on the concept ofGibbs free energy",Understand,Answer: Analyze,Analyze
recognise the centrality of literacy and numeracy for effective use of digital technology,Remember,"Answer:
Understand",Understand
"Critically evaluate scholarly perspectives on the impact and the role of film festival culture on world cinema, the mediaindustries and society;",Evaluate,Answer: Evaluate,Evaluate
"Identify the specific function of each creative writing type, and techniques unique to it (I.e. poetry);",Remember,Answer: Analyze,Analyze
"Discuss bridge inspection and management procedures, including levels of assessment and condition rating approaches.",Understand,Answer: Analyze,Analyze
"organise, analyse, and interpret the results of functional behaviour assessments",Analyze,Answer: Analyze,Analyze
"Analyse, interpret and present the results of survey data, taking the sampling strategy into account.",Analyze,Answer: Analyze,Analyze
Understand the combined value of emerging and traditional approaches to mould making and casting in design;,Understand,Answer: Understand,Understand
develop communication skills that foster relationships with internal and external organisational stakeholders,Create,"Answer:

Analyze",Analyze
"Demonstrate skills in research, data and information gathering, collation and organisation suitable for the preparation of a scientific report.",Apply,"Answer:
Organize

Explanation",Invalid
Design and implement and analyse spreadsheet-based simulations and mathematical optimisation models;,Analyze,"Answer: Analyze, Apply, Create.",Create
Understand and observe ethical and legal obligations associated with the production of long-form journalism,Understand,Answer: Analyze,Analyze
explain how the economy and the environment interact,Understand,"Answer:
Analyze",Analyze
Communicate ideas and arguments in written and verbal form;,Create,"use appropriate language, tone, and style for the intended audience",Invalid
"Effectively communicate research outcomes in verbal and written form using appropriate tools to a scientific audience, including writing up scientific work in a potentially publishable way;",Create,"Answer:
Evaluate

Justification:",Evaluate
"Define and calculate pharmacokinetic parameters, predict drug concentrations in plasma and estimate bioavailability.",Apply,Answer: Analyze,Analyze
Develop and demonstrate use of innovative practices including ICTs.,Apply,Answer: Create,Create
Critically analyse TV shows by drawing upon skills in textual analysis;,Analyze,"identifying themes, motifs, and character development;",Invalid
Analyse and explain the impact of technological change on the formulation and protection of the rights studied,Analyze,Answer: Analyze,Analyze
Developed their critical reading skills,Apply,Answer: Analyze,Analyze
articulate the design aspects of an inquiry project in order to secure appropriate evidence to use to examine the challenge,Understand,Answer: Analyze,Analyze
Design efficient solutions combining basic abstract data types and applying the concepts of complexity while understanding its implications in practical situations.,Apply,"Answer:
Analyze
Evaluate",Evaluate
"Explore and develop your own skills and pedagogical practices in the arts, design, health and physical education",Create,Answer: Create,Create
Have an understanding of the relationship between and mutual influences informing the various traditions,Understand,of Western and Eastern philosophy.,Invalid
Articulate and investigate conceptual and practical challenges and issues in cultural development and sustainability;,Understand,Answer: Analyze,Analyze
interpret business and economic data using appropriate descriptive techniques,Evaluate,"Answer:
Apply",Apply
Critically evaluate public health nutrition priorities and policies in Malaysia and at international level.,Evaluate,Answer: Evaluate,Evaluate
"apply and critically analyse business strategy formulation, implementation and evaluation concepts and the relationships between them to different contexts",Apply,Answer: Analyze and Apply.,Analyze
Appreciation of the inter-relationship between evolving media technologies and digital literary genres from 1980s to the present;,Understand,Answer: Analyze,Analyze
Understand the importance of product Engineering Drawing as a significant component of the industrial design process;,Understand,Answer: Understand,Understand
Demonstrate argumentation and critical reflection in the development of an academic essay.,Apply,"Answer: Analyze
Evaluate",Evaluate
Communicate complex ideas on mathematical treatment of fluid dynamics.,Create,"Answer: Analyze, Evaluate",Evaluate
"independently and collaboratively evaluate an enterprise's compliance function and formulate proposals for practical changes accounting for risk, value and a culture of accountability and integrity.",Evaluate,Answer: Evaluate,Evaluate
Demonstrate how to conduct IT research;,Apply,"- Identify key search terms
- Use Boolean operators effectively",Invalid
Explain concepts in prevention science and approaches used in health promotion.,Understand,Answer: Understand,Understand
"demonstrate knowledge of teaching strategies that are responsive to the learning strengths and needs of Indigenous students from diverse linguistic, cultural, religious and socioeconomic backgrounds",Apply,Answer: Analyze,Analyze
Critically evaluate the values and assumptions underpinning various theoretical approaches to human development.,Evaluate,Answer: Evaluate,Evaluate
"Demonstrate intellectual and practical skills to justify and interpret theoretical propositions, legal methods and conclusions.",Apply,Answer: Analyze,Analyze
"construct summative assessments, marking rubrics and marking keys to evaluate children's learning",Create,"Answer:
Evaluate",Evaluate
Perform matrix algebra.,Apply,Answer: Apply,Apply
Demonstrate the knowledge and skills required to resuscitate and stabilise a newborn infant;,Apply,Answer: Apply,Apply
Analyse observations and critique these in relation to developmental theories about typical childhood occupations;,Analyze,Answer: Analyze,Analyze
Devise writing strategies which utilise in direct or modified ways (oppositional or ironic) aspects of a given poetics within their writing practice,Create,Answer: Analyze,Analyze
"Communicate chemistry, and discuss the social and environmental responsibility of chemists in the global community.",Understand,"Answer:
Discuss

Explanation",Invalid
Identify and evaluate commercial and ethical decision-making crossroads in translational research.,Understand,Answer: Evaluate,Evaluate
"understand and apply the various purposes for different written, spoken, visual and multimodal texts and how these texts are used across cultures and diverse contexts",Apply,Answer: Analyze,Analyze
Demonstrate sound awareness of ethical principles in research practices.,Apply,"Answer:
Analyze",Analyze
compare and contrast the key features of various sports markets in Australia and overseas,Evaluate,Answer: Analyze,Analyze
Recommend evidence based approaches to manage patients requiring antimicrobial treatment.,Create,Answer: Analyze,Analyze
Apply the object-oriented design principles to a multiple-class object-oriented program;,Apply,Answer: Apply,Apply
Evaluate and critique existing data architectures and processes;,Evaluate,design and implement new data architectures and processes.,Invalid
apply principles of selected Accounting Standards and prepare financial statements for business entities including service and retail organisations,Apply,Answer: Apply,Apply
"Demonstrate initiative, problem solving and decision making skills.",Apply,"Answer:
Analyze
Evaluate
Create",Create
correctly apply the appropriate statistical methods for designs commonly encountered in psychological research,Apply,Answer: Apply,Apply
examine the purpose and rationale for teaching outdoor and environmental studies in senior years,Analyze,Answer: Analyze,Analyze
consolidate your understanding of professional knowledge and professional practice in health education,Evaluate,"Answer:
Analyze",Analyze
Describe the major historical events and political conflicts of the twentieth century as studied in the unit;,Understand,"Answer:
Understand",Understand
Evaluate a range of instrumental methods and how different instruments operate;,Evaluate,compare and contrast the advantages and disadvantages of each method,Invalid
"Demonstrate project management skills by proactively negotiating, documenting and meeting group timelinesThemeslabel Inquiry and Innovation",Apply,"Answer:
Apply",Apply
develop skills in the application of economic principles to wider social issues,Apply,Answer: Apply,Apply
"Demonstrate an understanding of sleep and circadian rhythms research and its importance for optimal general health, cognitive function, and mood.",Understand,Answer: Understand,Understand
Review and critique recent biorefinery research literature to systematically synthesise the finding and insights to design a solution to a problem and/or the project,Analyze,Answer: Analyze and Evaluate,Evaluate
Recognise when modifications to routine scanning approaches are required and describe the limitations of ultrasound in regards to imaging the breast and thyroid.,Remember,Answer: Analyze,Analyze
"Critically evaluate basic clinical scanning protocols, digital image processing techniques and equipment, image display and reconstruction routines used in CT",Evaluate,Answer: Evaluate,Evaluate
critically assess key theoretical debates surrounding topics introduced in the unit with reference to the organisational/socio-cultural interface,Evaluate,Answer: Analyze,Analyze
Evaluate the historiographical debates about popular unrest;,Evaluate,analyze the causes and consequences of the French Revolution;,Analyze
Describe and explain basic risk and emergency management principles.,Understand,Answer: Understand,Understand
"Appreciate the nature of algebraic proofs, be able to use a variety of proof-techniques unique to working with groups;",Understand,Answer: Analyze,Analyze
"apply critical thinking, problem solving and presentation skills to activities dealing with corporate finance and demonstrate in an individual summative assessment task the acquisition of a comprehensive understanding of the topics covered by BFS2780.",Apply,"Answer:
Apply",Apply
Employ critical and scientific writing and communication skills to document and report findings of project in professional and scientific fora.,Apply,Answer: Evaluate,Evaluate
compare and contrast theory and practice,Evaluate,Answer: Analyze,Analyze
"Demonstrate familiarity with specific methodologies, including, for example, ethnography, case study, survey, textual-, thematic-, discourse- audience- and quantitative content analysis",Apply,Answer: Analyze,Analyze
"Describe the principles underpinning advanced digital image processing, image distribution, data transfer and storage options used in medical imaging (including the DICOM standard and PACS and RIS infrastructure).",Understand,Answer: Analyze,Analyze
have gained a good understanding of the law of remedies as a legal discipline and an area of practice,Understand,Answer: Understand,Understand
To consider the relation between theory and practice in the field of communication and an appreciation of how they can productively inform each other;,Apply,Answer: Analyze,Analyze
translate conceptual ideas and practical processes about music and music engagement into classroom learning activities for students,Apply,"Answer:
Analyze",Analyze
"Conduct dietary, hydration and anthropometric assessments for active individuals.",Evaluate,"Answer:
Analyze",Analyze
Develop a toolkit to identify specific legal/commercial issues that entrepreneurs need to deal with at various stages of venture development,Create,Answer: Analyze,Analyze
appraise the various techniques for synthesis and characterisation of nanomaterials and appraise the advantages and limitations of each method,Evaluate,Answer: Analyze,Analyze
"Effectively apply problem solving strategies to identify, consider and resolve problems relating to conventional and Islamic international banking and finance law",Apply,Answer: Analyze,Analyze
apply the principles of double-entry and accrual accounting,Apply,Answer: Apply,Apply
Communicate philosophical and ethical arguments in writing,Create,"Answer: Analyze

(Note:",Analyze
Formulate complex mathematical arguments using ideas from low-dimensional topology.,Create,"Answer: Analyze

(Note:",Analyze
Engage in critical analysis and make reasoned and appropriate choices among alternatives;,Evaluate,Answer: Analyze,Analyze
Demonstrate capability in planning design research;,Apply,"identify and define the problem, research the literature,",Invalid
Synthesise clinical aviation medicine issues related to the major body systems,Create,Answer: Analyze,Analyze
"Describe the diversity of microorganisms and discuss their relationships in the context of food, nutrition, health and disease.",Understand,"Answer:
Analyze",Analyze
"Evaluate and select research methods and techniques of data collection and analysis appropriate to particular research designs, projects and disciplines;",Evaluate,Answer: Evaluate,Evaluate
demonstrate written and verbal communication skills in reporting the conclusions of cognitive assessments,Apply,"Answer:
Analyze",Analyze
"Conceptualise, design and manage an academic research project.",Create,"Answer:
Evaluate
Create",Create
Collaborate effectively in teams to conduct research and produce media content;,Create,"Answer:
Collaborate effectively in teams to",Invalid
"Develop their capacity to analyse critically, reflect on and synthesise information, problems, policies, concepts and theories, evidenced by their ability to develop and sustain a convincing 'thesis' throughout their research;",Analyze,Answer: Analyze,Analyze
demonstrate an understanding of the empirical research in the field of inclusive education and/or applied behaviour analysis,Understand,Answer: Understand,Understand
"Demonstrate the intellectual and practical skills needed to justify and interpret theoretical propositions, legal conclusions and professional decisions, as well as to identify, research, evaluate and synthesise relevant factual, legal and policy issues;",Apply,Answer: Analyze and Evaluate.,Evaluate
"Organise, analyse, and interpret the results of functional behaviour assessments",Analyze,Answer: Analyze,Analyze
"Be able to identify, articulate and effectively communicate complex legal and policy issues in a manner that is succinct, scholarly and persuasive;",Understand,"Answer:
Analyze
Evaluate",Evaluate
demonstrate in an individual summative assessment task the acquisition of a comprehensive understanding of the topics covered by BFM5973.,Understand,Answer: Understand.,Understand
apply counselling skills directly through the application of those skills in a counselling setting,Apply,Answer: Apply,Apply
"Effectively communicate the basis of the scientific method from building a hypothesis, to testing the ideas through experimental methods;",Create,"Answer:
Apply",Apply
"Perform textual analysis and summaries of complex written passages, demonstrating recognition and use of 1,000 ky≈çiku kanji and the ability to use a range of specialized dictionaries;",Analyze,Answer: Analyze,Analyze
"apply critical thinking, problem solving and presentation skills in individual and/or group activities dealing with issues in banking and demonstrate in an individual summative assessment task the acquisition of a comprehensive understanding of the topics covered by BFX4080.",Apply,"Answer:
Apply",Apply
"demonstrate ability to recognise and evaluate technological advances and changes in the economic, political, social and environmental context to the contemporary practice of governance, business continuity and crisis management",Apply,Answer: Evaluate,Evaluate
analyse and critically evaluate policies designed to affect individual behaviour and market outcomes.,Analyze,"Answer: Analyze, Evaluate.",Evaluate
"Use cognitive, technical and creative skills to generate and evaluate at an abstract level complex ideas relevant to the limitations of Australian designs protection and proposals for reform.",Apply,Answer: Evaluate,Evaluate
Demonstrate awareness of scientific computing methods and visualization;,Apply,describe the advantages and disadvantages of each method.,Invalid
form factual assessment and constructive criticism of public policy and debate concerning open economy issues,Evaluate,Answer: Evaluate,Evaluate
"develop competence in planning and implementing lessons and units of work, including assessment strategies, that embrace the diverse social and cultural backgrounds and personal experiences of students",Create,"Answer:
Analyze",Analyze
Produce models for predictive statistical analysis;,Create,Answer: Apply,Apply
"analyse the extent to which firms are exposed to economic or operating exchange risk, evaluate their systems in place to manage it, and recommend alternative approaches",Analyze,Answer: Evaluate,Evaluate
Demonstrate the ability to produce an environmental improvement plan for a process and carry out a HAZOP of a part of a process and draw a fault-tree diagram.,Apply,"Answer: Analyze, Evaluate, Create",Create
Summarise and communicate evidence for professional audiences,Create,Answer: Analyze and Create,Create
"Strategically respond to complex problems and develop appropriate planning responses, processes and outcomes relevant to compact cities;",Create,"Answer: Analyze

(Note:",Analyze
"critically analyse health/wellbeing, physical culture and HPE curriculum and practice",Analyze,Answer: Analyze,Analyze
Design and implement primary lessons and units of work using discipline-based or integrated approaches,Create,Answer: Create,Create
Use simulator programs to model computer system components.,Apply,"Answer:
Apply",Apply
"to enhance the ability of students to engage in critical reflection and produce reasoned, soundly structured and well presented debate on the role of Washington in the contemporary international system",Evaluate,"Answer: Analyze

Explanation",Analyze
Analyse media industries and their policy frameworks;,Analyze,Answer: Analyze,Analyze
Identify various compositional techniques employed to support and underpin various narrative structures;,Remember,Answer: Analyze,Analyze
critically analyse strategies in business and society,Analyze,Answer: Analyze,Analyze
"interpret and evaluate relationships between variables for business decision-making, using the concept of correlation and simple linear regression",Evaluate,Answer: Evaluate,Evaluate
Implement information retrieval systems for the retrieval of audio-visual information;,Apply,"Answer:
Apply",Apply
"reflect on your own language learning experiences, styles and achievements",Analyze,Answer: Analyze,Analyze
describe and apply techniques for analysing a delay (or run-of) triangle and projecting the ultimate position,Analyze,Answer: Analyze,Analyze
Clearly articulate a design methodology and its critical application to the discourse of a design practice.,Analyze,"Answer: Analyze

(Note:",Analyze
"transform the intended learning of the primary mathematics curriculum into effective lessons that encourage positive dispositions, curiosity and engagement, including use of digital technologies to expand learning opportunities for learners",Create,"Answer:
Analyze",Analyze
Have a high level of understanding of the central ideas of just war theory,Understand,Answer: Understand,Understand
"Identify and discuss the differences among the various psychological approaches (i.e. psychodynamic, developmental cognitive, behavioural, social, personality, etc.), and how each is related to occupational therapy thinking and practice;",Understand,Answer: Analyze,Analyze
"be able to formulate, investigate and critically consider complex problems relating to the issues identified in the synopsis;",Create,Answer: Analyze,Analyze
"Describe some examples of microbial pathogens including bacteria, viruses, fungi and parasites, the diseases that they cause, their mechanisms of pathogenesis, and treatment;",Understand,"Analysis:
This learning outcome requires learners to understand",Understand
"Undertake complex nursing activities in a range of clinical settings and effectively apply prioritising, problem solving and time management skills",Apply,"Answer:
Apply",Apply
Familiarity with the theoretical foundations of human rights.,Understand,"Answer:
Understand",Understand
Develop an application with a database backend;,Create,"Answer:
Apply",Apply
"Develop, modify and adapt radiographic skills required and techniques for paediatric and adult patients, particularly in emergency and mobile examinations;",Create,"Answer: Apply, Analyze",Analyze
evaluate and improve the efficiency of models by applying different model transformations.,Evaluate,Answer: Evaluate.,Evaluate
"Construct a framework of analysis that involves identifying a research topic, literature review, key concepts as theoretical tools and media texts (for textual analysis);",Create,Answer: Analyze,Analyze
Demonstrate confident understanding of discipline content and competency as a creative mathematics learner who can foster these attributes in your own learners,Understand,"Answer: Analyze, Evaluate, Create",Create
demonstrate competence and professionalism in structuring and delivering persuasive messages,Apply,Answer: Evaluate,Evaluate
Recognise the breadth of analytical and data analysis techniques and their applicability to biotechnology research;,Remember,Answer: Analyze,Analyze
Demonstrate an understanding of current approaches to teaching music,Understand,Answer: Understand,Understand
Design and analyse plastically reinforced concrete slabs using Hillerborg method and yield line theory.,Analyze,Answer: Analyze,Analyze
"Construct design solutions using two and three dimensional design elements, image making, typography and time-based media;",Create,Answer: Create,Create
Outline the processes involved in assessing children when there are concerns of neglect.,Apply,Answer: Analyze,Analyze
"Understand the basic laws of probability, and the calculus basis of expectation and distribution theory.",Understand,"Answer:
Analyze",Analyze
"Describe the epidemiology, population health and pathology related to injuries and commonly encountered in paramedic practice.",Understand,"Answer:
Apply",Apply
"Explain the chemistry of macronutrients, micronutrients and non-nutrients in food.",Understand,"Answer:
Analyze",Analyze
demonstrate an advanced understanding of contemporary approaches and trends in geography education in Australia and internationally,Understand,Answer: Analyze,Analyze
"Identify the breadth of opportunity students have as graduates, as well as review and plan towards the specific routes into professional psychology.",Remember,"Answer:
Analyze",Analyze
"Produce the ability to produce short texts (400-600 characters) in several genres including explanatory essays, poetry and position papers.",Create,Answer: Create,Create
"Use strategies and skills for effective, efficient and critical reading of academic texts;",Apply,"summarize, paraphrase, and quote from",Invalid
Discuss key ethical challenges facing interpreters and translators in the 21st century;,Understand,Answer: Analyze,Analyze
Analyse film and media as a global cultural form in relationship to the local cultures of screen cities; ,Analyze,Analysis.,Invalid
Recognise the influence of personal values and belief systems to the counselling process;,Remember,Answer: Understand.,Understand
"Recognise risk factors for disease or injury, while using appropriate screening tools to be able to triage patients to remain in their home, refer to general practice or other appropriate health services.",Remember,"Answer:
Analyze",Analyze
"Implement continuous integration (CI) at unit, integration & system testing level using a CI server such as Jenkins to automatically run regression test suites on the system under test.",Apply,Answer: Apply,Apply
Critique and apply current scientific and medical research related to Patient Safety.,Evaluate,"Answer:
Analyze and Apply",Analyze
Organise a concert recital or produce a recording of original work;,Create,"select appropriate repertoire, programme and performers;",Invalid
"within parameters that provide some initial guidance, be able to frame a more specific research question and address that question effectively in a longer essay;",Create,Answer: Analyze,Analyze
Discuss mechanisms for control of metabolic reaction sequences;,Understand,describe the role of enzymes in metabolism,Invalid
critically evaluate the literature and present in written and/or oral form key arguments related to the selection of methods for the research project.,Evaluate,Answer: Evaluate,Evaluate
"Explain how digital spatial data handling is different from other digital data handling challenges, and how the theory on which it is based is central to spatial data handling for environmental science.",Understand,Answer: Analyze,Analyze
Demonstrate some creative writing skills (for creative writing stream students only).,Apply,Answer: Create,Create
"illustrate the ecological role of microorganisms, including analysis of interactions between microorganisms and the host (including interactions with humans) and the principles of immunology and epidemiology.Themeslabel Pharmaceutical Science",Apply,Answer: Analyze,Analyze
"Distinguish between sensitivity, specificity, accuracy, search error, detection error and interpretation error in relation to the interpretation of general radiographic images.",Analyze,Answer: Analyze,Analyze
critically and creatively analyse cultural texts of historical relevance.,Analyze,Answer: Analyze,Analyze
analyse survey data using experimental design techniques and analysis of variance methods (both for unranked and ranked data),Analyze,Answer: Analyze,Analyze
Determine an appropriate choice of optimisation approach based on problem characteristics.,Analyze,Answer: Analyze,Analyze
"Describe the basic biology of newborn, adult and tissue-specific stem cells and the status of research into their characterisation and role in health and disease;",Understand,"Analysis:
This learning outcome requires the learner to",Invalid
"Describe fundamental mathematics and physics concepts relevant to medical radiation physics, focussing on mechanics, waves and particles, thermal physics, electricity, magnetism and electromagnetism",Understand,"Answer:
Analyze",Analyze
"Integrate, design, monitor and perform analysis methodologies to develop systems to meet specified sustainable requirements, including innovative approaches to synthesise alternative solutions",Create,"Answer: Create

(Note: This question",Create
Demonstrate that you are conversant with procedures for dealing with emergencies;,Apply,Answer: Apply.,Apply
"Collect, analyse, and interpret experimental data while considering variability inherent in working with biological tissue.",Analyze,Answer: Analyze,Analyze
Identify and define basic terms and concepts used in I/O Psychology.,Understand,Answer: Understand,Understand
Develop awareness of the role of law in regulating and facilitating commercial transactions.,Understand,"Answer:
Analyze",Analyze
Explain the current hypotheses for genesis of a range of mineral deposit types;,Understand,"Answer:
Analyze",Analyze
analyse and critically assess the nature of explanation from a range of perspectives,Analyze,Answer: Analyze,Analyze
Design spectroscopic experiments to monitor compound concentration and compound solubility.      Themeslabel Pharmaceutical Science,Create,"Answer:
Analyze",Analyze
"Critically assess the resolution of your packaging solutions, rationalising its environmental impact, materiality and purpose;",Evaluate,Answer: Evaluate,Evaluate
Judge whether a particular real-world problem or application can usefully be modelled as a MAS,Evaluate,"(Multi-Agent System) problem.

Answer",Invalid
Critically analyse the relevant academic literature;,Analyze,summarise the key findings and implications for practice.,Invalid
Delineate the processes of gametogenesis and fertilisation in the context of male and female reproductive structures;,Understand,Answer: Analyze,Analyze
"assess the implications of political violence outcomes in developing robust, responsive and legitimate governance at the local and national level, as well as a more stable international system.",Create,Answer: Evaluate,Evaluate
critically reflect on the role of organisations in contributing to sustainable development solutions,Analyze,"Answer: Analyze
Evaluate",Evaluate
Conduct an assessment of an individual's fitness to be interviewed or detained in custody;,Evaluate,"Answer:
Evaluate",Evaluate
"Produce reports, policy briefs, and other works that positively promotes a safer, more equitable, and ethical workingenvironment;",Create,Answer: Evaluate,Evaluate
"Demonstrate a good understanding of howpolicies, procedures and work practicesrelate to underlying ethical and legalprinciples, and demonstrate some ability toapply principles to dilemmas in practice.Adheres to routine ethical practicestandards such as confidentiality andeffective note taking. Demonstratesappropriate professional conduct at alltimes.Themeslabel Legal, ethical and professional matters",Understand,"Answer:
Apply",Apply
Demonstrated an advanced knowledge of the main and current issues of the Asian legal systems;,Apply,Answer: Analyze.,Analyze
identify the key sustainability issues that should be addressed in different phases of the buildinglifecycle,Remember,Answer: Analyze,Analyze
An understanding of contemporary debates relevant to global criminal justice issues from an African perspective;,Understand,Answer: Understand.,Understand
"Understand and apply heat integration, water integration and process stream recycling in chemical engineering processes to achieve increased raw materials and energy efficiencies and waste reduction",Apply,"Answer:
Apply",Apply
Demonstrate knowledge of the various tools and techniques used for digital video effects and sound composition;,Apply,"Answer:
Apply",Apply
Evaluate different methodological approaches depending on the nature of the discipline involved,Evaluate,Answer: Evaluate,Evaluate
Will have developed the capacity to detect the resonances of language and code embedded in particular texts and their relationship to social context.,Analyze,Answer: Analyze,Analyze
"Describe the functions and architectures of local area networks, wide area networks and the Internet;",Understand,"Answer:
Understand",Understand
"Recognise a wide range of lived experiences of gender, across the categories of class, ethnicity and sexuality",Remember,Answer: Analyze,Analyze
"Use well-developed research skills to undertake rigorous, in-depth analysis of current bioethical issues.",Apply,Answer: Analyze,Analyze
"describe computer security and controls (general and application), and apply that knowledge in order to assess the relevant audit risks and to make recommendations, as an external auditor, for the improvement of security and controls in simulated simple and advanced CIS environments and networks",Apply,"Answer:
Evaluate",Evaluate
discuss the relationships between languages in this area and identify phenomena resulting from language contact;,Understand,Answer: Analyze,Analyze
Demonstrate how the immune system responds to infection and disease;,Apply,explain the role of antibodies and complement proteins,Invalid
"identify the key usability factors that determine good digital design, production and presentation;",Remember,"Answer:
Analyze",Analyze
Explain the key concepts and theories that underpin social enterprise;,Understand,Answer: Understand.,Understand
Discuss broader topics about Japanese culture with Japanese native speakers;,Understand,"Answer:
Analyze",Analyze
"demonstrate skills in adopting and adapting strategies for ongoing, effective critical reading of academic work",Apply,Answer: Analyze,Analyze
"identify, evaluate and interpret a range of relevant curriculum documents and resources for teaching health and wellbeing",Remember,Answer: Analyze and Understand.,Analyze
"discuss and analyse these texts from literary, theoretical and critical perspectives;",Analyze,Answer: Analyze,Analyze
"design, administer, and analyse survey research;",Analyze,Answer: Analyze,Analyze
An understanding of the special area of study addressed.,Understand,Answer: Understand,Understand
Describe how host and pathogenic factors of micro-organisms affect the outcome of infection;,Understand,"Answer:
Analyze",Analyze
Understand and evaluate the efficacy of your own design concepts;,Understand,provide constructive feedback to peers on their design concepts.,Invalid
identify the distinct ethical considerations that may arise within public relations practice;,Remember,Answer: Analyze,Analyze
"Describe the underlying physical principles of optical subsystems, and apply this understanding to predict and quantify the effect on optical fibre communication system performance.",Understand,"Answer:
Apply

(Note: This",Apply
"understand the characteristics of various types of data sources including experiments, observational studies, surveys, sampling and sensors",Understand,Answer: Analyze,Analyze
"Demonstrate an ability to set and meet deadlines, and produce under pressure;",Apply,"Answer:
Apply",Apply
Articulate theories of adolescent development from a scientific viewpoint,Understand,Answer: Analyze,Analyze
Communicate the principles of sustainable chemistry to a broad audience.,Create,"Answer:
Communicate the principles of sustainable",Invalid
"Evaluate teacher beliefs, competencies and strategies for teaching gifted students effectively and reflect on self-beliefs and competencies as teachers",Analyze,Answer: Evaluate,Evaluate
Analyse the performance of a range of estimation methods,Analyze,Answer: Analyze,Analyze
Apply designerly processes that result in the creation and communication of design research outcomes;,Apply,"Answer:
Apply",Apply
"Identify foods sources of particular nutrients, and recognise the clinical signs and symptoms of particular nutrient deficiencies and excesses, and explain the reason for their development.",Remember,Answer: Analyze,Analyze
"Demonstrate skills in library and field research, data and information gathering, collation and organisation suitable for the preparation of a scientific report;",Apply,"Answer:
Apply",Apply
model a discrete optimisation problem using a mix of basic and more advanced modelling techniques in a high level modelling language;,Create,"Answer:
Analyze",Analyze
Undertake a biopsychosocial assessment identifying the risk and protective factors that impact on the client's development and reinforce the continuation of presenting issues.,Apply,Answer: Analyze,Analyze
conduct a small independent research project in an area of your own choosing,Apply,Answer: Create,Create
"To design, build and train the Artificial Neural Network to solve a variety of multi-disciplinary engineering and business problems.",Create,Answer: Create,Create
describe the dynamics of different selling situations,Understand,"Answer:
Analyze",Analyze
Describe the management of cardiovascular implantable electronic devices that are commonly encountered during perioperative care.,Understand,"Answer:
Apply",Apply
"Explain how different theoretical, methodological and disciplinary perspectives on migration lead to alternative policy proposals and arrangements in different places, and at different urban, national, regional, and global levels of migration governance;",Understand,Answer: Analyze,Analyze
"Demonstrate familiarity with the field of the history of everyday life, the varied methodologies that historians have used to research this history, and the intersections between political and social history;",Apply,Answer: Understand.,Understand
"Explain historical, social and political factors that have contributed to contemporary mental health practice and policy.",Understand,Answer: Analyze,Analyze
"develop an understanding of the strategies, operations, and performance of leading local and global companies",Understand,Answer: Understand,Understand
outline and apply operations management concepts in delivering value to customers,Apply,"Answer:
Apply",Apply
Express verbally and in writing critical points of connection between art and social change;,Understand,Answer: Analyze,Analyze
Apply to ethics committees for research approval as necessary,Apply,Answer: Apply,Apply
"Identify the components of change in the size, structure and composition of the population",Remember,Answer: Analyze,Analyze
"Capacity to articulate critical and imaginative interpretations of performance texts and processes in systematic written argument and clear, concise oral presentation.",Evaluate,Answer: Analyze,Analyze
Devise a self-directed program that identifies different phases of experimentation and consolidation within a field of research;,Create,Answer: Create,Create
Be able to interpret and integrate information obtained during neuropsychological assessment to formulate a comprehensive analysis of an individual's neuropsychological function;,Create,Answer: Analyze,Analyze
understand the impact of capital movements and migration on domestic economic outcomes,Understand,Answer: Analyze,Analyze
evaluate information/data and the inquiry process using self-determined criteria developed within structural guide lines,Create,Answer: Evaluate,Evaluate
Undertake hydrological investigations of natural and urban catchments.,Apply,Answer: Analyze,Analyze
"analyse and evaluate how entities apply the IFRS topics dealt with in this unit in their annual financial reporting, including the recognition, measurement, disclosure and presentation of these topics",Evaluate,Answer: Evaluate,Evaluate
understand the theoretical structure of an open economy with particular emphasis on monetary policy formulation and implementation,Understand,Answer: Analyze,Analyze
Use trees and graphs to solve problems in computer science;,Apply,be able to identify the structure of a tree or graph and,Invalid
"Create game programs that demonstrate an understanding and working knowledge of advanced rendering principles, such as shaders;",Apply,Answer: Create,Create
To have acquired a basic understanding of theoretical and practical issues in modern Chinese translation practice and studies;,Remember,To be able to analyze and evaluate the translation of selected Chinese,Evaluate
Synthesise contemporary research and theoretical issues in key areas of neuroscience,Create,Answer: Analyze,Analyze
Reflect on the experimental process and on group participation and learning,Analyze,Answer: Analyze,Analyze
Demonstrate high level research skills and the reasoning and professional judgment required to formulate appropriate responses to complex legal problems involving forensic evidence;,Apply,Answer: Evaluate,Evaluate
"Investigate, analyse and synthesise complex information, problems, concepts and theories in relation to issues that impact on construction projects such as variations, land defects, delays and defective works and the legal ramifications of each;",Analyze,Answer: Analyze,Analyze
"Will have developed the capacity to read 'against the grain' in relation to the Medieval and Renaissance Italian social, political and social contexts.",Apply,Answer: Analyze,Analyze
Describe the current software technologies and standards used in mobile application development;,Understand,"Answer:
Apply",Apply
"Demonstrate the ability to plan, design and implement a spatial data analysis project.",Apply,"Answer:
Analyze
Create",Create
use economic principles to critically appraise policy alternatives for health sector reform and understand practical methodologies for the application of economic principles particularly when data availability is extremely limited,Understand,Answer: Analyze and Apply.,Analyze
Use evidence-based approach in recommending dietary changes.,Apply,"Answer:
Analyze",Analyze
examine the legal differences between partnerships and corporations,Analyze,Answer: Analyze,Analyze
collect and display evidence of the ongoing development of research and professional teaching practice skills,Apply,"Answer:
Evaluate",Evaluate
synthesise and evaluate research on reading interventions,Evaluate,Answer: Evaluate,Evaluate
Assess the results of an analysis;,Evaluate,determine the validity and reliability of the findings.,Invalid
Explain the importance of quality assurance in software engineering;,Understand,provide examples of common quality assurance techniques.,Invalid
"Design high-level vision processes such as model-based vision, surfaces and outlines, graphs, range data, templates and classifiers and learning methods.",Create,Answer: Create,Create
Reflect critically on practice and propose knowledge and skill gaps and methods for ongoing learning;,Analyze,Answer: Evaluate,Evaluate
Analyse the parameters that are important to system performance,Analyze,Answer: Analyze,Analyze
Reflect on identified strengths and weaknesses to develop Personalised Learning Plans to enhance professional skills required to practice as a pharmacistThemeslabel Experiential Placements ,Create,"Answer:
Evaluate",Evaluate
"Investigate, analyse and synthesise complex information, problems, concepts and theories in relation to comparative corporate regulatory systems",Analyze,Answer: Analyze,Analyze
Critique surgical sperm extraction and preparation techniques of testicular and epididymal samples.,Evaluate,Answer: Evaluate,Evaluate
Discuss mechanisms by which drugs can act to produce changes in living systems;,Understand,"Answer:
Analyze",Analyze
Manage the relationship between analytical methodologies and real-world aircraft design.,Apply,Answer: Analyze,Analyze
Produce ‚Äòfit for purpose' translations of medical and scientific texts at a level of quality appropriate for their stage within the degree according to industry-specific standards.,Create,"Answer:
Evaluate",Evaluate
"Describe the geometric meaning behind vectors and matrices, and create code that demonstrates how these can be applied practically in game programming, including for object movement and collision;",Understand,"Answer:
Create",Create
"Explain core principles of social scientific theory, research design, and data analysis;",Understand,describe how these principles are applied in a specific research study,Invalid
"Explain the impact of renal, hepatic and gastrointestinal dysfunction on the patient during the perioperative period. ",Understand,Answer: Analyze,Analyze
"apply skills in journalism practice, research and/or project management, in direct observation of international organisations;",Apply,Answer: Apply,Apply
"develop educational planning, programming and evaluation techniques and skills",Create,"Answer:
Evaluate

(Note:",Evaluate
Determine physical and mechanical properties of soil and rock materials that can be used in geotechnical analysis and design,Apply,"Answer:
Analyze",Analyze
"Summarise and synthesise the unique challenges of supporting individuals and families with co-occurring disorders, relating to those with mental health or alcohol and other drug (AOD) disorders alone.",Create,Answer: Analyze,Analyze
"Critically examine the fundamental principles of international law; the theoretical framework of international law and its relationship with domestic law; the crucial role of States, international institutions and individuals in the international legal system;",Analyze,Answer: Analyze,Analyze
"Apply critical thinking to problems in Markov chains in general, and in the theory of random walks in particular.",Apply,"Answer:
Apply",Apply
"Develop critical approaches to analyzing the socio-cultural contexts of fashion, communication design and interior practices;",Create,Answer: Analyze,Analyze
Solve new problems in physics related to the core concepts of the unit by drawing on the theoretical underpinnings that illustrate the physics.,Apply,Answer: Analyze,Analyze
"Use image editing software to skilfully create, adapt, edit, manipulate and compose images;",Apply,Answer: Create,Create
An acquaintance with and critical appreciation of the range of alternatives to commercial litigation,Understand,Answer: Analyze,Analyze
"understand IT systems, hardware, software and the cloud at a level appropriate for business students and see how digital technology is affecting different business disciplines",Understand,Answer: Understand,Understand
Effectively participate in a range of two way oral and written communication forms using appropriate intrapersonal and interpersonal communication skills and technologies;,Create,"Answer:
Communicate

Note:",Invalid
Advocacy: Describe advocacy for equitable outcomes and social justice in regard to Aboriginal and Torres Strait Islander Health,Understand,"Answer:
Analyze",Analyze
Demonstrate research skills by conducting an ethnographic project.,Apply,Answer: Analyze,Analyze
Describe dermatological conditions using appropriate morphological terms to peers or patients.,Understand,"Answer:
Apply",Apply
Explore the concept of patient focused care and the biopsychosocial determinants of health.,Apply,Answer: Analyze,Analyze
"Use high level techniques to manage examination-in-chief, cross examination and re-examination.",Apply,"Answer: Analyze

(Note:",Analyze
gain an understanding of venture funding,Understand,Answer: Understand,Understand
identify and explain the theoretical frameworks that have shaped debates over issues related to political violence;,Remember,Answer: Analyze,Analyze
Compare the methods of transmission of communicable disease using appropriate examples of infections of global importance;,Analyze,Answer: Analyze,Analyze
graphically represent the relationship between variables,Create,Answer: Analyze,Analyze
"Design, code and test basic e-Business applications using current industrial strength techniques;",Create,"Answer:
Create",Create
"Critically analyse, communicate and apply secondary research to inform the design process;",Analyze,Answer: Analyze,Analyze
"Exercise professional judgement to formulate and evaluate responses to factual scenarios, based on both jurisprudential and practical considerations;",Apply,Answer: Evaluate,Evaluate
Compare and contrast intercultural psychology with particular focus on Australian Indigenous psychologies and mainstream psychological understandings;,Evaluate,Answer: Analyze,Analyze
demonstrate understanding of complexities in this field,Understand,Answer: Understand,Understand
Demonstrate an understanding of how bilingual education and/or content-based programs are positioned in the field of second language acquisition and applied linguistics,Understand,Answer: Analyze,Analyze
Convey to a non-specialist audience the relevance and value of genetics and biotechnology to human society.,Create,"Answer:
Analyze",Analyze
communicate ideas to others using an appropriate range of verbal and nonverbal communication strategies and collaborative techniques,Create,"Answer:
Collaborate

Explan",Invalid
Analyse and explain the social and historical developments that have informed the development of electronic music,Analyze,Answer: Analyze,Analyze
Describe the key trends and philosophies underlying the positions of major political parties;,Understand,"Answer:
Analyze",Analyze
examine the relationship between packaging and branding,Analyze,Answer: Analyze,Analyze
critically examine the relationship between Europe and the rest of the world,Analyze,Answer: Analyze,Analyze
"Demonstrate project management to identify a feasible scope, timeline and resources needed to execute the project;",Apply,"Answer:
Apply",Apply
Translate problem statements into algorithms and implement them in a high level programming language;,Apply,"Answer:
Apply",Apply
"Design, analyse and communicate a research project relating to sustainability of the Earth;",Analyze,"Answer: Analyze, Evaluate, Create",Create
Apply scientific thinking to data-oriented projects and tasks;,Apply,analyze and interpret data to identify trends and patterns;,Analyze
analyse qualitative data using a number of different analytical techniques,Analyze,Answer: Analyze,Analyze
"Selects and justifies their choice of medication, dose and mode of administration for the patient, including empirical choice of 'best guess' antibiotic",Analyze,"Answer:
Evaluate",Evaluate
Demonstrate skills relating to research design and analysis of neuroscientific technologies that are incorporated across the graduate psychology program.,Apply,Answer: Analyze,Analyze
Justify a role for functional foods in the prevention and/or delay of onset of specific health disorders or disease syndromes;,Evaluate,Answer: Analyze,Analyze
"apply critical thinking, problem solving and presentation skills to individual and/or group activities dealing with behavioural finance and demonstrate in individual summative assessment tasks the acquisition of a comprehensive understanding of the topics covered in BFW3851.",Apply,"Answer:
Apply",Apply
"Determine elastic and inelastic stresses, deflections in simple and compound beams, pressure vessels and flat plates.",Apply,"Answer:
Analyze",Analyze
Apply elements of intercultural theory for conflict negotiation and crisis resolution,Apply,Answer: Apply,Apply
pitch and communicate ideas to stakeholders effectively.,Create,"Answer:
Communicate = Apply",Apply
Demonstrate critical understanding of the real-world challenges associated with addressing sustainable development;,Understand,analyze the potential impact of various sustainable development strategies on the,Analyze
"Perform basic statistical analysis by hand, using spread sheets and statistical software;",Analyze,"calculate measures of central tendency, dispersion, and correlation",Invalid
Conduct a critical review of the potential of outdoor education contexts in relation to specific environments and communities,Analyze,Answer: Analyze,Analyze
Evaluate current high-throughput techniques to generate omics data and apply standard workflows to analyse them;,Apply,Answer: Evaluate,Evaluate
plan a strategy for assessing organisational capability and developing capacity in a particular context.,Create,Answer: Analyze,Analyze
Apply basic tools for managing and processing big data;,Apply,Answer: Apply,Apply
"Research a contentious topic in the area of physiology, and debate and communicate the findings of such research, at an appropriate scientific level.",Create,Answer: Analyze and Evaluate.,Evaluate
demonstrate the use of computer simulation to explore theoretical concepts.,Apply,Answer: Apply,Apply
Competently perform specified clinical procedures and tasks in simulated environments.,Apply,"Answer:
Apply",Apply
Have an understanding of the importance of teamwork and the skills necessary to implement this understanding;,Understand,Answer: Understand.,Understand
Describe the social basis of behaviour and psychopathology.,Understand,Answer: Analyze,Analyze
"Apply feedback, stability and dominant pole compensation to operational amplifier structures.",Apply,Answer: Apply,Apply
Demonstrate the ability to recognise and appropriately address ethical issues generated in preparing for and participating in negotiation;,Apply,Answer: Analyze,Analyze
Outline common investigative options relevant to area of specialist practice.,Apply,Answer: Analyze,Analyze
describe semantic image and video understanding techniques,Understand,"Answer:
Understand",Understand
"Converse in Spanish about past, current, future and hypothetical issues, as well as engage in more complex discussions about historical, political, social and cultural matters;",Apply,"Answer: Analyze, Evaluate, Create",Create
Conduct self-directed legal research.,Evaluate,"Answer:
Apply",Apply
design an appropriate process for screening a new product service idea through to introduction,Create,"Answer:
Analyze",Analyze
"understand the role, limitations and usefulness of economic analysis and economics as a way of thinking, particularly when applied to the health care sector",Understand,Answer: Analyze,Analyze
Communicate their ideas through concept presentation sketches and renderings;,Create,Create a visual representation of a complex concept.,Create
"Analyse policies, guidelines and evidence based resources within healthcare contexts in relation to leading change.",Analyze,Answer: Analyze,Analyze
critically analyse and appraise the relationship between theory and practice in the field of communications;,Analyze,Answer: Analyze,Analyze
Evaluate issues underpinning the relationship between brain processes and cognition and behaviour,Evaluate,Answer: Evaluate,Evaluate
Manage different stages of the development process in an experimental manner;,Apply,"plan, design, implement, test, and evaluate a project",Evaluate
"Demonstrate satisfactory progress towards the Level 3 professional competencies outlined by the Australian Psychology Accreditation Council, as determined by University professional experience staff and/or supervisors",Apply,"Answer:
Evaluate",Evaluate
Develop an application for approval by an ethics committee and understand the process and requirements of ethical approval.,Create,Answer: Understand.,Understand
Critically evaluate and manage psychological assessment referrals.,Evaluate,Answer: Evaluate,Evaluate
Critically appraise common screening and assessment tools for cognitive impairment in this population and discuss how treatment approaches may need to be adapted.,Understand,Answer: Analyze and Evaluate.,Evaluate
identify sources of connectedness in a complex economy-society-plant system through an economic lens,Remember,Answer: Analyze,Analyze
"Develop a project proposal with appropriate research questions, aims, hypotheses and methodological approaches",Create,"Answer: Analyze, Apply, Create",Create
Design environments with clearly indicated game challenges (time and intrinsic stress involved) and game balancing;,Create,"Answer:
Analyze",Analyze
"Investigate and interpret the relationship between human rights, legal theory and the law in order to develop evidence-based discussions that draw convincing conclusions.",Create,Answer: Analyze,Analyze
Apply principles of environmental scanning and scenario writing;,Apply,create a future scenario report for a business organization.,Create
"Demonstrate effective teaching skills such as planning and organisation; monitoring and assessing learning; meeting diverse student learning needs; effective classroom management; and developing collaborative, integrated and negotiated curriculum",Apply,"Answer:
Evaluate",Evaluate
"Use cognitive, technical and creative skills to generate and evaluate at an abstract level complex ideas and concepts relevant to government law and administration.",Apply,Answer: Evaluate,Evaluate
"demonstrate familiarity with the curricula policies related to the teaching of psychology, both nationally and internationally",Apply,Answer: Remember,Remember
Understand and apply a range of contemporary theories in television studies;,Apply,analyze and evaluate the ways in which these theories inform our,Evaluate
Develop frameworks for dealing with complexity in social work and the ability to develop appropriate strategies and interventions.,Create,"Answer: Analyze

(Note:",Analyze
"Solve systems of simple ordinary differential equations, establish and use their eigenvalues, solve simple second-order boundary-value problems",Apply,Answer: Analyze,Analyze
"Critically assess, and communicate both orally and in writing, developments and challenges in relation to gender and the law.",Evaluate,Answer: Analyze and Evaluate.,Evaluate
"Demonstrate core knowledge of the normal structure, function and development of the human body at all stages of life.",Apply,"Answer: Remember, Understand.",Understand
Understand the philosophy and theoretical basis of applied movement contexts,Understand,Answer: Understand,Understand
Critically evaluate the evidence for the success of the treatment of overweight and obesity.,Evaluate,Answer: Evaluate,Evaluate
Apply quantitative methods to evaluate research hypotheses in Developmental Psychology.,Apply,Answer: Apply,Apply
Apply broad knowledge and understanding of legislative requirements and teaching strategies that support participation and learning of diverse students including those with special needs and with disabilities,Apply,Answer: Apply,Apply
"Appreciate the practical and theoretical nature of industrial design, in particular the intimate relationship between rational processes and inspirational factors in design;",Understand,Answer: Analyze,Analyze
"Understand, discuss and analyse different cinematic genres and styles of contemporary French cinema",Understand,Answer: Analyze,Analyze
"Understand the processes involved in the design, development and implementation of a research project;",Understand,Answer: Understand.,Understand
Critically review scientific literature in the discipline area of research;,Analyze,summarize the findings and implications for practice.,Invalid
Explain the role of the law and the criminal justice system in society.,Understand,Answer: Understand,Understand
Demonstrate the ability to communicate engineering tasks to relevant parties and the ability to write technical reports.,Apply,"Answer:
Apply

(Note: This",Apply
Critically analyse contemporary approaches to mental health service delivery;,Analyze,Answer: Analyze,Analyze
"Create game programs that demonstrate an understanding of Direct 3D rendering, including geometry, models, cameras, textures and lighting.",Apply,Answer: Create,Create
Understand expressions from different genres;,Understand,"analyze the structure and meaning of these expressions;
and",Analyze
"Create evidence-based teaching resources relevant to curriculum design, transition planning, professional collaboration or the use of technology and reflect upon their use using professional practice frameworks.",Create,Answer: Create,Create
"Analyse thermodynamic systems using concepts of thermo-fluid properties, systems and control volumes.",Analyze,Answer: Analyze,Analyze
Present and deliver audio/visual content in both live and pre-recorded formats;,Create,utilize appropriate multimedia tools and techniques to enhance audience engagement,Invalid
"Investigate, analyse and synthesise complex information, problems, concepts and theories in relation to international banking and finance law, regulation and practice",Analyze,Answer: Analyze,Analyze
"Plan, design and develop a research project",Create,Answer: Create,Create
"Use those same skills to advise clients on trade mark registration in other countries and via international conventions, including Paris convention trade mark applications, Madrid Protocol applications and European Community Trade Mark applications.",Apply,"Answer:
Analyze",Analyze
design and manage a client project;,Evaluate,"create a project plan;
set project goals and objectives;",Create
"discuss intellectual traditions in European languages beyond Europe (such as mestizaje, cr√©olit√©, m√©tissage, third spaces, magical realism, etc.)",Understand,Answer: Analyze,Analyze
Select approaches that maximise the potential for program sustainability;,Analyze,"Answer:
Evaluate",Evaluate
"Synthesize and interpret advanced knowledge in theoretical, computational and/or experimental physics.",Evaluate,Answer: Evaluate/Create,Create
understand and apply the core principles of and approaches to data analytics in the context of accounting,Apply,Answer: Apply,Apply
"identify and research a news story, conduct interviews and gather appropriate evidence;",Understand,write a news article that is factually correct and gramm,Invalid
demonstrate skills in the critical assessment of alternative solutions and trade-offs in the traffic system,Apply,Answer: Analyze,Analyze
Plan and critically evaluate the existing literature for the implementation of a group therapy program for a relevant child or adolescent clinical presentation;,Evaluate,Answer: Evaluate,Evaluate
Integrate sociological theories into core research interest.,Create,Answer: Analyze,Analyze
Understand the numerical methods behind solutions of equations regularly encountered in methods in biostatistics.,Understand,"Answer:
Understand",Understand
Synthesise data from a range of instruments and sensors to report on performance against standards.,Create,Answer: Create,Create
Implement network management protocols and security requirements.,Apply,Answer: Apply,Apply
Critically evaluate the interaction between governance approaches and their realisation in practice in terms of sustainability outcomes.,Evaluate,Answer: Evaluate,Evaluate
"Communication: Recognise culturally appropriate, safe and sensitive communication that facilitates trust and builds respectful relationships with Aboriginal and Torres Strait Islander peoples.",Remember,"Answer:
Understand",Understand
Identify and comprehend the relationship between program plans and evaluation plans,Understand,"Answer:
Analyze",Analyze
consolidate the core principles underlying econometric and statistical analysis,Evaluate,Answer: Analyze,Analyze
Apply a range of disciplinary approaches to understanding business institutions and organisations in a Japanese context,Apply,Answer: Apply,Apply
"understand purposes, principles and approaches in educational research",Understand,Answer: Analyze,Analyze
Understand tail risk concept and quantify it based on either heavy tail distributions approach or extreme value theory.,Understand,Answer: Analyze,Analyze
"In the context of a health care consumer and the wider community: (i) Outline and demonstrate the key principles of good communication, and recognises the importance of this in pharmacy practice (ii) Communicate basic information about medicines or healthcare issues (iii) Effectively communicate a health care issue and some basic medicines information to a peer (iv) Comprehend basic ethical principles related to pharmacy  (v) Describe concepts of cultural competence and their importance for health service providers (vi) Identify and articulate your cultural values in the context of health and illness behaviours (vii) Describe elements of behavioural psychology that impact effective communication (viii)Observe, evaluate and reflect on a pharmacist delivering patient-centered careThemeslabel Professional practice (what pharmacists do)",Apply,"Answer:
Apply, Analyze, Eval",Analyze
Understand the policy environment and how it affects policy outcomes;,Understand,Answer: Understand.,Understand
To communicate a historical argument to staff and fellow students in an oral presentation;,Create,"Answer:
Analyze",Analyze
Demonstrate increased cultural capability in relation to Aboriginal health and how to apply a 'strengths based' approach to Aboriginal health issues,Apply,Answer: Apply,Apply
"Develop drawing skills and strategies to translate data, concepts and communication as a formative skill in studio research;",Create,Answer: Create,Create
Evaluate theories of development.,Evaluate,Answer: Evaluate,Evaluate
apply specialist skills and knowledge to project finance issues and to create solutions to practitioner issues,Apply,"Answer:
Apply",Apply
"Compare and contrast alternative forms of modernity and post-modernity currently being examined in non-Western countries through new interpretations of Christian, Islam, Hinduism and other world religions;",Evaluate,Answer: Analyze,Analyze
Gain experience in identifying research problems in medical ultrasound and developing a research plan that will assist in the resolution of the research question;,Create,Answer: Analyze,Analyze
evaluate unionism and industrial relations as mechanisms of employee protection.,Evaluate,Answer: Evaluate,Evaluate
"understand the nature of leadership as a context-bound, attributed status; and leadership as a socially and institutionally constructed phenomenon",Understand,Answer: Analyze,Analyze
"Identify and apply fundamental concepts of melody, harmony and rhythm;",Apply,create original compositions using these concepts.,Create
Apply principles of immunological techniques used in diagnostic and research laboratories;,Apply,Answer: Apply,Apply
Construct a project schedule in Microsoft Project for a given construction project by applying principles around work breakdown structure and relevant productivities.,Apply,"Answer:
Apply",Apply
"Evaluate and apply design research methods to a design project, demonstrating a synthesis of complex theories, concepts and propositions;",Apply,Answer: Evaluate,Evaluate
Demonstrate advanced skills of independent research and critical analysis,Understand,Answer: Analyze/Evaluate,Evaluate
Critically analyse and successfully respond to the complex range of issues inherent in an architectural design project;,Analyze,Answer: Analyze,Analyze
apply theory to cross cultural scenarios,Apply,Answer: Apply,Apply
"Effectively communicate (orally and written) aspects of how medicines work to peers, lay people and other healthcare professionals",Understand,"Answer:
Communicate effectively = Apply",Apply
"Use problem solving skills to define appropriate strategies to meet the needs of clinical imaging through MRI techniques, and to recognize deficiencies in images, such as reconstruction artifacts, and be able to identify the cause of such problems.",Apply,Answer: Analyze,Analyze
Discuss and evaluate the role of molecular techniques in the diagnosis of human diseases and the design of targeted therapies or specific treatments.,Understand,Answer: Evaluate,Evaluate
"Recognise and cite evidence for how biomedical research, including cell biology, animal models of disease and human studies are important in defining the pathogenesis of disease and the optimal treatment of disease in a public health context;",Remember,"Answer:
Analyze",Analyze
"Be familiar with the research skills and methods of urban scholars, including urban historians and other related disclipines;",Understand,Be able to identify and locate relevant literature in the field of,Invalid
Investigate barriers to effective pain management and develop strategies for overcoming them.,Create,"Answer: Analyze, Evaluate",Evaluate
conduct quantitative data analysis of a suitable multivariate data set through a practical research activity,Analyze,Answer: Analyze,Analyze
"Develop an understanding of language as a social, cultural and political practice",Understand,Answer: Analyze,Analyze
analyse the application of relevant external and internal systems to guide and regulate corporate behaviour,Analyze,Answer: Analyze,Analyze
Apply ethical approaches and the law of professional responsibility to generate appropriate jurisprudential and practical decision-making and conduct in lawyering;,Apply,Answer: Apply,Apply
Identify and describe key social science perspectives on medicine and health care in contemporary society.,Understand,Answer: Analyze,Analyze
"Evaluate the preservation and condition of human remains, and assess how preservation impacts on techniques employed by forensic anthropologists.",Evaluate,Answer: Evaluate,Evaluate
Proficiently present multimedia design concepts in a logical and informed manner that has relevancy to a specified target audience;,Create,"Answer:
Analyze",Analyze
apply critical thinking and problem solving to activities dealing with accounting information systems.,Apply,"Answer:
Apply",Apply
Have an understanding of the basic concepts of an energy balance (life-cycle analysis) with regards to materials usage,Understand,Answer: Understand,Understand
Apply arranging concepts to the formulation and development of musical works.,Apply,Answer: Apply,Apply
"Address the interaction between, often conflicting, requirements in the design of airframes i.e. aerodynamics, avionics and propulsion.",Understand,Answer: Analyze,Analyze
Critically reflect on political theory as an attempt to explain the meaning and advance the possibility of human freedom,Analyze,Answer: Analyze/Evaluate,Evaluate
Critically evaluate screen theoretical approaches and employ them to make arguments based on close textual analysis of television programs;,Evaluate,Answer: Evaluate,Evaluate
Understand the nature of a social environment and the meaning of a social network.,Understand,Answer: Understand,Understand
Discuss concepts of groundwater residence times and how these impact on the sustainable management of water resources;,Understand,Answer: Analyze,Analyze
Understand modern Korean history and major social issues in Korea in comparison with their own.,Understand,Answer: Analyze,Analyze
Utilize teamwork to solve challenges associated with research.,Apply,"Answer:
Apply",Apply
Use well-developed research and collaboration skills to formulate and evaluate possible responses to these challenges.,Apply,Answer: Evaluate,Evaluate
"Illustrate how the scripting process responds to wider production factors such as pitching, budget, distribution and marketing in different mediums.",Analyze,Answer: Analyze,Analyze
"demonstrate, describe, apply and evaluate the different research methods used by educators and researchers in the field of inclusive education and/or applied behaviour analysis",Apply,Answer: Evaluate,Evaluate
Identify functionally important sequences within a genome and explain how changes in these can impact phenotypes at both the mechanistic and molecular level;,Remember,Answer: Analyze and Evaluate.,Evaluate
"Identify and describe potential medico-legal and ethical situations arising from sonographic practice and the communication of sonographic findings to patients, radiologists or sonologists and referring medical practitioners;",Understand,Answer: Analyze,Analyze
explore the process of value management in a global world,Analyze,Answer: Analyze,Analyze
"Conduct research into issues relating to how the European Court of Human Rights has consistently updated the obligations on member states in the light of changing circumstances, especially social and cultural values",Apply,Answer: Analyze,Analyze
"Design an ART laboratory considering personnel, equipment and layout",Create,Answer: Create,Create
"Explain the chemistry and pharmacological mechanism of action of drugs used in treatment of endocrine and renal conditions, and predict how this leads to the treatment of these conditions and possible side effects",Understand,Answer: Analyze and Evaluate,Evaluate
"Be able to complete and analyse a set of laboratory-based, computer-based, theoretical or other appropriate studies;",Analyze,Be able to evaluate the results of these studies and draw conclusions,Evaluate
Employ case studies of rituals and associated cosmologies in a variety of sociocultural settings to examine critically the cultural borders established between the fields of science and spiritual belief.,Apply,Answer: Analyze,Analyze
Reflect critically on practice and propose knowledge and skill gaps and methods to achieve them;,Analyze,Answer: Evaluate,Evaluate
Evaluate and critique the major theoretical and research approaches within cognitive psychology,Evaluate,Answer: Evaluate,Evaluate
Apply knowledge and understanding of recent developments in relation to corporate insolvency law with creativity and initiative to new situations in professional practice and/or for further learning;,Apply,"Answer:
Analyze/Create",Create
Describe fundamental principles of kinematics of particles and rigid body motion in a plane.,Understand,"Answer:
Understand",Understand
Communicate (in spoken and written form) the core issues and controversies in global governance;,Create,Answer: Analyze,Analyze
Understand the minimum norms and standards for the care of children in institutions and in the welfare system in South Africa.,Understand,Answer: Understand,Understand
analyse the term structure of credit spreads and probabilities of default,Analyze,Answer: Analyze,Analyze
Apply the concepts of unit operations to combine them into a block flow diagram and process flow diagram of a chemical process.,Apply,Answer: Apply,Apply
"Relate presenting complaints and clinical signs to common and important illnesses, conditions and disorders.",Apply,"Answer:
Analyze",Analyze
Apply sophisticated tools of algebraic topology to tackle new problems.,Apply,Answer: Analyze/Evaluate (depend,Evaluate
Investigate key ways in which screen images are perceived and comprehended; ,Analyze,analyze the role of context in shaping perception and meaning,Analyze
be familiar with recent research examining plasticity and reorganisation in the primate brain;,Understand,"Answer:
Understand",Understand
"Apply a range of suitable techniques for the numerical solution of ODEs, including using discrete Fourier transforms, PS and FE methods",Apply,Answer: Apply,Apply
Demonstrate knowledge of the fuels used in aircraft and rocket engines and be able to undertake simple combustion related calculations dealing with these fuels.,Apply,Answer: Apply,Apply
define the purposes and scope of mergers and acquisitions in terms of the legal and economic consequences,Understand,Answer: Analyze,Analyze
Demonstrate knowledge of the practice and policy frameworks that animate health and mental health and consumer services in Australia.,Apply,Answer: Understand,Understand
"critically evaluate attempts to increase competition in particular industries, e.g. aviation, electricity and telecommunications, where there are ongoing reforms.",Evaluate,Evaluate,Evaluate
Critically review the scientific literature that underpins the area of the research project;,Analyze,summarise the key findings and evaluate the strengths and weakness,Evaluate
appreciate the diversity of EAL learners and plan for multilevel classes,Understand,"Answer:
Analyze",Analyze
articulate key concepts through verbal and visual presentations,Understand,"Answer:
Present

(Note: Present",Invalid
Demonstrate effective legal writing and written communication skills by clear and persuasive articulation and application of procedural rules and principles.,Apply,Answer: Apply,Apply
Critically assess the role and contribution of Australian climate change law in the context of regional or national responses to climate change,Evaluate,Answer: Analyze,Analyze
"explain the content of, and regulatory requirements associated with, company financial statements",Understand,"Answer:
Analyze",Analyze
Articulate and synthesize the objectives and practice approaches in the service system constructed to meet these mental health challenges and needs.,Understand,Answer: Analyze,Analyze
Analyse the genetic and environmental regulation of organogenesis in the major organ systems;,Analyze,Answer: Analyze,Analyze
"undertake original research, either theoretical or applied.",Apply,Answer: Create,Create
"reflect critically on their own, and others' writing practice;",Analyze,"provide constructive feedback to peers;
revise and",Invalid
Interpret results of specified investigations and use to guide patient management,Evaluate,Answer: Analyze,Analyze
Analyse critically the context and application of information retrieval systems;,Analyze,Answer: Analyze,Analyze
"Describe Essential Nutrition Actions (ENA) as prescribed by the World Health Organisation, and its relevance to local setting.",Understand,Answer: Analyze,Analyze
"interpret and critically evaluate local, national and international research and policy concerned with English language and literacy education",Evaluate,Answer: Evaluate,Evaluate
"Present, analyse and interpret data from a range of experiment types and discuss this in the context of current scientific literature.",Analyze,Answer: Analyze,Analyze
"demonstrate an awareness of the governance, leadership, ethical and diversity dimensions of complex global business issues in local and international contexts",Apply,Answer: Analyze,Analyze
conduct statistical inference in statistical models with a limited dependent variable (TOBIT and Censored Regression models),Analyze,Answer: Analyze,Analyze
"Apply knowledge and understanding of the principles of human perception, judgment and decision-making used in the legal system;",Apply,Answer: Apply,Apply
"Demonstrate the intellectual and practical skills needed to identify, research, evaluate and synthesise relevant factual, legal and policy issues.",Apply,Answer: Analyze,Analyze
Communicate and present the project design to client and constructors;,Create,provide clear and concise instructions for the construction process;,Invalid
Appraise and critique interview techniques for models of real world jobs in the biomedical or biotechnical industries.,Evaluate,Answer: Evaluate,Evaluate
"Apply critical judgement to the selection of materials and processes for additive manufacturing of medical products in the light of the design, manufacture and regulation requirements of medical devices or implants.",Apply,"Answer:
Apply",Apply
"Understand and appreciate the value of sociocultural diversity in school communities and begin developing a professional capacity to recognise, respond and teach to difference",Understand,Answer: Analyze and Apply,Analyze
demonstrate skills in using the appropriate statistical techniques from a user and provider perspective,Apply,"Answer:
Apply",Apply
Exercise professional judgement in recognising and responding to ethical issues and professional responsibilities that arise in the practice of litigation and dispute resolution and show an advanced and integrated understanding of approaches to professional decision making;,Apply,Answer: Evaluate,Evaluate
"Apply knowledge of the use of intravenous iodinated contrast media in CT angiography, CT pulmonary angiography and perfusion CT studies to the interpretation of these images generated in the emergency and trauma context.",Apply,Answer: Apply,Apply
"an introductory understanding of the cultural, economic, social and religious circumstances that lie behind the spread of politically motivated violence; b. how terrorism is a unique form of political violence, yet one that shares some features, objectives and tactics of guerrilla warfare, organized crime and political assassination.",Understand,Answer: Analyze,Analyze
Identify the opportunities and constraints related to development in industrialising countries and disadvantaged indigenous communities living within wealthy nations.,Remember,Answer: Analyze,Analyze
"Explain use and development of the broader applications of MRI, including spectroscopic, dynamic and functional imaging",Understand,Answer: Analyze,Analyze
"Recognise and reflect upon the ethical issues that may arise when forensic evidence is given in legal proceedings, and the professional responsibilities of lawyers in addressing these issues;",Remember,Answer: Analyze,Analyze
"Critique, interpret, systematise and integrate theoretical analyses and empirical findings and present them in a cohesive written review.",Evaluate,"Answer:
Evaluate",Evaluate
evaluate digital archiving initiatives/projects in the community and cultural heritage sectors.,Evaluate,Answer: Evaluate,Evaluate
Explain the advanced physical principles associated with the medical imaging topic chosen for in-depth study including PET/CT hybridisation;,Understand,Answer: Analyze,Analyze
"Communicate effectively and supportively with the multidisciplinary team, patient and family/carers, both written and verbally",Create,"Answer:
Communicate effectively and supportively",Invalid
Assess risk of bias across quantitative research designs.,Evaluate,"Answer:
Evaluate",Evaluate
Assess how smart contracts are executed and the limitations of smart contracts,Evaluate,Answer: Analyze/Evaluate,Evaluate
Demonstrate an ability to research published scientific literature and effectively communicate their findings either orally or in writing.,Apply,"Answer:
Analyze

(Note:",Analyze
"an appreciation of the history, philosophy and practice of empirical research in Sociology and Anthropology;",Understand,Answer: Understand.,Understand
Conduct research into capital punishment based on knowledge of appropriate international andcomparative law research principles and methods.,Apply,Answer: Analyze,Analyze
value the practice of real-world chemistry,Evaluate,"Answer:
Understand",Understand
model water flow processes in the unsaturated zone.,Create,Answer: Analyze,Analyze
Knowledge in the design of micro/nano-electro-mechanical-systems and micro/nano-fluidic devices for various bio-applications To develop the ability to:,Create,1. Identify the key components and their functions in micro,Invalid
"Analyse and interpret key documents which codify and illustrate international criminal law, through their application to complex case scenarios.",Analyze,Answer: Analyze,Analyze
"Plan, conduct and report on research in their Honours discipline;",Create,"Answer: Analyze, Evaluate, Create",Create
design and implement effective educational plans to deepen inclusive teaching and learning practices.,Create,"Answer:
Evaluate

(Note:",Evaluate
"Communicate engineering designs through calculation, drawings, and reports as part of a team.",Create,"Answer:
Apply

(Note: This",Apply
Identify and explain the theory of argument;,Remember,describe the structure of a persuasive essay.,Invalid
Set up mathematical models for solution in a spreadsheet or other application software;,Create,"Input data into the model;
Calculate the solution;",Invalid
Compile a data set handbook,Create,"Answer: Organize

Explanation:",Invalid
analyse and interpret the jurisdictional issues and legal procedures relevant to the determination of such disputes,Analyze,Answer: Analyze,Analyze
Apply a critically reflective approach towards the management of human resources' issues in the emergency and trauma context;,Apply,Answer: Apply,Apply
Communicate research findings to an audience of peers.,Create,Answer: Present or Communicate or Share or Eval,Invalid
explore the functions of professional and legal bodies in dealing with ethical matters,Analyze,Answer: Analyze,Analyze
"analyse, synthesise and evaluate/reflect upon a business situation",Analyze,Answer: Analyze and Evaluate.,Evaluate
Demonstrate exposure to methods and tactics involved in architecture culture;,Apply,describe the historical context and significance of various architectural styles,Invalid
"Reflect on their own linguistic repertoire and those of other people, and how these come to bear on our relationships with society;",Analyze,Answer: Analyze,Analyze
"Utilise and appraise bioinformatic tools to compare DNA and protein sequences, search for genetic variants controlling complex traits, analyse transcriptome data and search for genomic signatures for adaptation;",Apply,"Answer: Analyze, Evaluate",Evaluate
Identify the impact of materials science and engineering on issues relating to energy and sustainability.,Remember,"Answer:
Analyze",Analyze
"Present the results of the original research in written form as a thesis, and also present key thesis results in oral form as a final seminar.",Create,Answer: Present or Create (depending on the,Create
"design sensitivity analysis, scenario analysis, stress testing approaches and apply real option analysis to assist corporate treasurers to analyse investment projects",Apply,"Answer: Analyze, Apply",Analyze
Utilizing frameworks for evaluating family functioning within their environmental context;,Apply,applying frameworks to assess family functioning in various contexts,Invalid
Review the literature based on a selected topic within medical imaging which reflects a critical awareness of the current ideas and methods of practice;,Analyze,Answer: Analyze,Analyze
Design and perform an hypothesis-driven experimental approach to investigate physiological processes;,Create,"analyze and interpret data;
and communicate results effectively.",Analyze
evaluate NLP systems.,Evaluate,Answer: Evaluate,Evaluate
"Develop evidence based interventions to control simple environmental risks and prevent harm, including strategies for standard setting and systematic management of key personal, social and economic factors, to inhibit, control or reduce potential for harm.",Create,"Answer: Analyze, Apply, Create",Create
"Apply basic wind turbine aerodynamic models of horizontal wind turbines to estimate turbine aerodynamic performance, including the actuator disc concept and blade element momentum theory, and approaches to aerofoil design.",Apply,Answer: Apply,Apply
"Evaluate imaging of the gastrointestinal, genito-urinary and hepatobiliary systems in terms of the patient presentation the anatomy and image quality;",Evaluate,make a diagnosis and suggest further investigations.,Invalid
Identify the factors that influence health across the lifespan;,Remember,"Answer:
Analyze",Analyze
Thoroughly assess the theoretical working principles and the limitations of air pollution control systems.,Evaluate,Answer: Analyze,Analyze
Design and analyse reactor systems using numerical methods and commercial software Aspen Plus,Analyze,Answer: Analyze,Analyze
"Understand how diverse biological, personal, developmental, social and environmental factors combine to impact skill acquisition across a range of abilities",Understand,Answer: Analyze,Analyze
Distinguish between employees and other kinds of workers and critically evaluate the implications of the distinction for workers and employers;,Evaluate,Answer: Evaluate,Evaluate
Analyse and discuss digital media user and production cultures;,Analyze,Answer: Analyze,Analyze
Describe how polymer structure and morphology influences thermal and mechanical properties.,Understand,"Answer:
Analyze",Analyze
"Increased knowledge, skills, and attributes necessary for independent research, enhanced capacity to formulate and research communication issues, to analyse and evaluate arguments, and to understand critical approaches to the planning, writing and editing of research;",Analyze,Answer: Analyze and Evaluate.,Evaluate
"gain an in-depth knowledge of an order structure, topological structure, and linear structure",Understand,"Answer:
Analyze",Analyze
Demonstrate language proficiency equivalent to Common European Framework of Reference (CEFR) level A2.,Apply,Answer: Understand,Understand
Utilise and assimilate the practice and procedures of the International Court of Justice in presenting the written and oral argument;,Apply,"Answer:
Analyze",Analyze
Skills of analysis and interpretation in the study of China through exposure to the textual sources used in this unit.,Analyze,Answer: Analyze,Analyze
Analyse the effect of wing geometric variations on spanload.,Analyze,Answer: Analyze,Analyze
"conduct in-depth study of either French, German, Italian or Spanish and Latin American cinema",Apply,Answer: Analyze,Analyze
Evaluate the effectiveness of existing counter-measures against cybercrime,Evaluate,Answer: Evaluate,Evaluate
"Review, evaluate and justify appropriate approaches for clinical trial design based on preclinical evidence.",Analyze,"Answer:
Evaluate",Evaluate
"demonstrate advanced knowledge of the professional ethical, cultural and psychometric issues that arise when assessing and reporting on the cognitive and academic abilities, and individual differences across the lifespan",Understand,Answer: Evaluate,Evaluate
Analyze and contextualize the human and economic cost and causes of workplace injury and death in Australia.,Analyze,Answer: Analyze,Analyze
Identify and explain the key rhetoric's informing media regulation and the ways in which they function within and through particular policy debates;,Remember,Answer: Analyze,Analyze
Address the issues and challenges of managing very large collections of heterogeneous data for information retrieval;,Understand,Answer: Analyze,Analyze
"Exercise judgment involving a combination of creative, design led, critically informed and self-reflective considerations as part of an iterative process of producing new or novel understandings, interpretations and applications;",Apply,"Answer:
Evaluate
Create",Create
Demonstrate self-motivation and able to construct a program of work derived from various workshops that reflect a coherent direction which imaginatively addresses your own concerns;,Apply,Answer: Create,Create
Demonstrate a growing sophisticated ability to contextualise and communicate the theoretical and material rationale of the artwork within the field of contemporary art practices;,Apply,Answer: Analyze,Analyze
"Assess technology building blocks, their functional areas/characteristics and role in the design of emerging intelligent transport system (ITS) applications.",Evaluate,Answer: Analyze,Analyze
"Skills in data cleaning, identification of outliers and data trimming using appropriate statistical methods.",Apply,"Answer:
Analyze",Analyze
"Understand and critically evaluate the principles of human perception, judgment and decision-making used in the legal system;",Understand,Answer: Analyze and Evaluate.,Evaluate
"Relate the impact of social and environmental determinants of health on the health status and outcomes for patients across a range of contexts , including marginalised groups and the Indigenous populationThemeslabel Theme II",Apply,Answer: Analyze,Analyze
Examine the principles of clinical trials and understand their role in informing healthcare practice and policy.,Understand,Answer: Understand,Understand
Discuss the different theoretical approaches to the conceptualisation of Europe; and the dynamics between 'European' and 'national' responses to historical challenges and crises,Understand,Answer: Analyze,Analyze
critically reflect upon and develop your own personal English and literacy skills,Create,Answer: Evaluate,Evaluate
"understand the roles and dynamic of the start up environment (founders, investors and C-level employees) and create and deliver a compelling pitch.",Understand,"Answer:
Analyze

(Note:",Analyze
Demonstrate a basic knowledge of applied mechanics relating to product design materials and structures;,Understand,"Answer:
Remember",Remember
demonstrate the ability to generate and analyse EViews computer output for business and economic applications.,Analyze,Answer: Analyze,Analyze
"develop effective skills in applying a range of web tools in teaching English, and reflect on how ICT canfacilitate learning in students' contexts",Apply,"Answer:
Apply
Analyze",Analyze
Design a research proposal and timeline using appropriate data collection and analysis methodsThemeslabel Inquiry and Innovation,Create,"Answer:
Analyze
Evaluate
Create",Create
Identify and understand routine transition metal catalysed and organocatalytic chemical reactions.,Understand,Answer: Understand,Understand
"identify, scope and deliver on a particular business issue of problem",Remember,"Answer:
Apply",Apply
"Develop, demonstrate and explain results of analysis, a software prototype or model.",Apply,"Answer:
Create

(Note: This",Create
"Communicate in a manner that is effective for the stated purpose, intended audience and designated context of the project;",Create,"Answer:
Analyze

(Note:",Analyze
Have a understanding of key neuropsychological syndromes that are regularly encountered in clinical psychology practice;,Understand,Answer: Understand,Understand
"Recognise, define and compute odds, risk, relative risk, absolute risk and parameters associated with diagnostic test accuracy (such as specificity, sensitivity, likelihood ratios)",Remember,Answer: Analyze,Analyze
"demonstrate critical thinking, analytical and problem-solving skills in the context of investment theories and practices",Apply,Answer: Analyze,Analyze
Describe different sources of evidence and their roles in paramedic practice.,Understand,Answer: Analyze,Analyze
"Critically analyse the meaning of health and the broad principles of public health such as equity, community engagement and partnerships to undertake a health needs assessment.",Analyze,Answer: Analyze,Analyze
Describe how sample and patient witnessing is integrated into the IVF laboratory,Understand,"Answer:
Apply",Apply
"Demonstrate the ability to complete a written dissertation of 10-12,000 words for quantitative studies and up to 15,000 words for qualitative, including literature review and background information, methodology, results/findings, discussion, evaluation, recommendations and conclusions.",Apply,"Answer: Evaluate

(Note: This",Evaluate
Describe sensory techniques as used in robotics and implement these concepts.,Understand,"Answer:
Apply",Apply
Describe the factors that have led to a greater emphasis on quality measurement and improvement in health care.,Understand,Answer: Analyze,Analyze
"demonstrate an ability to engage both professionally and ethically with the complexities of transitions and change for children and families from diverse social, economic, cultural and linguistic backgrounds",Apply,Answer: Analyze,Analyze
think critically about the legal and ethical issues of digital communication;,Analyze,Answer: Analyze,Analyze
"Extrapolate critical theory approaches to broader European and global challenges, and relate these approaches to their own field of interest or discipline;",Analyze,Answer: Analyze/Evaluate,Evaluate
Formulate and analyse aerodynamics problems and be able to calculate the forces on aerodynamics problems and be able to calculate the forces on aerodynamic bodies,Analyze,Answer: Analyze,Analyze
enhance the capability of developing an original research topic,Create,Answer: Create,Create
Evaluate fundamental principles of pharmacology;,Evaluate,"analyze the effects of drugs on the body;
compare",Analyze
"demonstrate the application of knowledge and skills that forensic accountants and fraud examiners are expected to possess. These include: investigative techniques, knowledge of auditing, ethics, criminology, accounting, law, and information technology, and communication skills",Apply,"Answer:
Apply",Apply
Be fluent in the terminology used to navigate the brain and describe brain structures.,Understand,"Answer:
Memorize/Remember/",Remember
"Describe the relationship between protein sequence, structure and function and relate this to specific examples in human health and disease;",Understand,Answer: Analyze,Analyze
Implement modelling concepts relevant to undertaking feasibility studies of transport proposals.,Apply,Answer: Analyze,Analyze
Demonstrate cultural humility and explain behaviours and values required to engage in lifelong learning.,Apply,Answer: Analyze,Analyze
"demonstrate knowledge and understanding of the historical, philosophical, curriculum and pedagogical foundations of health education",Understand,Answer: Understand,Understand
"demonstrate skills in building, analysing and using a budget and",Apply,managing personal finances.,Invalid
"Perform in a selected music ensemble with fundamental ensemble musicianship (for example phrasing, blend, balance, group dynamics, preparation, interaction and participation);",Apply,"Answer:
Apply",Apply
"Exhibit a critical understanding of the role of the media in the development, representation and ownership of sport",Understand,Answer: Analyze,Analyze
"Produce a thesis that displays competence in understanding and carrying out research in the field of psychology, but with less emphasis on comprehensive knowledge and originality as required in a research degree such as PhD",Create,"Answer:
Analyze",Analyze
"Evaluate with reference to the evidence-base and personal reflections acute and late radiation therapy side effects, analysing patient care and management strategies related to the above body systems.",Evaluate,Answer: Evaluate,Evaluate
Explain the effects of ionizing radiation on cellular matter and the basic principles underlying radiation dose and radiation safety,Understand,"Answer:
Analyze",Analyze
"Demonstrate knowledge and understanding of the comparative concepts, content, skills and diversity of teaching strategies relevant to the humanities and social sciences",Understand,Answer: Analyze,Analyze
practise and critically reflect on strategies that maximise opportunities which encourage language use which matches students' real-life needs,Analyze,Answer: Analyze,Analyze
Describe responses to the challenges of chronic disease management as embodied in models such as the chronic care model (Wagner) and their own country's responses to the challenges of this field,Understand,Answer: Analyze,Analyze
Synthesise and analyse information/data collected from practice and communicate scientifically.,Analyze,Answer: Analyze and Create,Create
develop computer skills for forecasting from business and economic time series data,Create,"Answer:
Analyze",Analyze
"Understand how observation, analysis, experiment and critique apply to the architectural design process;",Understand,Answer: Analyze,Analyze
Distinguish the economic characteristics of transport operations involving the movement of people or freight;,Analyze,Answer: Analyze,Analyze
Evaluate major approaches of IT-based decision support;,Evaluate,compare and contrast their strengths and weaknesses.,Invalid
Critically appraise the role of social work in criminal justice contexts.,Evaluate,Answer: Analyze,Analyze
Apply learned problem solving skills to your data interpretation;,Apply,Answer: Apply,Apply
Design and conduct experiments involving the cultivation of living cells and the use of cell assays. Themeslabel Pharmaceutical Science,Create,"Answer:
Analyze",Analyze
"Demonstrate an understanding of the processes involved in designing, developing and implementing a supervised research project;",Understand,Answer: Understand.,Understand
Select appropriate techniques to suit the nature of the design or the communicative purpose.,Analyze,"Answer:
Analyze",Analyze
Evaluate CT and MRI clinical images to recognise and describe the appearance of anatomical structures displayed in cross sectional imaging and identify abnormal appearances and common pathologies to include a variety of body areas.,Evaluate,Answer: Evaluate,Evaluate
Discuss the ethical principles underpinning the research process,Understand,Answer: Analyze,Analyze
Demonstrate your capacity to generate data ethically and analyse its significance,Analyze,Answer: Analyze,Analyze
Describe and explain methods used in quality assurance and quality management in the food industry;,Understand,"Answer:
Analyze",Analyze
"Reflect on and assess their own capabilities and performance, and make use of feedback to support personal and professional development.",Analyze,Answer: Evaluate,Evaluate
Have a understanding of key neuropsychological syndromes that are regularly encountered in clinical psychology practice,Understand,Answer: Understand,Understand
Assess fluid applications and select appropriate techniques to solve the equations governing fluid behaviour for the design or analysis of those applications.,Evaluate,Answer: Analyze,Analyze
Demonstrate awareness of scientific computing methods and visualisation.,Apply,"Answer:
Understand",Understand
demonstrate the ability to create differentiated curriculum for middle years learners,Apply,Answer: Create,Create
communicate understanding of a variety of different international regulatory regimes in the finance and banking industry,Understand,Answer: Analyze,Analyze
"distinguish between the different types and levels of assurance services provided by professional practitioners, including auditors, and describe the assurance framework",Analyze,Answer: Analyze,Analyze
examine how not-for-profit organisations generate funds and attract human resources,Analyze,Answer: Analyze,Analyze
identify the instances where an auditor will find it effective and efficient to engage other parties to gather evidence and describe the procedures the auditor needs to perform on the work of the other parties.,Remember,Answer: Analyze,Analyze
formulate a well-structured and organised response to a question in writing;,Create,"Answer:
Analyze",Analyze
"estimate transition intensities dependent on age (exact or census); understand the principle of correspondence, calculate central and initial exposures, explain the concept of rate intervals, estimate initial and central mortality rates from census data and death data",Understand,"Answer:
Analyze",Analyze
Predict the effect of disrupting cellular processes on cellular and system function and on human health; ,Evaluate,Answer: Analyze,Analyze
recognise and use features of writing in World Englishes across cultures;,Remember,"Answer:
Analyze",Analyze
critically evaluate an entity's financial position and performance utilising financial statement analysis.,Evaluate,Answer: Evaluate,Evaluate
Develop a high level awareness and understanding of the ideas and issues in medical ethics so that in practice the interests of their patients/clients are safeguarded.,Understand,Answer: Understand.,Understand
Describe the pathophysiology of the six disease states under study.Themeslabel Pharmaceutical Science,Understand,"Answer:
Analyze",Analyze
acquire practical skills and knowledge for supporting strategic change within a business towards sustainable practice,Apply,"Answer:
Apply",Apply
Apply the basic principles of structural and life-cycle design to analyse and optimise the resource efficiency of buildings of different typologies;,Apply,"Answer:
Apply",Apply
"Creatively solve complex problems relating to privacy, technology, law and policy",Analyze,Answer: Evaluate,Evaluate
Describe key historical and philosophical developments which have resulted into the modern discipline of psychology.,Understand,"Answer:
Analyze",Analyze
Analyse health literacy as it applies to self-management for people with chronic illness/es,Analyze,Answer: Analyze,Analyze
Understand the major theoretical and computational issues underlying analyses based on linear models.,Understand,Answer: Analyze,Analyze
"Implement a project plan for a concert performance, based on the original concept and recordings from the previous semester;",Apply,"Answer:
Apply",Apply
Demonstrate how a given text exemplifies or challenges contemporaneous theories,Apply,Answer: Analyze,Analyze
"Develop, implement, evaluate and disseminate information concerning a project that has occupational relevance to a community or population;",Evaluate,Answer: Evaluate and Create.,Create
Construct short computer programs that implement these numerical methods.,Create,"Answer: Apply, Create.",Create
Respond creatively to design briefs of increasing complexity;,Create,develop and present design concepts that meet the needs of the client,Invalid
Identify and evaluate film and screen theory in relation to scholarly debates regarding contemporary and historical film and screen examples and methods;,Understand,Answer: Evaluate,Evaluate
use the understanding of buyer-seller relationships and behaviour to develop marketing strategies for dynamic business markets,Apply,Answer: Analyze,Analyze
"identify the implications of these developments for labour management practices, employee voice and participation in the workplace and representative organisations of employers and employees",Remember,Answer: Analyze,Analyze
describe and explain various aspects of the South African taxation system,Understand,Answer: Understand,Understand
"communicate effectively in Indonesian, using basic speaking, listening, reading and writing skills in a limited range of situations and on a limited range of topics; ",Create,"Answer:
Apply",Apply
Evaluate a machine learning algorithm in typical contexts;,Evaluate,"compare its performance to other algorithms;
determine the best",Invalid
"Conduct independent and ethical research, applying sound principles of study design and appropriate data analysis methods",Apply,"Answer: Analyze, Apply",Analyze
Compare different methods of purifying antibodies from a range of different biological sources;,Analyze,"Answer:
Analyze",Analyze
assess and develop competencies in the different communication needs of accountants and their diverse stakeholders,Create,Answer: Evaluate,Evaluate
evaluate treasury management systems and other decision support systems,Evaluate,Answer: Evaluate,Evaluate
"apply critical thinking, problem solving and presentation skills to individual and/or group activities dealing with taxation and demonstrate in an individual summative assessment task the acquisition of a comprehensive understanding of the topics covered in BTS2301.",Apply,"Answer:
Apply",Apply
"Investigate, analyse and synthesise complex information, problems, concepts and theories of national and international legislation in the core areas of air and space law;",Analyze,Answer: Analyze,Analyze
develop and evaluate cohesive marketing strategies for organisations involved in global marketing.,Create,Answer: Evaluate,Evaluate
analyse and make recommendations regarding the design of strategic management accounting systems,Analyze,Answer: Analyze,Analyze
Describe the principles underlying the operation of a range of separation processes.,Understand,Answer: Analyze,Analyze
Synthesise the available information on the impact of addictive behaviours on young people and families in order to demonstrate an understanding of the complexity of this issue,Apply,Answer: Analyze,Analyze
"Measurement and document structural, lithological and stratigraphic data in the field and use this data to analyse the geological evolution of a region;",Analyze,Answer: Analyze,Analyze
"Identify and communicate cultural differences and similarities between English, and languages other than English;",Understand,"Answer:
Analyze",Analyze
Apply the theoretical basis of health education and behaviour change in regards to nutrition intervention  ,Apply,Answer: Apply,Apply
Describe the importance of multicultural diversity and cultural relationships to professional practice.,Understand,"Answer:
Analyze",Analyze
"Independently undertake complex legal research and:a. Assess and articulate options for clients/beneficiaries, including thestrengths and limitations of available legal options;b. Pro-actively develop solutions to complex legal problems;c. Synthesise large volumes of material, identifying key informationrelevant to developing legal material to support casework and/or policyadvocacy materiald. Recognise and appropriately respond to the strategic and ethicalimplications of different legal approaches;e. Critically analyse legal principles and the legal system, from avariety of perspectives including theoretical perspectives, identifyinggaps and inadequacies in the provision of legal support toclients/beneficiaries",Create,Answer: Evaluate,Evaluate
Apply differentiation techniques to related rates of change problems and optimisation problems.,Apply,Answer: Apply,Apply
"Develop, implement and document a focused research project",Create,Answer: Create,Create
"Calculate approximations of functions with tangent lines, evaluate power series and construct Taylor series;",Evaluate,"Answer:
Apply",Apply
"understand and appreciate how factors associated with complexity, uncertainty, ambiguity and social choice affect decision making in organisations",Understand,Answer: Analyze,Analyze
Analyse the contribution of Italian political thought to the formation and development of modern political ideologies;,Analyze,Answer: Analyze,Analyze
Effectively communicate scientific knowledge across disciplines and communities of practice in environment and sustainability.,Create,"Answer:
Analyze

Explanation",Analyze
"Demonstrate an ability to plan, organise and create a piece of creative nonfiction work from inception to entry level publication standard.",Apply,Answer: Create,Create
Generate appropriate responses to legal problems and communicate them in a form appropriate for legal practice or scholarship,Create,"Answer:
Evaluate",Evaluate
identify and describe key methodological aspects of research and practice in one of the following areas: cultural and literary studies; translation studies,Understand,Answer: Analyze,Analyze
"critically evaluate organisational behaviour concepts and theories at the individual, team and organisational levels",Evaluate,Answer: Evaluate,Evaluate
Analyse stability of soil and rock slopes.,Analyze,Answer: Analyze,Analyze
identify and evaluate digital archiving tools and services for users;,Understand,Answer: Evaluate,Evaluate
Analyse and critique contemporary issues related to spatial design;,Analyze,Answer: Analyze,Analyze
"develop a clear understanding of the forms and dynamics of inter-partyand intra-party politics, and the impact this has on debates about publicpolicy and governance;",Understand,Answer: Understand.,Understand
demonstrate developing communication skills by reporting on an aspect of the work undertaken during the placement.,Apply,"Answer:
Apply",Apply
Evaluate and utilise appropriate philosophical foundations of research;,Evaluate,analyse and synthesise research findings from multiple sources;,Invalid
"Demonstrate both single objective and multi-objective optimisation of process models to improve the process objective(s), which assess the sustainability of chemical processes using the life cycle assessment methodology.",Apply,Answer: Analyze/Evaluate,Evaluate
"Recognise situations where a complex biostatistical data structure can be expressed as a Bayesian hierarchical model, and specify the technical details of such a model.",Remember,Answer: Analyze,Analyze
"Apply fundamental knowledge of health sciences to determine and perform appropriate musculoskeletal physiotherapy management, including monitoring its effectiveness and utilising re-assessment findings to inform practice;",Apply,Answer: Apply,Apply
Demonstrate food preparation and food analysis techniques.,Apply,"Answer:
Analyze",Analyze
Critically analyse and assess information technology literature.,Analyze,Answer: Analyze,Analyze
Understand and apply the rules of occupational health and safety appropriate to the discipline.,Apply,"Answer:
Apply",Apply
"Design and implement an efficient research strategy to answer a legal research question, using the most appropriate online and paper-based research tools",Apply,"Answer:
Analyze",Analyze
"Analyse three-phase systems to calculate voltages, currents, active power, and reactivepower.",Analyze,Answer: Analyze,Analyze
"Develop classroom practice that engages school students in active and inquiry-based learning, so that they may participate in and understand their local, regional and global communities.",Create,"Answer:
Analyze",Analyze
"Critically assess threats, vulnerabilities and risks to an organisation's information assets, and propose control technologies and techniques which can be applied to reduce the security risk;",Evaluate,Answer: Evaluate,Evaluate
Discuss controversies surrounding the commercialisation and ethics of stem cell research and advances and requirements for clinical treatments;,Understand,Answer: Analyze,Analyze
"Select suitable techniques and methods to conduct analysis, design and implementation activities;",Analyze,Answer: Analyze,Analyze
"Explain the methods of conservation at various levels (eg. species, population, community, ecosystem etc.) and discuss the various conservation strategies that are available;",Understand,Answer: Analyze,Analyze
Develop studio processes that generate creative research in various sculptural materials;,Create,Answer: Create,Create
Complete an adequate assessment of a patient with a psychiatric syndrome.,Evaluate,"Answer:
Evaluate",Evaluate
Outline how different organelles are formed and positioned within cells and how these organelles respond to a changing environment;,Apply,Answer: Analyze,Analyze
Identify the key resources relevant to the topic,Remember,"Answer:
Remember

(Note:",Remember
Apply knowledge and skills which demonstrate judgement and defined responsibility in relation to Faculty and department compliance and readiness for placement,Apply,Answer: Evaluate,Evaluate
demonstrate the practical application of CBT techniques,Apply,Answer: Apply,Apply
"Conduct an evidence-based, theory-informed social work assessment and intervention plan.",Evaluate,"Answer: Analyze, Apply, Create.",Create
Identify and interpret the changes that have occurred in how the world economy has been governed since the end of the Second World War;,Understand,Answer: Analyze,Analyze
"Identify the legal and ethical issues that arise from changes to cognition, chronic and life limiting illness and the impact on chronic illness management",Remember,Answer: Analyze,Analyze
Describe basic principles of radiation protection with regard to the use of unsealed sources justifying the need for a regulatory framework governing their use,Understand,Answer: Analyze,Analyze
"Formulate a theoretical game design to a specific brief, implementing effective game narrative and balancing;",Create,"Answer: Analyze, Apply, Create",Create
"Compare, contrast, and critically analyse key interpretive frameworks and techniques through which Indigenous art is (and has been) perceived;",Evaluate,Answer: Analyze,Analyze
Identify and apply social media marketing techniques as used in the industry.,Apply,"Answer:
Apply",Apply
"demonstrate advanced understanding and application of innovation and change management theory, models and frameworks",Understand,"Answer:
Apply
Analyze",Analyze
"explain regulations related to equity issues, mergers and acquisitions and share buybacks",Understand,"Answer:
Analyze",Analyze
"Select and use appropriate resources and strategies for the teaching of disciplines, subjects and learning priorities in primary schools in varied settings and socio-economic settings within and outside Australia",Apply,Answer: Analyze,Analyze
"in the decision making context, apply management accounting techniques relating to full and relevant costing, cost volume profit analysis, budgeting, capital management and accounting for sustainability",Apply,"Answer:
Apply",Apply
Demonstrate an understanding of primary school curriculum relation to literacy learning.,Understand,Answer: Understand.,Understand
Apply engineering design techniques to solve engineering problems.,Apply,Answer: Apply,Apply
Generate simulations of power converters for renewable energy grid integration and various ancillary services in the power system.,Create,Answer: Create,Create
Compare and interpret the different approaches taken to a legal issue across various jurisdictions.,Evaluate,Answer: Analyze,Analyze
"Demonstrate skills in self-assessment and be able to act on feedback received, as well as provide constructive feedback to others in a practice situation.",Apply,"Answer:
Evaluate",Evaluate
"Construct, deliver, and evaluate comprehensive case presentations including comprehensive case conceptualizations and treatment plans;",Evaluate,Answer: Evaluate,Evaluate
"Relate mechanisms of injury and the clinical signs or symptoms of injury with the abnormal x-ray appearances of the pelvic girdle, lower limbs and thoracic and lumbar spine.",Apply,Answer: Analyze,Analyze
"Understand key aspects of health regulation, case law and policy;",Understand,analyze the impact of these aspects on health care organizations and,Analyze
Formulate various modelling techniques for the analysis of network performance underincreasingly complex usage scenarios.,Create,Answer: Analyze,Analyze
"Solve problems in a meaningful, systematic, and structured manner.",Apply,"Answer:
Analyze",Analyze
Design a nanotechnology-based therapy. Themeslabel Pharmaceutical Science,Create,Answer: Create,Create
"Apply knowledge of, and understanding of developments in relation to children's rights within the context of international human rights law with creativity and initiative for further learning;",Apply,"Answer:
Apply.",Apply
"Develop media strategies to productively engage with external stakeholders, the public, and the media particularly intimes of crisis;",Create,"Answer:
Analyze

(Note:",Analyze
"Explore a variety of key contemporary health issues, information sources and discourses that influence the health status of a diverse range of people in society",Analyze,Answer: Analyze,Analyze
Understand and analyse the relationship between politics and ethics in the writings of political theorists,Analyze,Answer: Analyze,Analyze
critically analyse the strategic management theories and practices to apply to organisational realities,Apply,Answer: Analyze,Analyze
cultivate a toolkit of techniques to develop and persuasively communicate optimal solutions to wicked problems,Create,"Answer: Evaluate

(Note: W",Evaluate
"Systematically assess a patient experiencing a respiratory or cardiovascular emergency, and associate the assessment with respiratory and/or cardiovascular disease pathology",Evaluate,Answer: Analyze,Analyze
"apply critical thinking, problem solving and presentation skills to individual activities dealing with international financial management and demonstrate in an individual summative assessment task the acquisition of a comprehensive understanding of the topics covered by BFW2341.",Apply,"Answer:
Apply",Apply
describe teaching strategies that create a supportive learning environment for adolescents.,Understand,"Answer:
Understand",Understand
Identify population health indicators particularly as they relate to vulnerable groups including Aboriginal and Torres Strait Islander people;,Remember,"Answer:
Analyze",Analyze
"Demonstrate in-depth understanding of the curriculum guidelines, documentation, assessment and evaluation policies relevant to local, regional and national context",Understand,Answer: Analyze,Analyze
Explain why globalization has produced such a diverse group of opponents;,Understand,Answer: Analyze,Analyze
Understand the key principles of research presentation.,Understand,Answer: Understand,Understand
Interpret legal and spatial codes and legislative standards that avoid risks to human and environmental health;,Evaluate,Answer: Analyze,Analyze
understand the main features of competition policies in Australia and around the world,Understand,Answer: Understand,Understand
Have sound oral and written communication skills and be able to utilise these in such debates.,Apply,"Answer:
Communicate effectively (Apply)",Apply
"Investigate, analyse and synthesise complex information, problems, concepts and theories in relation to advanced commercial negotiation;",Analyze,Answer: Analyze,Analyze
"Communicate effectively and persuasively both orally and in writing on issues relating to non-adversarial processes, especially to a non-expert audience;",Create,"Answer:
Analyze
Evaluate
Create",Create
"Propose and justify a solution-based approach to a sustainable development challenge, alongside an implementation - change strategy.",Evaluate,Answer: Evaluate and Create,Create
Use technical word processing packages and graphics software effectively in the presentation of their work;,Apply,"Answer:
Apply",Apply
identify factors that help companies to survive and prosper,Remember,"Answer:
Analyze",Analyze
"Investigate, analyse and synthesise methods of factual proof according to some of the more complex and contested issues of evidence law applicable in Victoria",Analyze,Answer: Analyze,Analyze
"Plan change within the student's current work-place to improve chronic disease management, utilising their previous evaluations, known effective interventions and published guides, templates and financial modelling",Create,"Answer: Analyze, Apply, Create",Create
"Identify and analyse the key concepts of psychodynamic theory that contribute to an understanding of adolescent development, tasks and issues which include, family, culture and ethnic contexts;",Analyze,Answer: Analyze,Analyze
Effectively communicate in language suitable for the scientific community the results of analyses using causal inference methods,Analyze,"Answer: Analyze, Evaluate",Evaluate
Demonstrate safe prescribing practices for commonly used medications and fluids,Apply,Answer: Apply,Apply
Examine and evaluate sustainable energy options,Evaluate,Answer: Evaluate,Evaluate
"Determine the governing equations for viscous boundary layer flows, and apply these equations to calculate the drag due to skin friction in laminar and turbulent boundary-layer flows.",Apply,"Answer:
Apply",Apply
Explain the developmental stages of adolescence,Understand,Answer: Understand,Understand
"Describe the normal structure and function of the central and peripheral nervous systems, the cardiovascular and respiratory systems as they pertain to a systematic health assessment;",Understand,"Answer:
Understand",Understand
Conduct research in international banking and Islamic finance law and regulation based on knowledge of appropriate research principles and methods,Apply,Answer: Analyze,Analyze
write and interpret parallel database processing algorithms and methods;,Evaluate,"Answer:
Analyze",Analyze
"Describe the functions and processes relating to the complexities of planning and logistics in aeromedical retrieval systems, and their relationships with other health system components;",Understand,Answer: Analyze,Analyze
"Practice professional attitudes and behaviours including reflection, self evaluation and team work.",Evaluate,"Answer:
Analyze

(Note:",Analyze
"Import and visualise exploration data in industry-standard 3D modelling packages (LeapFrog Geo, Gocad, Geomodeller, Geoscience analyst)",Analyze,"Answer:
Apply",Apply
"identify the strengths and limitations of different measurement systems, select appropriate measurement systems for different dimensions of behaviour, and use continuous and discontinuous measurement systems",Remember,Answer: Analyze,Analyze
Evaluate genome assemblies and underlying algorithms using short and long read sequencing data;,Evaluate,compare and contrast the strengths and weaknesses of different assembl,Invalid
Demonstrate a basic level of competence in architectural design;,Understand,"create a floor plan for a small house, including the placement",Create
"discuss the key aspects of the conceptual framework (as described in objective 1) as applied to the preparation and presentation of financial statements, as well as the various spectrum of accounting topics dealt with in this unit",Understand,Answer: Analyze,Analyze
Describe the midwifery skills required to provide comprehensive physical and psychosocial assessments when providing maternity care for women and their babies across the childbearing continuum;,Understand,Answer: Analyze,Analyze
understand what an interdisciplinary focus means and how it is implemented,Understand,"Answer:
Analyze",Analyze
"Identify, research, and evaluate relevant legal, factual and policy issues, including interpretation and application of relevant provisions of the Corporations Act;",Remember,Answer: Evaluate,Evaluate
Appreciate electromagnetic transients in power systems.,Understand,"Answer:
Analyze",Analyze
"Will acquire knowledge about a broad range of political and social theories, both classical and contemporary, as alternative and differing approaches to analysing social relations, and hence will gain an understanding of how political and sociological knowledge has developed over time;",Apply,Answer: Understand.,Understand
Produce a scholarly essay that clearly and cogently presents the outcomes of the research.,Create,"Answer:
Evaluate",Evaluate
"Identify foodsources of particular nutrients, and recognise the clinical signs and symptoms of particular nutrient deficiencies and excesses, and explain the reason for their development.",Remember,"Answer:
Analyze",Analyze
Assess problems from an engineering perspective and deliberate on the relevant contextual factors. Combine and apply sophisticated data analysis methods and decision-making skills to analyse industrial scenarios and make recommendations that support business growth and development.,Analyze,"Answer: Analyze
Evaluate",Evaluate
Apply printmaking and other creative strategies as a form of expression appropriate to the concepts you are investigating;,Apply,Answer: Apply,Apply
"Understand and be able to apply the rules of occupational health and safety and environment appropriate to this unit of study, particularly those applying to use of computing equipment, access to facilities, and the environment of healthy and safe studio practices.",Apply,"Answer:
Apply",Apply
Analyse the pathophysiology of common traumatic and environmental conditions as it relates to specific intensive care interventions and clinical management strategies;,Analyze,Answer: Analyze,Analyze
Analyse examples and case studies including those from high-reliability industries.,Analyze,Answer: Analyze,Analyze
Develop a research proposal based on those sources;,Create,Write a clear and concise abstract for the research proposal;,Invalid
Observe and employ occupational health and safety appropriate to studio practice.,Apply,"Answer:
Apply",Apply
"Evaluate a range of critical approaches used within film, television and screen studies;",Evaluate,Answer: Evaluate,Evaluate
To foster knowledge about Australia's democratic institutions and their inter-relationship with the community and with the processes of government,Remember,Answer: Understand,Understand
Describe and explain the main features that distinguish digital screen media from earlier types of screen production;,Understand,Answer: Analyze,Analyze
"Identify, conceive and create design solutions for communicating tangible and intangible cultural heritage, with consideration to collaboration and inter-disciplinary processes;",Remember,Answer: Create,Create
"Aware of the fundamental elements in various genres of writing commonly associated with the work place, including writing a review, an argumentative piece, a speech, a publicity material, etc;",Understand,"Answer:
Understand",Understand
"Analyse the treatment system, including the various modalities of treatment in the AOD sector (including face-to-face, telephone and online-based treatments), and describe the social, economic and political influences on a treatment system planning.",Analyze,Answer: Analyze,Analyze
Appraise the influence of socio-cultural factors on patient attitudes and responses to radiation therapy.,Evaluate,"Answer:
Evaluate",Evaluate
be conversant with the evolving research literature that is represented in working papers and formal publications of leading researchers at home and abroad,Understand,Answer: Analyze,Analyze
Critically analyse the strengths and weaknesses of different epidemiological study designs.,Analyze,Answer: Analyze,Analyze
Implement specialist medical diagnostic skills during the acute phase of illness or injury,Apply,Answer: Apply,Apply
Design and generate suitable mitigation strategies to inform management options.,Create,Answer: Evaluate,Evaluate
Construct a simple simulation using a probabilistic model.,Create,Answer: Analyze/Create,Create
"Evaluate the significance of key economic thinkers such as Malthus, Smith, Ricardo, List, Schumpeter, Marx, Keynes and Hayek;",Evaluate,Answer: Evaluate,Evaluate
Recognise the value of networking skills and self-promotion in a professional context;,Remember,"Answer:
Understand",Understand
Identify and explain policy principles,Remember,Answer: Analyze,Analyze
"Recognise the principles of team-work, and the role of doctors in clinical teams. Theme II: Population, Society, Health and Illness",Remember,"Answer:
Understand",Understand
Demonstrate proficiency in computer-based literature searching word processing and other computer programs commonly used in their chosen chemistry discipline;,Apply,Answer: Apply.,Apply
skills enabling them to critically analyse contemporary debates in applied ethics which depend on such issues and concepts,Analyze,Answer: Analyze,Analyze
"Analyse the distinct features, the functional/disciplinary origins, and the key drivers of IT and IKM strategies focused primarily on (1) people, (2) business processes, and (3) content and technology, and the supporting technologies that can facilitate each approach;",Analyze,Answer: Analyze,Analyze
Determine the impact of key international agencies and processes that influence health at a local level.,Evaluate,Answer: Analyze,Analyze
An acquaintance with the considerable body of knowledge that has been built up about late medieval and Renaissance Florence (in the context of Italian history in general),Understand,Answer: Understand,Understand
Design strategies to assess and improve sustainable lean practices.,Create,Answer: Evaluate,Evaluate
Use appropriate data collection and analysis software to collect and analyse data,Apply,Answer: Analyze,Analyze
"apply a range of effective classroom pedagogical strategies specifically related to knowledge of practical responses to conflict, harm and challenging behaviour.",Apply,Answer: Apply.,Apply
Critically examine the cultural artefacts and discursive frameworks of political and cultural discourses which accompany and frame the situations of various groups in a postcolonial environment;,Analyze,Answer: Analyze,Analyze
Identify conserved features in sequences and structures that define the function of macromolecules,Remember,Answer: Analyze,Analyze
"Illustrate how evolution by natural selection can be detected, and how evolution and genetic diversity are central to the successful management of biodiversity, invasive species and disease.",Analyze,Answer: Analyze,Analyze
plan and execute original projects on the social impact of media;,Create,Answer: Create,Create
"Effectively apply a systematic approach to identify, assess and care for the deteriorating patient",Apply,"Answer:
Apply",Apply
Undertake collaborative projects with scholars from other disciplines,Apply,"Answer:
Analyze

(Note:",Analyze
Apply the basic concepts of graph theory;,Apply,"- Identify vertices and edges
- Determine the degree",Invalid
"Apply technical skills for synthesising chemicals, interpreting chemical data, and collecting unique data using a range of sophisticated apparatus and technologies;",Apply,"Answer:
Apply",Apply
address key research questions,Understand,"analyze data
draw conclusions
present findings

An",Analyze
demonstrate in an individual summative assessment task the acquisition of a comprehensive understanding of the topics covered by BFF5902.,Understand,Answer: Understand.,Understand
"Demonstrate the use and principles of orthotic fabrication using low temperature thermoplastic materials and justify design, manufacture and application of a specific orthosis.",Apply,Answer: Evaluate,Evaluate
"Debate the benefits and potential drawbacks of genetic modification, organic agriculture, and the use herbicides and pesticides in global food production.",Evaluate,Answer: Analyze,Analyze
"analyse debates about how philosophy, politics and economics shape our understanding of the contemporary world;",Analyze,Answer: Analyze,Analyze
Interpret Chinese audio-visual news broadcasts;,Evaluate,"translate the spoken words into English;
write a summary of",Invalid
"discuss the applications for knowledge gained in the unit in applied fields, such as language acquisition and forensic linguistics.",Understand,Answer: Analyze,Analyze
Utilise the quality use of medicines principles in medication management decision making;,Apply,"Answer:
Apply",Apply
"understand the main concepts, theories and models of open economy macroeconomics",Understand,Answer: Understand,Understand
"Investigate, analyse and synthesise complex information, problems, concepts and theories in relation to relevant jurisprudence from comparable domestic legal system such as the United States, Canada, New Zealand and the UK to apply in the Australian context.",Apply,Answer: Analyze,Analyze
formulate portfolio management decisions,Create,Answer: Analyze,Analyze
"assess various types of environmental impact assessment, risk evaluation andenvironmental management system methodologies",Evaluate,Answer: Analyze,Analyze
apply concepts drawn from discipline-based art education (DBAE) and other relevant curriculum models to the evaluation of specific examples of visual art and design curriculum practice.,Apply,Answer: Analyze,Analyze
Be able to exchange knowledge and ideas with other scholars in order to achieve a high quality of legal scholarship;,Create,"Answer:
Evaluate",Evaluate
Critically analyse a variety of approaches to psychological interventions;,Analyze,"evaluate their effectiveness and limitations.

Answer:",Evaluate
"Understand two and three dimensional spatial relationships in nature, built forms and visual systems;",Understand,analyze and evaluate the ways in which these relationships are represented,Evaluate
"Have demonstrable expertise in sustained research, interviewing and composition skills",Apply,"Answer:
Analyze
Evaluate
Create",Create
describe frameworks that support cross cultural teaching and learning and how they could be used in practice,Understand,"Answer:
Analyze",Analyze
Use technical and creative skills to generate and evaluate complex ideas and concepts relevant to International Refugee Law and Practice.,Apply,Answer: Evaluate,Evaluate
Engage with and apply teaching and learning models of curriculum that provide for the educational needs of gifted students.,Apply,Answer: Apply,Apply
Engage in critical analysis and exercise professional judgement in make reasoned choices among alternate interpretations and actions,Evaluate,Answer: Analyze,Analyze
"Demonstrate developed skills of oral presentation of criminal legal policy, rules and argument in an interactive learning context",Apply,"Answer:
Analyze",Analyze
communicate the results of marketing research projects.,Create,"Answer:
Apply",Apply
"design an individual personal professional plan to support continued, professional learning and growth underpinned by evidence, the Graduate Standards for Teachers and other related professional frameworks",Create,"Answer: Evaluate, Analyze, Create",Create
"Outline the clinical presentations, signs and symptoms and treatments associated with various ailments, diseases and conditions commonly encountered in the community practice settings including children and geriatrics.",Apply,Answer: Analyze,Analyze
Acquire skills in the constructive approach to complex situations with competing ethical issues.,Understand,Answer: Analyze,Analyze
Analyse texts in relation to contemporary reformulations of nationalism;,Analyze,identify and evaluate the implications of these reformulations for the,Evaluate
"Apply a critical understanding of the application of concepts and approaches from diverse disciplines, including history, sociology, anthropology, performance, translation and gender studies;",Apply,"Answer:
Apply",Apply
"Distinguish between individual, couples and group therapy",Analyze,Answer: Analyze,Analyze
evaluate personal and professional development,Evaluate,Answer: Evaluate,Evaluate
"Demonstrate your awareness of the precedents for, and dimensions of, your own exhibition practice.",Apply,Answer: Analyze,Analyze
prepare a comprehensive written research project in journal format.,Create,"Answer:
Analyze
Evaluate
Create",Create
develop an original research topic,Create,Answer: Create,Create
Competence in meeting the demands of an international professional program or project and being able to reflect critically on those demands.,Evaluate,Answer: Evaluate,Evaluate
Reflect upon skills required to work in the area of sustainable development and identify skills they wish to develop further and;,Remember,Create a personal development plan to address these skills.,Create
Build simple quantitative models based on theoretical knowledge or statistical data analysis.,Create,"Answer:
Apply",Apply
understand investment characteristics of different asset classes and their implications in portfolio management,Understand,Answer: Analyze,Analyze
"Critically apply knowledge of assessment, intervention and referral skills to the field of practice.",Apply,"Answer:
Apply

(Note: This",Apply
Evaluate contemporary theories and review the evidence related to contemporary applied areas of psychology;,Evaluate,Answer: Evaluate,Evaluate
"Work independently and collaboratively in learning and production processes, including online forums, to produce business / industrial/ economic reports;",Apply,"Answer:
Collaborate

Explan",Invalid
Use knowledge of the causative factors and pathophysiology in clinical reasoning,Apply,Answer: Analyze,Analyze
"Assess the biopsychosocial development of a child, adolescent and adult using a social work framework and analyse the structural factors that have impacted on the client's biopsychosocial development.",Analyze,Answer: Analyze and Evaluate.,Evaluate
explain the role that records and archives play in organisations and society;,Understand,Answer: Understand,Understand
Critically analyse and evaluate a range of case studies regarding public relations campaigns;,Analyze,"Answer: Analyze, Evaluate.",Evaluate
Critically analyse various approaches to nursing research.,Analyze,Answer: Analyze,Analyze
discuss the potentially controversial implications of political applications of human rights discourse;,Understand,Answer: Analyze,Analyze
"explain and apply the concepts of the ""object-oriented"" style of programming.",Understand,"Answer:
Apply",Apply
"apply business analytic tools to produce innovative solutions in finance, marketing, economics and related areas",Apply,"Answer:
Apply",Apply
Have an understanding of the importance of culture - including popular culture - to historical research,Understand,Answer: Understand,Understand
"Research, evaluate and implement narrative techniques used in immersive, interactive and experiential storytelling across diverse media;",Analyze,Answer: Analyze and Apply.,Analyze
Undertake original research into emerging digital technologies and associated regulation and policy contexts;,Apply,Answer: Create,Create
Evaluate the effectiveness of public sector reforms in practice;,Evaluate,Answer: Evaluate,Evaluate
Analyse the structure of their own health system.,Analyze,Answer: Analyze,Analyze
Select appropriate tools and algorithms to perform forensic investigations and acquire relevant evidence;,Analyze,"Answer:
Apply",Apply
"Conduct research into a contemporary international sporting issue to: identify relevant factual, legal and policy issues; critically evaluate the existing legal and regulatory regimes; and though the application of legal reasoning, critical analysis and their cognitive and creative skills, generate appropriate jurisprudential and practical responses and/or reforms;",Apply,Answer: Evaluate and Analyze.,Evaluate
"Explain the principles of cardiac, vascular, perfusion and diffusion imaging in the context of evidence based practice.",Understand,Answer: Analyze,Analyze
"Generate an arithmetic or geometric sequence or series using a recurrence relation, and solve problems in practical contexts.",Create,"Answer:
Apply",Apply
"The ability to think critically and analytically, and to be able to articulate those ideas.",Analyze,Answer: Analyze,Analyze
be familiar with economic factors which are of a major interest to stakeholders in the banking and finance industries.,Understand,"Answer:
Remember",Remember
"Analyse the extent to which chemical reactions proceed, and determine the composition attained at equilibrium.",Analyze,Answer: Analyze,Analyze
Critically analyse the goals and motivations of various actors,Analyze,"in a given scenario.

Answer: Analy",Invalid
"Communicate ideas and concepts in order to critically justify designs through a process of observation, reflection, analysis, selection, interpretation and expression;",Evaluate,Answer: Analyze and Create.,Create
understand the key principles of utilising systems of support within schools and systems,Understand,"Answer:
Analyze",Analyze
assess relevant academic literature and apply the results of the research to the specific issues under review;,Apply,"Answer:
Apply

(Note: This",Apply
interpret and report the results/findings obtained from qualitative and quantitative data analytic techniques.,Evaluate,Answer: Analyze,Analyze
"implement, critically appraise and apply research in educational and developmental psychology",Apply,Answer: Evaluate and Apply,Evaluate
Debate contemporary issues in healthcare simulation,Evaluate,Answer: Analyze,Analyze
Communicate ideas in a range of academic and professional formats ,Create,"Answer:
Create",Create
identify predictors and consequences of 'wellness' and 'toxicity' in the organisational context,Remember,Answer: Analyze,Analyze
understand the suitability and strengths of group therapy,Understand,Answer: Understand,Understand
"Generate PID and state-space controllers, meeting design specifications, using analytical and computer-based techniques.",Create,"Answer:
Evaluate
Analyze
Create",Create
develop and demonstrate broad knowledge and understanding of contemporary theories of childdevelopment for children's learning,Understand,Answer: Understand,Understand
Knowledge of issues related to the design and implementation of social science research;,Remember,ability to identify and evaluate the strengths and weaknesses of research,Evaluate
Identify the normal structure and function of the musculoskeletal system and the nursing/midwifery practice considerations related to associated musculoskeletal conditions.,Remember,"Answer:
Analyze",Analyze
develop an ability to research and critically evaluate developments in marketing law.,Evaluate,"Answer: Analyze
Evaluate",Evaluate
"Demonstrate a critical awareness of the capacities, limitations and socio-professional implications of online journalistic practices in the African context.",Understand,Answer: Analyze,Analyze
"Apply professional judgment and critical thinking skills to interpret legal conclusions and legislation, evaluate alternative constructions and justify a considered opinion;",Apply,"Answer:
Analyze
Evaluate",Evaluate
"Recognise, interpret and analyse traditional and critical theoretical perspectives, and conventional and alternative concepts in the study of International Relations across its four subfields (security studies, international political economy, foreign policy and global governance).",Analyze,Answer: Analyze,Analyze
Demonstrate understanding of legal issues arising in the digital workplace by identifying and evaluating their impact on professional practice.,Understand,Answer: Evaluate,Evaluate
"Articulate and apply the fundamental principles of negligence law, false imprisonment, trespass to land and nuisance, including defences and remedies",Understand,"Answer:
Apply",Apply
Reflect critically on their own performance practice.,Analyze,"Answer:
Evaluate",Evaluate
Illustrate how to manage power relations and conflict in groups through demonstrated facilitation skills and critical reflection on their group participation.,Apply,Answer: Analyze and Evaluate.,Evaluate
Critically reflect on decisions and judgements made to demonstrate accountability for informed patient care,Apply,Answer: Evaluate,Evaluate
Analyse strategies for successful management of stress and fatigue on physical and mental health;,Analyze,Answer: Analyze,Analyze
"Discuss the process of homeostasis, whereby physiological systems are regulated to maintain a relatively constant internal environment for maintenance of health",Understand,"Answer:
Analyze",Analyze
Determine greenhouse gas emissions associated with energy use and analyse mitigation strategies.,Analyze,Answer: Analyze,Analyze
Determine the structural behaviour various bridge types quantitatively and qualitatively using relevant hand- and computer-based methods.,Apply,Answer: Analyze,Analyze
Consistently apply the rules of occupational health and safety in force in the studio appropriate to a developing interdisciplinary practice.,Apply,Answer: Apply,Apply
Apply knowledge and understanding of recent developments in relation to banking law with creativity and initiative to new situations in professional practice;,Apply,Answer: Apply.,Apply
Understand the interaction of ionising radiation with materials and the resultant secondary effects; derive the structure factor and extinction law in diffraction events.,Understand,Answer: Analyze,Analyze
"Conduct research in the law of remedies in commercial disputes, based on knowledge of appropriate research principles and methods;",Apply,"Answer:
Analyze",Analyze
Demonstrate fundamental skill development in the operations associated with lens-based photography including the principles of photographic representation and technical principles of image production;,Apply,"Answer:
Apply",Apply
"Apply research skills to independently find relevant information about an essay topic; organise, synthesise and analyse the information and communicate it in written and oral form.",Apply,"Answer:
Apply",Apply
Critically analyse scientific literature on the atmospheric boundary layer.,Analyze,Answer: Analyze,Analyze
"Knowledge of poststructuralist, cyberculture and contemporary media theories influencing development of digital literatures;",Remember,ability to identify and analyze the ways in which these theories are,Analyze
"be able to clearly and effectively communicate solutions, applying the knowledge in above areas, in a distinctly logical manner in relation to activities dealing with the management of financial institutions and demonstrate in an individual summative assessment task the acquisition of a comprehensive understanding of the topics covered by BFC3170.",Create,"Answer:
Evaluate",Evaluate
Explain the scientific principles underpinning computed tomography;,Understand,describe the process of a typical CT scan.,Invalid
Use research processes with due regard to ethical procedures and academic conventions,Apply,"Answer:
Analyze",Analyze
Construct the link between social policy and the goals and values of social work.,Create,Answer: Analyze,Analyze
"Critically evaluate, analyse and interpret the collected results to generalise the rules that govern the analytical technique.",Analyze,"Answer:
Evaluate

(Note:",Evaluate
"Evaluate, assess and communicate both personal and team progress and learning, thus engaging in meaningful reflective practice of one's self and the outcomes and process of the projects.",Evaluate,Answer: Evaluate,Evaluate
Identify the conventions associated with film genres;,Remember,explain how these conventions are used to create meaning and,Create
Describe the techniques that are available to manipulate reproduction in animals,Understand,"Answer:
Analyze",Analyze
Assess whether an estimator has desirable properties,Evaluate,Answer: Evaluate,Evaluate
Design approaches for collecting and analysing data for a range of industry problems.,Create,"Answer: Analyze, Create",Create
recognise and utilise language learning and communication strategies;,Remember,Answer: Apply,Apply
"Be familiar with the main stages of central nervous system development, and the impact of these stages on normal cognitive functioning;",Understand,"Answer:
Remember",Remember
Understand how to tune microscope parameters to match the information required from their specimens.,Understand,"Answer:
Apply",Apply
develop communication skills to recommend results-based insights.,Create,"Answer:
Analyze",Analyze
Describe the most common data collection and analysis methods used in Computer Science research;,Understand,"Answer:
Apply",Apply
understand the importance of professional investment in wealth creation,Understand,"Answer:
Understand",Understand
Evaluate legal principles and policy in light of ethical issues that arise in legal practice or theadministration of justice in the digital environment.,Evaluate,Answer: Evaluate,Evaluate
Communicate and present criminal law ideas effectively and persuasively to specified audiences in a format appropriate to criminal law practice,Create,Answer: Evaluate,Evaluate
Apply different methodological approaches in international relations research;,Apply,Answer: Apply,Apply
"Apply calculus-based tools to derive key features of a probability distribution, such as mean and variance.",Apply,Answer: Apply,Apply
To apply engineering principles to recording and analysis of electrical signals in the body,Apply,Answer: Apply,Apply
"Develop a research proposal which explains the selection of appropriate research questions, designs and implementation plans within a health or community setting;",Create,"Answer: Analyze, Apply, Create.",Create
Describe and examine evidence and strengths based best practice approaches in Aboriginal and Torres Strait Islander health care.,Understand,Answer: Analyze,Analyze
"Apply medical, forensic, and legal principles to the preparation of medico-legal reports.",Apply,Answer: Apply,Apply
Develop skills of oral presentation and argumentation in an interactive class context,Create,"Answer:
Analyze
Evaluate
Create",Create
Appreciate how laboratory environment and operator technique can impact embryo development,Understand,Answer: Analyze,Analyze
Appraise your personal role as a professional social work practitioner-researcher,Evaluate,Answer: Evaluate,Evaluate
Explain how these body systems integrate to maintain homeostasis in the body;,Understand,"Answer:
Analyze",Analyze
Analyse and interpret results in terms of related physics theory.,Analyze,Answer: Analyze,Analyze
Identify areas of knowledge deficit in community-based emergency health practice and research and plan a study approach to address their learning needs;,Remember,Answer: Analyze,Analyze
"engage with recent trends in leadership theory and practice, particularly as these apply in a variety of policy contexts and educational and non-educational settings",Apply,Answer: Analyze,Analyze
"Research, prepare and write program notes directly related to all works included in end-of-semester recital.",Analyze,"Answer:
Analyze",Analyze
"Demonstrate appropriate and professional communication with other health care professionals, both internal and external to their own health care setting.",Apply,"Answer:
Communicate

This learning",Invalid
"Use type to create an emotional and intellectual impact with an understanding of the relationship between type, image and language;",Apply,Answer: Create,Create
Apply basic predictive modeling and data analysis methods;,Apply,identify the strengths and limitations of each method.,Invalid
demonstrate understanding of a range of communication skills required in educational and professional settings.,Understand,Answer: Understand,Understand
Conduct group research in relation to recent developments in corporate governance and directors' duties based on knowledge of appropriate research principle and methods.,Apply,Answer: Analyze,Analyze
"Explain the mechanisms and consequences of mental/psychosocial, physical and social capacities of humans across the lifespan.",Understand,Answer: Analyze,Analyze
Identify and critically analyse ethical issues arising in public health practice and policy making;,Understand,Answer: Analyze.,Analyze
Demonstrate a critical awareness of the role and functions of quality journalism in a context of marked environmental and social change.,Understand,Answer: Analyze,Analyze
"build understanding of Western and cross-cultural adolescent identities and diversity, particularly in terms of ways that ethnicity, socioeconomic status, gender and sexuality have an impact on adolescence",Understand,Answer: Analyze,Analyze
"Accurately record, analyse and report experimental outcomes to a variety of audiences; ",Analyze,using appropriate scientific language and conventions.,Invalid
"Use a systematic and person centred approach for patient assessment and management, integrating anatomical, physiological, and psychosocial factors.",Apply,Answer: Analyze,Analyze
Critically evaluate and interpret a data visualisation;,Evaluate,describe its strengths and weaknesses.,Invalid
"Identify the opportunities and challenges of working in local, rural and regional contexts particularly in relation to leadership and community engagement and increasing participation",Remember,Answer: Analyze,Analyze
"Demonstrate good theoretical knowledge ofassessment techniques and measures, andhave developed confidence in test selectionand interpretation. Demonstrate skill ininterviewing techniques and the ability totest hypotheses and develop a formulationwith assistance.Themeslabel Psychological assessment and measurement",Apply,"Answer:
Apply",Apply
Analyse a real problem and report the results;,Analyze,Answer: Analyze,Analyze
"Identify important chemical, physical and biological hazards in the environment and analyse related risks to health from environmental factors in Australia.",Understand,Answer: Analyze,Analyze
Understand the role of web design in multimedia.,Understand,Answer: Understand,Understand
Use contemporary technologies to gather and analyse data relating to specialist topics in Physics.,Analyze,Answer: Analyze,Analyze
Develop an appreciation of the richness of Yiddish as a rich literary and cultural tradition.,Create,"Answer:
Analyze",Analyze
"Be able to articulate how emerging technologies are used in different contexts including social good, HCI, creativity, and ethics",Understand,Answer: Analyze,Analyze
"Demonstrate technical skills in designing, conducting and reporting on a research project.",Apply,"Answer:
Evaluate",Evaluate
"Identify, analyse and communicate the underpinning principles of disability discrimination and equal employment legislation and practically apply them to workplace settings;",Understand,Answer: Analyze,Analyze
"Demonstrate understanding of the operation and regulation of listed companies in Australia, and the principal requirements regarding fundraising, capital management, continuous disclosure, related party transactions and takeovers;",Understand,Answer: Understand,Understand
Synthesise symptoms and signs to determine the most likely diagnosis and relevant differentials.,Create,Answer: Analyze,Analyze
"Carry out reliable measurements, analyse data, estimate uncertainties, interpret physical phenomena and present scientific information in written reports.",Analyze,"Answer: Analyze, Apply, Evaluate",Evaluate
"have practical experience and awareness of job search, networking, application and recruitment processes including interviews;",Understand,Answer: Apply.,Apply
design systems to tackle NLP problems.,Create,"Answer:
Analyze
Create",Create
Communicate ideas and arguments in a variety of formats,Create,"Answer:
Create",Create
demonstrate inclusive practices in the teaching of science that account for the diverse experiences and social and cultural backgrounds of your students,Apply,Answer: Analyze,Analyze
"Recognise the historical and contemporary experiences of cultural, linguistic and socially diverse minority groups",Remember,Answer: Analyze,Analyze
Apply a range of time-based representation strategies and techniques to the development and communication of design schemes;,Apply,Answer: Apply,Apply
Utilise appropriate software tools to develop AI models or software,Apply,"Answer:
Apply",Apply
Demonstrate an understanding of the major developmental milestones of children and adolescents,Understand,Answer: Understand,Understand
"Demonstrate an ability to meet deadlines, demonstrate an awareness of relevant local and national events in an African context;",Apply,"Answer:
Manage

Explanation",Invalid
Develop a deeper understanding of theoretical debates in the field of contemporary French cinema and culture.,Understand,Answer: Analyze,Analyze
Demonstrate advanced skills in critical analysis and report/essay writing.,Understand,"Answer: Analyze

(Note:",Analyze
Identify and critically evaluate key ethical concepts and principles used to address issues in research involving humans;,Understand,Answer: Evaluate,Evaluate
"Apply skills in typography, layout and page structure to a publication design;",Apply,Answer: Apply,Apply
Communicate ideas to peers via oral presentation.,Create,"Answer:
Present

(Note: Present",Invalid
apply a sustainability impact assessment framework with a business and evaluate the findings,Apply,"Answer:
Analyze
Evaluate",Evaluate
apply engineering design techniques to solve aerospace engineering problems,Apply,Answer: Apply,Apply
Expand on the concept of a world African city and the implications for these settlements.,Apply,Answer: Analyze,Analyze
Think critically about the implications our struggles to come to terms with the past carry in terms of the relationship between politics and time;,Analyze,Answer: Analyze,Analyze
Developed sufficient rapport with staff members to seek assistance when it is required during later years of the course;,Create,"Answer:
Maintain

Explan",Invalid
Develop expert skills in independent assimilation of forefront mathematical material.,Create,Answer: Create,Create
"Discuss in depth some key contemporary health challenges demonstrating awareness of multiple perspectives, including the ways in which different health professions approach the issues and exploring how integrated approaches to addressing the issues may be mounted across disciplines;",Understand,Answer: Analyze,Analyze
Describe and distinguish how differing arms of the immune response are integrated and regulated;,Understand,Answer: Analyze,Analyze
Locate and understand the contemporary nature of your practice in a culturally specific context;,Understand,Answer: Understand.,Understand
engage in meaningful reflective practice about personal leadership,Evaluate,"Answer: Analyze
Evaluate",Evaluate
an appreciation of the meaning and role of both ethics and reflexivity in social research;,Understand,Answer: Analyze,Analyze
Interpret and apply current legislation concerning offences against children.,Apply,"Answer:
Apply",Apply
"identify key features of the phonology, morphology, syntax and semantics of these languages;",Remember,Answer: Analyze,Analyze
Acquired an understanding of the context of the delivery of the service and the particular function it serves to the individual and the community at large;,Understand,Answer: Understand,Understand
Understand and be able to apply the rules of occupational health and safety appropriate to the unit of study.,Apply,Answer: Apply,Apply
"conduct clinical intake interviews, as well as mental status exams",Apply,"Answer:
Apply",Apply
Interpret the construction of `generalised functions' (distribution) and how it relates to modern notions of derivative and function spaces.,Evaluate,Answer: Analyze,Analyze
Demonstrate an intermediate level of competence in architectural design;,Apply,create a floor plan for a 3-bedroom house,Create
"Demonstrate fundamentals of stagecraft, interaction, artistic expression and technical proficiency;",Apply,"Answer:
Apply",Apply
Design an evidence-based experimental approach to solving a problem or research question;  Themeslabel Pharmaceutical Science,Create,"Answer:
Analyze",Analyze
Explore and develop your own arts and design skills and pedagogical practices in the arts and design,Create,Answer: Create,Create
"Critically evaluate and critique new advances and applications for biorefineries from a technical perspective to devise a strategy based on the economic factors, safety considerations and environmental impacts and use them to inform engineering decision-making.",Evaluate,Answer: Evaluate,Evaluate
"Demonstrate self-management, including application of organisational skills, management of work issues and interpersonal relationships in pharmacy practice.",Apply,Answer: Apply,Apply
Demonstrate skills in interpersonal communication and collaboration;,Apply,work effectively in a team to achieve a common goal.,Invalid
"Produce high level critical and/or creative written practice, in or about literary periods, genres, themes;",Create,"analyze and evaluate literary works, and construct and defend interpret",Evaluate
the ability to make informed judgments about those ethical and conceptual issues,Evaluate,Answer: Evaluate,Evaluate
Become aware of the range of web tools available for teaching English as an additional language and develop effective skills in applying them in your teaching,Apply,Answer: Apply,Apply
"evaluate and weigh evidence, arguments and ethics.",Evaluate,Answer: Evaluate.,Evaluate
"Demonstrate further understanding of your mathematical and numeracy content knowledge in line with local, national and international curriculum",Understand,Answer: Understand.,Understand
Report on work undertaken for an internship using professional communication skills and reflexive thinking skills;,Create,"Answer:
Analyze

(Note:",Analyze
"Distinguish why different powerplant classes are appropriate to different flight speed regimes, and how fuel use is characterised and to calculate aircraft range and endurance in powered and unpowered flight",Analyze,Answer: Analyze,Analyze
Use kanji acquired so far (approx. 300 kanji) and recognise and begin to use additional 150 new kanji (including approx. 70 for recognition only).,Apply,"Answer:
Apply",Apply
Recognise and respond to the deteriorating patient.,Remember,"Answer:
Apply",Apply
"Organise, analyse and interpret data meaningfully and according to research norms.",Analyze,Answer: Analyze,Analyze
"describe the transaction flow within a cycle, including a reference to the documents and people involved",Understand,"Answer:
Apply",Apply
Locate and scrutinise sources;,Remember,"evaluate their credibility and relevance;
summar",Evaluate
Apply critical thinking to theoretical problems in philosophy or historical studies and clearly synthesise and analyse key elements of those problems in writing.,Apply,Answer: Analyze and Apply.,Analyze
Contrast various approaches to corrosion mitigation in industrial applications via carefully coordinated guest lectures from key experts outside the University environment.,Analyze,Answer: Analyze,Analyze
Present your work in critique sessions with growing confidence as to its theoretical and historical rationale;,Apply,Answer: Evaluate,Evaluate
Understand and solve Sturm-Liouville eigenvalue problems and use orthogonal polynomials to find exact solutions of boundary-value problems;,Understand,"Analysis:
The learning outcome involves understanding and solving a",Invalid
critically assess the challenges and shortcomings in the mean and variance models,Evaluate,Answer: Analyze,Analyze
Identify data resources and standards.,Remember,"Answer:
Apply",Apply
Understand the conceptual basis of sustainability,Understand,Answer: Understand,Understand
propose meaningful areas for future research in behaviour analysis,Create,Answer: Analyze/Evaluate,Evaluate
Developed a critical understanding of a specific area of study of French studies as a discipline addressing French culture and society.,Understand,Answer: Analyze,Analyze
Assess clinical leadership readiness and related skill sets of nurses in practice;,Evaluate,Answer: Evaluate,Evaluate
"Be able to comment on the likely physiological and psychological effects in a particular individual of a specific drug (together with possible drug interactions), and to prepare a written report on the topic;",Analyze,"Answer:
Evaluate",Evaluate
"Reflect on and assess their own capabilities and performance, and make use of feedback, to support their personal and professional development.",Analyze,Answer: Evaluate,Evaluate
"apply judgement to assess audit risk and determine the appropriateness of audit strategies and procedures, evidence gathered, and conclusions reached",Apply,Answer: Evaluate,Evaluate
Report and disseminate information pertaining to a community partnership project using effective verbal and written communication skills.,Apply,"Answer:
Communicate

This learning",Invalid
"Confidently be able to interpret the results from secondary electron, backscattered electron and energy dispersive X-ray data.",Evaluate,Answer: Analyze,Analyze
Understand the effects of population growth and urbanisation,Understand,on the environment and human society.,Invalid
"Discuss the commercial lifecycle of a pharmaceutical product, the importance of intellectual property and marketing considerations.",Understand,"Answer:
Analyze",Analyze
"Describe the life cycle of a machine leaning system, what is involved in designing such systems and strategy to maintain them;",Understand,"Answer:
Analyze",Analyze
Evaluate film and television studies methodologies as they pertain to examples of non-fiction.,Evaluate,Answer: Evaluate,Evaluate
"Explore some of the broader roles of teachers in the life of a school such as meetings, professional development, policy formulation, parent-teacher meetings, extra-curricular activities and community-based activities",Analyze,"Answer:
Analyze",Analyze
"Critique data with a view to preparation, analysis and interpretation;",Evaluate,provide feedback on the quality of the data and the methods,Invalid
Evaluate radiographs in terms of technical quality and positioning criteria and where necessary devise appropriate problem-solving strategies for less than optimal radiographic projections;,Evaluate,Answer: Evaluate,Evaluate
Describe different microorganisms and the relationships that exist between them;,Understand,"Answer:
Analyze",Analyze
Communicate complex information on waves and MHD theory with the use of visualisation methods,Create,"Answer: Analyze, Create",Create
Develop an appreciation of the range and magnitude of environmental issues,Create,Answer: Understand,Understand
demonstrate in individual summative assessment tasks the acquisition of a comprehensive understanding of the topics covered in ECW1102.,Understand,Answer: Understand,Understand
"Using the above knowledge, the ability to undertake a prescribed design task as part of a design team",Apply,Answer: Apply,Apply
Select appropriate pharmacological approaches to the management of specified conditions and diseasesThemeslabel Theme III: Foundations of Clinical Practice,Analyze,"Answer:
Apply",Apply
Describe the diverse work roles for nutrition practice and the professional attitudes and behaviours required to meet workplace expectations.,Understand,"Answer:
Analyze",Analyze
"Use negotiation, teamwork and conflict resolution skills to promote best practice.",Apply,"Answer:
Analyze

(Note:",Analyze
Become able to participate confidently in case discussions;,Apply,Become able to identify the key issues in a case,Invalid
Evaluate and assess the key technological issues confronting developers when building applications of this type;,Create,Answer: Evaluate,Evaluate
Explain the central problem faced by any perceptual system and be able to use this as a framework to think about the evolution of perceptual principles and current theories of perception,Understand,Answer: Analyze,Analyze
Apply the basic concepts of graph theory.,Apply,Answer: Apply,Apply
"Explain and apply the concepts of the ""object-oriented"" style of programming.",Understand,Answer: Apply,Apply
Develop skills in theoretical and computational physics that are integral to the study of contemporary physics.,Apply,"Answer: Apply, Analyze, Evaluate",Evaluate
Identify and explain key concepts of globalisation;,Remember,Answer: Understand.,Understand
"locate and recognise, contextualise, analyse, critique and formulate hypotheses about, a range of long eighteenth-century texts;",Evaluate,Answer: Analyze,Analyze
Analyse relevant case studies on topics provided or chosen for assessment;,Analyze,"identify key issues, trends, and themes;
and",Invalid
"Identify, evaluate and describe the relative contributions of natural and human processes to changes in the Earth's lithosphere, pedosphere, biosphere, cryosphere, atmosphere, and hydrosphere and describe the implications for ecosystem productivity.",Remember,Answer: Analyze and Evaluate.,Evaluate
"Understand the major concepts of international relations, including: the international system, balance of power, hegemony, conflict, human rights, cooperation, interdependence, global economy, dependence, regimes, equality, and justice;",Understand,Analyze the impact of these concepts on international relations.,Analyze
Develop reflective practices in order to identify strength and weaknesses in practice.,Analyze,"Answer:
Analyze",Analyze
Perform numerical calculations based on experimental or theoretical data,Apply,"Answer:
Apply",Apply
Implement sound clinical decisions that are cognisant of the impact of social and cultural factors on the health of individuals and communities,Apply,Answer: Analyze,Analyze
Develop effective lesson plans and teaching strategies tailored to students of various ages and learning characteristics;,Create,"Answer:
Analyze

(Note:",Analyze
Conduct independent research into relevant domestic and international materials on contemporary torts law issues,Apply,Answer: Analyze,Analyze
Describe and evaluate the role of the forensic anthropology in the analysis and interpretation of skeletal pathology and trauma.,Evaluate,Answer: Evaluate,Evaluate
"Critically evaluate environmental health research evidence and explain the limitations, relevance and application of the evidence to specific situations.",Evaluate,Answer: Evaluate,Evaluate
"discuss, apply, calculate and explain the detailed requirements relating to various IFRS topics, including recognition, measurement, disclosure and presentation of these topics: provisions, contingent liabilities and contingent assets; revenue recognition; income taxes (including deferred tax); leases, non-current assets held for sale and discontinued operations; the effects of changes in foreign exchange rates and hedging; employee benefits; share-based payments; financial instruments; and earnings per share",Apply,"Answer:
Apply, Analyze",Analyze
"Analyse different narrative genres, devices and techniques;",Analyze,identify their characteristics and functions in literature.,Invalid
formulate and implement strategies for SMEs and multinational organisations in a global setting,Apply,"Answer:
Evaluate",Evaluate
Knowledge of the fundamental limits of communication in noisy band limited channels,Remember,Answer: Analyze,Analyze
"Predict solution behaviour, including vapour pressure, conductivity, and colligative properties;",Evaluate,"Answer:
Analyze",Analyze
"Comprehensively understand, explain and demonstrate competence in administering and applying a range of positive psychological tools and techniques.",Apply,"Answer:
Analyze
Evaluate
Create",Create
demonstrate analytical skills through written and oral communication.,Apply,Answer: Analyze,Analyze
"Identity the significance of the workplace of your choice in terms of its organisational structure, goals and philosophy in relation to your field(s) of study;",Remember,Answer: Analyze,Analyze
Critically analyse the principles of forensic science generally and its scope.,Analyze,Answer: Analyze,Analyze
"Identify the role of psychological science in shaping  the understanding of human behaviour, cognition, and emotion in work organizations.",Remember,Answer: Analyze,Analyze
Describe the necessary conditions for life and how species evolve,Understand,"Answer:
Analyze",Analyze
"Discuss recent trends within your health profession with particular reference to simulation, interprofessional and co-designing education with health care consumers.",Understand,Answer: Analyze,Analyze
"Develop professional competence in written, verbal and graphic communication skills;",Create,"be able to write, speak and present clearly and effectively to",Invalid
"Describe the normal function, regulation and anatomy of the immune system and how it provides defence against microorganisms;",Understand,"Answer:
Analyze",Analyze
develop evidence-based arguments that engage with and evaluate relevant research.,Create,Answer: Evaluate,Evaluate
"Critique works of design, and articulate these analyses in both spoken and written form;",Evaluate,Answer: Analyze and Evaluate.,Evaluate
Understand and apply the rules of occupational health and safety appropriate to the unit.,Apply,Answer: Apply.,Apply
Construct basic computer codes for data analysis and scientific modelling;,Create,Answer: Apply,Apply
"Strategically respond to complex problems and develop appropriate planning responses, processes and outcomes;",Create,Answer: Evaluate,Evaluate
"Describe the principles behind the common experimental designs and be able to implement, analyse and interpret data from a variety of randomised designs.",Understand,Answer: Analyze,Analyze
Gain an advanced knowledge of local human services systems,Understand,"Answer:
Analyze",Analyze
critically analyse how market failures contribute to environmental problems,Analyze,Answer: Analyze,Analyze
Define the term Nuclear Overhauser Enhancement (NOE) and account for the observation of NOEs in one-dimensional and two-dimensional NMR spectra of both small and large molecules.Themeslabel Pharmaceutical Science,Understand,"Answer:
Analyze",Analyze
Elicit and record an accurate clinical history appropriate for the patient and the clinical contextThemeslabel Theme IV,Apply,"Answer:
Analyze",Analyze
"Critically evaluate the standard paramedic clinical approach to the assessment and care of patients in the community, hospital or other related health setting;",Evaluate,Answer: Evaluate,Evaluate
Interpret complex mathematical results and communicate them in written form.,Evaluate,Answer: Analyze,Analyze
Present a mathematical argument in written form;,Create,justify each step with a clear explanation.,Invalid
Communicate and explain the key concepts and conclusions from translational bioinformatics research literature.,Create,Answer: Analyze and Understand.,Analyze
"Apply best-practice industry knowledge relating to developing and accessing resources, applying for and maximising vocational opportunities, and maintaining professional standards",Apply,Answer: Apply,Apply
use a range of conventions for writing down sounds and words;,Apply,"use a range of strategies to decode words;
use a",Invalid
Work effectively in groups to carry out lab experiment.,Apply,"Answer:
Apply",Apply
Analyse experimental data using curve-fitting methods and appropriate statistical analysis. Themeslabel Pharmaceutical Science,Analyze,Answer: Analyze,Analyze
Review risk assessment tools and prevention strategies for use in the development of a pressure injury prevention plan.,Analyze,Answer: Analyze,Analyze
Solve a complex and outstanding problem or problems in the chosen area for original research.,Apply,"Answer:
Evaluate

(Note:",Evaluate
conduct a planned study and manage any practical problems that might arise in the course of data collection,Apply,"Answer:
Apply",Apply
"Discuss professional responsibility, occupational health & safety and ethical conduct.",Understand,"Answer:
Analyze",Analyze
Reflect critically on a specific aspect of their personal practice in performance using a chosen framework.,Analyze,"Answer:
Evaluate",Evaluate
Critically review the scientific literature in their discipline;,Analyze,summarize the findings and implications for practice.,Invalid
"Determine the need for a critical understanding of the gender, sex and crime in historical and current social perspectives;",Apply,analyze the causes and consequences of gender-based violence;,Analyze
"Design solutions to real-life problems in finance and related areas based on financial thinking, modelling techniques and mathematical and statistical skills acquired throughout the programme.",Create,Answer: Create,Create
Synthesize and critique new discoveries from the scientific literature in genomics.,Evaluate,Answer: Evaluate and Create,Create
Evaluate the key debates regarding the origins and impacts of social movements,Evaluate,Answer: Evaluate,Evaluate
"Distinguish between the law, legislation and legal processes which shape the delivery of contemporary social work practice.",Analyze,Answer: Analyze,Analyze
Record live audio to a digital audio workstation and analogue tape;,Create,mix and edit the recordings using a digital audio workstation,Invalid
Critically analyse risks and adverse events associated with client assessments and interventions.,Analyze,Answer: Analyze,Analyze
Locate and evaluate evidence that informs paramedic management used to care for patients with respiratory conditions.,Evaluate,Answer: Evaluate,Evaluate
Communicate mathematical ideas and work in teams as appropriate for the discipline of mathematics.,Create,"Answer:
Collaborate

Explan",Invalid
Demonstrate communication skills including the execution of detailed-scaled models or prototypes for presentation purposes;,Apply,"Answer:
Apply",Apply
Identify and evaluate relevant programs and community resources available to patients and their families,Understand,Answer: Evaluate,Evaluate
"To explore how language, history, tradition, material culture, spirituality, kinship, emotion and politics are all ways in which people negotiate a relationship with the environment",Analyze,Answer: Analyze,Analyze
Use the knowledge and ideas developed in applications to other areas of mathematics and the sciences.,Apply,"Answer:
Analyze",Analyze
"identify and analyse the form and nature of documents used in international trade including contracts of sale, shipping documentation, invoices, insurance policies, bills of exchange, documentary collections and letter of credits.",Analyze,Answer: Analyze,Analyze
relate the concepts of finance to other commercial disciplines.,Apply,"Answer:
Analyze",Analyze
"Describe, analyse and apply basic knowledge representation and reasoning mechanisms;",Apply,Answer: Analyze and Apply.,Analyze
"An understanding of, and respect for, safety requirements.",Understand,Answer: Understand.,Understand
Recognise and evaluate the role of cultural and social contexts in the formulation of political ideas.,Evaluate,Answer: Evaluate,Evaluate
write a scholarly or professional industry report.,Create,Answer: Evaluate,Evaluate
show a deep and critical understanding of the relationship between theory and practice,Apply,Answer: Analyze,Analyze
Identify and apply the principles of educational assessment in professional healthcare teaching;,Apply,Answer: Apply,Apply
synthesise and apply knowledge to your own professional practice and research scholarship in mathematics education and leadership,Apply,"Answer: Evaluate, Apply",Evaluate
understand and recognise the various processes involved in investment decision making,Understand,Answer: Understand,Understand
"interpret business data using descriptive statistics techniques, including the use of spreadsheet functions",Evaluate,"Answer:
Apply",Apply
Critically analyse the benefits and drawbacks of health system responses to family violence and consider pathways for improvement.,Analyze,Answer: Analyze,Analyze
"Describe and explain what magic, ritual and spiritual beliefs mean to people in the modern world;",Understand,"Answer:
Analyze",Analyze
"Demonstrate an understanding of sound, performance and video practices in relation to your creative intervention;",Understand,Answer: Understand.,Understand
"Explain the chemistry and pharmacological mechanism of action of drugs used in treatment of respiratory and gastrointestinal conditions, upper respiratory conditions, asthma, chronic obstructive pulmonary disease, gastro-oesophageal reflux disease and irritable bowel syndrome and predict how this leads to the treatment of disease and possible side effects.",Understand,"Answer:
Analyze",Analyze
Do indexing for different media;,Apply,Determine the appropriate index terms for a given topic;,Invalid
"Describe a range of clinical indications, patient presentations, patient preparation and positioning methods for MRI studies of the extremities",Understand,Answer: Analyze,Analyze
Give a basic overview of research methodology and statistical analysis.,Create,Answer: Understand,Understand
Familiarity with the conceptual frameworks and practical tools to apply sustainability in an organisational setting. Students will share in a participative and collaborative learning environment. Corporate case studies and business speakers will enhance the 'real-world' relevance of the subject material.,Apply,"Answer:
Apply",Apply
"Discuss and critique the role of occupational therapists in population-level service planning, delivery, and evaluation;",Understand,Answer: Analyze and Evaluate.,Evaluate
Identify and discuss the diverse forms of human mobility in the contemporary world;,Understand,Answer: Analyze,Analyze
"Identify, describe and justify the selection of protocols, imaging parameters, equipment and transducers for sonographic examinations of the upper abdomen;",Remember,"Analysis:
The learning outcome requires the application of knowledge",Invalid
Demonstrate a basic ability to use the command-line programming platform R to display phylogenetic trees and the use of phylogenetic information to analyse the evolution of traits and the formation of plant communities;,Apply,"Answer:
Analyze",Analyze
"Defend their chosen direction in the project against informed criticism, through the synthesis of complex theories, concepts, and design strategies;",Evaluate,Answer: Evaluate,Evaluate
Identify the common situations when the soil becomes a factor in an engineering problem,Remember,"Answer:
Analyze",Analyze
Generate appropriate evidence of ability to use the advancing practice competencies embedded in the National Competency Standards Framework for Pharmacists in Australia to successfully complete the full cycle of Continuing Professional Development (CPD).,Create,Answer: Evaluate,Evaluate
"identify and critically examine concrete and digital resources that support mathematics learning and teaching in the early years of schooling, with reference to the mathematics research literature and contemporary policy advice.",Understand,Answer: Analyze,Analyze
identify and map the relationships between a business and its stakeholders,Understand,Answer: Analyze,Analyze
Generate an asset management system that covers both mobile and fixed plant that reduces maintenance requirements and optimises lifecycle performance.,Create,Answer: Create,Create
Review and critically evaluate the literature of development studies in education and education for sustainable development,Analyze,Answer: Analyze and Evaluate,Evaluate
Critically appraise a range of youth-focused AOD treatment services and key elements of youth-focused service delivery,Evaluate,Answer: Analyze,Analyze
understand the relevant quantitative techniques used in marketing research,Understand,Answer: Understand,Understand
Communicate results in a written report;,Create,"Include a title, introduction, body, and conclusion;",Invalid
develop and demonstrate an entrepreneurial mindset,Apply,Answer: Create,Create
"Apply knowledge of the digestive tract, genetics, and dietary factors to explain the nature and occurrence of colorectal cancer;",Apply,Answer: Apply,Apply
apply economic analysis appropriate to achieving an understanding of the working of the macroeconomy,Apply,Answer: Apply.,Apply
"Analyse the biological effects of ultrasound and ionising radiation, radio-sensitivity of specific organ systems and describe the relevant theories of radiation damage and repair mechanisms.",Analyze,Answer: Analyze,Analyze
understand the main economic drivers for a variety of non-renewable and renewable energy sources.,Understand,Answer: Understand,Understand
Use 3D imaging software to create environments and objects;,Apply,export and import files to share with others.,Invalid
"Synthesise strategies of observation, analysis, experimentation and critique within a developmental process where deemed appropriate to respond to various assigned presentation contexts;",Evaluate,Answer: Create,Create
Design concrete mixes for various applications.,Create,Answer: Create,Create
"Critique, reflect and respond to aesthetic, functional, sustainable and programmatic aspects in the development of a design proposal;",Evaluate,Answer: Analyze and Evaluate.,Evaluate
"Develop and demonstrate an explicit understanding of and competence in the theory, research methodology, practices and written and oral discourses of an area of French studies;",Understand,Answer: Analyze,Analyze
They should have also developed an acute awareness of the formative historical forces which contributed to the development of psychoanalysis in the late 19th and 20th century,Understand,Answer: Analyze,Analyze
Analyse a 3 phase AC network.,Analyze,"Solution:
Analyze",Analyze
understand basic microeconomic concepts and their application to the health sector,Understand,"Answer:
Apply

(Note: This",Apply
Outline how to manage regulatory documents.,Apply,"Answer:
Apply",Apply
Critically evaluate evidence-based practice to assess and manage patients in a shock state in specialist nursing practice.,Evaluate,Answer: Evaluate,Evaluate
Understand the central philosophical tenets of traditional Indian systems;,Understand,describe the historical context and major contributors to these systems;,Invalid
"identify and explore macro contexts encountered in global business, including the political-legal, economic, socio-cultural, technological and environmental",Remember,Answer: Analyze,Analyze
Demonstrate an understanding of the purpose of providing timely and appropriate feedback and reporting to students and parents using accurate and reliable records of student achievement.,Understand,Answer: Understand,Understand
understand asset and liability management of a financial institution,Understand,"Answer:
Analyze",Analyze
"enhance your ability to report, interpret and communicate accounting advice and ideas through written and oral presentation",Evaluate,"Answer:
Communicate

This learning",Invalid
Perform general radiographic examinations of adult patients at the level of competent student radiographer.,Analyze,"Answer:
Apply",Apply
provide meaningful feedback and assess learning through a range of authentic assessment opportunities,Evaluate,Answer: Evaluate,Evaluate
critically analyse evidence of the impact of your teaching practice on the learning outcomes of the learners you teach,Analyze,Answer: Analyze,Analyze
"Communicate research findings, orally and in writing, in research settings;",Create,"Answer: Present or Communicate

This learning",Invalid
"Integrate knowledge and skills to effectively assess patient needs, including selection of relevant measures of health indicators and outcomes;",Create,Answer: Analyze,Analyze
"Demonstrate your capacity to incorporate Aboriginal and Torres Strait Islander/First People's histories, cultures and languages into sport and games delivery",Apply,Answer: Analyze,Analyze
"Produce a thesis that displays competence in understanding and carrying out research in the field of psychology, but with less emphasis on comprehensive knowledge and originality as required in a PhD",Create,"Answer:
Analyze",Analyze
"Identify, describe and critically reflect upon legal and ethical issues and dilemmas;",Remember,analyze and evaluate the implications of these issues for professional practice,Evaluate
Create and organise multimedia resources;,Create,"Design and develop a website using HTML, CSS and JavaScript;",Invalid
Apply evidence-based practice in patient care.,Apply,Answer: Apply,Apply
Critically analyse and evaluate the experiential implications of design solutions;,Analyze,"Answer: Analyze, Evaluate.",Evaluate
Effectively communicate (orally and written) aspects of how medicines work,Understand,"Answer:
Understand",Understand
"apply critical thinking, problem solving and presentation skills to individual and/or group activities dealing with financial technology for financial institutions or business enterprises and demonstrate in an individual summative assessment task the acquisition of a comprehensive understanding of the topics covered in BFF5370.",Apply,Answer: Apply.,Apply
Demonstrate the ability to acquire information using Korean for other disciplines they are studying,Apply,"Answer:
Apply",Apply
Analyse and evaluate urban and metropolitan economies,Analyze,Answer: Analyze and Evaluate.,Evaluate
"Identify socio-cultural concepts and issues in curatorial studies, including the ethical responsibilities of the profession.",Understand,Answer: Analyze,Analyze
"understand career concepts and theories and their application to individuals, focusing on self-assessment, exploring opportunities, decision making and managing transitions;",Understand,"Answer:
Apply, Analyze",Analyze
Apply community shadowing technique to understand stakeholder roles and challenges in local conservation project,Apply,Answer: Analyze,Analyze
Describe the impact of public health policy and the essential roles of systems on the delivery of health care to the individual across a range of contextsThemeslabel Theme II,Understand,Answer: Analyze,Analyze
"Define and calculate thermodynamic properties, explain laws of thermodynamics and concepts of state functions, and relate thermodynamic concepts to the design and function of pharmaceutical products.",Apply,"Answer:
Analyze

(Note:",Analyze
Critically analyse evidence of the impact of your teaching practice on the learning outcomes of the students you teach,Analyze,Answer: Analyze,Analyze
develop a conceptual hydrological model,Create,Answer: Analyze,Analyze
"Accept responsibility for and manage, implement and evaluate their personal and professional development and show a commitment to life-long learning.",Evaluate,"Answer:
Evaluate",Evaluate
Apply the coordinate transformation method for matrix structural analysis.,Apply,Answer: Apply,Apply
Discuss and critically evaluate the relevance of these concepts to core issues in contemporary biomedical practice;,Understand,Answer: Evaluate,Evaluate
Apply the operational principles of aviation medicine.,Apply,Answer: Apply,Apply
Identify and distinguish between different disease mechanisms that cause tissue damage in major organ systems and examine how drugs may interrupt these pathological pathways;,Understand,Answer: Analyze,Analyze
"Develop a brief; analyse client and user requirements; research and resolve technical requirements; specify materials, finishes; and construction concepts;",Create,Answer: Analyze,Analyze
develop capabilities to work effectively in a group to produce professional quality research reports; effective individual technical skills to construct consolidated financial statements; and demonstrate in individual summative assessment tasks the acquisition of a comprehensive understanding of the topics covered by the unit.,Create,"Answer:
Analyze, Apply, Understand",Analyze
conduct statistical inference in statistical models with a binary dependent variable (LOGIT and PROBIT models),Analyze,"Answer:
Analyze",Analyze
"Apply knowledge in basic neurosciences in psychiatry (neuroanatomy, neurophysiology, neurochemistry, genetics and inheritance) to understand psychiatric disorders in clinical practice.",Apply,"Answer:
Apply",Apply
use real-life business scenarios to critically appraise compliance expectations and evaluate emerging regulatory risks and trends.,Evaluate,Answer: Evaluate,Evaluate
Describe and assess the role of advanced technology in addressing transport problems.,Understand,Answer: Evaluate,Evaluate
Explore possible ways of working with parents as relevant to their particular needs and those of their child/children,Analyze,Answer: Analyze,Analyze
"Apply, analyse and critique a professional approach towards the development of web-database applications.",Apply,Answer: Analyze and Apply.,Analyze
"Investigate, identify and synthesise information relevant to the principles, processes andchallenges of administering human rights law in a range of judicial contexts and generateappropriate and persuasive responses to the problems derived from these investigations.",Remember,Answer: Analyze and Create.,Create
Produce the life cycle block diagram of a product and determine the main environmental impacts of the life cycle,Create,Answer: Analyze,Analyze
compare the philosophical basis and therapeutic effectiveness of CBT with an alternative evidence-based therapy,Analyze,Answer: Analyze,Analyze
Describe the diverse structures of eukaryotic cells;,Understand,"include the nucleus, mitochondria, ribos",Invalid
Analyse 3D flow over a wing using a vortex-lattice method.,Analyze,Answer: Analyze,Analyze
Synthesise and critique new discoveries from the scientific literature in genomics;,Evaluate,"Answer: Analyze, Evaluate.",Evaluate
"Identify, observe key ethical and legal obligations associated with radio and video journalism, and reflect critically on their own and others' performance in this regard;",Remember,Answer: Analyze,Analyze
"Review and articulate the ethical framework that governs the conduct of science, in particular in regards to academic and research integrity.",Analyze,Answer: Analyze,Analyze
Judge the need to manage the road system and critique the role of advanced technology in addressing broader transportation issues and challenges,Evaluate,Answer: Evaluate,Evaluate
"Research and integrate advanced interactive system design concepts, approaches, theories and principles to your own design practice;",Create,"Answer: Analyze, Apply, Create",Create
"Use cognitive, technical and creative skills to apply legal principles to specific problems arising from our understanding of the principles of judgment and decision-making.",Apply,"Answer:
Analyze",Analyze
A broad appreciation of the psychological and socio-cultural mechanisms underpinning understandings of the self and interactions with others.,Understand,Answer: Analyze,Analyze
Report to and advise management on business process design and re-engineering issues.,Evaluate,Answer: Evaluate,Evaluate
"Evaluate issues relating to sexual assault medical service provision, considering theory, models and practice;",Evaluate,Answer: Evaluate,Evaluate
"Undertake a research analysis of an important aspect of European integration or a major policy area, utilising primary and secondary-source materials with written feedback.",Apply,Answer: Analyze,Analyze
"Develop an intermediate level of understanding of various forms of political, social and religious thought and activism;",Understand,Answer: Understand.,Understand
"critically evaluate the opportunities and challenges of the integration of China with the global economy on trade, investment, and international cooperation",Evaluate,Answer: Evaluate,Evaluate
formally analyse trade-offs in decision-making for policy challenges;,Analyze,Answer: Analyze,Analyze
"Debate and/or defend your outcomes in an informed critical appraisal; demonstrating a high level understanding and analysis of complex theories, concepts, and design strategies;",Evaluate,Answer: Analyze,Analyze
Demonstrate an understanding of the ways in which science responds to technological and social change,Understand,Answer: Understand,Understand
Evaluate facial trauma giving consideration to the bio-mechanics of the bones of the facial skeleton.,Evaluate,Answer: Evaluate,Evaluate
Apply sophisticated combinatorial optimisation and integer programming methods to a variety of practical optimisation problems.,Apply,Answer: Apply,Apply
"Understand web page construction and principles, file and site management, and web design for accessibility and usability;",Understand,"create a website using HTML, CSS, and JavaScript.",Create
"Describe the underlying physical principles of optical subsystems, and apply thisunderstanding to predict and quantify the effect on optical fibre communication systemperformance.",Understand,"Answer:
Apply",Apply
Appreciate the occurrence of gases and particulate matter in confined spaces and select appropriate control strategies.,Understand,Answer: Apply,Apply
"Describe the signs and symptoms, and diagnostic methods relevant to endocrine and renal conditions",Apply,"Answer:
Analyze",Analyze
Design and manage a focused research project;,Evaluate,"collect, analyze, and interpret data;
present findings in",Analyze
"discuss the new ways of thinking about literature, the rational and the irrational, history and philosophy, civilisation and nature, that are articulated by authors on the syllabus;",Understand,Answer: Analyze,Analyze
understand the role of government and the market as allocators of resources and engines of development,Understand,"Answer:
Analyze",Analyze
"Formulate, review and defend a business case",Create,Answer: Evaluate,Evaluate
Use sophisticated mathematical techniques in the analysis of mathematical models in biology.,Apply,Answer: Analyze,Analyze
Demonstrate proficiency in oral advocacy practical skills associated with international court of justice;,Apply,"Answer:
Analyze",Analyze
"Understand and evaluate contemporary theoretical concepts of exceptionality and inclusion in light of related research, and the context of legal, ethical, and systemic factors across a range of systems",Understand,Answer: Evaluate,Evaluate
Compare and contrast various models and frameworks of health and describe the value of these.,Evaluate,Answer: Analyze,Analyze
Appreciate the historical interplay between mathematics and attempts to understand the physical world;,Understand,Answer: Understand.,Understand
"synthesize and apply knowledge of theory, models and strategies applicable to the field of educational technology",Apply,"Answer:
Apply

(Note: This",Apply
Identify the behavioural consequences of brain dysfunction resulting from neurodegenerative disease and neurodevelopmental disorders.,Remember,Answer: Analyze,Analyze
To understand the importance of instrumentation in modern manufacturing systems and industrial processes.,Understand,Answer: Understand,Understand
"Use peripheral devices (ie. scanners, printers) to acquire, compose and output images;",Apply,describe the process and the role of each device in the,Invalid
Understand language and literacy development in and beyond formal education institutions and workplaces,Understand,"Answer:
Analyze",Analyze
"demonstrate accounting knowledge in areas such as company operations, taxation, property, plant and equipment (acquisition and impairment), and group accounting",Understand,"Answer:
Apply",Apply
Recognise the patient with acute pain and correlate their condition to the underlying pathophysiology.,Remember,Answer: Analyze,Analyze
"Critique the various constructions of masculinity with their attendant (de)valorisations in Asia, Africa and the United States;",Evaluate,Answer: Analyze,Analyze
List and describe requirements for growth and replication of these microorganisms as well as methods for controlling bacterial and viral growth.,Understand,"Answer:
Apply

(Note: This",Apply
"demonstrate an understanding of the content and structure of the Australian/Victorian Curriculum: HPE, and use it to plan for learning and assessment",Understand,Answer: Analyze,Analyze
"Identify a range of theoretical perspectives on classroom practice, and critically examine these in light of your own developing practice",Analyze,Answer: Analyze,Analyze
Distinguish and classify different cloud types;,Analyze,"Answer:
Analyze",Analyze
Determine the transfer of energy in ideal engineering devices using the First Law of Thermodynamics.,Apply,"Answer:
Analyze",Analyze
Describe the current platform and ecosystem landscape in the mobile application space.,Understand,"Answer:
Analyze",Analyze
"compare and contrast discrimination, generalisation, and maintenance",Evaluate,Answer: Analyze,Analyze
Write and present scientific work in a potentially publishable way;,Create,Answer: Evaluate,Evaluate
"Perform operations with two and three-dimensional vectors, interpret them geometrically, calculate dot products, find vector resolutes, and apply them to motion of a particle.",Apply,"Answer:
Apply

(Note: This",Apply
Demonstrate the ability to think creatively and communicate effectively in professional formats that are appropriate for trial practice;,Create,Answer: Create,Create
"Conduct critical enquiry relevant to an identified issue, and analyse and evaluate findings;",Apply,"Answer: Analyze, Evaluate.",Evaluate
conduct meaningful statistical inferences on multiple linear regression models,Analyze,Answer: Analyze,Analyze
"Design and justify implementations of cutting-edge sensing technology considering technical, user and commercial requirements and limitations.",Evaluate,Answer: Create,Create
explain in detail the elements of integrated supply chain management,Understand,Answer: Analyze,Analyze
Conduct research and present original work in relation to legal language and communication based on knowledge of appropriate research principles,Apply,"Answer: Analyze, Create",Create
"Apply knowledge of pathophysiology associated with conditions of the cardiac, respiratory, respiratory, musculoskeletal, renal and endocrine system to the safe delivery of patient-centred nursing care.",Apply,Answer: Apply,Apply
"Communicate scientific findings and their implications, via presentations and written reports.",Create,"Answer:
Present or communicate findings (Evaluate",Evaluate
"Demonstrate achievement of the advanced knowledge, skills and attitudes required of a Nurse Practitioner",Understand,Answer: Evaluate,Evaluate
"Discuss the role of different microorganisms in air, water environments, and soils, predicting the effects of changes in environmental parameters;",Understand,Answer: Analyze,Analyze
"demonstrate a critical understanding of contemporary trends in, and approaches to, social education teaching in Australia and internationally",Understand,Answer: Analyze,Analyze
"Relate the principles and applications of material science in food product design, development and packaging.",Apply,"Answer:
Apply",Apply
effectively design social education lessons that integrate information and communication technologies (ICT),Create,Answer: Create,Create
understand the theoretical basis of creativity and arts-rich practice in primary educationalcontexts,Understand,Answer: Understand,Understand
An understanding of leading-edge thinking and practice in the highly dynamic field of corporate sustainability management.,Understand,"Answer:
Analyze",Analyze
Employ tools to assist in making robust management decisions and assess their strengths and weaknesses;,Apply,"Answer:
Analyze",Analyze
demonstrate in an individual summative assessment task the acquisition of a comprehensive understanding of the topics covered by BFC5914.,Understand,Answer: Understand.,Understand
"Perform the design, characterization and preparation of materials for sustainable energy generation and storage system.",Create,Answer: Create,Create
"develop and present strategic responses to specific issues affecting businesses with due consideration to sustainable, responsible and ethical business practices",Create,Answer: Evaluate,Evaluate
understand the seminal classic and recent articles in marketing,Understand,Answer: Understand,Understand
Analyse some causes of intellectual disability.,Analyze,Answer: Analyze,Analyze
Demonstrate awareness of the wide diversity of furniture types;,Apply,describe the function and purpose of each type.,Invalid
"critically evaluate the capacities, limitations and socio-professional implications of journalistic practices in audiovisual media.",Evaluate,Answer: Evaluate,Evaluate
Be able to describe the keyaspects of each of thecognition domains from the development and/or ageingperspectives.,Understand,Answer: Analyze,Analyze
"Create a rigorous and feasible research proposal, including a protocol that includes data collection methods and participant recruitment procedures. ",Create,Answer: Create,Create
Identify and describe common pericyclic reactions;,Understand,"include Diels-Alder, Claisen,",Invalid
"Explain in depth the normal maternal anatomical and physiological adaptations relevant to pregnancy, labour, birth and the puerperium;",Understand,"Answer:
Analyze",Analyze
understand and implement relevant curriculum and pedagogy for learners in the post-compulsory Australian (Years 11 and 12) context and apply your knowledge of curriculum and pedagogy in the development of units of work appropriate for digital technology classes,Understand,"Answer:
Apply",Apply
Design a biopolymer product to achieve a required performance standard and formulate the most effective composition and process to achieve the required properties.,Create,Answer: Create,Create
"identify, evaluate and use different resources for teaching media studies across different year levels",Remember,Answer: Analyze and Apply,Analyze
undertake sound research in health economics,Apply,Answer: Analyze,Analyze
Conduct research in Indigenous rights based on knowledge of appropriate international law research principles and methods.,Apply,Answer: Analyze,Analyze
"demonstrate your capacity to incorporate Aboriginal and Torres Strait Islander/First People's histories, cultures and languages into sport and games delivery",Apply,Answer: Analyze,Analyze
"Demonstrate an advanced level of competence and consolidation of all presentation skills: verbal, graphic and 3-dimensional;",Apply,be able to use a variety of media and technology to enhance,Invalid
Evaluate methods to measure the health impact of chronic diseases,Evaluate,Answer: Evaluate,Evaluate
Demonstrate a basic knowledge of some aspects of Japanese society and culture.,Understand,Answer: Remember,Remember
Identify implications for public policy.,Remember,Answer: Analyze,Analyze
Analyse and interpret NOE data to determine the conformation of small molecules,Analyze,Answer: Analyze,Analyze
Describe the role human factors have in unmanned aircraft systems.,Understand,"Answer:
Analyze",Analyze
"Determine potential applications for genomic techniques in the areas of medical research, agriculture, biotechnology and environmental management;",Analyze,"Answer:
Analyze",Analyze
critically evaluate current theoretical and empirical research in corporate finance and governance,Evaluate,Answer: Evaluate,Evaluate
explain the purpose of financial management and corporate finance,Understand,Answer: Understand,Understand
Determine how minimum standards for workers are set and enforced;,Apply,analyze the impact of these standards on the labor market.,Analyze
Use published literature and formative research to identify determinants of population health needs that can be changed by health promotion action;,Apply,Answer: Analyze,Analyze
Examine and compare feminist debates in Asian and global contexts;,Analyze,analyze the implications of these debates for women's,Analyze
"Discuss and critique screening tests, technologies and interventions during pregnancy, labour, birth and after childbirth",Understand,Answer: Analyze and Evaluate,Evaluate
Find a Regular Grammar for a Regular Language;,Understand,"Given a regular language, find a regular expression that generates",Invalid
"Research, reason and think critically.",Analyze,Answer: Analyze,Analyze
Demonstrate technical skills appropriate to their area of study.,Apply,"Answer:
Apply",Apply
Explain key ethical principles and identify potential ethical dilemmas and their possible solutions.,Remember,Answer: Analyze,Analyze
Apply principles of sustainable development to develop sustainable designs of products or processes,Apply,Answer: Apply,Apply
"critically reflect upon and evaluate a variety of health education pedagogies, disciplinary perspectives, programs, and models that seek to influence young people's health",Evaluate,Answer: Evaluate,Evaluate
Critically review the literature relevant to the project.,Analyze,Answer: Analyze,Analyze
Describe the role of assessment in influencing student learning behaviour and the learning process;,Understand,"Answer:
Analyze",Analyze
"use your developing curriculum, assessment and reporting knowledge to design learning sequences and lesson plans in science",Apply,"Answer:
Analyze",Analyze
Design pile foundations for complex loads and ground conditions based on limit state andserviceability requirements.,Create,"Answer:
Analyze",Analyze
research and source radio and television content for broadcast purposes;,Create,"Answer:
Apply",Apply
Understand key principles underlying neuropsychological assessment and formulation,Understand,"Answer:
Analyze",Analyze
"Analyse the role of mutual aid and peer empowerment in the recovery movement and offer a critical analysis of the evidence for mutual aid groups, in particular 12-step groups.",Analyze,Answer: Analyze,Analyze
Appreciation of the relationship of transport/traffic engineering to the profession of civil engineering,Understand,"Answer:
Analyze",Analyze
"Undertake research, investigate, analyse and synthesise complex issues of climate change from a range of primary and secondary materials;",Apply,Answer: Analyze,Analyze
Create a project plan for a distinctive work incorporating instrumental/vocal strategies;,Create,"select appropriate technology and tools;
and, implement the project",Invalid
Formulate and present a research plan;,Create,"Design and conduct a study;
Collect, analyze, and",Analyze
Apply technical solutions in a number of elements of performance through theoretical analysis and practical realisation;,Apply,"Answer:
Apply",Apply
Understand current theories that explore the emergence of complex society in the Near East and how the Egyptian evidence might be interpreted in light of these theories.,Understand,Answer: Analyze,Analyze
apply relevant theories and methodologies to research problems in business law.,Apply,Answer: Apply,Apply
To formulate an original project suitable for investigation within an undergraduate research essay (third years).,Create,Answer: Create,Create
apply techniques such as fog computing with supervised and unsupervised machine learning to analyse IoT data,Apply,"Answer: Analyze, Apply",Analyze
"describe key chemical engineering principles, such as heat and material transfer, thermodynamics, fluid dynamics, (bio)chemical reactions engineering and process design/control",Understand,"Answer:
Apply

(Note: This",Apply
Appraise advanced radiographic techniques and radiation protection strategies in professional practice.,Evaluate,Answer: Evaluate,Evaluate
Construct in writing an evidence-based historical argument;,Create,Answer: Analyze,Analyze
"Apply good work habits with regard to your own ""art writing"" practice;",Apply,"consistently produce clear, concise, and well-",Invalid
"Distinguish between the range of data collection and analytic methods, so as to be able to select approaches relevant to the practice issue",Analyze,Answer: Analyze,Analyze
"Explain the three major functions of an operating system (OS), namely, process management, memory management, and file management;",Understand,"Answer:
Manage
(This is a",Invalid
Apply accounting principles to analyse basic financial statements that enhance business decision making.,Apply,Answer: Analyze,Analyze
Apply and extend knowledge obtained through your degree in a professional setting;,Apply,Answer: Apply.,Apply
"Undertake independent research in literary studies, using print and electronic sources;",Apply,"summarize, paraphrase, and quote from",Invalid
research a successful PR campaign and develop an oral presentation;,Create,"Answer:
Apply",Apply
"Apply the themes associated with the sociological imagination to examine the social production, construction and organisation of health locally and globally.",Apply,Answer: Analyze,Analyze
Carry out laboratory experiments dealing with key hydrological processes.,Apply,"Answer:
Apply",Apply
Analyse factors relating to managing small to medium sized projects for in-house development or software outsourcing;,Analyze,Answer: Analyze,Analyze
Effectively and appropriately contribute to case discussions regarding formulation and diagnoses and reflect on and evaluate assessment and clinical interviewing skills;,Understand,Answer: Evaluate,Evaluate
Present an innovative approach to nutrition education for groups;,Create,Answer: Create.,Create
Engage with fundamental programming concepts and apply their techniques to create interactive content;,Apply,"Answer:
Apply",Apply
Reflect critically upon the solutions to an engineering design problem and on the processes involved in successful teamwork.,Analyze,Answer: Evaluate,Evaluate
"Design the normal project timeline using a GANNT chart, including the hurdles required for financing a new project.",Create,"Answer:
Analyze

(Note:",Analyze
Identify and utilise skills in intercultural competency.,Remember,"Answer:
Analyze",Analyze
Describe what machine learning is;,Understand,"explain its differences from traditional statistical analysis;
summar",Invalid
"In the context of interdisciplinary patient-centred care:  Outline how pharmacists provide screening tests and point of care testing in the primary care setting, including an understanding of sensitivity and specificity in this context, health promotion and epidemiology Evaluate the processes and skills involved in extemporaneous dispensing and manufacturing Demonstrate skills in performing relevant pharmaceutical calculations Demonstrate cultural capability and professionalism at workplaces and when interacting with Indigenous and culturally and linguistically diverse (CALD) populations Apply clinical reasoning and collaborative decision making to document and communicate a clinical management plan Themeslabel Professional practice (what pharmacists do) ",Apply,"Answer: Evaluate

Explanation:",Evaluate
Critically analyse image fusion and registration techniques and equipment reflecting on their application to clinical practice.,Analyze,Answer: Analyze,Analyze
Further developed oral communication skills;,Create,- can explain complex ideas clearly and succinctly;,Invalid
define components of competitive intelligence and practice competitor analysis,Understand,Answer: Analyze,Analyze
Explain and justify the optimal physical design features that enhance operational requirements of a typical clinical MRI system,Understand,Answer: Analyze,Analyze
Identify and apply key concepts in primary mathematics and numeracy pedagogy,Apply,Answer: Apply,Apply
Design and critique demand and operational analyses in public transportation.,Evaluate,Answer: Analyze and Create.,Create
Respond creatively to design briefs of high intermediate complexity;,Create,produce a range of design solutions that meet the needs of,Invalid
"Systematically build and validate arguments and opinions by sourcing and critically deconstructing relevant material and information, working both independently and as part of a team;",Evaluate,Answer: Analyze,Analyze
"Communicate research findings orally and in writing, online and using video, in research and industry settings;",Create,"Answer: Present or Communicate

(Note",Invalid
"Determine the global structural behaviour of building frames, identifying the role of eachcomponent.",Remember,Answer: Analyze,Analyze
analyse the impact of major contextual issues on a variety of product and service industries,Analyze,Answer: Analyze,Analyze
"Research a story, conduct interviews and gather appropriate actuality material in the sound medium to produce an audio broadcast;",Create,"Answer:
Apply",Apply
Identify and evaluate the contribution of national and international social justice movements;,Understand,Answer: Evaluate,Evaluate
Identify safe and ethical practices in scientific research,Remember,"Answer:
Analyze",Analyze
"Apply knowledge and understanding of recent developments in relation to recognition, protection and enforcement of Indigenous rights in context of international law and international fora, with creativity and initiative to new situations in professional practice and/or for further learning",Apply,Answer: Analyze and Create,Create
"understand, discuss and apply key theoretical concepts underpinning contemporary childhood",Understand,development theories.,Invalid
"Critically analyse concepts, theories and practice in the highly dynamic field of corporate sustainability management;",Analyze,Answer: Analyze,Analyze
critically assess prominent economic policies that address at least one major environmental externality facing the plant,Evaluate,Answer: Analyze,Analyze
"Design and select sound methodological approaches and frameworks to explaining conceptual challenges in food-related applications, including lab-based testing;",Create,Answer: Analyze,Analyze
To acquire proficiency in the use of the pinyin Romanisation system.,Understand,Answer: Remember,Remember
"understand the ethical aspects of the legal issues that are relevant to entrepreneurial activities and startups especially in frontier technologies like robotics, AI, cyber security and blockchain",Understand,Answer: Analyze,Analyze
"Select, analyse and apply constitutional law interpretive principles to generate appropriate jurisprudential and practical responses to complex legal issues;",Apply,Answer: Analyze,Analyze
An opportunity to develop team work skills.,Create,"Answer:
Collaborate or Apply (depend",Apply
develop knowledge of effective pedagogies for early literacy learning,Understand,"Answer:
Apply

(Note: This",Apply
identify a research problem/question through inquiry into your own professional practice/context,Analyze,Answer: Analyze,Analyze
Explore and communicate design schemes through appropriate modes of representation;,Create,create and document design artifacts that demonstrate understanding of design principles,Create
implement and extend existing computer vision algorithms,Apply,"Answer:
Apply

(Note: This",Apply
Apply regression methods to epidemiological data.,Apply,Answer: Apply,Apply
"provide a solid understanding of regression analysis including relationships with dependent variables that can be binary, in unordered categories, in ordered categories and duration variables",Apply,Answer: Analyze,Analyze
Critically analyse a practice issue;,Analyze,"identify the key factors and
propose a solution.",Invalid
"Evaluate the basic concepts of computer programming, CPU organization, assemblers and compilers, and algorithm design for engineering problems by using software engineering and operating systems concepts",Evaluate,Answer: Evaluate,Evaluate
demonstrate critical thinking and professional judgement by developing a report plan for the academic component of the unit;,Apply,Answer: Analyze,Analyze
"Understand the basic concepts of analysis including limits of sequences and series (of real numbers or functions), properties of functions over the reals;",Understand,Analysis.,Invalid
"Understand, use and explain the basic concepts and principles of the research literature which underpin the chosen area of research in theoretical, computational or experimental physics.",Understand,Answer: Analyze,Analyze
Analyse the strengths and weaknesses of different epidemiological study designs;,Analyze,Answer: Analyze,Analyze
"Explain the roles of likelihood models, missing data, and Bayesian inference and formalise parameter estimation problems in complex applications using these concepts.",Understand,Answer: Analyze,Analyze
understand the steps and the logic of the sequence,Understand,Answer: Understand,Understand
document and provide evidence of your professional practice against achievement of the Australian Professional Standards for Teachers at the Graduate level,Analyze,"Answer:
Evaluate",Evaluate
"Demonstrate effective communication by oral, visual and written means.",Apply,"Answer:
Communicate

This learning",Invalid
"Establish experimental studio processes that generate ongoing creative enquiry in jewellery, body related objects and object based sculpture;",Analyze,Answer: Create,Create
"Read and understand Japanese literary works, Japanese captions and related materials with the assistance of dictionaries;",Understand,Answer: Understand,Understand
"use data to demonstrate the social impact of media, using appropriate data analysis software.",Apply,Answer: Analyze,Analyze
Skills to design and simulate modern communication systems using industry standard simulation tools.,Create,Answer: Create,Create
interpret and explain models written by others;,Evaluate,"Answer:
Analyze",Analyze
provide a historical overview of the evolution of the international business phenomenon,Apply,Answer: Understand,Understand
Design and simulate controllers and observers using computer-aided tools.,Create,Answer: Create,Create
"compare different building codes and rating systems, and use one of them to appraise thebuilding performance",Analyze,Answer: Analyze,Analyze
demonstrate the capacity to organise classroom activities where learner's time is spent on learning tasks,Apply,"Answer:
Plan

Explanation:",Invalid
select and review relevant theory and literature,Apply,Answer: Analyze,Analyze
Describe the principles of designing and deploying specific VR environments and AR applications,Understand,"Answer:
Apply",Apply
"Examine long term consequences of burn injury for the individual, carer/family members and health care professionals.",Analyze,Answer: Analyze,Analyze
"Explain the physical principles underpinning digital fluoroscopic imaging systems and the physics of fluid flow, image intensifiers and planar conventional tomography and apply them in clinical situations to produce and evaluate images of the vascular, gastrointestinal, genito-urinary and hepatobiliary systems;",Understand,"Answer:
Apply, Analyze",Analyze
"acquire and demonstrate team skills including planning, collaboration, problem-solving, decision-making, communication and presentation skills.",Apply,"Answer:
Collaborate

(Note",Invalid
developan understanding of the key academic literature in a particular area of econometrics or statistical research,Understand,Answer: Understand,Understand
gain knowledge and understanding of the South African and African economies and their operation in an international environment,Understand,Answer: Understand,Understand
Describe and apply the principles of occupational analysis and grading and adaptation of occupations to a therapy situation,Apply,Answer: Apply,Apply
"apply a range of skills within a team context, including team leadership, collaboration, problem-solving, decision-making and communication",Apply,Answer: Apply.,Apply
"Explain  the relationships between stellar evolution, galactic evolution, and the creation of the elements;",Understand,Answer: Analyze,Analyze
"Describe the normal structure and function of the urinary system and fluid balance, electrolyte balance and the nursing/midwifery practice considerations involving urinary tract conditions;",Understand,"Answer:
Analyze",Analyze
"Describe and contrast the structures and spatial relationships of the tissues, organs, systems, and regions that make up the human body.",Understand,Answer: Analyze,Analyze
Predict mechanical and corrosion failure modes and explain likely causes.,Evaluate,Answer: Analyze,Analyze
"Develop a plan including the essential elements of leadership and management for nursing in disaster prevention, preparedness, response and recovery;",Create,"Answer:
Analyze

(Note:",Analyze
"Design, construct and publish web-database applications;",Create,"utilize appropriate tools and technologies to create dynamic, interactive web",Create
exercise advanced and integrated professional judgment to evaluate practical considerations arising under the taxation law,Evaluate,Answer: Evaluate,Evaluate
Critically review scientific literature in community-based emergency health.,Analyze,Answer: Analyze,Analyze
apply analysis techniques to financial information and interpret the results,Apply,"Answer:
Analyze",Analyze
Construct an informed theoretical critique of issues related to global crime and justice,Create,"Answer: Analyze

(Note:",Analyze
Articulate and communicate complex knowledge and ideas;,Understand,provide clear explanations and examples to illustrate concepts.,Invalid
apply CBA to real world problems.,Apply,"Answer:
Apply",Apply
"Apply the principles of thermodynamics to advanced chemical engineering processes,process safety, biological sciences, energy, and environmental sciences.",Apply,Answer: Apply,Apply
Explain youth substance abuse in terms of family and social contexts such as trauma and youth disadvantage,Understand,Answer: Analyze,Analyze
"Describe the fundamental principles underlying infection by all major groups of viruses, and apply this knowledge to understand infection and disease caused by specific pathogenic viruses;",Understand,Answer: Apply and Understand.,Apply
Understand major developments in social ontology,Understand,Answer: Understand,Understand
De-construct existing objects and products with intent of re-purposing them by understanding their making;,Analyze,Answer: Analyze,Analyze
propose behavioural economics interventions to reduce inefficiencies resulting from cognitive biases.,Create,Answer: Analyze/Create,Create
Describe Evidence Based Practice in physiotherapy in the context of integrating the best research evidence with clinical expertise and the client's unique values and circumstances;,Understand,"Answer:
Analyze",Analyze
apply modern fatigue crack growth theories to ensure the continued airworthiness of aircraftstructural components,Apply,Answer: Apply,Apply
Describe the scientific concepts and analyse the clinical applications of Intensity-Modulated Radiotherapy;,Understand,Answer: Analyze,Analyze
analyse and predict the key economic variables when the economy is faced with internal and external market shocks,Analyze,Answer: Analyze,Analyze
"Explain the importance of psychosocial factors in patient adjustments to illness and dysfunction, treatment and rehabilitation;",Understand,Answer: Understand,Understand
"Describe market and social drivers that determine the development, growth and expansion opportunities of functional foods in a global environment;",Understand,Answer: Analyze,Analyze
demonstrate an understanding of the role of entry mode choice and other strategic issues in order to succeed in international business.,Understand,Answer: Analyze,Analyze
Appraise and reflect on issues associated with the implementation multi-modality imaging in planning and treatment in your clinical centre.,Analyze,Answer: Evaluate,Evaluate
"demonstrate ability to recognise and evaluate technological advances and changes in the economic, political, social and environmental context to the contemporary practice of operations and logistics",Apply,Answer: Evaluate,Evaluate
"develop a critical understanding of the relationship between tradition, innovation and sustainability",Understand,Answer: Analyze,Analyze
Compare and contrast different communication and concurrency schemes;,Evaluate,describe their advantages and disadvantages.,Invalid
"Analyse the range of different biomedical science techniques used at the level of tissues, organs and systems, to create models pertinent to human health and disease",Analyze,Answer: Analyze,Analyze
Understand properties of linear transformations and identify their kernel and range;,Understand,Answer: Analyze,Analyze
"Investigate, analyse and synthesise complex information, problems, concepts and theories in relation to European Union law and policy;",Analyze,Answer: Analyze,Analyze
Demonstrate knowledge of the development of furniture design concepts and details to meet selected design requirements;,Apply,"Answer:
Apply",Apply
"Analyse and utilise solution strategies for a variety of problems in incompressible flow,inviscid flow, ideal fluid flow, boundary layer flow, irrotational flow, and potential flow.",Apply,Answer: Analyze,Analyze
develop skills in identifying talent and evaluating the talent renewal needs of professionals,Analyze,Answer: Evaluate,Evaluate
"Understand the dynamics and diversity of individual, couple and group counselling and apply your skills accordingly",Understand,Answer: Apply,Apply
Demonstrate an understanding of the contemporary practices of STEM and how such practices help you to respond to changing technological and social change,Understand,Answer: Understand,Understand
develop a broad understanding of pedagogical tools and methods to assess children's learning through play,Understand,Answer: Understand,Understand
"develop your learners' study, career, leisure and life skills through the knowledge, skills, values, attitudes and behaviours associated specifically with the study of history",Create,"Answer:
Apply, Analyze, Eval",Analyze
Appraise the impact of cultural and other demographic factors on cancer control and radiation therapy utilisation,Evaluate,Answer: Analyze,Analyze
Critically analyse social and political factors that influence use of medications.,Analyze,Answer: Analyze,Analyze
"Explain why conflicts occur among states, firms, international organizations, NGOs and other groups over how the global economy is governed;",Understand,Answer: Analyze,Analyze
critically analyse some of the competing demands on business when scrutinising the ethics of business activity in a global context,Analyze,Answer: Analyze,Analyze
Critically analyse the concept of need and competently do a need assessment and develop community intervention models;,Create,Answer: Analyze,Analyze
recognise regulatory and political environments and how they impact on business.,Remember,"Answer:
Analyze",Analyze
Explain the molecular and cellular basis of selected diseases and how they can be modulated by drugs.,Understand,Answer: Analyze/Evaluate,Evaluate
"Critically analyse personal values, experiences and assumptions that align with or diverge from the Australian Association of Social Workers Code of Ethics.",Analyze,Answer: Analyze,Analyze
"Critically assess the variety of domestic legal forms by which human rights are expressed - constitutional, statutory, interpretive, common law and codes of practice and evaluate their role and effectiveness in implementing Australia's international human rights obligations",Evaluate,Answer: Evaluate,Evaluate
"Investigate, analyse and synthesise complex information, problems, concepts and theories in relation to concepts, theories and problems in international litigation and arbitration;",Analyze,Answer: Analyze,Analyze
"demonstrate in an individual summative assessment task the acquisition of a comprehensive understanding of global financial markets, their products and appropriateness for the investor.",Understand,Answer: Analyze,Analyze
"understand how to investigate the role of voting, interest groups, political competition, and distributional conflicts in affecting public policies",Understand,Answer: Analyze,Analyze
Demonstrate advanced skills in the written and oral presentation of theoretical and applied computational linear algebra problems.,Understand,Answer: Evaluate.,Evaluate
"Apply cryptographic techniques to develop methods to disguise information to ensure its integrity, confidentiality and authenticity;",Apply,Answer: Apply,Apply
Clearly communicate the implications and applications of the research to the broader society.,Create,"Answer:
Evaluate",Evaluate
"Identify and evaluate the impact on professionals, of working with adolescents;",Understand,consider the ethical implications of this work.,Invalid
"Evaluate the role of addictive behaviours in contemporary cultural practices, identities, meanings and values, including among specific groups (such as youth, sexual and gender minorities, Indigenous Australians).",Evaluate,Answer: Evaluate,Evaluate
Interpret results for a variety of models.,Evaluate,Answer: Analyze,Analyze
consolidate your understanding of professional knowledge and professional practice in physical education,Evaluate,Answer: Understand,Understand
Assess relevant academic literature and apply the results of the research to the specific issues under reflection.,Apply,Answer: Analyze and Apply.,Analyze
"identify, evaluate and use different resources for teaching social education",Remember,"Answer:
Evaluate",Evaluate
"Identify, synthesise and apply advanced knowledge of key concepts relating to Law and Literature and Law and Film;",Remember,Answer: Analyze,Analyze
Demonstrate that you are prepared for MDes(Res) confirmation.,Apply,Answer: Evaluate,Evaluate
Discuss the role of environmental factors in the spread on communicable disease;,Understand,"Answer:
Analyze",Analyze
The skill to plan a self-directed study and allocate time successfully throughout the duration of the study.,Create,"Answer:
Plan and allocate time effectively for self",Invalid
Develop decision making strategies to assist in the maintenance of ethical conduct.,Create,"Answer: Analyze, Evaluate",Evaluate
develop an understanding of the role of creativity and the visual arts in young children's learning,Understand,Answer: Understand,Understand
"Demonstrate fundamental design technology skills to create, capture, manipulate and edit images, shape and form;",Apply,Create.,Create
"demonstrate the ability to report, interpret and communicate effectively accounting advice and ideas, through written reports and oral presentations, at a level required for a career in accounting and business",Evaluate,"Answer:
Evaluate",Evaluate
develop an understanding of intellectual property,Understand,Answer: Understand,Understand
Apply knowledge of bioinformatics data exploration and storage using public and private databases.,Apply,Answer: Apply,Apply
"Identify and describe the radiographic appearances of pathologies affecting the cardiovascular, respiratory, gastrointestinal, urinary, endocrine and reproductive systems;",Understand,Answer: Analyze,Analyze
Communicate findings verbally and in writing,Create,"Answer:
Communicate findings verbally and",Invalid
Recognise the benefits and drawbacks of different metal additive manufacturing technologies.,Remember,"Answer:
Analyze",Analyze
Discuss and apply ethical theories relevant to nursing practice,Apply,Answer: Apply,Apply
Describe the epidemiology and clinical aspects of management to acute care illnesses,Understand,"Answer:
Analyze",Analyze
Demonstrate key communication and assessment skills necessary for effective practice with a range of clients in diverse health settings;,Apply,"Answer:
Apply",Apply
Demonstrate a capability to research and explore the full range of issues to be considered in an industrial design project;,Apply,Answer: Analyze,Analyze
analyse health and physical education curriculum and practice,Analyze,Answer: Analyze,Analyze
develop an understanding in a specific subject area of advanced finance of the main theories or methods used in the current academic literature,Understand,Answer: Understand,Understand
"Demonstrate the ability to strategically respond to complex problems and develop appropriate planning responses, processes and outcomes;",Apply,Answer: Analyze,Analyze
"Communicate effectively with a project supervisor, colleagues and technical staff.",Create,"Answer:
Collaborate

Explan",Invalid
Describe various models for real world signals,Understand,Answer: Analyze,Analyze
"Search the scientific literature to obtain related information, and critically review and communicate this literature;",Analyze,Answer: Analyze and Evaluate.,Evaluate
understand the main elements behind the concept of opportunity cost and quantifying the cost of proposals for economic decision making purposes,Understand,Answer: Analyze,Analyze
Articulate the relevance of psychology to practice including the role of biopsychosocial forces in shaping more approaches to daily life,Understand,Answer: Analyze,Analyze
Locate and critically evaluate literature relevant to the chosen research project and generate a written literature review in the style of an academic publicationThemeslabel Inquiry and Innovation,Evaluate,Answer: Analyze and Create,Create
Analyse primary works of modern Korean literature in Korean;,Analyze,"identify and explain the major themes, motifs, and",Invalid
Evaluate theoretical perspectives on the leadership of educational change,Evaluate,Answer: Evaluate,Evaluate
Synthesise and articulate your design process;,Create,"describe the steps you took, the decisions you made,",Invalid
"Under supervision, safely conduct radiographic examinations of the respiratory system, pelvis, shoulder girdle, vertebral column, the bony thorax and plain abdomen of an adult patient.",Analyze,Answer: Apply,Apply
Review and summarize key research directions in the field of intercultural communication;,Understand,Answer: Analyze,Analyze
Understand basic moral frameworks and identify moral issues,Understand,"Answer:
Analyze",Analyze
Explain how peripheral and central mechanisms sense food intake and match this to body mass and energy stores;,Understand,"Answer:
Analyze",Analyze
Describe key elements of motor development during infancy. + Postural control + Transitions between postures + Acquisition of upper limb dexterity,Understand,"Answer:
Analyze",Analyze
Review evidence and evaluate contentious theories.,Analyze,Answer: Evaluate,Evaluate
"Understand and demonstrate understanding of written, audio and video documents;",Understand,"analyze and evaluate the content of these documents for accuracy,",Evaluate
"evaluate and communicate the critical roles that human intellect, knowledge, values, emotion, learning, and organisational culture and climate, play in maintaining and sustaining capable organisations",Evaluate,Answer: Evaluate,Evaluate
Define the principles of developmental care and apply these to clinical practice with the neonatal population.,Apply,Answer: Apply,Apply
An appreciation of the theoretical understandings of the shift from government to governance in respect of the environment and sustainability.,Understand,Answer: Analyze,Analyze
"Articulate the role of validation and verification methods in the system development life cycle; key issues in software testing, testing levels and testing techniques;",Understand,and the importance of testing in the overall software development process.,Invalid
"An understanding of the strengths, limitations and appropriate application of quantitative and qualitative approaches to research;",Understand,Answer: Analyze.,Analyze
critically assess evidence supporting various theories and thereby evaluate thesetheories.,Evaluate,Answer: Evaluate,Evaluate
"Demonstrate the intellectual and practical skills needed to justify and interpret theoretical propositions, legal methodologies, conclusions and professional decisions, as well as to identify, research, evaluate and synthesise relevant factual, legal and policy issues, including a demonstrated ability to locate, isolate and thoroughly understand appropriate materials such as cases, scholarship, uniform texts and other instruments for use in an international arbitral setting.",Apply,Answer: Analyze,Analyze
Critically analyse and evaluate philosophical texts;,Analyze,identify and explain the main arguments and counterarguments.,Invalid
Critically engage with the research ethics literature;,Analyze,identify and evaluate the ethical dilemmas and issues,Evaluate
Select various fuel delivery system and gas exchange processes based on justification from in depth technical analysis,Analyze,Answer: Analyze,Analyze
"Use basic laboratory skills to study polymeric materials, be able to work effectively within a team in carrying out laboratory work, be able to keep appropriate laboratory records and develop skills to communicate the results and conclusions of practical work.",Apply,"Answer:
Apply, Understand",Apply
"Critically evaluate the socio-cultural, legal and ethical issues related to the nursing management of medical and surgical patients.",Evaluate,Answer: Evaluate,Evaluate
Apply estimation and calibration solving skills within the finance context.,Apply,Answer: Apply,Apply
"Demonstrate knowledge of the professional ethical, cultural and psychometric issues that arise when assessing for psychopathology across the lifespan",Apply,Answer: Analyze,Analyze
"Interpret sexual violence research, key issues, data and sources.",Evaluate,Answer: Analyze,Analyze
Construct applications using a graph database system;,Create,Answer: Apply,Apply
Critique and extend extant theories using own thesis research as a reference point.,Evaluate,Answer: Evaluate,Evaluate
Demonstrate competency as a radiography student across the domains of practice and be able to assume an independent role as a radiographer and modelling professionalism within the role.,Apply,Answer: Evaluate,Evaluate
Employ diverse approaches in the reconstruction of the past,Apply,Answer: Analyze,Analyze
demonstrate the ability to consume and synthesize the current empirical evidence on specific environmental problems/policies,Apply,Answer: Analyze,Analyze
Critically examine contemporary factors that influence education program development,Analyze,Answer: Analyze,Analyze
demonstrate in an individual summative assessment task the acquisition of a comprehensive understanding of the topics covered by BFW1310.,Understand,Answer: Understand.,Understand
"Demonstrate independent research skills including enquiry techniques, critical thinking, and skills of oral and written communication.",Apply,"Answer: Analyze, Evaluate",Evaluate
Exhibit the capacity to adopt a sociological perspective in relation to contemporary social justice related issues in a south African and African context.,Understand,Answer: Analyze,Analyze
Recognise their own and others' negotiating behaviours and their interplay across a range of contexts;,Remember,"Answer:
Analyze",Analyze
demonstrate an understanding of typical challenges faced by children and adolescents,Understand,Answer: Understand,Understand
"Critically explain, evaluate and apply appropriate AI theories, models and/or techniques in practice - including logical inference, heuristic search, genetic algorithms, supervised and unsupervised machine learning and Bayesian inference;",Apply,Answer: Evaluate and Apply,Evaluate
the application of research methods and specialist discipline knowledge to plan and execute a substantial research-based project with a high level of personal autonomy and accountability.,Create,"Answer: Evaluate

Explanation:",Evaluate
A knowledge of the use of computers in automating and increasing the precision of manufacturing (CAM).,Remember,"Answer:
Apply",Apply
Interpret primary and secondary documents through developing critical reading skills;,Create,analyze the historical context and purpose of the documents;,Analyze
Demonstrate cultural sensitivity and professionalism in consumer care,Apply,Answer: Apply,Apply
"Name and identify the primary anatomical structures of the head, neck and spine as represented on computed tomography images.",Remember,"Answer:

Remember",Remember
Describe fundamental concepts of microbiology and host defence mechanisms including immunology and microorganism classification and apply these concepts to the treatment and prevention of infectious diseases.,Apply,Answer: Apply,Apply
The ability to work collaboratively to critically evaluate an argument and debate the implications of research findings;,Evaluate,Answer: Analyze and Evaluate.,Evaluate
Develop specialised mathematical knowledge and computational skills within the fields of partial differential equations and probability theory.,Create,"Answer:
Analyze

(Note:",Analyze
Identify and demonstrate an ability to apply the laws that are covered in each topic in terms of their impact on the media.,Understand,"Answer:
Apply",Apply
Explain the legislative framework governing industrial relations in South Africa.,Understand,"Answer:
Analyze",Analyze
evaluate investment and financing decisions,Evaluate,Answer: Evaluate,Evaluate
"Demonstrate a critical awareness of the capacities, limitations and socio-professional implications of journalistic practices in in the field of business, industry and economics.",Understand,Answer: Analyze,Analyze
"Write/type simple sentences using hiragana, katakana and approximately 60 kanji,.",Apply,Answer: Remember/Understand.,Understand
"Identify the biotic and abiotic processes which support the development of Earth's biosphere and lead to the formation of soils and sediments, and how they interact to influence water quality and vegetation;",Remember,"Answer:
Analyze",Analyze
Describe what statistical machine learning and its theoretical concepts are;,Understand,provide examples of how statistical machine learning is used in real,Invalid
"Manage client presentations of suicidal risk and family violence, and apply culturally appropriate interventions where necessaryThemeslabel Professional Practice",Apply,Answer: Apply,Apply
Critique the central problem faced by any perceptual system and be able to use this as a framework to evaluate the evolution of perceptual principles and current theories of perception,Evaluate,Answer: Analyze/Evaluate,Evaluate
"Assess the appropriate optimisation strategy for linear, non-linear, unconstrained, constrained and mixed integer models from a fundamental understanding of functional and constraint convexity, or determine the appropriate evolutionary solution strategy when convexity is not assured.",Evaluate,"Answer: Evaluate

(Note: This",Evaluate
Critically analyze and discuss the nature of air pollutants and its effects on human health and environment.,Understand,Answer: Analyze,Analyze
Understand the relationship between the Clinical Neuropsychologist and other health professionals;,Understand,Answer: Understand.,Understand
Read about and discuss issues regarding contemporary features of Korean society,Understand,Answer: Analyze,Analyze
Describe how political philosophy relates to other branches of philosophy,Understand,Answer: Analyze,Analyze
"identify local, national and international people and events relevant to current issues and media issues.",Remember,Answer: Analyze,Analyze
Outline the procedures applied in assisted reproductive technologies (ART),Apply,"Answer:
Apply",Apply
"Analyse and communicate the relevance of digital visual culture and the social, cultural and political implications it has for contemporary societies.",Analyze,Answer: Analyze,Analyze
Demonstrate skills in the presentation of scientific data,Apply,"Answer:
Present

(Note: This",Invalid
"Summarise the physical, chemical and radiation hazards in the aviation environment",Evaluate,Answer: Analyze,Analyze
Understand the concept of ground improvement.,Understand,Answer: Understand,Understand
identify the components of words and how they interact;,Remember,analyze the meaning of words based on their morphological structure,Analyze
Apply the fundamentals of linear systems theory and basic control design methods to dynamic models described in state-space representations.,Apply,Answer: Apply,Apply
Develop specialised financial skills within the fields of statistics and probability theory.,Apply,"Answer:
Analyze",Analyze
understand and critically evaluate different approaches to teaching media studies,Understand,Answer: Analyze and Evaluate,Evaluate
"assess the roles of the intergovernmental, non-governmental and corporate sectors in shaping and influencing global governance",Evaluate,Answer: Analyze,Analyze
describe how cognitive and cultural factors affect language structures and their interpretation;,Understand,"Answer:
Analyze",Analyze
"understand the measurement of income, prices, money and unemployment",Understand,"Answer:
Understand",Understand
"Select, analyze and apply property law principles to generate appropriate practical and jurisprudential responses to complex legal problems and issues;",Apply,Answer: Analyze,Analyze
Have an advanced practical and critical understanding of drawing as a method of externalising thoughts and developing ideas;,Understand,be able to apply a range of drawing techniques to create a,Create
employ creative thinking to develop innovative concepts and ideas,Create,Answer: Create,Create
Combine scientific data to understand the relationship between tectonic settings and deformation;,Understand,"Answer:
Analyze",Analyze
conduct a review of academic literature in response to a thematic issue or question,Apply,Answer: Analyze,Analyze
"Select suitable containment materials, by explaining how chemicals are safely contained in a chemical process and corrosion mitigation.",Analyze,"Answer:
Analyze",Analyze
Display a deep historical knowledge of the evolution of great power politics throughout the history;,Apply,Be able to identify the key turning points and the major players,Invalid
Apply S-plane and Routh-Hurwitz techniques to determine the stability of a system.,Apply,Answer: Apply,Apply
"Source, interpret and evaluate biostatistical information relevant to health and disease in populations across a range of contexts (e.g. rural, indigenous, vulnerable/'at-risk' populations)",Evaluate,Answer: Evaluate,Evaluate
"gain knowledge from organisational visits in order to develop insights that can be applied as future generators of sustainable economic, social and environmental value for business and society.",Create,"Answer:
Analyze",Analyze
"Psychological assessment andmeasurementDemonstrate a good knowledge of thetheoretical basis of assessment techniquesand diagnostic classification systems.Demonstrate skills in basic interviewingtechniques such as engagement andcounselling; that your microskills aredeveloping, and competent administrationof standardised tests and measures.",Apply,"Answer:
Analyze",Analyze
Utilise close reading skills to develop writing skills;,Apply,"Answer:
Apply",Apply
"analyse and evaluate the underlying principles and reasons underpinning each aspect of the innovation development process, proposing the need for and then using, a context-driven methodological approach to deliver;",Analyze,Answer: Analyze and Evaluate.,Evaluate
"Evaluate the role of other mortuary based identification methods, such as molecular biology, fingerprints, the weight given to circumstantial evidence, and cranio-facial superimposition.",Evaluate,Answer: Evaluate,Evaluate
Perform a range of CT scans at the level of Advanced Beginner.,Apply,"Answer:
Apply",Apply
"Evaluate data quality principles, implications and ethical issues.",Evaluate,Answer: Evaluate,Evaluate
Reflect critically on yourselves as educators and the strategies you will use for engaging diverse learners.,Analyze,Answer: Evaluate,Evaluate
describe the major theories underpinning managerial communication,Understand,Answer: Understand,Understand
"Describe the epidemiology and clinical aspects of disease state management for selected blood and brain conditions, and cancers",Understand,"Answer:
Analyze",Analyze
Apply knowledge of the biochemical basis of specific metabolic diseases to real life contexts and case studies;,Apply,Answer: Apply,Apply
Discuss the contributions of key South Africans to the international development of psychology.,Understand,Answer: Analyze,Analyze
Demonstrate skills for producing and communicating explorations of architecture culture;,Apply,"analyze the historical, social, and cultural contexts of",Analyze
"Write/type 150 kanji, including approximately 90 new kanji.",Create,"Answer:
Learn/Memorize",Invalid
Formulate a wound care management plan incorporating skin and wound assessment to guide selection of appropriate products or technologies.,Create,Answer: Analyze,Analyze
Appreciate the difference between professional practice in your discipline and studio research in your discipline.,Understand,Answer: Analyze,Analyze
Assess critically the risks for drug interactions and the safe use of psychotropics in complex medical settings;,Evaluate,Answer: Evaluate,Evaluate
critically analyse emerging local employment trends and the legal issues that they pose,Analyze,Answer: Analyze,Analyze
Use Gibbs energy curves and chemical potentials to describe the driving forces for diffusion and phase transformations.,Apply,"Answer:
Analyze",Analyze
Develop and analytically describe an appropriate model for longitudinal or correlated data based on unit matter considerations.,Create,Answer: Analyze,Analyze
Have developed an ability to critically analyse contemporary public discourse on issues of social justice and human rights;,Create,Answer: Analyze,Analyze
Effectively communicate complex concepts and scientific content in written or oral formats.,Create,"Answer:
Communicate effectively = Analy",Invalid
Demonstrate knowledge of the various tools and techniques used for realtime 3D computer graphic applications;,Apply,"Answer:
Apply",Apply
"Identify strategic constraints in managing the scope, time, cost and quality components.",Create,Answer: Analyze,Analyze
Design and manage an independent research project;,Evaluate,"collect, analyze, and present data;
draw conclusions based",Analyze
Develop and role model the essential elements of leadership and management for emergency nursing.,Create,Answer: Evaluate,Evaluate
define leadership and illustrate how it applies to all levels of management and external stakeholders,Understand,"Answer:
Apply",Apply
"demonstrate ability to recognise, evaluate and lead the adoption of emergent organisational forms that align within an increasingly digital and dynamic competitive environment",Apply,Answer: Evaluate,Evaluate
"Use cognitive, technical and creative skills to generate and evaluate at an abstract level complex ideas and concepts relevant to international environmental law.",Apply,Answer: Evaluate,Evaluate
"Evaluate the challenges associated with managing patients with a range of different needs including the elderly, children, patients with physical disability or mental impairment.",Evaluate,Answer: Evaluate,Evaluate
demonstrate the impact of monetary and government policies on an open economy using the IS-LM model and AD-AS model,Apply,Answer: Analyze,Analyze
Skills in cross-cultural communication and collaboration;,Evaluate,ability to work effectively in diverse teams.,Invalid
Explain contemporary research and theories applied to social issues in psychology.,Understand,Answer: Analyze,Analyze
Critically appraise: - the obligations that international treaties and conventions impose on member states; - the challenges that these obligations present for the design of domestic patent and trade secrecy laws; and - the manner in which domestic laws comply with these obligations.,Evaluate,Answer: Analyze,Analyze
Demonstrate problem-solving skills relevant to communication consulting,Apply,"Answer:
Apply",Apply
Evaluate fundamental principles of pharmacology.,Evaluate,Answer: Evaluate,Evaluate
Utilise booth techniques and team interaction skills in interpretation;,Apply,present findings to peers and receive feedback.,Invalid
articulate the key concepts for young children in each of the mathematics strands and apply these to program planning and evaluation,Understand,"Answer:
Apply",Apply
Evaluate methods used to measure the impact of chronic disease,Evaluate,on the quality of life of patients.,Invalid
Apply these theoretical perspectives and concepts to illuminate and examine a new or existing problem in the study of International Relations,Apply,Answer: Analyze,Analyze
analyse and evaluate risk via Monte Carlo simulation,Analyze,"Answer:
Evaluate",Evaluate
Apply the major research methods used in IT research,Apply,Answer: Apply,Apply
"Express their own ideas and viewpoints using video, both individually and in collaboration with others;",Apply,Answer: Create.,Create
Create C++ programs using pointers to demonstrate an understanding of efficient memory use and management;,Apply,Answer: Create,Create
Design appropriate transmitter and receiver signal processing functionalities for wireless systems and demonstrate its performance on a software defined radio hardware platform.,Apply,Answer: Create,Create
complete a research project utilising Indonesia-specific sources.,Apply,"Answer:
Analyze",Analyze
Examine relevant social work policy and practice issues in longevity and ageing.,Analyze,Answer: Analyze,Analyze
draw upon experiences of gaming in order to develop new perspectives on the role of media in society and everyday life;,Create,Answer: Analyze,Analyze
Identify and summarise a number of critical positions in contemporary film theory.,Remember,Answer: Analyze,Analyze
"Identify data collection methods, collect and analyse data on the occupational performance of self and others that inform understanding about health and wellbeing, key occupational issues and concepts for practice;",Understand,Answer: Analyze,Analyze
"Identify the main types of hazard which may be encountered in studios and workshops - chemical, physical, and biological;",Remember,"describe the potential risks associated with each type;
expl",Invalid
Carry out appropriate statistical analyses using appropriate software;,Analyze,interpret the results in the context of the research question.,Invalid
gain an understanding of creativity and sources of innovation,Understand,Answer: Understand,Understand
Evaluate and assess techniques used in the 3D creation process;,Evaluate,provide feedback to peers on their 3D creations,Invalid
"Plan and evaluate evidence-based practice to manage patients with complex disease states including neurological, cardiac, respiratory, gastrointestinal, renal and endocrine body systems in specialist nursing practice.",Evaluate,Answer: Evaluate,Evaluate
"explain the factors that create co-existence and conflict between different religious, ethnic and national groups in Europe;",Understand,Answer: Analyze,Analyze
"display advanced curriculum navigation, organisation and planning skills in the design of effective health education learning programs and sequences that synthesise curriculum, pedagogy, and assessment",Apply,"Answer:
Analyze",Analyze
"Reflect, develop and critique personal and professional learning using an electronic portfolio in preparation for professional accreditation, including opportunities for supervision and a plan for continual professional development that reflects a self-directed and life-long approach to learning;",Analyze,Answer: Evaluate,Evaluate
"Using clinical assessment as a basis, formulate a holistic management plan for a patient with a diabetes-related foot wound including local wound care, pressure reduction techniques, medical management, psychological and sociological aspects.",Create,"Answer:
Analyze
Evaluate",Evaluate
Demonstrate an understanding of the mathematical theory behind important numerical methods for solving real-life problems on computers;,Understand,Answer: Understand.,Understand
Describe how a health technology assessment contributes to decision-making processes,Understand,Answer: Analyze,Analyze
Use listening skills to understand conversations or monologues on topics covered in class and to identify different genres;,Understand,Answer: Understand.,Understand
Critically evaluate the psychometric properties of psychological tests including reliability and validity.,Evaluate,Answer: Evaluate,Evaluate
"An ability to communicate, orally and in a written form, their understanding of these theories and concepts.",Apply,"Answer:
Understand

(Note:",Understand
"Employ image transitions, dialogue, sound effects, music, dissolves, zooms, pans and other production processes used in the construction of animatics;",Apply,"---

Analyze",Analyze
"Employing both academic (secondary) and non-academic (primary) texts, the unit will consider a number of important facets of critical legal scholarship, most importantly the 'law and literature' movement, which tries to both explain and critique law in terms of the various literary techniques of dramatic narrative. This unit largely operates within the 'law and literature' tradition by directly engaging with novels and films, both of which are highly narrative-driven artistic forms. The text's depiction and resolution of the legal issue under its consideration will be discussed in class as a parallel, or secondary, commentary on the centrality of narrative to all forms of legal speech and practice.",Understand,"This learning outcome is best classified under:

Analy",Invalid
Understand basic concepts related to inner product spaces and apply these to problems such as least-squares data fitting;,Understand,Answer: Apply.,Apply
Identify administrative and management issues that need to be addressed for successful program implementation.,Remember,Answer: Analyze,Analyze
conduct a critical review of the literature relevant to your field of study,Analyze,"Answer: Analyze

(Note:",Analyze
examine evidence-based strategies for effective leadership of primary mathematics teachers,Analyze,Answer: Analyze,Analyze
"Identify appropriate competencies for the practice domains that intersect with mental health, including legal and statutory responsibilities;",Remember,"Answer:
Analyze",Analyze
"Evaluate the concepts underpinning the dominant intellectual capital perspective on IT and IKM strategy, the strengths and limitations of this approach, and how social capital and emotional capital insights can augment this view of strategy;",Evaluate,Answer: Evaluate,Evaluate
Critique the framework within which public transportation planning and management is conducted and the foundations of public transportation policy.,Evaluate,Answer: Analyze,Analyze
Develop solutions to business problems using information technology and other techniques;,Create,"Answer:
Apply",Apply
Plan and conduct written work on how meaning is created in cinema.,Create,Answer: Analyze,Analyze
"Develop algorithms to extract and analyse features in medical, document, and other images;",Create,apply these algorithms to a dataset of images to identify and class,Apply
Integrate the findings from interviewing expert health management witnesses with the findings from the literature review to identify practical management approaches to dealing with the relevant problem or issue.,Remember,Answer: Analyze,Analyze
"Design and conduct an analytical campaign - including budgeting, selecting adequate samples and analytical tools, quality control, and reporting the results",Create,"Answer:
Analyze
Evaluate",Evaluate
Interpret the applicability of health care research findings to health care management practice.,Evaluate,Answer: Analyze,Analyze
"An understanding of key historical, social, cultural, and economic dimensions of the crime and justice context relevant to the Asia region;",Understand,Answer: Understand.,Understand
"Predict the dynamic response of basic structures under wind loads, including vortex induced vibration, buffeting, galloping and flutter.",Evaluate,Answer: Analyze,Analyze
Develop an event budget and schedule;,Create,"Create a marketing plan for the event;
Design promotional",Create
Recognise and distinguish between the different classes of polymeric materials used for Additive Manufacturing.,Remember,Answer: Analyze,Analyze
"Design deep learning solutions to problems in computer vision, natural language processing and signal processing. Examples are image classification, object detection, sequence modelling and filter design.",Create,Answer: Create,Create
Discuss the role of the nurse/midwife in mitigation and adaptation;,Understand,explain the importance of the nurse/midwife in,Invalid
Be able to describe the architecture and mechanism of current wireless networking standards;,Understand,Answer: Understand.,Understand
"define the purposes and scope of leadership theories and research outcomes, and identify their applications to real-life situations",Remember,Answer: Analyze,Analyze
Understand and apply the fundamental elements and principles of basic typesetting and type design;,Apply,Answer: Apply.,Apply
critically appraise a range of current issues affecting corporate governance and regulation,Evaluate,"Answer: Analyze

(Note:",Analyze
debate empirical estimation of 'optimal' capital structure and the treasurer's role in optimising debt-equity mix using both short and long term funding,Evaluate,Answer: Analyze,Analyze
"apply critical thinking, problem solving and presentation skills to individual and/or group activities dealing with mergers and acquisitions and demonstrate in an individual summative assessment task the acquisition of a comprehensive understanding of the topics covered in BFF5580.",Apply,Answer: Apply,Apply
Synthesise and critically analyse the theory and literature associated with the health service management issue or problem.,Analyze,Answer: Analyze,Analyze
Discuss the efficiency and sustainability of mineral and energy sources.,Understand,Answer: Analyze,Analyze
hypothesise concepts surrounding finance and apply these to a variety of domestic and international situations,Apply,"Answer:
Apply",Apply
Compare governments in Africa to the South African government;,Analyze,Explain the differences and similarities.,Invalid
Explain the contribution of 'human factors' to the provision of healthcare and the importance of inter-professional collaboration to minimise risk in the provision of healthcare;,Understand,"Answer:
Analyze",Analyze
"calculate and interpret relevant financial ratios concerned with the profitability, financial structure and solvency of listed public companies",Apply,Answer: Analyze,Analyze
Design and conduct a physiotherapy assessment of the cardiorespiratory system including determination of a client's short and long-term goals and medico-legal documentation of findings;,Create,"Answer: Evaluate, Analyze, Apply",Evaluate
Demonstrate collaborative skills and leadership potential.,Apply,"Answer:
Evaluate

(Note:",Evaluate
"Implement occupationally relevant, client-centred/family-centred intervention strategies for clients with complex contextual factors or issues. ",Apply,Answer: Analyze,Analyze
appraise critically the important current macroeconomic issues,Evaluate,"Answer:
Evaluate",Evaluate
"Articulate clear research aims, methods and rationale.",Understand,Answer: Analyze,Analyze
Implement and evaluate quality assurance principles in digital imaging systems;,Apply,Answer: Evaluate,Evaluate
demonstrate an understanding of contemporary approaches and learning theories related to children's development of communication and creativity through performing arts pedagogies,Understand,Answer: Analyze,Analyze
"Develop a realistic experimental plan, including a timeline, for the research project undertaken in CHM4100;",Create,"Answer:
Apply",Apply
Articulate a reflective understanding of their experience and assumptions with respect to health and the practice of care.,Understand,Answer: Analyze,Analyze
"A strong kinaesthetic approach to centering the body, and to centering the voice and breath in the body through practice and theoretical understanding*",Understand,*Note: This is a quote from a yoga teacher,Invalid
Understand a range of opportunities for discipline-specific practitioners in interdisciplinary contexts;,Understand,"Answer:
Analyze",Analyze
Demonstrate the capability to learn new technical skills in the laboratory and/or the field and use these proficiently and safely.,Apply,"Answer:
Apply",Apply
Analyse the ethical issues associated with data science decisions,Analyze,Answer: Analyze,Analyze
"gather, analyse and visualise digital data in the context of communication flows;",Analyze,Answer: Analyze,Analyze
Evaluate the evidence-base from research in the management of the medically ill and their families.,Evaluate,Answer: Evaluate,Evaluate
"Describe the role of factors (such as aetiology, pathophysiology and weight bearing functions) in the development of a diabetes-related foot wound.",Understand,Answer: Analyze,Analyze
develop and present appropriate not-for-profit marketing and engagement strategies.,Create,"Answer:
Analyze
Evaluate
Create",Create
Prepare a comprehensive written report that is professionally presented and contains all the required components including a bibliography.,Create,Answer: Evaluate,Evaluate
understand and be able to critically examine key debates in political studies;,Understand,Answer: Analyze,Analyze
Synthesise a range of relevant sources to plan and manage your research.,Create,"Answer: Create

(Note: This question",Create
"describe and analyse the quality of production in an industrial process, using statistical control charts.",Analyze,Answer: Analyze,Analyze
relate management theory to various and different cultures,Apply,Answer: Analyze,Analyze
Understand how to develop a sustainable design business model;,Understand,analyze the strengths and weaknesses of various business models;,Analyze
Apply practical skills including working in interdisciplinary teams and cross-cultural skills;,Apply,Answer: Apply,Apply
"Describe and critique common workplace, clinical supervision and teaching models.",Evaluate,Answer: Analyze and Evaluate.,Evaluate
"Explain the structural and neural mechanisms that underpin the special senses and their ability to perceive vision, hearing, smell, taste and balance.",Understand,Answer: Analyze,Analyze
"Critically discuss public art practice in a wider context, with consideration of the impact on local and international communities.",Analyze,"Answer: Analyze

(Note:",Analyze
"Discuss the mechanisms by which cells communicate to coordinate metabolism, cell growth, differentiation and cell death.",Understand,Answer: Analyze,Analyze
"Discuss the local and international food regulations including food additives, safety, storage, halal food standards, food law and sanitation.",Understand,"Answer:
Analyze",Analyze
design and carry out end-user customer experiments,Create,"Answer:
Evaluate
Analyze (could",Evaluate
examine the role of organisational behaviour theory in enhancing both individual and organisational effectiveness.,Analyze,Answer: Analyze,Analyze
"Relate anatomical structures (tissues, organs, systems) to basic developmental processes and use comparative approaches to identify evolutionary and functional contexts.",Understand,Answer: Analyze,Analyze
Be able to execute and analyse a set of laboratory-based studies,Analyze,Answer: Analyze,Analyze
"explain and apply the basic principles of accounting for group transactions, including business combinations and intracompany transactions, and the preparation of group financial statements",Apply,"Answer:
Analyze",Analyze
Apply patient safety learning to their observations and experiences in simulated or real workplace settings.,Apply,Answer: Apply,Apply
"Identify and discuss the various economic, political and cultural forces which shape the practical work of media production;",Understand,Answer: Analyze,Analyze
Apply the theory behind the operation of photovoltaic devices to predict and quantify the performance of solar cell materials.,Apply,"Answer:
Apply",Apply
An in-depth knowledge of changes that post-Mao reform has brought to intellectual trends in general and to literature in particular (through critical analysis of a range of literary works by a younger and unorthodox generation of Chinese writers who challenge traditional Chinese literary norms through their exploration of fundamental issues of humanism),Understand,Answer: Analyze,Analyze
Critically assess the epidemiological quality of research in a range of studies outlining the basis of your methodological approach and criteria for determining the quality of the research;,Evaluate,Answer: Evaluate,Evaluate
"Understand different types of financial risks such as market, credit, and operational.",Understand,"Answer:
Understand",Understand
Debate and/or defend your practice in an informed critical appraisal;,Evaluate,present your findings to peers and/or colleagues.,Invalid
Relate the different levels and models of intervention used in community psychology.,Apply,Answer: Analyze,Analyze
acquire an understanding of holistic learning and teaching including the wide variety of learning and teaching strategies that support the connections between music theory and practice in developing a personal approach to teaching music.,Understand,Answer: Understand,Understand
"identify the strengths and limitations of different measurement systems, select appropriatemeasurement systems for different dimensions of behaviour, and use continuous anddiscontinuous measurement systems",Remember,Answer: Analyze,Analyze
"Recognize and have a deeper understanding of the areas of conflict, challenges and opportunities between international IP, international environmental and international trade laws",Understand,Answer: Analyze,Analyze
"Compare the belief structures behind mainstream and complementary therapies, and their efficacy in therapy;",Analyze,Answer: Analyze,Analyze
"demonstrate an ability to research, interpret and critically evaluate research traditions informing the concept of transition and change in early childhood education",Apply,Answer: Analyze,Analyze
understand creativity and the creative process and its influence on gifted students and their talent development,Understand,Answer: Analyze,Analyze
Appraise common issues associated with end of life care in a variety of health care contexts.,Evaluate,Answer: Evaluate,Evaluate
Discuss contract development and select an appropriate sourcing strategy for provisioning information systems;,Analyze,"Answer:
Apply",Apply
Theorise and analyse approaches to injury policy and legislation,Analyze,Answer: Analyze,Analyze
"Apply theoretical knowledge to real-world examples of social entrepreneurship, innovation and design",Apply,Answer: Apply,Apply
"Apply theoretical knowledge to real-world examples of social entrepreneurship, innovation and design;",Apply,Answer: Apply,Apply
"evaluate how social, cultural and political contexts shape curriculum, with particular attention to Indigenous knowledge and values underpinning design, assessment and reporting",Evaluate,Answer: Evaluate,Evaluate
"Understand and demonstrate the relationship between reactivity, selectivity and structure in main group organometallic complexes;",Understand,Answer: Analyze,Analyze
"Use available language tools, such as debuggers and profilers, and good programming practice to debug their implementations systematically and efficiently;",Apply,"Answer:
Apply",Apply
develop a broad understanding of the role of technology and innovation in launching and growing viable start-ups,Understand,Answer: Understand,Understand
Describe the morphology and kinematics of the Milky Way;,Understand,"Answer:
Analyze",Analyze
discuss the behavioural aspects associated with lending decisions,Understand,Answer: Analyze,Analyze
understand the operation of labour markets by drawing on basic economic principle,Understand,Answer: Analyze,Analyze
"Demonstrate a high level of competence in communication and presentation skills: written, oral and graphic;",Apply,- Use appropriate language and tone for the intended audience;,Invalid
Critique competing theories of addictive behaviour;,Evaluate,provide evidence to support your evaluation.,Invalid
"Develop and apply an understanding of how debates in relation to tax policy affect the practical administration of tax laws. Develop and refine skills of policy analysis to interpret, synthesise and critically evaluate legislative provisions and case law from a broader policy perspective.",Understand,Answer: Analyze and Evaluate.,Evaluate
Analyse time series in time domain as well as frequency domain;,Analyze,"Determine the stationarity of a time series;
Ident",Invalid
Describe the effect of nanoscale grain refinement on magnetic properties.,Understand,Answer: Analyze,Analyze
"develop written, presentational and group work skills through a series of assessed essays, assignments and tutorial work",Create,"Answer:
Apply",Apply
Develop specialised mathematical knowledge and skills within the field of stochastic calculus.,Create,Answer: Analyze,Analyze
examine theories of organisational behaviour (OB) to develop fundamental knowledge of OB as an area of management,Create,Answer: Understand,Understand
Critically analyse scientific data;,Analyze,"identify strengths and weaknesses;
draw valid conclusions.",Invalid
"Compute line, surface and volume integrals in a range of coordinate systems;",Apply,evaluate the physical significance of the results.,Evaluate
apply research skills to a range of challenges;,Apply,Answer: Apply,Apply
Explain how social determinants of health can impact the health of key populations and the provision of socially accountable healthcare in both Australian and global health contexts                                                                                                                Themeslabel Comprehensive care,Understand,Answer: Analyze,Analyze
"Apply basic physical and mathematical principles, including dimensional analysis, to gain a quantitative and qualitative understanding of astrophysical processes.",Apply,Answer: Apply,Apply
"Recognise hazards associated with chemical and biological materials, instruments and ionising radiation and the risks they impose;",Remember,"Answer:
Recognise

(Note",Invalid
Develop differential diagnoses and formulate problems,Create,Answer: Analyze,Analyze
have a basic understanding of the concepts and techniques of macroeconomic forecasting using an applied general equilibrium (AGE) model,Understand,Answer: Analyze,Analyze
Employ sophisticated research and critical thinking skills.,Apply,Answer: Analyze,Analyze
Calculate and apply a range of secondary pharmacokinetic parameters that determine dosage regimens,Apply,"Answer:
Apply",Apply
be able to demonstrate the ability to integrate and evaluate that knowledge to create and implement appropriate business initiatives and responses.,Evaluate,Answer: Evaluate,Evaluate
create graphic displays of behaviour,Create,Answer: Create,Create
"Articulate an advanced understanding of the roles of literature, film, arts and other media in shaping dominant modes of remembering conflict;",Understand,Answer: Analyze,Analyze
Understand how behaviour and lifestyle relates to health.,Understand,Answer: Understand,Understand
Explain how both mitigation and adaptation are required to deal adequately with climate change.,Understand,Answer: Analyze,Analyze
Identify and describe the fundamental theories underlying project and process management in resources projects.,Understand,Answer: Analyze,Analyze
Critically analyse global trends in infant and maternal outcomes and how they align with the United Nations sustainable development goals (SDGs) for maternity care;,Analyze,Answer: Analyze,Analyze
Describe the properties and behaviour of structural steel under thermo-mechanical loading.,Understand,Answer: Analyze,Analyze
"develop a higher self awareness of students' own personality, values, attitudes, and styles as well as strengths and weaknesses pertinent to their leadership aspirations",Create,"Answer: Analyze

Explanation",Analyze
apply practical understanding of the organisation of classroom activities and space,Apply,Answer: Apply,Apply
Identify and critique significant interior architecture projects and their contribution to contemporary interior practice;,Understand,Answer: Analyze,Analyze
"Make informed notions of, and debate on the vicissitudes of post-colonialism and its complementary concepts in both their tutorial interactions and their assignments and exams.",Evaluate,Answer: Analyze,Analyze
"Demonstrate critical thinking to develop new understandings of how young children's lives are historically embedded in socio-economic, cultural and political contexts",Understand,Answer: Analyze,Analyze
Communicate research in both oral and written formats.,Create,"Answer:
Present

Explanation:",Invalid
Recognise the breadth of statistical tests and their applicability to common research methodologies;,Remember,"Answer:
Apply",Apply
analyse the literature in order to develop subject matter expertise beyond the specific focus of the Honours project,Analyze,Answer: Analyze,Analyze
use and creatively integrate information and communication technologies (ICT) to enhance student engagement and conceptual understanding.,Apply,"Answer:
Create",Create
Apply sophisticated computational statistical inference in a wide range of application problems that require the integration of mathematical modelling with observed data to provide credible interpretation of the underlying system.,Apply,"Answer: Analyze, Evaluate",Evaluate
"Research a topic in the area of physiology, and present the findings of such research (written and verbal), at an appropriate scientific level.",Create,"Answer:
Apply

(Note: This",Apply
Develop a professional experience folder which records your planning of lessons and self-reflections on your developing professional practice and learning,Create,"Answer:
Reflect

(Note:",Invalid
"Apply a theoretical understanding of the concepts of resolution, stability and order of numerical methods for solving partial differential equations relevant to engineering.",Apply,Answer: Apply,Apply
explore approaches for facilitating and leading collaborative school-based professional learning,Analyze,Answer: Analyze,Analyze
Identify and discuss the principles and application of the stages and methods of international development project planning and management;,Understand,Answer: Analyze,Analyze
"Describe the role of enterprise systems in supporting the business strategy, business drivers and business requirements of various organisations;",Understand,"Answer:
Analyze",Analyze
" Describe the general characteristics of the modern X-ray system used in clinical practice, including scientific principles, and production of the digital image. ",Understand,"Answer:
Analyze",Analyze
Devise and implement a plan for the project and identify key outputs,Create,"Answer:
Create

(Note: This",Create
Apply the processes of lead optimization to improve the drug-likeness of designed drug molecules,Apply,Answer: Apply,Apply
demonstrate an appreciation of the notion of cross-cultural literary communication.,Apply,"Answer:
Analyze",Analyze
Communicate the design of interactive systems that enhance the user experience;,Create,"Answer: Design

Explanation:",Invalid
"A thorough knowledge of how contested representations and understandings of disaster have explored issues of responsibility, mitigation, vulnerability and social change;",Understand,Answer: Analyze,Analyze
"Report on lifestyle journalism stories or events in a clear, concise, factual and meaningful way using a variety of elements in a coherent package;",Create,"Answer:
Apply",Apply
a demonstrated ability to apply the methodology of materials and process selection for agiven engineering application,Apply,Answer: Apply,Apply
Explain the principles of pharmacological management of cardiorespiratory disorders;,Understand,Answer: Understand.,Understand
critically reflect on the evolving techniques and practices of writing for social media.,Analyze,"Answer: Analyze

(Note:",Analyze
"demonstrate advanced skills in administration and scoring of intelligence tests, psychopathology and personality instruments, behavioural instruments, and tests of academic attainment suitable for use with individuals and groups across the lifespan, and diverse cultural groups, including Aboriginal and Torres Strait Islander peoples, including the administration and scoring of tests for individuals with sensory and neurological deficits",Understand,"Answer:
Evaluate",Evaluate
Apply knowledge of child justice to particular contexts,Apply,Answer: Apply,Apply
Perform traffic data analysis methodologically,Analyze,Answer: Analyze,Analyze
"Discuss the ethical, legal and cultural responsibilities of scientific investigation.",Understand,Answer: Analyze,Analyze
Undertake a needs analysis by scoping an organizationally useful and occupationally relevant project or program;,Analyze,Analysis,Invalid
To implement wavelets on an industry standard DSP development system,Apply,Answer: Apply,Apply
demonstrate ability to direct one's learning through self-evaluation and the setting of realistic plans for ongoing development of strategic management skills.,Apply,"Answer:
Evaluate",Evaluate
identify and address challenges and opportunities for preparing to teach in Primary and/or Secondary educational contexts,Remember,Answer: Analyze,Analyze
Apply interpersonal and reflective skills to your professional practice,Apply,Answer: Apply,Apply
Demonstrate explicit competence in French grammar in the areas reviewed;,Apply,"correctly identify and use the appropriate verb tense, pronoun",Invalid
Explain key digital techniques and their relevance to spatial design practice;,Understand,Answer: Understand.,Understand
"Demonstrate the knowledge, skills and attitudes of a professional engineer.",Apply,"Answer:
Evaluate",Evaluate
"Determine barriers associated with access to, and equity in health care particularly as they relate to Indigenous Australians and people in different vulnerable groups.",Evaluate,Answer: Analyze,Analyze
identify real situations where network effects matter,Remember,Answer: Analyze,Analyze
Critically evaluate the historiographical debates about war and society;,Evaluate,analyze the impact of war on society and culture;,Analyze
"Demonstrate an appreciation, understanding and critical reconfiguration of the cultural value of Indigenous creative practices and ways of knowing;",Understand,Answer: Analyze,Analyze
critically evaluate financial market information to measure risk and return,Evaluate,Answer: Evaluate,Evaluate
Develop and implement a systematic review protocol for a nutrition related research question;,Create,"Answer: Analyze, Apply, Create.",Create
"Analyse the potential for interactions and reactions between drug molecules, biomolecules and solvents. ",Analyze,Answer: Analyze,Analyze
"Demonstrate strong self-reliance, and able to construct a program of work with a coherent direction which imaginatively addresses your own concerns;",Apply,Answer: Create.,Create
Apply radiation protection and dosimetry principles to the practice of CT;,Apply,Answer: Apply,Apply
Recognise aurally elements of pitch structure and basic rhythm.,Remember,"Answer:
Remember

(Note:",Remember
"Identify, evaluate and interpret a range of relevant curriculum documents and resources for teaching the arts",Remember,Answer: Analyze,Analyze
"Manage the process of publishing an issue of a scholarly academic journal under the peer review process in academic publishing; edit academic articles; and man-age the practical aspects of timely, effective publication and distribution of the jour-nal. [TLO1]",Apply,"Answer:
Evaluate",Evaluate
"explain the philosophical assumptions underlying the science of behaviour analysis (e.g., selectionism, determinism, empiricism, parsimony, pragmatism)",Understand,Answer: Analyze,Analyze
"Adapt and apply the core principles of intensive care nursing to specialist patient populations (e.g. patient with multiple trauma, burns, paediatrics, pregnancy).",Apply,Answer: Apply,Apply
"have an understanding of the ways in which a variety of poetic and dramatic texts explore the concepts of power (political, social and sexual) and of desire (religious, courtly, neo-Platonic and sexual) in the pre-Romantic period;",Understand,"Answer:
Analyze",Analyze
demonstrate an understanding of the rationale for continued professional learning and the implications for improved student learning.,Understand,Answer: Understand.,Understand
"Identify drivers for change (e.g. industry and technology reforms; political, business and social agendas) and proactively lead nursing responses to changing and dynamic environments",Remember,Answer: Evaluate,Evaluate
Ability to articulate critical interpretations of dramatic texts and processes in systematic written argument.,Evaluate,Answer: Analyze,Analyze
"Critically assess threats, vulnerabilities and risks to an organisation's information assets and propose control technologies and techniques which can be applied to reduce the security risk;",Evaluate,Answer: Evaluate,Evaluate
Explain modern theories of stellar and planetary formation and evolution,Understand,Answer: Analyze,Analyze
"Critically reflect on practice extending self-awareness, insight and cultural competency linking to professionalism.",Analyze,"Answer: Analyze, Evaluate",Evaluate
"demonstrate a sound understanding of children's physical, social, emotional and spiritual well-being and apply this knowledge by designing and implementing effective education and care programs",Understand,"Answer:
Apply",Apply
"Relate the theoretical basis of health education and health promotion to planning, implementing and evaluating a creative group education session designed to support behaviour change.",Apply,Answer: Analyze and Create.,Create
Recognize the complexity of social developments that characterized the Weimar and Nazi periods;,Remember,Answer: Analyze,Analyze
write and interpret parallel database processing algorithms and methods;,Evaluate,"Answer:
Analyze",Analyze
familiarity with key philosophical issues and concepts in contemporary applied ethics,Understand,Answer: Understand,Understand
"Investigate, analyse and synthesise complex information, problems, concepts and theories in relation to comparative continental European legal systems;",Analyze,Answer: Analyze,Analyze
examine the influence and implications of power in understanding and managing conflict,Analyze,Answer: Analyze,Analyze
Utilise narrative and visualisation techniques appropriate to in-depth journalism.,Apply,Answer: Analyze,Analyze
"Evaluate how psychological, cultural, personal, economic and social factors influence nutrition and health behaviours",Evaluate,Answer: Evaluate,Evaluate
identify and distinguish between different types of dispute avoidance processes (DAPs) used on construction projects around the world and evaluate the pros and cons of each;,Understand,Answer: Evaluate,Evaluate
"Understand the analysis of Tollmien-Schlichting instability and transition in boundary layer flow and recognise factors controlling laminar-turbulent boundary layer transition,",Understand,Analysis.,Invalid
Explain different types of research design and how to choose the most appropriate design to answer explanatory and exploratory research questions.,Understand,Answer: Analyze,Analyze
Articulate risks and opportunities involved in entrepreneurship from the initial concept through development to commercialisation.,Understand,Answer: Analyze,Analyze
Identify and evaluate the context and foundational doctrines and principles of international environmental law and international intellectual property law,Understand,Answer: Evaluate,Evaluate
"Demonstrate a high level of practical design research, design process and design communication;",Apply,create a design solution that meets the needs of a specific user,Create
Develop effective media relations,Create,"Answer:
Apply",Apply
"Effectively communicate (both orally and in writing) legal advice, information, options for litigious and non-litigious pathway, arguments and strategies with a wide range of audiences involved in the justice system;",Understand,"Answer:
Evaluate",Evaluate
"Synthesise and interpret their knowledge gained in their study of the underpinning research literature, thence identifying a niche topic or topics within this existing body of literature, which represents a gap in knowledge suitable for original research;",Evaluate,"Answer:
Analyze, Create",Create
"develop legal solutions to complex problems by synthesising existing legal knowledge, legal research and technical and practical information.",Create,"Answer:
Evaluate",Evaluate
Recognise and critically evaluate key ethical and legal requirements associated with investigative journalism in South Africa and Africa and demonstrate their ability to reflect critically on their own and others' performance,Apply,Answer: Evaluate,Evaluate
Appreciate the role of graph theory in other areas of mathematics.,Understand,Answer: Analyze,Analyze
Use procedures to promote maintenance and generalisation of behaviour change,Apply,"Answer:
Analyze",Analyze
"Explain the ways in that genres are socio-culturally and historically determined and often ambiguous and tend to encompass divergent, even contradictory;",Understand,meanings.,Invalid
Select the appropriate MRI protocol and post processing techniques for MRI studies of the brain structure and function from within an evidence-based framework.,Analyze,Answer: Analyze,Analyze
"Organise, analyse and interpret data meaningfully and according to the accepted practices within the research paradigm informing the research process.",Analyze,Answer: Analyze,Analyze
"Critically analyse a range of strategies utilised by existing brands, including competitive landscape analysis, central and distinctive mapping, business model canvas and customer journey mapping;",Analyze,Answer: Analyze,Analyze
collaborate constructively with fellow students and industry professionals in learning and discussion processes;,Apply,"Answer:
Collaborate = Interact or",Invalid
discuss and apply the basic principles of changes in ownership interests of group entities,Apply,Answer: Apply,Apply
"Demonstrate a critical understanding of contemporary issues and curriculum in arts, design, health and physical education within Australia and internationally",Understand,Answer: Analyze,Analyze
Describe the chemistry of drug-receptor interactions including structure-activity relationships,Understand,Answer: Analyze,Analyze
Prepare legal arguments by applying an intellectual and practical synthesis of: a thorough understanding of law relevant to complex cross-border commercial disputes; firm grasp of a complex factual scenario; and an appreciation of policy and principles behind development of the law; an thorough understanding of contemporary developments in international commercial law and its professional practice.,Apply,"Answer:
Evaluate",Evaluate
Define the molecular structure of biological membranes and their role in cellular metabolism;,Understand,"Answer:
Understand",Understand
"Relate the importance of law, human rights and ethics in professional practice",Apply,Answer: Analyze,Analyze
Recognise the roles of climate change and natural variability in current climate trends.,Remember,"Answer:
Analyze",Analyze
Develop skills in applying a particular research method to the resolution of a research question;,Apply,Answer: Apply.,Apply
"demonstrate a capacity to draw on a range of teaching approaches, including the use of information and communication technologies, in ways that align with pedagogical intentions",Apply,"Answer:
Apply",Apply
Integrate their knowledge of policy frameworks and epidemiology with the design of service systems in mental health services,Create,Answer: Analyze,Analyze
"demonstrate critical understanding of recent trends and curriculum in physical education, health and wellbeing across educational environments both within Australia and internationally",Understand,Answer: Analyze,Analyze
articulate and critically analyse the reasons why global commercial regulation produces different regulatory outcomes across Asia,Understand,Answer: Analyze,Analyze
Articulate the depth and complexity of use of self in professional practice,Understand,Answer: Evaluate,Evaluate
To explore the way in which environmental and biological knowledge is encoded. ,Analyze,Answer: Analyze,Analyze
"Formulate culturally sensitive health professional-patient interactions, including ways of respectfully working with Indigenous healing and spiritual practitioners.",Create,Answer: Analyze,Analyze
Use key ethical and legal principles to discuss issues pertinent to patient care and clinical contexts.Themeslabel Theme I: Personal and Professional Development,Understand,Answer: Analyze,Analyze
Determine and articulate the functional and non-functional requirements of a software system based on interaction with stakeholders;,Apply,Answer: Analyze,Analyze
"Generate clear, concise and high quality documentation and reports for communication of complex integrated ideas.",Create,Answer: Create,Create
Have an understanding of the relationship between international environmental law and domestic environmental law,Understand,Answer: Understand,Understand
recognise the diverse ways in which the moving image fundamentally differs from written texts;,Remember,Answer: Analyze,Analyze
"apply critical thinking, problem solving and presentation skills to deal with debt markets and fixed income securities and demonstrate in an individual summative assessment task the acquisition of a comprehensive understanding of the topics covered by BFC3341.",Apply,"Answer:
Apply",Apply
"Critically summarise the broad principles of perception which apply to all modalities including neuropsychological mechanisms at the level of receptors, pathways, and brain structures; top down and bottom up processing, feature detection and the constructive nature of perception",Create,Answer: Analyze,Analyze
"critically reflect on your beliefs, ethical practices and experiences in regard to the subject of English and in regard to your teaching of this subject",Analyze,Answer: Evaluate,Evaluate
"Determine lift and drag forces on bodies (including motor vehicles) subjected to fluid motion, describing the effects of boundary layer modification and flow separation.",Apply,Answer: Analyze,Analyze
"Reflect on and assess their own capabilities and performance, and make use of feedback on performance to support personal and professional development.",Analyze,Answer: Evaluate,Evaluate
Demonstrate a cognitive appreciation of the different taxation treatment of various legal entities and their members;,Understand,Answer: Analyze,Analyze
"Differentiate key psychological theories related to social behaviour, emotion and motivation and memory.",Analyze,Answer: Analyze,Analyze
Design and justify a useful and usable interface by applying user-centred design principles;,Evaluate,"Answer:
Apply

(Note: This",Apply
"understand the geometry and crystallography of common crystal defects, and their effects on material properties",Understand,Answer: Analyze,Analyze
Observe and apply the OHS requirements of the working environment.,Apply,Answer: Apply,Apply
demonstrate the ability to select appropriate and culturally sensitive means of assessment for individuals of different ages and deficits or strengths,Apply,Answer: Analyze,Analyze
Identify unsustainable urban policies and practices and suggest effective methods of improving sustainability;,Remember,Answer: Analyze and Apply.,Analyze
Communicate complex information on waves and MHD theory with the use of visualisation methods.,Create,"Answer: Analyze, Create",Create
provide practical insights/implications derived from forecasts.,Apply,Answer: Analyze,Analyze
consider and evaluate research papers presented in the research seminar series,Evaluate,Answer: Evaluate,Evaluate
Know and understand behavioural characteristics of gifted individuals and how that can impact students' learning experiences,Understand,Answer: Understand,Understand
Apply academic and research integrity and governance principles in a workplace setting.,Apply,Answer: Apply,Apply
Identify the wider concerns of contemporary international art as they are played out in a local context;,Understand,Answer: Analyze,Analyze
Identify and analyse standardised outcome measures appropriate for assessment of the neonatal and infant population.,Analyze,Answer: Analyze,Analyze
understand how economic theory and data are combined to analyse and frame macroeconomic policies,Understand,Answer: Analyze,Analyze
critically analyse human resource challenges to identify the impact/implications for contemporary Asian businesses,Analyze,Answer: Analyze,Analyze
Investigate outdoor education contexts and your portrayal using a range of environmental and cultural lenses,Analyze,Answer: Analyze,Analyze
Demonstrate advanced scientific report writing and oral presentation skills.,Understand,Answer: Evaluate,Evaluate
"Use key ethical and legal principles to discuss and evaluate issues relevant to public health, clinical research practice, and professional standards for patient care.",Understand,Answer: Evaluate,Evaluate
Determine the performance of C and/or assembly programs when processing data from peripheral devices.,Apply,Answer: Analyze,Analyze
Identify and evaluate the tools and styles of electronic music from the twentieth century to today,Understand,Answer: Evaluate,Evaluate
"demonstrate specific content knowledge and practical skills in relation to a number of youth health issues, for example: drug use, food and nutrition, body image, and safety",Apply,"Answer:
Apply",Apply
Critically analyse organisational and systems governance structures and existing policies that improve the culturally competent health care.,Analyze,Answer: Analyze,Analyze
Explain how communicable infections are spread.,Understand,Answer: Understand,Understand
Describe approaches to examples of Australian and international television;,Understand,analyse the similarities and differences between these approaches.,Invalid
Have a functional knowledge of multi-disciplinary teamwork and processes and critically appraise the perspective of other stakeholders.,Understand,Answer: Analyze and Evaluate.,Evaluate
Convey to a non-specialist audience the relevance and value of genetics to human society;,Create,"Answer:
Communicate

Explan",Invalid
Discuss and critically analyse physiology research papers;,Analyze,Answer: Analyze,Analyze
Describe ecological applications and processes relating to a range of terrestrial environments;,Understand,"Answer:
Apply",Apply
"Further develop independent research skills to find relevant information about an essay topic; organise, synthesise and analyse the information and communicate it in written and oral form.",Analyze,Answer: Analyze and Create.,Create
Identify the principles of motor skill acquisition across the lifespan;,Remember,"describe the factors that influence motor skill development;
sum",Invalid
Intervention strategiesDemonstrate knowledge and some ability toapply intervention strategies associatedwith one theoretical approach with simplepresentations of high prevalence disorders.Students should be able to demonstrate theability to formulate and prepare treatmentplans with their supervisor's assistance.,Apply,Answer: Apply,Apply
display proficiency in a variety of media analytical skills and practices; ,Apply,"analyze media messages and media texts; 
identify",Analyze
"Identify and describe in detail; structural and sectional anatomy, physiology, pathology and oncology related to the integumentary system, lower respiratory, lower digestive, urinary and renal systems",Understand,"Answer:
Analyze",Analyze
Describe the musculoskeletal anatomy related to movement and apply anatomical principles to determine function and common pathology,Understand,Answer: Apply,Apply
Plan and apply advanced biochemical laboratory methods to solve problems in cell signalling and demonstrate appropriate methods for data analysis and interpretation;,Apply,"Answer:
Apply

(Note: This",Apply
Understand the range of application areas that analytical chemistry and analytical instrumentation are applied to;,Understand,"Answer:
Analyze",Analyze
Identify and assess the effectiveness of strategies to address bullying and to de-escalate violence and aggression in the workplace.,Understand,Answer: Analyze and Evaluate.,Evaluate
"effectively communicate data analysis, using a blog, reports and presentation",Create,"Answer:
Analyze
Evaluate
Create",Create
"Demonstrate an awareness of the principles and values that have shaped the Australian system of government, including representative democracy, the rule of law and human rights",Apply,Answer: Understand,Understand
"Explain the chemical principles of reactivity and stability of food components, applying these principles to describe functional properties of foods and ingredients including colour and sensory properties and attributes that confer benefit and risk to consumers;",Apply,"Answer:
Apply

(Note: This",Apply
Demonstrate sound knowledge of current affairs and debates about the future;,Apply,be able to discuss and evaluate the implications of these issues for,Evaluate
Synthesise the epidemiology of traumatic injuries and environmental conditions;,Create,design a public health intervention to prevent injuries and improve environmental conditions,Invalid
"Identify, interpret and analyse manufacturing options for simple components primarily from an engineering perspective, but also considering the cost of manufacture.",Remember,Answer: Analyze,Analyze
understand the concepts of conditional expectation and martingales and their relation to pricing of financial derivatives,Understand,Answer: Analyze,Analyze
Produce 3D models with an increased design intention and creative application;,Create,utilize a variety of software and hardware tools to create and,Create
"Identify and select a range of research methodologies and methods for a specific discipline, issue or topic;",Remember,"Answer:
Analyze",Analyze
"Demonstrate a critical awareness of the capacities, limitations and socio - professional implications of journalistic practices in different media.",Understand,Answer: Analyze,Analyze
"define the purpose and scope of traditional and emerging Human Resource Management (HRM) activities drawing from HRM theory, empirical research and practice",Understand,Answer: Analyze,Analyze
adjust and apply personal cross-cultural competence to culturally diverse settings.,Apply,"Answer:
Apply",Apply
"Recognise the different theoretical approaches or lenses (such as Marxist or Feminist) through which historians make history, and reconcile that with their own approaches to writing history",Remember,Answer: Analyze,Analyze
explain the key concepts and explore debates in relation to corporate accountability and human rights,Understand,Answer: Analyze,Analyze
Reflect on the importance of ethics and legal matters for geotechnical and geoenvironmental projects.,Analyze,Answer: Evaluate,Evaluate
Discuss the importance of data and simulations in science;,Understand,"Provide examples of scientific simulations and their applications;
Ex",Invalid
"Reflect upon the development of professional skills gained through the unit and by seeking feedback from industry mentors, peers and academics and acting upon it;",Analyze,Answer: Evaluate,Evaluate
Report the results of environmental analyses in a variety of relevant media;,Analyze,"Answer:
Analyze",Analyze
develop analytical skills via understanding the intuition and logic behind theoretical and empirical research in corporate finance and governance,Understand,Answer: Analyze,Analyze
Evaluate an interface and interaction design.,Evaluate,Answer: Evaluate,Evaluate
Analyse epidemiological data using statistical software on a laptop computer.,Analyze,Answer: Analyze,Analyze
Formulate research hypotheses into a statistical context in public health studies.,Create,Answer: Analyze,Analyze
"Design a research proposal demonstrating an understanding of field-based techniques of survey, analysis and presentation of results;",Create,Answer: Analyze,Analyze
Communicate basic information about themselves and family members,Create,Answer: Remember,Remember
use appropriate theories of learning to inform understandings of teaching and learning across schooling contexts.,Apply,Answer: Analyze,Analyze
"Communicate ideas and concepts through the interaction design process of observation, analysis, selection, interpretation and expression to produce comprehensive design solutions;",Evaluate,Answer: Analyze,Analyze
Reflect on their own recorded and live performance;,Analyze,"analyze their strengths and weaknesses;
set goals for",Analyze
Identify and evaluate the theoretical underpinnings and models of best practice for risk management in the workplace;,Understand,Answer: Evaluate,Evaluate
"Interpret passages that are delivered in professional settings, and are of moderate to high levels of difficulty;",Evaluate,Answer: Analyze,Analyze
Recognise and apply leadership principles that support collaborative practice;,Understand,Answer: Apply,Apply
"Demonstrate a critical awareness of the capacities, limitations and socio-professional implications of reporting practices in arts journalism.",Understand,Answer: Analyze,Analyze
"Interpret, analyse, synthesise and apply the law when located, to solve a legal problem",Apply,Answer: Analyze,Analyze
Explain the issues covered in making a submission to an ethics committee for approval of research projects,Understand,"Answer:
Analyze",Analyze
Display an increasingly personalised expression and sophisticated creative 3D design approach which can be pursued at an advanced stage in subsequent 3D imaging studios;,Apply,Answer: Create.,Create
"Identify, observe key ethical and legal obligations associated with news reporting, and reflect critically on their own and others' performance in this regard",Remember,Answer: Analyze and Evaluate.,Evaluate
develop an awareness of disciplinary skills and concepts in the arts,Create,Answer: Understand,Understand
Describe the process of HACCP (Hazard Analysis and Critical Control Points) in food production and supply and design a HACCP plan.,Understand,"Answer:
Analyze
Create",Create
Explain how human pathologies differ from normal organ and physiological systems,Understand,Answer: Analyze,Analyze
demonstrate an understanding of case studies of business failure and success in anticipating disruptions and changing scenarios,Understand,"Answer:
Analyze",Analyze
"Demonstrate competence in documenting the research and articulating its significance through sustained critical reflections of the intention, method and outcome of the research;",Apply,Answer: Evaluate,Evaluate
Demonstrate independent research skills to interpret and synthesise relevant legal and policy issues and apply them to a set of facts;,Apply,"Answer:
Apply",Apply
"Employ clinical and critical decision-making skills to identify, analyse and resolve problems in the mental health practice environment.",Analyze,Answer: Analyze,Analyze
"Critically analyse a range of behaviour issues, and assess behavioural interventions and practices that could be utilised.",Analyze,Answer: Analyze,Analyze
explain the social harms and experiences of victimisation that flow from crimes of the powerful;,Understand,Answer: Analyze,Analyze
develop in depth understanding of the microstructures and their development for the most common classes of engineering alloys,Understand,Answer: Analyze,Analyze
Research and critically analyse theoretically informed pedagogical strategies to support children through change and transition,Analyze,Answer: Analyze,Analyze
demonstrate an ability to conduct research in asset pricing and investments,Apply,"Answer:
Apply",Apply
"Apply knowledge of recent developments in conventional and Islamic international banking and finance law, and regulation in various situations, including in advising clients.",Apply,Answer: Apply,Apply
"Demonstrate an applied knowledge of highprevalence disorders and specialisedknowledge of one or two clinicalpresentations. Demonstrate a coherent andevidence based working model ofpsychopathology and therapy ‚Äê either acomprehensive understanding of onetherapeutic model or integrated use of arange of approaches, and associatedintervention strategies.Themeslabel Knowledge of the discipline",Understand,"Answer:
Apply",Apply
"Interpret the teaching client's brief and formulate a tailored learning project that specifically meets these desired outcomes, within the available scope.",Evaluate,Answer: Analyze,Analyze
"Compare and contrast the microbial pathogenesis, transmission, diagnosis, prevention and treatment of different infections;",Evaluate,Answer: Analyze,Analyze
conduct statistical inference in linear regression models with random regressors using the method of moments and the instrumental variables estimators,Analyze,Answer: Analyze,Analyze
Describe the structure of eukaryotic cells and explain the function of key organelles;,Understand,Answer: Understand.,Understand
interact with the significant action research theories and contemporary debates in the field through the design of an individual project to apply your skill and knowledge,Apply,"Answer:
Analyze
Evaluate
Create",Create
"Explain the modern ideologies of feminism, environmentalism, and religious fundamentalism;",Understand,compare and contrast their similarities and differences.,Invalid
"articulate how you have extended your current knowledge, skills and abilities needed as a science educator",Understand,"Answer:
Evaluate",Evaluate
"Organise, analyse and interpret data, using appropriate statistical tests where appropriate.",Analyze,Answer: Analyze,Analyze
"Demonstrate the position of international law, in particular human rights law, on climate displacement and the rights of those affected;",Apply,Answer: Analyze,Analyze
"Apply mass, energy and entropy balances to flow processes.",Apply,Answer: Apply,Apply
"Demonstrate stagecraft, interaction, artistic expression, and technical proficiency at an advanced level;",Apply,Answer: Evaluate.,Evaluate
Apply the methodology of political philosophy in answering philosophical questions,Apply,Answer: Apply,Apply
Effectively communicate (verbal and written) aspects of how the body works to peers,Understand,"Answer:
Communicate effectively about the body",Invalid
"Synthesise and interpret findings from clinical assessment and diagnostic tests to plan and implement appropriate, evidence-based preventive and/or therapeutic interventions",Evaluate,"Answer: Analyze, Evaluate, Create",Create
develop skills in content selection and curriculum design in the arts,Apply,"Answer:
Analyze",Analyze
Develop and demonstrate high level skill in writing up the research methods section of a research report;,Apply,Answer: Apply.,Apply
identify and apply prescribed grammatical items;,Apply,"correct errors in written English;
use a dictionary to find",Invalid
"critically evaluate, select, adapt and generate materials and activities relevant to student needs",Evaluate,"Answer:
Analyze
Evaluate
Create",Create
"Demonstrate an understanding of current trends in health care and how they influence the development, implementation and utilisation of information systems;",Understand,Answer: Understand.,Understand
Research independently into relevant domestic and international materials on the regulation of science and technology based on knowledge of appropriate research principles and methods;,Analyze,Answer: Analyze,Analyze
"Identify and critique programs, interventions and community resources for disease prevention and health promotion appropriate for patients and the community.Themeslabel Theme II: Population, Society, Health and Illness",Understand,Answer: Analyze,Analyze
a detailed appreciation of the combinations of mechanical properties exhibited by engineering alloys and how these compare with other materials classes,Understand,Answer: Analyze,Analyze
Situate both contemporary and historical Australian art within a wider world context.,Apply,Answer: Analyze,Analyze
"Apply knowledge of the research process from the original idea to hypothesis testing, data collection and analysis/interpretation;",Apply,Answer: Apply,Apply
"Demonstrate high-level skills in data collection, analysis, interpretation and presentation, and combine these in written scientific reports and oral presentations;",Apply,"Answer: Analyze, Evaluate, Create",Create
"Solve astrophysical problems, and complete a range of problem solving tasks by drawing on physical principles.",Apply,"Answer:
Apply",Apply
Design constructs to alter the expression of specific genes;,Create,Create.,Create
"Interpret and extrapolate sectional anatomical images to topographic anatomy using various methods and techniques such as medical imaging, measurement, drawing, and 3D printing",Evaluate,Answer: Analyze,Analyze
Contrast and critique contemporary teaching and learning methods for a range of clinical and academic education contexts.,Evaluate,Answer: Analyze and Evaluate.,Evaluate
Use appropriate statistical tools to analyse data in reproductive sciences,Apply,Answer: Analyze,Analyze
"Awareness of the range of communicative languages used on stage, and of the critical discourses appropriate to their description and analysis",Understand,Answer: Analyze,Analyze
demonstrate an understanding of the role of the Australian Professional Standards for Teachers inidentifying professional learning needs,Understand,Answer: Understand,Understand
"Analyse, apply and reflect on theories of human communication, empathy, occupational health and radiation safety of the working environment, within a professional standards and ethical/legal context",Apply,Answer: Analyze,Analyze
Analyse the fundamentals of reactive noise attenuation devices;,Analyze,Answer: Analyze,Analyze
Recognise and discuss the characteristics of Australia's Vietnamese refugee community;,Understand,"Answer:
Analyze",Analyze
Articulate the various types of drug interactions of relevance to forensic medicine and their relevance to drug actions.,Understand,Answer: Analyze,Analyze
read around 250 Chinese characters and identify important associated radicals;,Remember,write 100 Chinese characters correctly.,Invalid
"Compare different receptor families with regards to endogenous and exogenous ligand characteristics, and how the signal is transduced into a response via different signalling pathways;",Analyze,Analysis.,Invalid
Evaluate the environment within which public transport planning and management is conducted and the fundamentals of public transport policy.,Evaluate,Answer: Evaluate,Evaluate
Understand the types of data required to analyse a planning problem and data collection methods,Understand,Answer: Analyze,Analyze
Demonstrate technical skills in basic laboratory techniques used for the separation and identification of biological molecules and for measuring enzymatic behaviour;,Apply,"Answer:
Apply",Apply
"Developed skill and confidence in applying their theoretical knowledge to the neuropsychological assessment and treatment of individuals with a range of neurological, psychiatric, developmental and general medical issues.",Apply,"Answer:
Apply",Apply
Plan and execute the assessment and management of an adult patient with a complex illness or injury.,Create,Answer: Evaluate,Evaluate
explore contemporary research relating to the role of digital technologies in STEM and consider how these shape Early Childhood education,Analyze,Answer: Analyze,Analyze
Evaluate improper integrals of elementary functions and use integration by parts.,Evaluate,Answer: Evaluate,Evaluate
Demonstrate project management skills;,Apply,"plan, organize, and manage resources to successfully complete specific project",Invalid
Explain query optimisation and its impact on multi-dimensional design;,Understand,"Answer:
Analyze",Analyze
Select and apply appropriate protocols to ensure safety and environmental protection.,Apply,"Answer:
Apply",Apply
Demonstrate competence in the application of the micro skills common to effective social work practice across a range of diverse service contexts and fields of practice,Apply,Answer: Apply,Apply
Apply the stiffness method of matrix structural analysis.,Apply,Answer: Apply,Apply
Show sensitivity to the latest aesthetic thinking and material technologies in the area of study;,Apply,Develop a personal aesthetic philosophy and apply it to the,Apply
Analyse different Micro and Nanotechnologies techniques.,Analyze,Answer: Analyze,Analyze
"Demonstrate the ability to determine the nutritional status of individual, household and population via utilization of nutritional assessment and history taking skills.",Apply,Answer: Analyze,Analyze
demonstrate an understanding of prevention science and data-based decision-making,Understand,Answer: Understand,Understand
Apply cost-benefit analysis principles to transport decision-making applications;,Apply,Answer: Apply,Apply
Conduct research into the dispute resolution in international commerce to create new understandings of key developments that contribute to professional practice or scholarship based on knowledge of appropriate research principles and methods,Apply,Answer: Create,Create
"identify, evaluate and critically review aspects broader than only financial aspects (such as environmental, social, economic and governance) in management decision making",Remember,Answer: Analyze and Evaluate.,Evaluate
"Evaluate the principles of Image-Guided Radiotherapy, describing the instrumentation and equipment used;",Evaluate,discuss the advantages and disadvantages of the technology;,Invalid
Demonstrate the ability to critically analyse literary texts;,Analyze,Answer: Analyze,Analyze
Evaluate how dominant ideas and assumptions about cultural diversity are created and reinforced;,Evaluate,analyze the impact of these dominant ideas and assumptions on inter,Analyze
operate independently and responsibly in a different cultural context.,Apply,"Answer:
Analyze",Analyze
understand the fundamentals and concepts of social entrepreneurship,Understand,"Answer:
Understand",Understand
Justify the selection and promotion of strategic quality management systems to support continuous improvement practice,Evaluate,"Answer:
Evaluate",Evaluate
Comprehend and use a wide range of authentic Japanese materials;,Understand,be able to identify and understand the main ideas and details;,Understand
Critically review research methods and evidence models most appropriate within a recovery paradigm.,Analyze,Answer: Analyze,Analyze
Work autonomously with accountability and professional responsibility.,Apply,Answer: Evaluate,Evaluate
Effectively communicate community planning concepts and strategies,Create,"Answer:
Communicate = Apply",Apply
Understanding of processes leading to finalisation of data sets prior to analysis.,Understand,"Answer:
Analyze",Analyze
Apply and critique various research approaches,Apply,Answer: Analyze and Evaluate,Evaluate
"Use cognitive, technical and creative skills to generate and evaluate at an abstract level complex ideas and concepts relevant to cross-border commercial transactions and specialized types of contracts.",Apply,Answer: Evaluate,Evaluate
Communicate critical arguments pertaining to a neurological/ neuropsychiatric disorder research question to a professional audience.,Create,Answer: Evaluate,Evaluate
Design and analyse sampling programs to examine the flora and fauna of aquatic habitats and to assess changes;,Analyze,Answer: Analyze,Analyze
"develop capabilities to be future generators of sustainable economic, social and environmental value for business.",Apply,"Answer:
Create",Create
"Demonstrate skills in the organisation, analysis and interpretation of data according to accepted scientific research standards;",Apply,Answer: Analyze,Analyze
Formulate various methods for corrosion protection and mitigation and assess their efficacy in real world applications.,Create,Answer: Analyze and Evaluate.,Evaluate
demonstrate an understanding of appropriate research methodologies in inclusion research and/or research in applied behaviour analysis,Understand,Answer: Understand,Understand
Comprehend the business practice associated with graphic design and multimedia professions;,Understand,Answer: Understand,Understand
Critically reflect on the ethical and societal aspects of food processing.,Analyze,Answer: Analyze/Evaluate,Evaluate
understand the implications of sustainability for organisational survival and the role that operations plays in facilitating sustainability,Understand,Answer: Analyze,Analyze
An enhanced capacity to formulate and research communication issues;,Create,"the ability to identify, analyze, and evaluate communication problems;",Evaluate
Use key ethical and legal principles to discuss issues pertinent to health care and clinical contexts.,Understand,Answer: Analyze,Analyze
Design shallow foundations on complex ground profiles using site specific material properties and satisfying limit states requirements.,Create,"Answer:
Analyze",Analyze
"apply critical thinking, problem solving and presentation skills to individual and/or group activities dealing with financial accounting and demonstrate in an individual summative assessment task the acquisition of a comprehensive understanding of the topics covered by ACS2740.",Apply,"Answer:
Apply",Apply
"Demonstrate understanding of a specialist application of interior architecture, with particular reference to relevant contemporary interior, environmental and architectural design and discourse; and the complexity of human needs that this interior architecture application addresses;",Understand,Answer: Analyze,Analyze
Communicate effectively and persuasively their understanding of research findings.,Create,"Answer:
Evaluate",Evaluate
Knowledge of a range of methodological approaches that have been used to examine this issue;,Remember,Answer: Understand.,Understand
identify sources of connectedness in a complex economy-society-planet system through an economic lens,Remember,Answer: Analyze,Analyze
negotiate effectively in a team setting,Analyze,"Answer:
Apply",Apply
Conduct research in the empirical and legal bases of issues in economic globalisation and its institutions;,Apply,analyse the implications of economic globalisation for the international economic,Invalid
Synthesise information from a range of sources in order to respond persuasively to a range ofprivacy issues emerging from the use of digital technologies.,Create,"Answer: Analyze, Evaluate, Create",Create
Identify key issues and demonstrate skills in working effectively with clients in health and mental health settings;,Apply,"Answer:
Apply",Apply
"Express complex and independent analytical and critical thinking, and produce clear, original and coherent accounts of theories, knowledge and logical argument",Apply,"Answer: Analyze, Evaluate",Evaluate
"critique the question of gender, literary production and literary value;",Evaluate,analyze the ways in which gender shapes literary production and literary,Analyze
Recognise the centrality of language and literacy in mediating learning in and out of school and the importance of ties between home and school practices,Remember,"Answer:
Analyze",Analyze
"critically analyseand reflexively deploythe principles of 'the public right to know', 'freedom of expression' and 'access to information' in an international and cross-cultural context;",Analyze,Answer: Analyze,Analyze
"Analyse, synthesise and construct arguments from a range of published sources;",Analyze,evaluate the strengths and weaknesses of these arguments;,Evaluate
critique a range of texts in contemporary Chinese;,Evaluate,identify and explain the key features of each text;,Invalid
"critically analyse the impact of contemporary issues on policy, curriculum and pedagogy in relation to health education in schools",Analyze,Answer: Analyze,Analyze
Critically appraise the evidence available regarding the efficacy of the approaches to psychological interventions;,Evaluate,Answer: Analyze,Analyze
Developed an informed critical perspective on modernism as a term of periodisation;,Understand,Answer: Analyze,Analyze
"Create engineering drawings used in the detailed design stage including P&I Diagrams, Equipment Datasheets, General Arrangement Drawings and a site Plot Plan.",Create,Answer: Create,Create
"Understand, discuss and analyse the ways in which selected French films reflect on and interpret social and cultural issues in contemporary France",Understand,Answer: Analyze,Analyze
"Conduct research in the law relating to the protection of workplace rights, including the right to bargain collectively and the freedom to choose whether or not to join a union, in the comparator jurisdictions",Apply,"Answer:
Analyze",Analyze
Apply knowledge of the history of the interpreting profession in Australia and worldwide to their interpreting practice,Apply,Answer: Apply,Apply
Analyse critically complex problems associated with hospital and nurse leadership responses to local disasters and major incidents.,Analyze,Answer: Analyze,Analyze
Know features of different equipment and machinery used in geotechnical construction,Understand,Answer: Remember,Remember
identify a research project on a significant issue in the field management,Analyze,"Answer:
Analyze",Analyze
"Demonstrate understanding of fundamental legal challenges created by the intersection ofethical, policy and governance mechanisms in the context of digital technology.",Understand,Answer: Analyze,Analyze
identify suitable qualitative and quantitative indicators of financial institutions' performance,Remember,Answer: Analyze,Analyze
Demonstrate a basic knowledge of the history and theory of post 1968 architecture;,Understand,"Answer:
Remember",Remember
Show awareness of a range of environmental problems;,Apply,describe their causes and consequences.,Invalid
Select appropriate statistical analyses for a range of research designs.,Analyze,Answer: Analyze,Analyze
To conduct digital image processing and analysis using a digital image processing system to extract information.,Analyze,Answer: Analyze,Analyze
"Recognise and discuss communication as an active production and negotiation of meanings, not just the transmission of information;",Understand,Answer: Analyze,Analyze
"identify, select and apply frameworks and techniques to analyse specific business cases",Remember,Answer: Analyze,Analyze
Demonstrate legal research and reasoning skills and professional judgement to generate appropriate responses to complex legal problems;,Apply,Answer: Evaluate,Evaluate
Describe the theories in Sociology of development;,Understand,Answer: Understand.,Understand
develop the effective use of basic counselling skills,Create,Answer: Apply,Apply
To explore in depth the way in which people describe their relationship with country,Analyze,and how this relates to their sense of identity.,Invalid
acquire proficiency in handling optimisation problems and have a basic understanding of general equilibrium analysis.,Understand,"Answer:
Apply

(Note: This",Apply
"Analyse the historical development of a technological innovation and its role in shaping science, art and culture;",Analyze,Answer: Analyze,Analyze
"Demonstrate an ability to report in a clear, concise, factual way using news conventions in at least two media",Apply,"Answer:
Apply",Apply
Apply experimental and computer-based control techniques.,Apply,"Answer:
Apply",Apply
"Use sophisticated tools from measure theory in various areas of Mathematics (e.g. partial differential equations, geometric analysis, dynamical systems, general relativity, probability theory).",Apply,"Answer: Analyze, Apply, Create",Create
"The ability to critically analyse and evaluate, from a comparative perspective, national, regional and international responses to specific forms of cybercrime;",Analyze,"Answer: Analyze

Explanation",Analyze
"report in a clear, concise, accurate and engaging way using a variety of audiovisual elements and narrative conventions in a video environment;",Create,"Answer:
Create",Create
"Critically reflect on your beliefs, attitudes and experiences of outdoor and environmental studies in shaping your educational philosophy, appropriate to curriculum and context.",Analyze,"Answer: Analyze
Evaluate",Evaluate
Analyse the role of feedback in learning;,Analyze,identify the strengths and weaknesses of different types of feedback,Invalid
demonstrate the intellectual and practical skills needed to interpret legal conclusions and professional decisions,Apply,"Answer:
Analyze",Analyze
Critically analyse the challenges and opportunities for integrating health promotion into contemporary practice in occupational therapy.,Analyze,Answer: Analyze,Analyze
Write a research-grade laboratory record of an experiment session.,Create,"Answer:
Analyze

(Note:",Analyze
Contribute to debate about reform of the Victorian Charter,Evaluate,of Human Rights and Responsibilities.,Invalid
Describe the asymptotic behaviour of time averages for stationary processes,Understand,Answer: Analyze,Analyze
"Convey the basic concepts of climate change, its impacts and possible responses to diverse audiences.",Create,"Answer:
Communicate

Explan",Invalid
"Demonstrate a high-level of understanding of the key theoretical and practical aspects of their area of study, including to have gained insight into the breadth and diversity of the specific discipline and its place within the broader scope of science;",Understand,Answer: Analyze,Analyze
Demonstrate an understanding of film narrative and be capable of analyse its technical features;,Understand,Answer: Analyze,Analyze
critically analyse the make-up of different start-ups through case studies and site visits,Analyze,Answer: Analyze,Analyze
Appraise peer quality improvement programs using an evidence based evaluation tool,Evaluate,Answer: Evaluate,Evaluate
"Formulate an approximate solution to an engineering problem using a CFD package, with appropriate selection of boundary conditions, grid size and turbulence model.",Create,"Answer:
Analyze

(Note:",Analyze
"Demonstrate an ability to report on business, industrial, economic issues in a clear, concise, factual manner using several elements in a coherent package;",Apply,"Answer:
Apply",Apply
critically examine and discuss the role of the adult in child-led play-based learning contexts.,Understand,Answer: Analyze,Analyze
"Critically evaluate information on climate change, climate change impacts and responses from a variety of sources including scientific reports, blogs and the media;",Evaluate,Answer: Evaluate,Evaluate
Critically read and interpret literary texts ;,Understand,"identify and analyze the themes, motifs, and symbols",Analyze
be able to effectively and critically explore problem spaces,Analyze,Answer: Analyze,Analyze
Identify and describe the principles of Patient Safety;,Understand,Answer: Understand,Understand
evaluate key elements of modern and contemporary France and its culture;,Evaluate,Answer: Evaluate,Evaluate
Discuss key debates from a gendered perspective within and across disciplines;,Understand,analyze the implications of these debates for policy and practice,Analyze
Formulate and communicate a statistical analysis plan,Create,Answer: Analyze,Analyze
Incorporate human and environmental health considerations in urban design frameworks and practice;,Create,"Answer:
Analyze",Analyze
"apply key marketing concepts, tools, and techniques to a range of marketing problems",Apply,Answer: Apply,Apply
Explain the historical context of modern Korean literature;,Understand,Answer: Understand,Understand
Describe the physical basis of selected spectroscopic techniques (primarily mass spectrometry and nuclear magnetic resonance) and explain their role in the identification of drug molecules.,Understand,Answer: Analyze,Analyze
An ability to evaluate theories of crime and their applicability to contemporary society;,Evaluate,Answer: Evaluate,Evaluate
identify management strategies for dealing with employee relations in Australian workplaces and those in other countries,Remember,Answer: Analyze,Analyze
"Apply a range of engagement techniques in diverse communities, including Indigenous communities",Apply,Answer: Apply,Apply
"Develop an awareness of preferred approaches to complex tasks, and ways these may be extended through Design Thinking.",Create,Answer: Analyze,Analyze
"describe a range of strategies for involving parents/carers in children's literacy learning and for working with them effectively, sensitively and confidentially.",Understand,"Answer:
Analyze",Analyze
"Critically reflect on the historical development of the interaction design field from technological, socio-cultural and design practice perspectives;",Analyze,Answer: Analyze,Analyze
Prove elementary theorems by induction and by construction.,Analyze,"Answer:
Analyze

(Note:",Analyze
"Identify and explain core attitudes, values and practices of academic culture and how academic writing reflects these;",Remember,Answer: Analyze,Analyze
Demonstrate an understanding of professional ethics in relation to architectural practice;,Understand,Answer: Understand.,Understand
"Formulate hypotheses, collect experimental data and demonstrate proficiency in interpreting their results;",Apply,"Answer:
Analyze",Analyze
Analyse the principles of ethical research conduct and discuss their application in practice.,Analyze,Answer: Analyze,Analyze
Have a thorough understanding of the history and development of ancient Greek or Latin language,Understand,Answer: Understand,Understand
"Demonstrate delivery of non-credentialed activities under direct supervision, by applying the knowledge and skill gathered from units over the duration of the courseThemeslabel Experiential Placements ",Apply,Answer: Apply,Apply
Compare and contrast different developmental model systems;,Evaluate,identify the similarities and differences between them.,Invalid
Describe soil and land management issues in the context of both longer-term environmental change and current environmental change.,Understand,Answer: Analyze,Analyze
Identify and evaluate the theoretical and policy concerns underpinning the patent system and its relationship with trade secret protection;,Understand,Answer: Evaluate,Evaluate
Systematically Interpret common ECGs and relate waveform morphology to the underlying structure and function of the heart;,Evaluate,Answer: Analyze,Analyze
"Describe levels of research evidence, methods of study design and sources of bias in research and design electronic database searches to identify the best evidence.",Understand,Answer: Analyze,Analyze
"Apply appropriate theories to effectively design solid-state lighting or SSL systems, including the visual and non-visual effects, colour spaces, quality metrics, efficiency, LED characteristics and other aspects such as LED drivers, spectral sensors, smart lighting control and visible light communications of Li-Fi.",Apply,Answer: Apply,Apply
Analyse the complex underlying causes of global health challenges;,Analyze,Answer: Analyze,Analyze
"Employ harm minimisation strategies to reduce harm to patients, the public and the community from misuse of legal and illegal drugs.",Apply,"Answer:
Analyze",Analyze
apply analytical techniques to a variety of problems in corporate financial management,Apply,Answer: Analyze,Analyze
"Plan, implement and evaluate a group education session;",Evaluate,Answer: Evaluate.,Evaluate
"communicate (listen, speak, read and write) competently on a range of topics relevant to Italian society;",Create,"Answer:
Apply",Apply
Describe recent advances in genetic knowledge gained from genomic analysis of species ranging from unicellular to multicellular organisms.,Understand,"Answer:
Analyze",Analyze
the ability to apply the principles and practice of journalism that they have learnt in their undergraduate studies;,Apply,Answer: Apply,Apply
Develop and utilise research skills in the following areas: advanced online searching; documentation management; data collection methods and analysis;,Apply,"Answer: Analyze, Apply, Create",Create
devise an action research project which synthesizes and applies knowledge to your own professional practice and research scholarship in education,Create,"Answer:
Evaluate
Apply",Evaluate
Produce essays and reports that present a critical argument and adhere to the conventions of academic presentation.,Create,"Answer:
Evaluate",Evaluate
Describe and evaluate how the relationship between pharmacokinetics and pharmacodynamics determines the time-course of drug response,Evaluate,Answer: Evaluate,Evaluate
"Explain, derive and use earthquake response spectra.",Understand,"Answer:
Analyze",Analyze
Explain the basis of designs or art or craft objects not merely as the outcome of practical constraints but the expression of cultural values.,Understand,Answer: Analyze,Analyze
"Understand the nature, identification, accommodations and interventions associated with learning difficulties and exceptional abilities",Understand,Answer: Analyze,Analyze
Discuss contemporary issues facing governments seeking to regulate human behavior;,Understand,analyze the potential consequences of various regulatory approaches.,Analyze
"Correlate the appropriate equipment, advanced MRI imaging sequence and post processing techniques with the clinical indications, patient preparation and positioning methods to include a variety of body areas.",Analyze,Answer: Analyze,Analyze
"Use cognitive, technical and creative skills to evaluate complex ideas, concepts and systems relevant to online dispute resolution",Evaluate,Answer: Evaluate,Evaluate
identify and use prescribed grammatical items;,Remember,"correct errors in written English;
apply rules of grammar",Apply
Recognise issues of cultural context and ethical principles in data collection and interpretation.,Remember,Answer: Analyze,Analyze
Appreciate the land surface-ocean-atmosphere interactions and how they affect the weather and climate of southern Africa;,Understand,"Answer:
Analyze",Analyze
Discuss pharmacological options in the treatment of specific disorders and disease states across the lifespan,Understand,Answer: Analyze,Analyze
"Investigate, analyse and synthesise complex information, problems, concepts and theories in relation to the history and policy of the personal property securities legislation and the scope of the Act and the policy and function of registration;",Analyze,Answer: Analyze,Analyze
Identify and evaluate methodologies appropriate to philosophy or historical studies;,Understand,analyze and synthesize complex ideas and arguments;,Analyze
"communicate your understanding of PBS through a presentation, which reveals your awareness and skill in devising PBS programs and supports for schools",Create,Answer: Evaluate,Evaluate
Assess the relevance of current and emerging theories of mental health and recovery to social work practice.,Evaluate,Answer: Evaluate,Evaluate
Analyse the mode of corrosion occurring as a result of various material and environment combinations. Apply practical and relevant engineering solutions to a corrosion remediation scenario.,Apply,Answer: Analyze and Apply.,Analyze
Analyse the strength and stiffness of composite laminate structures.,Analyze,Answer: Analyze,Analyze
Conceptualise inductive and deductive approaches related to the theory and practice of literary translation studies.,Understand,Answer: Analyze,Analyze
analyse macroeconomic issues using formal language,Analyze,Answer: Analyze,Analyze
Show how ligands can recognize and modify DNA tertiary structure and link this with an ability to cite examples of how compounds acting at oligonucleotides function as therapeutics,Apply,Answer: Evaluate,Evaluate
"Studied in depth some cases of cultural production and its local consumption, and critically analysed web-based and mass media material relating to these case studies;",Analyze,Answer: Analyze,Analyze
"Develop knowledge and understanding of the practical, technical and management issues associated with the design and conduct of a research project;",Understand,Answer: Understand.,Understand
Apply a range of analytical and practical approaches to screen translation;,Apply,analyze the cultural and linguistic implications of translating a,Analyze
Demonstrate a profound understanding of abstract concepts in group theory;,Understand,be able to apply these concepts to solve complex problems.,Apply
Articulate the concept of stationary time series;,Understand,"describe the properties of stationary time series;
dist",Invalid
Demonstrate skills in solving engineering problems related to design and operation of separation processes and unit operations.,Apply,Answer: Apply,Apply
"Articulate and critically examine the purposes and scope of the fundamental constitutional rules that govern the relationships between Parliament, the executive and the judiciary",Understand,Answer: Analyze,Analyze
Describe and explain the components of a chemical business and show understanding of the economic drivers (including regulatory) for the industry;,Understand,Answer: Understand.,Understand
Demonstrate an appreciation of the centrality of skills development in academic excellence;,Apply,Answer: Understand.,Understand
"use an appropriate statistical package for analysing research data, such as the Statistical Package for the Social Sciences (SPSS)",Apply,"Answer:
Analyze",Analyze
"Understand and apply essential features of English usage (grammar and structure) in writing and editing documents, and oral communication in class groups;",Apply,Answer: Apply.,Apply
Examine the process and approach to evidence-based practice for strategic planning and leadership to improve literacy outcomes.,Analyze,Answer: Analyze,Analyze
Understand several real-world applications of graph theory.,Understand,"Answer:
Analyze",Analyze
Discuss the molecular basis of a wide range of techniques for gene manipulation and genomic and proteomic analysis;,Understand,Answer: Analyze,Analyze
Apply advanced knowledgefrom functional neuroanatomyof the major cognitive domainsto neuropsychologicalsyndromes and cases.,Apply,Answer: Analyze,Analyze
Developed their research and presentation skills on tourism related subjects.,Create,"Answer:
Apply",Apply
Describe and apply the concept of sustainability to urban form and function;,Apply,"Answer:
Apply",Apply
Explain their ideas and justify their conclusions in oral and written contexts.,Understand,"Answer:
Analyze

(Note:",Analyze
"analyse, synthesise and evaluate contemporary performance management systems (PMS) and the role played by PMS in strategy formulation and decision making",Analyze,Answer: Analyze and Evaluate.,Evaluate
"Perform in a variety of contexts, through individual lessons (singular learning), ensembles (interaction) and performance classes (dissemination) that synthesises technical skills developed in ATS1044;",Create,"Answer:
Create",Create
Research and critically assess the existing context and the opportunities for the development of national and international laws to promote a global green economy,Analyze,Answer: Analyze,Analyze
highlight when and why different inferential methods are needed,Evaluate,Answer: Analyze,Analyze
"Describe the underlying neuropathological consequences of neurodevelopment disorders, such as autism, dyslexia, Tourette's syndrome, attention deficit hyperactivity disorder, and obsessive compulsive disorder.",Understand,Answer: Analyze,Analyze
Analyse and evaluate historical aspects of psychiatry in the context of current day practice.,Analyze,Answer: Analyze and Evaluate.,Evaluate
"Implement competent psychiatric assessment, interviewing and diagnostic investigation of infants, children and adolescents, attending to family, school, out-of-home care and systems issues with cultural sensitivity, professionalism and insight into complex ethical dimensions that exist in child and adolescent psychiatry.",Apply,Answer: Evaluate,Evaluate
communicate an understanding of factors and processes that influence national systems of employment regulation,Understand,Answer: Analyze,Analyze
"apply theoretical knowledge to real-world examples of social entrepreneurship, innovation and design;",Apply,Answer: Apply.,Apply
"Critically evaluate the law relating to corporations in a broader regulatory, social or economic context;",Evaluate,Answer: Evaluate,Evaluate
Outline the main statistical methods that will be used in their research project and demonstrate competency in using the software programs required for these analyses,Apply,Answer: Apply,Apply
"understand both childhood and adolescence (P-12) as periods of diverse individual development,behaviours and relationships in society",Understand,Answer: Analyze,Analyze
"Investigate and communicate appropriate professional knowledge and practices relevant to a defined problem, by completing individual and group-based tasks.",Analyze,Answer: Analyze,Analyze
Demonstrate an advanced understanding of physics and related disciplines;,Understand,"apply principles of physics, mathematics, and other sciences to",Apply
develop skills for analysing a retail business,Analyze,Answer: Analyze,Analyze
Further develop oral skills in legal argumentation in class discussions.,Create,"Answer:
Analyze",Analyze
"Demonstrate a detailed understanding of contemporary, experimental art and performance practice which centres on the body;",Understand,analyse and evaluate the significance of the body in contemporary art,Evaluate
Use practical skills to computationally model astrophysical systems.,Apply,"Answer:
Apply",Apply
"Perform intermediate technical work, with growing control of rhythm, articulation, timbre and intonation (where applicable) and dexterity;",Apply,apply music theory concepts to the performance of music.,Apply
formulate and solve simple optimization problems,Apply,"Answer:
Apply",Apply
Write a report targeted at influencing external stakeholders;,Create,"- Identify the stakeholders
- Analyze their",Analyze
"Apply visual communication, graphic design and page layout skills to publication projects that emulate advertising industry standards;",Apply,Answer: Apply,Apply
"Evaluate addressing and routing algorithms, and strategies used in the transport of data packets in the Internet.",Evaluate,Answer: Evaluate,Evaluate
"Evaluate relevant quantitative and qualitative research methods for understanding contemporary media audiences, users and consumers;",Evaluate,Answer: Evaluate,Evaluate
Synthesise this knowledge to program simple numerical models relevant to heat transfer and fluid flow.,Create,Answer: Create,Create
produce a news package using Adobe products.,Create,Answer: Create,Create
"Demonstrate an awareness of local, national and international people and events relevant to current issues and media issues",Apply,"Answer:
Analyze",Analyze
critically analyse health and physical education curriculum and practice,Analyze,Answer: Analyze,Analyze
understand the foundations of finance and be able to apply pricing models to the valuation of equity and debt instruments in global markets,Understand,"Answer:
Apply",Apply
Investigate methods that are appropriate for the realisation software security;,Analyze,describe the advantages and disadvantages of each method;,Invalid
Critically evaluate issues related to professional practice in public health,Evaluate,Answer: Evaluate,Evaluate
"estimate, interpret and utilise models of investments returns, term structure of interest rates, and credit risk models",Evaluate,"Answer:
Analyze",Analyze
"Outline the investigative and creative steps taken in the design process and have a critical understanding of how the chosen method fits alongside other paradigms of art, design and social inquiry.",Apply,Answer: Analyze,Analyze
Critically appraise research and evidence and examine approaches of research translation in clinical settings.,Analyze,Answer: Analyze and Evaluate.,Evaluate
"Communicate ideas relating to the protection of intellectual property rights to a specified audience in ways that are effective, appropriate and persuasive",Create,Answer: Evaluate,Evaluate
Communicate resolution of the project with high quality presentations and professional level technical documentation;,Create,"Answer:
Evaluate",Evaluate
"Work independently, innovatively and collaboratively in learning and production processes, including online forums, to produce sport reports to deadlines and under pressure.",Create,"Answer:
Apply

Explanation:",Apply
"Apply knowledge and understanding of recent developments in relation to legal principles relevant to the modern workplace which has been affected by changes in information technology and electronic methods of communication, with creativity and initiative to new situations in professional practice and/or for further learning",Apply,Answer: Analyze and Create,Create
"Deploy an appropriate combination of knowledge, research, statistical and analytical methods, and creativity to conceive, design and develop solutions to complex engineering problems.",Create,"Answer:
Evaluate
Create",Create
Demonstrate the ability to communicate nutrition program design in written and oral formats.,Apply,"Answer:
Communicate = Apply",Apply
Formulate complex problems using appropriate graph-theoretic terminology.,Create,Answer: Analyze,Analyze
"critically engage with issues and debates surrounding digital technology in education, including health, equity, ethical and legal implications.",Evaluate,Answer: Analyze,Analyze
"Review and evaluate the practical applications, experimental procedures and research directions and goals associated with the above social psychology and personality theories.",Analyze,Answer: Evaluate,Evaluate
"Describe the principles of supramolecular self-assembly, polymer synthesis and smart coatings.",Understand,Answer: Analyze,Analyze
Analyse and evaluate theory and research underlying risk assessment models;,Analyze,Answer: Analyze and Evaluate.,Evaluate
understand the rationale for using a systems of support framework to improve equity and inclusion within a school or a school system,Understand,Answer: Analyze,Analyze
"Understand and apply principles of design constraints, mapping and affordances;",Apply,create a user interface prototype for a mobile application.,Create
propose adequate policies that are different when network effects matter and when they do not,Create,Answer: Analyze,Analyze
"Explain and describe the cell structure and function of viruses, prokaryotes and eukaryotes and how they differ from one another.",Understand,"Answer:
Analyze",Analyze
Manage the distribution of aircraft components to appropriately locate the aircraft centre of gravity.,Apply,"Answer:
Apply",Apply
Analyse and predict factors contributing to global health inequity,Analyze,Answer: Analyze,Analyze
critically evaluate the assumptions and conventional wisdom relating to the term structure of interest rates and foreign exchange rates,Evaluate,Answer: Evaluate,Evaluate
Describe the feasibility and technical challenges of creating iOS apps using UIKit and associated technologies;,Understand,"Answer:
Analyze",Analyze
"Achieve a holistic design, which demonstrates professional competence and cultural awareness;",Create,"considers the needs of diverse learners;
and integr",Invalid
examine the politics that shape memory and memorialisation practices;,Analyze,analyze the role of memory in shaping our understanding of,Analyze
"Design, analyse and undertake sampling programs to examine the flora and fauna of tropical habitats;",Analyze,"Answer: Analyze, Apply, Create.",Create
"determine the relevant rules of international trade law and apply them to disputes arising from international contracts of sale, international carriage of goods and finance of international trade in a variety of situations",Apply,"Answer:
Apply",Apply
"Analyse key policies and documents relating to bilingual education and content-based programs, including those associated with the Australian Curriculum for EAL students",Analyze,Answer: Analyze,Analyze
explain and apply key terms and concepts used for the study of language and society;,Apply,"Answer:
Apply",Apply
"develop computing and communication skills, using reproducible reporting.",Create,"Answer:
Apply",Apply
Understand the impact of torture and trauma on refugee populations and the Australian health care system,Understand,Answer: Analyze,Analyze
explain the effect of recent court decisions regarding the various business forms,Understand,"Answer:
Analyze",Analyze
"Explain and describe current topics in ecology and evolution, and their core concepts;",Understand,provide examples and illustrations to clarify complex ideas.,Invalid
Solve a complex and outstanding problem or problems in the chosen area for original research;,Apply,Answer: Evaluate.,Evaluate
Demonstrate advanced and integrated knowledge of contemporary developments in the law and its professional practice;,Understand,Answer: Evaluate,Evaluate
Develop new venues and opportunities for art writing in the 21st century;,Create,Answer: Create,Create
integrate theoretical and empirical knowledge with practical examples,Create,Answer: Analyze,Analyze
Develop and justify management plans for common problems and conditions and for a patient whose illness remains undifferentiatedThemeslabel Theme IV: Clinical Skills,Evaluate,Answer: Evaluate,Evaluate
Discuss newly emerging and re-emerging communicable diseases and the challenges in controlling communicable disease in remote areas of Australia and in developing countries;,Create,Answer: Analyze,Analyze
discuss current and emerging trends in the field and the implications for instructional design,Understand,Answer: Analyze,Analyze
Apply Bayesian alternatives for model comparison and estimation,Apply,Answer: Apply,Apply
use a range of strategies to support full student engagement and participation in classroom activities (including verbal and non-verbal communication),Apply,"Answer: Engage

(Note: Eng",Invalid
"discuss the factors influencing the level, pattern and trends in travel demand",Understand,Answer: Analyze,Analyze
Discuss on the importance of haematological and immunological systems in regenerative medicine,Understand,Answer: Analyze,Analyze
Demonstrate proficiency in design research;,Apply,"identify user needs,
define user personas,
create",Create
design and implement interface logic to a bus system and its associated arbitration logic using a hardware description language,Create,"Answer:
Apply",Apply
Design a plan to gather literature and expert advice to inform an approach to dealing with the issue or problem.,Create,Answer: Analyze,Analyze
Demonstrate technical and time management skills.,Apply,"Answer:
Apply",Apply
critically investigate the ways in which a range of policies and priority areas are implemented at school and classroom levels and know how to apply these in practice.,Apply,Answer: Analyze,Analyze
develop knowledge of the range of media and diversity of genres,Understand,"Answer:
Analyze",Analyze
Demonstrate skills in providing commentary and criticism on television texts and readings in classroom environments.,Apply,Answer: Analyze,Analyze
"Show an awareness of the major political cultures, structures, actors and issues in the contemporary Middle East.",Apply,Answer: Understand,Understand
Design and implement efficient algorithms and data structures for use on large data sets;,Create,"Answer:
Create",Create
Compare emerging family violence/violence against women prevention strategies and initiatives,Analyze,Answer: Analyze,Analyze
Have acquired an informed understanding of how ethnic identities and immigrant life are represented through a range of media.,Understand,"Answer:
Analyze",Analyze
Analyse various methods of population-based approaches to data collection;,Analyze,compare and contrast their strengths and weaknesses.,Invalid
"identify and critically analyse the core concepts and theories of strategic communication across public, private and non-government sectors;",Understand,Answer: Analyze,Analyze
Communicate difficult mathematical concepts and arguments with clarity.,Create,"Answer:
Analyze

(Note:",Analyze
"analyse the causes of recent economic crises, apply macroeconomic theory to understand how they unfolded and describe what policies were used to solve them.",Analyze,Answer: Analyze and Apply.,Analyze
Explain how health informatics functions across the wider health domain.,Understand,"Answer:
Analyze",Analyze
analyse the effects of international trade on real income and its distribution in various market structures,Analyze,Answer: Analyze,Analyze
Apply the technologies and techniques studied to solving financial issues;,Apply,Answer: Apply,Apply
apply close textual analysis and interpretation to a range of literary texts;,Apply,Answer: Apply,Apply
